urlKey,timestamp,url,host,mime,digest,length,offset,textTitle,language,mimeHuman
"uk,gov,service,publishing,assets)/government/uploads/system/uploads/attachment_data/file/559793/review-of-the-uk-home-office-country-information-and-guidance-on-syria1.pdf",20230803115046,https://assets.publishing.service.gov.uk/government/uploads/system/uploads/attachment_data/file/559793/Review-of-the-UK-Home-Office-Country-Information-and-Guidance-on-Syria1.pdf,assets.publishing.service.gov.uk,application/pdf,IO4KWCZCTBIOH6XPBX4J6QXFBUHYO265,815860,298812988,Microsoft Word - Review of the UK Home Office Country Information and Guidance on Syria.docx,en,PDF
"uk,gov,service,publishing,assets)/media/5a8189f8ed915d74e6232d01/review-of-the-uk-home-office-country-information-and-guidance-on-syria1.pdf",20240107122159,https://assets.publishing.service.gov.uk/media/5a8189f8ed915d74e6232d01/Review-of-the-UK-Home-Office-Country-Information-and-Guidance-on-Syria1.pdf,assets.publishing.service.gov.uk,application/pdf,IO4KWCZCTBIOH6XPBX4J6QXFBUHYO265,815851,271716889,Microsoft Word - Review of the UK Home Office Country Information and Guidance on Syria.docx,en,PDF
"uk,gov,independent,icinspector)/wp-content/uploads/2015/06/iagci-review-country-information-and-guidance-pakistan-sexual-orientation-and-gender-identity.pdf",20170803100547,http://icinspector.independent.gov.uk/wp-content/uploads/2015/06/IAGCI-Review-Country-Information-and-Guidance-Pakistan-Sexual-Orientation-and-Gender-Identity.pdf,icinspector.independent.gov.uk,application/pdf,BLLP2MVDZPJAP77MNXQ257WYGYIKBQSM,703488,20626411,IAGCI-Review-Country-Information-and-Guidance-Pakistan-Sexual-Orientation-and-Gender-Identity.pdf,en,PDF
"uk,gov,independent,icinspector)/wp-content/uploads/2015/06/iagci-review-of-the-home-offices-china-country-information-and-guidance-2015.pdf",20170803100541,http://icinspector.independent.gov.uk/wp-content/uploads/2015/06/IAGCI-Review-of-the-Home-Offices-China-Country-Information-and-Guidance-2015.pdf,icinspector.independent.gov.uk,application/pdf,LHIWPIDXNX7UW6EAKS22XQCEFANVOSMA,616843,87482935,IAGCI-Review-of-the-Home-Offices-China-Country-Information-and-Guidance-2015.pdf,en,PDF
"uk,gov,service,publishing,assets)/government/uploads/system/uploads/attachment_data/file/559793/review-of-the-uk-home-office-country-information-and-guidance-on-syria1.pdf",20200107020524,https://assets.publishing.service.gov.uk/government/uploads/system/uploads/attachment_data/file/559793/Review-of-the-UK-Home-Office-Country-Information-and-Guidance-on-Syria1.pdf,assets.publishing.service.gov.uk,application/pdf,IO4KWCZCTBIOH6XPBX4J6QXFBUHYO265,815987,412668440,Microsoft Word - Review of the UK Home Office Country Information and Guidance on Syria.docx,en,PDF
"uk,gov,independent,icinspector)/wp-content/uploads/2016/01/review-of-the-uk-home-office-country-information-and-guidance-on-syria1.pdf",20170803100537,http://icinspector.independent.gov.uk/wp-content/uploads/2016/01/Review-of-the-UK-Home-Office-Country-Information-and-Guidance-on-Syria1.pdf,icinspector.independent.gov.uk,application/pdf,IO4KWCZCTBIOH6XPBX4J6QXFBUHYO265,815581,71070787,Microsoft Word - Review of the UK Home Office Country Information and Guidance on Syria.docx,en,PDF
"uk,gov,service,publishing,assets)/media/5a74bf21e5274a3f93b487b8/iagci-review-of-the-uk-home-office-country-information-and-guidance-----uganda-sexual-orientation-and-gender-identity.pdf",20240107123034,https://assets.publishing.service.gov.uk/media/5a74bf21e5274a3f93b487b8/IAGCI-Review-of-the-UK-Home-Office-Country-Information-and-Guidance-----Uganda-Sexual-Orientation-and-Gender-Identity.pdf,assets.publishing.service.gov.uk,application/pdf,3CDB4PQLBMS2KLV2LHUYKV6U2C7GFFGJ,651832,227981150,IAGCI-Review-of-the-UK-Home-Office-Country-Information-and-Guidance-----Uganda-Sexual-Orientation-and-Gender-Identity.pdf,en,PDF
"uk,gov,service,publishing,assets)/government/uploads/system/uploads/attachment_data/file/559811/iagci-review-of-the-uk-home-office-country-information-and-guidance-----uganda-sexual-orientation-and-gender-identity.pdf",20230803121811,https://assets.publishing.service.gov.uk/government/uploads/system/uploads/attachment_data/file/559811/IAGCI-Review-of-the-UK-Home-Office-Country-Information-and-Guidance-----Uganda-Sexual-Orientation-and-Gender-Identity.pdf,assets.publishing.service.gov.uk,application/pdf,3CDB4PQLBMS2KLV2LHUYKV6U2C7GFFGJ,651834,318294951,IAGCI-Review-of-the-UK-Home-Office-Country-Information-and-Guidance-----Uganda-Sexual-Orientation-and-Gender-Identity.pdf,en,PDF
"uk,gov,service,publishing,assets)/government/uploads/system/uploads/attachment_data/file/559793/review-of-the-uk-home-office-country-information-and-guidance-on-syria1.pdf",20230705112750,https://assets.publishing.service.gov.uk/government/uploads/system/uploads/attachment_data/file/559793/Review-of-the-UK-Home-Office-Country-Information-and-Guidance-on-Syria1.pdf,assets.publishing.service.gov.uk,application/pdf,IO4KWCZCTBIOH6XPBX4J6QXFBUHYO265,815856,164691421,Microsoft Word - Review of the UK Home Office Country Information and Guidance on Syria.docx,en,PDF
"uk,gov,service,publishing,assets)/media/5a8189f8ed915d74e6232d01/review-of-the-uk-home-office-country-information-and-guidance-on-syria1.pdf",20250606072712,https://assets.publishing.service.gov.uk/media/5a8189f8ed915d74e6232d01/Review-of-the-UK-Home-Office-Country-Information-and-Guidance-on-Syria1.pdf,assets.publishing.service.gov.uk,application/pdf,IO4KWCZCTBIOH6XPBX4J6QXFBUHYO265,815895,36879205,Microsoft Word - Review of the UK Home Office Country Information and Guidance on Syria.docx,en,PDF
"uk,gov,independent,icinspector)/wp-content/uploads/2015/06/iagci-review-of-the-uk-home-office-country-information-and-guidance-----india-sexual-orientation-and-gender-identity.pdf",20170803100547,http://icinspector.independent.gov.uk/wp-content/uploads/2015/06/IAGCI-Review-of-the-UK-Home-Office-Country-Information-and-Guidance-----India-Sexual-Orientation-and-Gender-Identity.pdf,icinspector.independent.gov.uk,application/pdf,YFLET463TYESWLTUSAQV3M3NKTVCYDNX,432430,18440119,IAGCI-Review-of-the-UK-Home-Office-Country-Information-and-Guidance-----India-Sexual-Orientation-and-Gender-Identity.pdf,en,PDF
"uk,gov,independent,icinspector)/wp-content/uploads/2015/06/iagci-review-of-the-uk-home-office-country-information-and-guidance-----uganda-sexual-orientation-and-gender-identity.pdf",20170803100546,http://icinspector.independent.gov.uk/wp-content/uploads/2015/06/IAGCI-Review-of-the-UK-Home-Office-Country-Information-and-Guidance-----Uganda-Sexual-Orientation-and-Gender-Identity.pdf,icinspector.independent.gov.uk,application/pdf,3CDB4PQLBMS2KLV2LHUYKV6U2C7GFFGJ,651625,13146248,IAGCI-Review-of-the-UK-Home-Office-Country-Information-and-Guidance-----Uganda-Sexual-Orientation-and-Gender-Identity.pdf,en,PDF
"uk,gov,service,publishing,assets)/government/uploads/system/uploads/attachment_data/file/559811/iagci-review-of-the-uk-home-office-country-information-and-guidance-----uganda-sexual-orientation-and-gender-identity.pdf",20230705113923,https://assets.publishing.service.gov.uk/government/uploads/system/uploads/attachment_data/file/559811/IAGCI-Review-of-the-UK-Home-Office-Country-Information-and-Guidance-----Uganda-Sexual-Orientation-and-Gender-Identity.pdf,assets.publishing.service.gov.uk,application/pdf,3CDB4PQLBMS2KLV2LHUYKV6U2C7GFFGJ,651826,49418382,IAGCI-Review-of-the-UK-Home-Office-Country-Information-and-Guidance-----Uganda-Sexual-Orientation-and-Gender-Identity.pdf,en,PDF
"com,amazonaws,s3,moj-tribunals-documents-prod)/decision/pdf_file/54909/pa047752016.pdf",20191202175021,https://moj-tribunals-documents-prod.s3.amazonaws.com/decision/pdf_file/54909/PA047752016.pdf,moj-tribunals-documents-prod.s3.amazonaws.com,application/pdf,6Y5XIJPA7TNBGLC4P355Z4RSUG6SXU72,64551,319928123,PA047752016.pdf,en,PDF
"uk,gov,service,publishing,assets)/media/5a74bf21e5274a3f93b487b8/iagci-review-of-the-uk-home-office-country-information-and-guidance-----uganda-sexual-orientation-and-gender-identity.pdf",20250606065009,https://assets.publishing.service.gov.uk/media/5a74bf21e5274a3f93b487b8/IAGCI-Review-of-the-UK-Home-Office-Country-Information-and-Guidance-----Uganda-Sexual-Orientation-and-Gender-Identity.pdf,assets.publishing.service.gov.uk,application/pdf,3CDB4PQLBMS2KLV2LHUYKV6U2C7GFFGJ,651869,107600508,IAGCI-Review-of-the-UK-Home-Office-Country-Information-and-Guidance-----Uganda-Sexual-Orientation-and-Gender-Identity.pdf,en,PDF
"com,amazonaws,s3,moj-tribunals-documents-prod)/decision/pdf_file/65201/pa071832018.pdf",20191202184417,https://moj-tribunals-documents-prod.s3.amazonaws.com/decision/pdf_file/65201/PA071832018.pdf,moj-tribunals-documents-prod.s3.amazonaws.com,application/pdf,BIUKBVXHMLXYXGBGDQNJDOIBT5ASDVUZ,69587,326129559,PA071832018.pdf,en,PDF
"com,amazonaws,s3,moj-tribunals-documents-prod)/decision/pdf_file/66003/pa026362018.pdf",20191202203004,https://moj-tribunals-documents-prod.s3.amazonaws.com/decision/pdf_file/66003/PA026362018.pdf,moj-tribunals-documents-prod.s3.amazonaws.com,application/pdf,6QKHTL3VVFEV4EU3HGAT5AVRG56E3OUS,86040,319584054,PA026362018.pdf,en,PDF
"uk,gov,service,publishing,assets)/government/uploads/system/uploads/attachment_data/file/848426/cig-mali-bellah-black-tuareg-v1-april-2016.pdf",20210916122814,https://assets.publishing.service.gov.uk/government/uploads/system/uploads/attachment_data/file/848426/CIG-Mali-Bellah-Black-Tuareg-v1-April-2016.pdf,assets.publishing.service.gov.uk,application/pdf,C7RO7YODW455EBVWNU77JHFZLEVOOBZN,1436391,4979716,CIG Template,en,PDF
"uk,gov)/government/uploads/system/uploads/attachment_data/file/559654/iagci-review-india-sexual-orientation-and-gender-identity.pdf",20180106074131,https://www.gov.uk/government/uploads/system/uploads/attachment_data/file/559654/IAGCI-Review-India-Sexual-Orientation-and-Gender-Identity.pdf,www.gov.uk,application/pdf,YFLET463TYESWLTUSAQV3M3NKTVCYDNX,867,264764544,IAGCI-Review-India-Sexual-Orientation-and-Gender-Identity.pdf,it,PDF
"uk,gov)/government/uploads/system/uploads/attachment_data/file/559694/review-of-libya-minority-ethnic-groups-cig-oct-2015.pdf",20180106074105,https://www.gov.uk/government/uploads/system/uploads/attachment_data/file/559694/Review-of-Libya-Minority-Ethnic-Groups-CIG-Oct-2015.pdf,www.gov.uk,application/pdf,ZO7JYPHCORMJFXGOMQ7VLL4LNUF2FZXS,871,168821720,Review-of-Libya-Minority-Ethnic-Groups-CIG-Oct-2015.pdf,it,PDF
"com,amazonaws,s3,moj-tribunals-documents-prod)/decision/pdf_file/55120/pa062882016.pdf",20191202175850,https://moj-tribunals-documents-prod.s3.amazonaws.com/decision/pdf_file/55120/PA062882016.pdf,moj-tribunals-documents-prod.s3.amazonaws.com,application/pdf,ZJ3YD6WGCVVQVR4DK55LKDXPAPACV7TF,77353,399583735,PA062882016.pdf,en,PDF
"com,amazonaws,s3,moj-tribunals-documents-prod)/decision/pdf_file/57363/pa038492017.pdf",20191202171925,https://moj-tribunals-documents-prod.s3.amazonaws.com/decision/pdf_file/57363/PA038492017.pdf,moj-tribunals-documents-prod.s3.amazonaws.com,application/pdf,EIHKPI5HO3LJM7E24TQFRLDHLPLOUOEW,66284,22397308,PA038492017.pdf,en,PDF
"com,amazonaws,s3,moj-tribunals-documents-prod)/decision/pdf_file/63019/pa039772018.pdf",20191202210023,https://moj-tribunals-documents-prod.s3.amazonaws.com/decision/pdf_file/63019/PA039772018.pdf,moj-tribunals-documents-prod.s3.amazonaws.com,application/pdf,KVJDGKHLNIKUWDT7HPRFB3I6P2CEDLMN,269592,114037510,PA039772018.pdf,en,PDF
"uk,gov)/government/uploads/system/uploads/attachment_data/file/559681/review-of-iraq-humanitarian-situation-cig-oct-2015.pdf",20180311043737,https://www.gov.uk/government/uploads/system/uploads/attachment_data/file/559681/Review-of-Iraq-Humanitarian-Situation-CIG-Oct-2015.pdf,www.gov.uk,application/pdf,HKULF2VVXU4TPH4GXHABCJVBYFYCTN3U,965,333380948,Review-of-Iraq-Humanitarian-Situation-CIG-Oct-2015.pdf,it,PDF
"uk,gov)/government/uploads/system/uploads/attachment_data/file/566243/pakistan_cig.fear_taliban.pdf",20170627202050,https://www.gov.uk/government/uploads/system/uploads/attachment_data/file/566243/Pakistan_CIG.Fear_Taliban.pdf,www.gov.uk,application/pdf,5JBNJEBDE375MJCXI2WOMVRLFAZPTTQC,298495,12707492,Pakistan_CIG.Fear_Taliban.pdf,en,PDF
"uk,gov)/government/uploads/system/uploads/attachment_data/file/566238/pak_interfaith_marriage.pdf",20161220182314,https://www.gov.uk/government/uploads/system/uploads/attachment_data/file/566238/PAK_Interfaith_marriage.pdf,www.gov.uk,application/pdf,AT7B3UTMY4NFUFPVYS2T33VXXYF2RMDV,234034,39043307,CIG Template,en,PDF
"uk,gov)/government/uploads/system/uploads/attachment_data/file/539686/21_07_16_home_office_response_to_ici_report_-_country_of_origin_information.pdf",20160814091637,https://www.gov.uk/government/uploads/system/uploads/attachment_data/file/539686/21_07_16_Home_Office_response_to_ICI_report_-_Country_of_Origin_Information.pdf,www.gov.uk,application/pdf,3IRUSLNKMGPKSHCE65KPVXJMSIF5ZREU,195571,50276161,21_07_16_Home_Office_response_to_ICI_report_-_Country_of_Origin_Information.pdf,en,PDF
"uk,gov,service,publishing,assets)/government/uploads/system/uploads/attachment_data/file/566033/review-of-iraq-humanitarian-situation-cig.pdf",20210205175825,https://assets.publishing.service.gov.uk/government/uploads/system/uploads/attachment_data/file/566033/Review-of-Iraq-Humanitarian-Situation-CIG.pdf,assets.publishing.service.gov.uk,application/pdf,HKULF2VVXU4TPH4GXHABCJVBYFYCTN3U,936,246529106,Review-of-Iraq-Humanitarian-Situation-CIG.pdf,it,PDF
"uk,gov,service,publishing,assets)/government/uploads/system/uploads/attachment_data/file/559704/iagci-review-india-sexual-orientation-and-gender-identity.pdf",20210205172342,https://assets.publishing.service.gov.uk/government/uploads/system/uploads/attachment_data/file/559704/IAGCI-Review-India-Sexual-Orientation-and-Gender-Identity.pdf,assets.publishing.service.gov.uk,application/pdf,YFLET463TYESWLTUSAQV3M3NKTVCYDNX,934,83228947,IAGCI-Review-India-Sexual-Orientation-and-Gender-Identity.pdf,it,PDF
"uk,gov,service,publishing,assets)/government/uploads/system/uploads/attachment_data/file/566017/review-of-libya-minority-ethnic-groups-cig.pdf",20210205181241,https://assets.publishing.service.gov.uk/government/uploads/system/uploads/attachment_data/file/566017/Review-of-Libya-Minority-Ethnic-Groups-CIG.pdf,assets.publishing.service.gov.uk,application/pdf,ZO7JYPHCORMJFXGOMQ7VLL4LNUF2FZXS,941,169854692,Review-of-Libya-Minority-Ethnic-Groups-CIG.pdf,it,PDF
"com,amazonaws,s3,moj-tribunals-documents-prod)/decision/pdf_file/59453/pa076392017.pdf",20191202175556,https://moj-tribunals-documents-prod.s3.amazonaws.com/decision/pdf_file/59453/PA076392017.pdf,moj-tribunals-documents-prod.s3.amazonaws.com,application/pdf,GGIHSCKW7KDBP4HJQNAMXRP5BFAXTLRT,122887,370031178,PA076392017.pdf,en,PDF
"com,amazonaws,s3,moj-tribunals-documents-prod)/decision/pdf_file/57070/pa112522016.pdf",20191202221639,https://moj-tribunals-documents-prod.s3.amazonaws.com/decision/pdf_file/57070/PA112522016.pdf,moj-tribunals-documents-prod.s3.amazonaws.com,application/pdf,IUP4IJIYRXMLJLXZOSFKE3FQIV2AX4RI,85905,374171980,PA112522016.pdf,en,PDF
"com,amazonaws,s3,moj-tribunals-documents-prod)/decision/pdf_file/54877/hu013782015.pdf",20191202203449,https://moj-tribunals-documents-prod.s3.amazonaws.com/decision/pdf_file/54877/HU013782015.pdf,moj-tribunals-documents-prod.s3.amazonaws.com,application/pdf,PEUB3LXX5XM77CTMCNBZYMLZLI3DAYRG,108534,362886819,HU013782015.pdf,en,PDF
"com,amazonaws,s3,moj-tribunals-documents-prod)/decision/pdf_file/56828/aa091052015.pdf",20191202205554,https://moj-tribunals-documents-prod.s3.amazonaws.com/decision/pdf_file/56828/AA091052015.pdf,moj-tribunals-documents-prod.s3.amazonaws.com,application/pdf,KOA7PQFXM57PNWZJIHGP7TI4CYURYOTB,79391,70647161,AA091052015.pdf,en,PDF
"uk,gov)/government/uploads/system/uploads/attachment_data/file/566268/cig_-_sudan_-_failed_asylum_seekers.pdf",20170426183908,https://www.gov.uk/government/uploads/system/uploads/attachment_data/file/566268/CIG_-_Sudan_-_Failed_Asylum_Seekers.pdf,www.gov.uk,application/pdf,FHKUAUDKJXQKLR3K7RJK4TXGMJIHPNLF,240389,71531905,CIG - Sudan - Failed Asylum Seekers - v2.0 (August 2016),en,PDF
"com,amazonaws,s3,moj-tribunals-documents-prod)/decision/pdf_file/61497/aa024542015___others.pdf",20191202195542,https://moj-tribunals-documents-prod.s3.amazonaws.com/decision/pdf_file/61497/AA024542015___Others.pdf,moj-tribunals-documents-prod.s3.amazonaws.com,application/pdf,3GELH72XZV2D6KO2BC6PUWFMMNEL3AG5,101886,490582701,AA024542015___Others.pdf,en,PDF
"uk,gov)/government/uploads/system/uploads/attachment_data/file/566161/cig-mali-bellah-black-tuareg-v1-april-2016.pdf",20170426181942,https://www.gov.uk/government/uploads/system/uploads/attachment_data/file/566161/CIG-Mali-Bellah-Black-Tuareg-v1-April-2016.pdf,www.gov.uk,application/pdf,3UPJDY2MP5IPUKOECNOCEXJPYLJBL7BJ,264425,85875889,CIG Template,en,PDF
"com,amazonaws,s3,moj-tribunals-documents-prod)/decision/pdf_file/55495/pa019692016.pdf",20191202180119,https://moj-tribunals-documents-prod.s3.amazonaws.com/decision/pdf_file/55495/PA019692016.pdf,moj-tribunals-documents-prod.s3.amazonaws.com,application/pdf,YZATBLGAEW5E7YYFZW6GXBID3KEVEQPN,62301,424733734,PA019692016.pdf,en,PDF
"uk,gov)/government/uploads/system/uploads/attachment_data/file/566236/cig_pakistan_sogi.pdf",20170627202035,https://www.gov.uk/government/uploads/system/uploads/attachment_data/file/566236/CIG_Pakistan_SOGI.pdf,www.gov.uk,application/pdf,IXPAS4CMVWMQNCU245KI7B733XQD6UMP,328688,10437388,CIG Template,en,PDF
"uk,gov,independent,icinspector)/wp-content/uploads/2014/11/iagci-evaluation-of-the-home-offices-cig-report-on-somalia-mahamed-review.pdf",20170803100543,http://icinspector.independent.gov.uk/wp-content/uploads/2014/11/IAGCI-evaluation-of-the-Home-Offices-CIG-Report-on-Somalia-Mahamed-Review.pdf,icinspector.independent.gov.uk,application/pdf,QJLK53UV6BSFU7BXDPO4GCJLD4MUZGAT,54432,97565197,IAGCI-evaluation-of-the-Home-Offices-CIG-Report-on-Somalia-Mahamed-Review.pdf,en,PDF
"uk,gov)/government/uploads/system/uploads/attachment_data/file/402592/cig_pakistan_shias_v1_0_2015_02_10.pdf",20160811042838,https://www.gov.uk/government/uploads/system/uploads/attachment_data/file/402592/cig_pakistan_shias_v1_0_2015_02_10.pdf,www.gov.uk,application/pdf,IIHZBAZHV4BUW7K2NA4CH3D5XRHDRBTH,195302,82184378,cig_pakistan_shias_v1_0_2015_02_10.pdf,en,PDF
"uk,gov,service,publishing,assets)/media/5a7f3c7d40f0b6230268e45e/21_07_16_home_office_response_to_ici_report_-_country_of_origin_information.pdf",20240206160340,https://assets.publishing.service.gov.uk/media/5a7f3c7d40f0b6230268e45e/21_07_16_Home_Office_response_to_ICI_report_-_Country_of_Origin_Information.pdf,assets.publishing.service.gov.uk,application/pdf,3IRUSLNKMGPKSHCE65KPVXJMSIF5ZREU,195764,282603749,21_07_16_Home_Office_response_to_ICI_report_-_Country_of_Origin_Information.pdf,en,PDF
"uk,gov,service,publishing,assets)/government/uploads/system/uploads/attachment_data/file/539686/21_07_16_home_office_response_to_ici_report_-_country_of_origin_information.pdf",20230910011130,https://assets.publishing.service.gov.uk/government/uploads/system/uploads/attachment_data/file/539686/21_07_16_Home_Office_response_to_ICI_report_-_Country_of_Origin_Information.pdf,assets.publishing.service.gov.uk,application/pdf,3IRUSLNKMGPKSHCE65KPVXJMSIF5ZREU,195731,398356382,21_07_16_Home_Office_response_to_ICI_report_-_Country_of_Origin_Information.pdf,en,PDF
"uk,gov)/government/uploads/system/uploads/attachment_data/file/565635/cpin-eritrea-ns-and-illegal-exit-v4-october-2016.pdf",20170426190127,https://www.gov.uk/government/uploads/system/uploads/attachment_data/file/565635/CPIN-Eritrea-NS-and-Illegal-Exit-v4-October-2016.pdf,www.gov.uk,application/pdf,CYAOJENZCHNCUX36LF6HXHB4KBBI3WSV,783072,49077653,CPIN - Eritrea - National Service and Illegal Exit - v4.0 (DRAFT),en,PDF
"com,amazonaws,s3,moj-tribunals-documents-prod)/decision/pdf_file/63472/pa075472017.pdf",20190603152034,https://moj-tribunals-documents-prod.s3.amazonaws.com/decision/pdf_file/63472/PA075472017.pdf,moj-tribunals-documents-prod.s3.amazonaws.com,application/pdf,NMOKEDZFDEAK7NJQXUVX4KSPKMTLTD4A,71220,190080468,PA075472017.pdf,en,PDF
"uk,gov)/government/uploads/system/uploads/attachment_data/file/566293/cig_-_turkey_-_pkk.pdf",20170426183856,https://www.gov.uk/government/uploads/system/uploads/attachment_data/file/566293/CIG_-_Turkey_-_PKK.pdf,www.gov.uk,application/pdf,W6WQ3RH2WMWVL75H2AGOY4LW5G2ZZEQ3,353204,67571473,CIG_-_Turkey_-_PKK.pdf,en,PDF
"uk,gov)/government/uploads/system/uploads/attachment_data/file/517062/cig_-_mali_-_bellah__black_tuareg_.pdf",20160621011845,https://www.gov.uk/government/uploads/system/uploads/attachment_data/file/517062/CIG_-_Mali_-_Bellah__Black_Tuareg_.pdf,www.gov.uk,application/pdf,3UPJDY2MP5IPUKOECNOCEXJPYLJBL7BJ,264402,55668306,CIG Template,en,PDF
"com,amazonaws,s3,moj-tribunals-documents-prod)/decision/pdf_file/50361/aa005002015.pdf",20191202223319,https://moj-tribunals-documents-prod.s3.amazonaws.com/decision/pdf_file/50361/AA005002015.pdf,moj-tribunals-documents-prod.s3.amazonaws.com,application/pdf,2IE7CW6QUHKFATX5FZE2K6VGODOQFR2P,73417,46421581,AA005002015.pdf,en,PDF
"com,amazonaws,s3,moj-tribunals-documents-prod)/decision/pdf_file/51608/aa095612014.pdf",20190603150840,https://moj-tribunals-documents-prod.s3.amazonaws.com/decision/pdf_file/51608/AA095612014.pdf,moj-tribunals-documents-prod.s3.amazonaws.com,application/pdf,ETUH3BZT7GDJKRWPLKQQZCOIMHYPPE44,81391,63696009,AA095612014.pdf,en,PDF
"com,amazonaws,s3,moj-tribunals-documents-prod)/decision/pdf_file/55130/pa001572017.pdf",20191202203246,https://moj-tribunals-documents-prod.s3.amazonaws.com/decision/pdf_file/55130/PA001572017.pdf,moj-tribunals-documents-prod.s3.amazonaws.com,application/pdf,4ILYQ53RCV66NA2VSGJQJ2YD7VXDG6LT,92994,344081372,PA001572017.pdf,en,PDF
"com,amazonaws,s3,moj-tribunals-documents-prod)/decision/pdf_file/48144/aa004652015.pdf",20191202204341,https://moj-tribunals-documents-prod.s3.amazonaws.com/decision/pdf_file/48144/AA004652015.pdf,moj-tribunals-documents-prod.s3.amazonaws.com,application/pdf,RBNDDSSBXO53EQPT5M22PJ2GPCSJDHL5,99414,449652164,AA004652015.pdf,en,PDF
"uk,gov)/government/uploads/system/uploads/attachment_data/file/566275/cig_-_turkey_-_hrds.pdf",20170209235431,https://www.gov.uk/government/uploads/system/uploads/attachment_data/file/566275/CIG_-_Turkey_-_HRDs.pdf,www.gov.uk,application/pdf,JGX2J7Z5Y63KI6Z6IT2AWUHYG4T4WJMK,396623,37485560,CIG_-_Turkey_-_HRDs.pdf,en,PDF
"uk,gov)/government/uploads/system/uploads/attachment_data/file/565832/cig-iran-smugglers-v2-april-2016.pdf",20170207115945,https://www.gov.uk/government/uploads/system/uploads/attachment_data/file/565832/CIG-Iran-Smugglers-v2-April-2016.pdf,www.gov.uk,application/pdf,AC2BGK2IXT6STE4DQZ6QM5YFROZ5MBLB,254627,32594601,CIG Template,en,PDF
"uk,gov)/government/uploads/system/uploads/attachment_data/file/584025/afghanistan_-_sogi_-_cpin_-__january_2017_.pdf",20170425093549,https://www.gov.uk/government/uploads/system/uploads/attachment_data/file/584025/Afghanistan_-_SOGI_-_CPIN_-__January_2017_.pdf,www.gov.uk,application/pdf,JD24CWA26Q276Q436YFQFMRLVMR6CINK,302482,55341615,Afghanistan - SOGI - CPIN - v2.0 (January 2017),en,PDF
"com,amazonaws,s3,moj-tribunals-documents-prod)/decision/pdf_file/50392/aa105292011.pdf",20191202212117,https://moj-tribunals-documents-prod.s3.amazonaws.com/decision/pdf_file/50392/AA105292011.pdf,moj-tribunals-documents-prod.s3.amazonaws.com,application/pdf,U325LC4TPSICAQLSMYPDZOAU3S7UPFG7,97781,323714756,AA105292011.pdf,en,PDF
"com,amazonaws,s3,moj-tribunals-documents-prod)/decision/pdf_file/59393/pa011642017.pdf",20191202213129,https://moj-tribunals-documents-prod.s3.amazonaws.com/decision/pdf_file/59393/PA011642017.pdf,moj-tribunals-documents-prod.s3.amazonaws.com,application/pdf,6TWI7GM33LYSI2QKC3YMMUXWGJY422OV,92941,431427606,PA011642017.pdf,en,PDF
"com,amazonaws,s3,moj-tribunals-documents-prod)/decision/pdf_file/54909/pa047752016.pdf",20230601121504,https://moj-tribunals-documents-prod.s3.amazonaws.com/decision/pdf_file/54909/PA047752016.pdf,moj-tribunals-documents-prod.s3.amazonaws.com,application/pdf,6Y5XIJPA7TNBGLC4P355Z4RSUG6SXU72,64546,221605525,PA047752016.pdf,en,PDF
"uk,gov)/government/uploads/system/uploads/attachment_data/file/565496/cig-burma-prison-conditions-v1-november-2015.pdf",20170207115807,https://www.gov.uk/government/uploads/system/uploads/attachment_data/file/565496/CIG-burma-prison-conditions-v1-November-2015.pdf,www.gov.uk,application/pdf,NYP7A7W6K5BD7Y5YCEM7GZX5NGFYJTNF,342148,2658658,CIG-burma-prison-conditions-v1-November-2015.pdf,en,PDF
"uk,gov)/government/uploads/system/uploads/attachment_data/file/331611/pakistan_cig.fear_taliban.2014.07.16.v1.0.pdf",20141222064308,https://www.gov.uk/government/uploads/system/uploads/attachment_data/file/331611/Pakistan_CIG.Fear_Taliban.2014.07.16.v1.0.pdf,www.gov.uk,application/pdf,5JBNJEBDE375MJCXI2WOMVRLFAZPTTQC,298447,61609723,Pakistan_CIG.Fear_Taliban.2014.07.16.v1.0.pdf,en,PDF
"com,amazonaws,s3,moj-tribunals-documents-prod)/decision/pdf_file/57694/aa104462015.pdf",20191202221125,https://moj-tribunals-documents-prod.s3.amazonaws.com/decision/pdf_file/57694/AA104462015.pdf,moj-tribunals-documents-prod.s3.amazonaws.com,application/pdf,3HLRWRMDEIZTIQ3PXIVF2GC6AXRYTVRY,78220,322585682,AA104462015.pdf,en,PDF
"com,amazonaws,s3,moj-tribunals-documents-prod)/decision/pdf_file/46747/aa103022014.pdf",20191202221810,https://moj-tribunals-documents-prod.s3.amazonaws.com/decision/pdf_file/46747/AA103022014.pdf,moj-tribunals-documents-prod.s3.amazonaws.com,application/pdf,2CZY2T5QFKQCQS5HSZS3QZCGYKGOVANR,86672,390212181,AA103022014.pdf,en,PDF
"com,amazonaws,s3,moj-tribunals-documents-prod)/decision/pdf_file/55922/pa039712015.pdf",20191202220835,https://moj-tribunals-documents-prod.s3.amazonaws.com/decision/pdf_file/55922/PA039712015.pdf,moj-tribunals-documents-prod.s3.amazonaws.com,application/pdf,OM5TJAIFP76XFZ7LBRCTOFUW7JVSRUT6,93441,293112990,PA039712015.pdf,en,PDF
"com,amazonaws,s3,moj-tribunals-documents-prod)/decision/pdf_file/54923/pa069082016.pdf",20191202181427,https://moj-tribunals-documents-prod.s3.amazonaws.com/decision/pdf_file/54923/PA069082016.pdf,moj-tribunals-documents-prod.s3.amazonaws.com,application/pdf,5BQNQQ74LIWMTX7KQVZ6SMOFJKBLV7TZ,129920,47328536,PA069082016.pdf,en,PDF
"uk,gov)/government/uploads/system/uploads/attachment_data/file/424542/cig_india_religious_groups__v1_0.pdf",20160120062656,https://www.gov.uk/government/uploads/system/uploads/attachment_data/file/424542/CIG_India_Religious_groups__v1_0.pdf,www.gov.uk,application/pdf,HIX7YCULOH5CBG6RYNRWHCHBPDMNGH6H,252619,33139401,CIG_India_Religious_groups__v1_0.pdf,en,PDF
"uk,gov)/government/uploads/system/uploads/attachment_data/file/503720/cig_-_turkey_-_pkk.pdf",20161124181955,https://www.gov.uk/government/uploads/system/uploads/attachment_data/file/503720/CIG_-_Turkey_-_PKK.pdf,www.gov.uk,application/pdf,W6WQ3RH2WMWVL75H2AGOY4LW5G2ZZEQ3,353198,52564685,CIG_-_Turkey_-_PKK.pdf,en,PDF
"uk,gov,service,publishing,assets)/media/5ddd09deed915d016b654546/cig-mali-bellah-black-tuareg-v1-april-2016.pdf",20240416184355,https://assets.publishing.service.gov.uk/media/5ddd09deed915d016b654546/CIG-Mali-Bellah-Black-Tuareg-v1-April-2016.pdf,assets.publishing.service.gov.uk,application/pdf,C7RO7YODW455EBVWNU77JHFZLEVOOBZN,1436303,495098639,CIG Template,en,PDF
"uk,gov,service,publishing,assets)/government/uploads/system/uploads/attachment_data/file/848426/cig-mali-bellah-black-tuareg-v1-april-2016.pdf",20230927155819,https://assets.publishing.service.gov.uk/government/uploads/system/uploads/attachment_data/file/848426/CIG-Mali-Bellah-Black-Tuareg-v1-April-2016.pdf,assets.publishing.service.gov.uk,application/pdf,C7RO7YODW455EBVWNU77JHFZLEVOOBZN,1436279,392498045,CIG Template,en,PDF
"com,amazonaws,s3,moj-tribunals-documents-prod)/decision/pdf_file/60824/aa102862013.pdf",20191202212819,https://moj-tribunals-documents-prod.s3.amazonaws.com/decision/pdf_file/60824/AA102862013.pdf,moj-tribunals-documents-prod.s3.amazonaws.com,application/pdf,UEBSFU4GUZ6ZSOQBLYREKVXLZ4JELLWJ,65401,398152492,AA102862013.pdf,en,PDF
"com,amazonaws,s3,moj-tribunals-documents-prod)/decision/pdf_file/51691/aa063692015.pdf",20191202184350,https://moj-tribunals-documents-prod.s3.amazonaws.com/decision/pdf_file/51691/AA063692015.pdf,moj-tribunals-documents-prod.s3.amazonaws.com,application/pdf,AYWJYTQ363RDSELJED447Y2SNGB26K5C,86129,321121166,AA063692015.pdf,en,PDF
"uk,gov)/government/uploads/system/uploads/attachment_data/file/505364/cig_-_turkey_-_hrds.pdf",20161124181940,https://www.gov.uk/government/uploads/system/uploads/attachment_data/file/505364/CIG_-_Turkey_-_HRDs.pdf,www.gov.uk,application/pdf,JGX2J7Z5Y63KI6Z6IT2AWUHYG4T4WJMK,396615,50389069,CIG_-_Turkey_-_HRDs.pdf,en,PDF
"com,amazonaws,s3,moj-tribunals-documents-prod)/decision/pdf_file/62603/pa130592017.pdf",20191202211638,https://moj-tribunals-documents-prod.s3.amazonaws.com/decision/pdf_file/62603/PA130592017.pdf,moj-tribunals-documents-prod.s3.amazonaws.com,application/pdf,KH6QERAYBJV4D56BLQD6KPU2R2CGP5SO,67364,277951706,PA130592017.pdf,en,PDF
"uk,gov,service,publishing,assets)/government/uploads/system/uploads/attachment_data/file/539686/21_07_16_home_office_response_to_ici_report_-_country_of_origin_information.pdf",20220318110828,https://assets.publishing.service.gov.uk/government/uploads/system/uploads/attachment_data/file/539686/21_07_16_Home_Office_response_to_ICI_report_-_Country_of_Origin_Information.pdf,assets.publishing.service.gov.uk,application/pdf,3IRUSLNKMGPKSHCE65KPVXJMSIF5ZREU,195827,168235763,21_07_16_Home_Office_response_to_ICI_report_-_Country_of_Origin_Information.pdf,en,PDF
"com,amazonaws,s3,moj-tribunals-documents-prod)/decision/pdf_file/54877/hu013782015.pdf",20210601141058,https://moj-tribunals-documents-prod.s3.amazonaws.com/decision/pdf_file/54877/HU013782015.pdf,moj-tribunals-documents-prod.s3.amazonaws.com,application/pdf,PEUB3LXX5XM77CTMCNBZYMLZLI3DAYRG,108532,121007000,HU013782015.pdf,en,PDF
"uk,gov)/government/uploads/system/uploads/attachment_data/file/480894/burma_prison_conditions.pdf",20160811054130,https://www.gov.uk/government/uploads/system/uploads/attachment_data/file/480894/burma_prison_conditions.pdf,www.gov.uk,application/pdf,NYP7A7W6K5BD7Y5YCEM7GZX5NGFYJTNF,342115,78475240,burma_prison_conditions.pdf,en,PDF
"uk,gov)/government/uploads/system/uploads/attachment_data/file/566017/review-of-libya-minority-ethnic-groups-cig.pdf",20170804131802,https://www.gov.uk/government/uploads/system/uploads/attachment_data/file/566017/Review-of-Libya-Minority-Ethnic-Groups-CIG.pdf,www.gov.uk,application/pdf,ZO7JYPHCORMJFXGOMQ7VLL4LNUF2FZXS,872,10274042,Review-of-Libya-Minority-Ethnic-Groups-CIG.pdf,it,PDF
"uk,gov,independent,icinspector)/wp-content/uploads/2016/02/iagci-2015-11-24-ho-covering-response.pdf",20170803100559,http://icinspector.independent.gov.uk/wp-content/uploads/2016/02/IAGCI-2015-11-24-HO-Covering-Response.pdf,icinspector.independent.gov.uk,application/pdf,ZKG6VCTAWXH67VCXQLJCAQZ5DBTKBMOZ,158199,33294870,"HO Response to IAGCI Review: Somalia CIG, April 2014",en,PDF
"uk,gov)/government/uploads/system/uploads/attachment_data/file/331645/pakistan_cig.land_disputes.2014.07.16.v1.0.pdf",20141222064311,https://www.gov.uk/government/uploads/system/uploads/attachment_data/file/331645/Pakistan_CIG.Land_disputes.2014.07.16.v1.0.pdf,www.gov.uk,application/pdf,OJWFDYT4S56UZTFRYYIFCPVFAAW2XFAS,230426,51312551,Pakistan_CIG.Land_disputes.2014.07.16.v1.0.pdf,en,PDF
"uk,gov)/government/uploads/system/uploads/attachment_data/file/566631/new_cig_-_ukraine_-_women.pdf",20170622010633,https://www.gov.uk/government/uploads/system/uploads/attachment_data/file/566631/NEW_CIG_-_Ukraine_-_Women.pdf,www.gov.uk,application/pdf,U7BHTME5NAFOM6RRN3OL72J7ZHU3PFQX,362529,76192320,CIG Template,en,PDF
"uk,gov)/government/uploads/system/uploads/attachment_data/file/566033/review-of-iraq-humanitarian-situation-cig.pdf",20170804132354,https://www.gov.uk/government/uploads/system/uploads/attachment_data/file/566033/Review-of-Iraq-Humanitarian-Situation-CIG.pdf,www.gov.uk,application/pdf,HKULF2VVXU4TPH4GXHABCJVBYFYCTN3U,871,58807586,Review-of-Iraq-Humanitarian-Situation-CIG.pdf,it,PDF
"uk,gov,independent,icinspector)/wp-content/uploads/2014/11/iagci-evaluation-of-the-home-offices-cig-report-on-somalia-paker-review.pdf",20170803100538,http://icinspector.independent.gov.uk/wp-content/uploads/2014/11/IAGCI-evaluation-of-the-Home-Offices-CIG-Report-on-Somalia-Paker-Review.pdf,icinspector.independent.gov.uk,application/pdf,LQPFZF5DSSIPYNOZXJTQ4BVPMES3YTT6,94887,79387454,IAGCI-evaluation-of-the-Home-Offices-CIG-Report-on-Somalia-Paker-Review.pdf,en,PDF
"uk,gov,service,publishing,assets)/government/uploads/system/uploads/attachment_data/file/586244/pakistan_land_disputes_january_2017.pdf",20200105113314,https://assets.publishing.service.gov.uk/government/uploads/system/uploads/attachment_data/file/586244/Pakistan_land_disputes_January_2017.pdf,assets.publishing.service.gov.uk,application/pdf,NBTTEGGMJ55NCVMA37D4MH7SHRCSAZNI,354912,314411331,Pakistan - Land Disputes - CPIN - v2.0 (January 2017),en,PDF
"com,amazonaws,s3,moj-tribunals-documents-prod)/decision/pdf_file/54332/pa061972016.pdf",20191202224720,https://moj-tribunals-documents-prod.s3.amazonaws.com/decision/pdf_file/54332/PA061972016.pdf,moj-tribunals-documents-prod.s3.amazonaws.com,application/pdf,23YPJNGEAQVDQ224TGIJXAPLEPYOUBRY,71893,186763961,PA061972016.pdf,en,PDF
"com,amazonaws,s3,moj-tribunals-documents-prod)/decision/pdf_file/53791/pa099342016.pdf",20191202201100,https://moj-tribunals-documents-prod.s3.amazonaws.com/decision/pdf_file/53791/PA099342016.pdf,moj-tribunals-documents-prod.s3.amazonaws.com,application/pdf,FGFOJ6RLMVX6LJ5HX726UV4HTAOART7K,88960,138087098,PA099342016.pdf,en,PDF
"com,amazonaws,s3,moj-tribunals-documents-prod)/decision/pdf_file/61275/pa020022015.pdf",20191202195210,https://moj-tribunals-documents-prod.s3.amazonaws.com/decision/pdf_file/61275/PA020022015.pdf,moj-tribunals-documents-prod.s3.amazonaws.com,application/pdf,7HJ62YUKEDRECVX5KFJOW6TEL73TEPXN,82953,455026691,PA020022015.pdf,en,PDF
"uk,gov,service,publishing,assets)/government/uploads/system/uploads/attachment_data/file/695261/cpin_-_china_-_double_jeopardy_-_v2.0.pdf",20210824024746,https://assets.publishing.service.gov.uk/government/uploads/system/uploads/attachment_data/file/695261/CPIN_-_China_-_Double_jeopardy_-_v2.0.pdf,assets.publishing.service.gov.uk,application/pdf,GGVTM4CZPLDFBGWJ5ZEPQOLATIN3GT4H,607322,477491434,CPIN Template 2018,en,PDF
"uk,gov,service,publishing,assets)/government/uploads/system/uploads/attachment_data/file/584025/afghanistan_-_sogi_-_cpin_-__january_2017_.pdf",20200207052406,https://assets.publishing.service.gov.uk/government/uploads/system/uploads/attachment_data/file/584025/Afghanistan_-_SOGI_-_CPIN_-__January_2017_.pdf,assets.publishing.service.gov.uk,application/pdf,JD24CWA26Q276Q436YFQFMRLVMR6CINK,302767,257224761,Afghanistan - SOGI - CPIN - v2.0 (January 2017),en,PDF
"com,amazonaws,s3,moj-tribunals-documents-prod)/decision/pdf_file/52359/aa084502015.pdf",20210601142020,https://moj-tribunals-documents-prod.s3.amazonaws.com/decision/pdf_file/52359/AA084502015.pdf,moj-tribunals-documents-prod.s3.amazonaws.com,application/pdf,FCZHDFXNDVZZWV2JTCB3WCCARDOZZ35L,67360,278933011,AA084502015.pdf,en,PDF
"com,amazonaws,s3,moj-tribunals-documents-prod)/decision/pdf_file/57086/pa002912017.pdf",20191202221830,https://moj-tribunals-documents-prod.s3.amazonaws.com/decision/pdf_file/57086/PA002912017.pdf,moj-tribunals-documents-prod.s3.amazonaws.com,application/pdf,LWPOFEB7LGW6KDENANATUUUDVS7DIFIK,74073,393301893,PA002912017.pdf,en,PDF
"com,amazonaws,s3,moj-tribunals-documents-prod)/decision/pdf_file/63148/pa003482018.pdf",20191202220405,https://moj-tribunals-documents-prod.s3.amazonaws.com/decision/pdf_file/63148/PA003482018.pdf,moj-tribunals-documents-prod.s3.amazonaws.com,application/pdf,BBGNIS5Y5IAAMRCEUQLJU7VEJPFVLTWX,98740,247863871,PA003482018.pdf,en,PDF
"com,amazonaws,s3,moj-tribunals-documents-prod)/decision/pdf_file/56024/pa064592016.pdf",20191202184940,https://moj-tribunals-documents-prod.s3.amazonaws.com/decision/pdf_file/56024/PA064592016.pdf,moj-tribunals-documents-prod.s3.amazonaws.com,application/pdf,4CUR3YB6DX4YDSJW3MZ3PVN6DGBI4U37,69823,376765876,PA064592016.pdf,en,PDF
"com,amazonaws,s3,moj-tribunals-documents-prod)/decision/pdf_file/65201/pa071832018.pdf",20231201072131,https://moj-tribunals-documents-prod.s3.amazonaws.com/decision/pdf_file/65201/PA071832018.pdf,moj-tribunals-documents-prod.s3.amazonaws.com,application/pdf,BIUKBVXHMLXYXGBGDQNJDOIBT5ASDVUZ,69585,374137252,PA071832018.pdf,en,PDF
"com,amazonaws,s3,moj-tribunals-documents-prod)/decision/pdf_file/51608/aa095612014.pdf",20210601163231,https://moj-tribunals-documents-prod.s3.amazonaws.com/decision/pdf_file/51608/AA095612014.pdf,moj-tribunals-documents-prod.s3.amazonaws.com,application/pdf,ETUH3BZT7GDJKRWPLKQQZCOIMHYPPE44,81395,19627493,AA095612014.pdf,en,PDF
"com,amazonaws,s3,moj-tribunals-documents-prod)/decision/pdf_file/53483/aa002912016.pdf",20190603165740,https://moj-tribunals-documents-prod.s3.amazonaws.com/decision/pdf_file/53483/AA002912016.pdf,moj-tribunals-documents-prod.s3.amazonaws.com,application/pdf,W4PG7M4CUHCMVQODRYU32TKJZ47FSWF7,106789,258341634,AA002912016.pdf,en,PDF
"uk,gov)/government/uploads/system/uploads/attachment_data/file/566675/cig.vietnam.religious_minority_groups.pdf",20170627202133,https://www.gov.uk/government/uploads/system/uploads/attachment_data/file/566675/CIG.Vietnam.Religious_Minority_Groups.pdf,www.gov.uk,application/pdf,HO5TAGB4VXLK5UQYOVWWTRHE7KYA4OOS,704380,22901091,CIG.Vietnam.Religious_Minority_Groups.pdf,en,PDF
"com,amazonaws,s3,moj-tribunals-documents-prod)/decision/pdf_file/61530/aa015352015.pdf",20191202171016,https://moj-tribunals-documents-prod.s3.amazonaws.com/decision/pdf_file/61530/AA015352015.pdf,moj-tribunals-documents-prod.s3.amazonaws.com,application/pdf,SZETMFXQEHMUFDZ27NYW2AR5HDNGDKIJ,99258,427750678,AA015352015.pdf,en,PDF
"com,amazonaws,s3,moj-tribunals-documents-prod)/decision/pdf_file/62176/hu232482016.pdf",20191202204346,https://moj-tribunals-documents-prod.s3.amazonaws.com/decision/pdf_file/62176/HU232482016.pdf,moj-tribunals-documents-prod.s3.amazonaws.com,application/pdf,HHCOGLWLKJNBVF53SNAJIBEPDTGATLCN,91614,450441695,HU232482016.pdf,en,PDF
"com,amazonaws,s3,moj-tribunals-documents-prod)/decision/pdf_file/48144/aa004652015.pdf",20210601125850,https://moj-tribunals-documents-prod.s3.amazonaws.com/decision/pdf_file/48144/AA004652015.pdf,moj-tribunals-documents-prod.s3.amazonaws.com,application/pdf,RBNDDSSBXO53EQPT5M22PJ2GPCSJDHL5,99413,476571498,AA004652015.pdf,en,PDF
"com,amazonaws,s3,moj-tribunals-documents-prod)/decision/pdf_file/61685/aa078482015.pdf",20191202202334,https://moj-tribunals-documents-prod.s3.amazonaws.com/decision/pdf_file/61685/AA078482015.pdf,moj-tribunals-documents-prod.s3.amazonaws.com,application/pdf,PSCQJIUNW74ON4MXYV5XHS2NZCIJ5WUG,75371,260704640,AA078482015.pdf,en,PDF
"com,amazonaws,s3,moj-tribunals-documents-prod)/decision/pdf_file/62840/pa007082018.pdf",20191202221648,https://moj-tribunals-documents-prod.s3.amazonaws.com/decision/pdf_file/62840/PA007082018.pdf,moj-tribunals-documents-prod.s3.amazonaws.com,application/pdf,6IPW3L3Q3ZIJOLV2SCUPAV3BJN2KXLOA,69004,375498534,PA007082018.pdf,en,PDF
"com,amazonaws,s3,moj-tribunals-documents-prod)/decision/pdf_file/58220/pa018212017.pdf",20191202203639,https://moj-tribunals-documents-prod.s3.amazonaws.com/decision/pdf_file/58220/PA018212017.pdf,moj-tribunals-documents-prod.s3.amazonaws.com,application/pdf,VQZUGFNLZVA4RBBILB7TSYSFBS3TB527,94416,381681787,PA018212017.pdf,en,PDF
"com,amazonaws,s3,moj-tribunals-documents-prod)/decision/pdf_file/51311/aa004222015___aa004232015.pdf",20191202181121,https://moj-tribunals-documents-prod.s3.amazonaws.com/decision/pdf_file/51311/AA004222015___AA004232015.pdf,moj-tribunals-documents-prod.s3.amazonaws.com,application/pdf,TFDI3PGC5DSOFBDJ2A6CSNOQSAN6PO76,77854,18166752,AA004222015___AA004232015.pdf,en,PDF
"uk,gov,service,publishing,assets)/government/uploads/system/uploads/attachment_data/file/761957/coi_may_2018_formal_response.pdf",20200305004418,https://assets.publishing.service.gov.uk/government/uploads/system/uploads/attachment_data/file/761957/COI_May_2018_Formal_response.pdf,assets.publishing.service.gov.uk,application/pdf,4UUV2KHB2XFTPW3NSNDKIFWAJ5TLGAAK,288534,325863626,COI_May_2018_Formal_response.pdf,en,PDF
"uk,gov)/government/uploads/system/uploads/attachment_data/file/565514/cig-china-double-jeopardy-v1-september-2015.pdf",20170210015919,https://www.gov.uk/government/uploads/system/uploads/attachment_data/file/565514/CIG-China-Double-Jeopardy-v1-September-2015.pdf,www.gov.uk,application/pdf,FKOUXIZPWLFP6GDW2KD5BDJXMC7EDPTZ,193955,90417616,CIG-China-Double-Jeopardy-v1-September-2015.pdf,en,PDF
"com,amazonaws,s3,moj-tribunals-documents-prod)/decision/pdf_file/58589/pa019752017.pdf",20191202173022,https://moj-tribunals-documents-prod.s3.amazonaws.com/decision/pdf_file/58589/PA019752017.pdf,moj-tribunals-documents-prod.s3.amazonaws.com,application/pdf,2ZEUPWJRHKL6SCTXDJCYWWCRAUIQTMXX,89636,131714459,PA019752017.pdf,en,PDF
"uk,gov,service,publishing,assets)/government/uploads/system/uploads/attachment_data/file/559654/iagci-review-india-sexual-orientation-and-gender-identity.pdf",20201107113905,https://assets.publishing.service.gov.uk/government/uploads/system/uploads/attachment_data/file/559654/IAGCI-Review-India-Sexual-Orientation-and-Gender-Identity.pdf,assets.publishing.service.gov.uk,application/pdf,YFLET463TYESWLTUSAQV3M3NKTVCYDNX,929,66317429,IAGCI-Review-India-Sexual-Orientation-and-Gender-Identity.pdf,it,PDF
"uk,gov)/government/uploads/system/uploads/attachment_data/file/479410/new_cig_-_ukraine_-_women_v_1_0.pdf",20160517035705,https://www.gov.uk/government/uploads/system/uploads/attachment_data/file/479410/NEW_CIG_-_Ukraine_-_Women_v_1_0.pdf,www.gov.uk,application/pdf,U7BHTME5NAFOM6RRN3OL72J7ZHU3PFQX,362528,55642822,CIG Template,en,PDF
"uk,gov,service,publishing,assets)/government/uploads/system/uploads/attachment_data/file/539686/21_07_16_home_office_response_to_ici_report_-_country_of_origin_information.pdf",20230911201600,https://assets.publishing.service.gov.uk/government/uploads/system/uploads/attachment_data/file/539686/21_07_16_Home_Office_response_to_ICI_report_-_Country_of_Origin_Information.pdf,assets.publishing.service.gov.uk,application/pdf,3IRUSLNKMGPKSHCE65KPVXJMSIF5ZREU,195732,448472523,21_07_16_Home_Office_response_to_ICI_report_-_Country_of_Origin_Information.pdf,en,PDF
"uk,gov,service,publishing,assets)/government/uploads/system/uploads/attachment_data/file/566033/review-of-iraq-humanitarian-situation-cig.pdf",20201003145434,https://assets.publishing.service.gov.uk/government/uploads/system/uploads/attachment_data/file/566033/Review-of-Iraq-Humanitarian-Situation-CIG.pdf,assets.publishing.service.gov.uk,application/pdf,HKULF2VVXU4TPH4GXHABCJVBYFYCTN3U,936,204253428,Review-of-Iraq-Humanitarian-Situation-CIG.pdf,it,PDF
"com,amazonaws,s3,moj-tribunals-documents-prod)/decision/pdf_file/55160/pa055022016.pdf",20210601161549,https://moj-tribunals-documents-prod.s3.amazonaws.com/decision/pdf_file/55160/PA055022016.pdf,moj-tribunals-documents-prod.s3.amazonaws.com,application/pdf,CZTJKEB6TDXBQDCQT4PETHNBDAHHGLDF,79319,238512718,PA055022016.pdf,en,PDF
"com,amazonaws,s3,moj-tribunals-documents-prod)/decision/pdf_file/58801/pa075202017.pdf",20190603173450,https://moj-tribunals-documents-prod.s3.amazonaws.com/decision/pdf_file/58801/PA075202017.pdf,moj-tribunals-documents-prod.s3.amazonaws.com,application/pdf,6MPQUYEZXF7UZ5QYU3T6IFFG4OVLOIUI,78445,184325321,PA075202017.pdf,en,PDF
"uk,gov,service,publishing,assets)/government/uploads/system/uploads/attachment_data/file/559694/review-of-libya-minority-ethnic-groups-cig-oct-2015.pdf",20201005022822,https://assets.publishing.service.gov.uk/government/uploads/system/uploads/attachment_data/file/559694/Review-of-Libya-Minority-Ethnic-Groups-CIG-Oct-2015.pdf,assets.publishing.service.gov.uk,application/pdf,ZO7JYPHCORMJFXGOMQ7VLL4LNUF2FZXS,934,259400391,Review-of-Libya-Minority-Ethnic-Groups-CIG-Oct-2015.pdf,it,PDF
"com,amazonaws,s3,moj-tribunals-documents-prod)/decision/pdf_file/51406/ia484372013___others.pdf",20210601130003,https://moj-tribunals-documents-prod.s3.amazonaws.com/decision/pdf_file/51406/IA484372013___Others.pdf,moj-tribunals-documents-prod.s3.amazonaws.com,application/pdf,HCDZOX4BZD4K2ZXMKKOOMFKCOPSRIOMV,100772,496425786,IA484372013___Others.pdf,en,PDF
"com,amazonaws,s3,moj-tribunals-documents-prod)/decision/pdf_file/46747/aa103022014.pdf",20210601125255,https://moj-tribunals-documents-prod.s3.amazonaws.com/decision/pdf_file/46747/AA103022014.pdf,moj-tribunals-documents-prod.s3.amazonaws.com,application/pdf,2CZY2T5QFKQCQS5HSZS3QZCGYKGOVANR,86670,381623875,AA103022014.pdf,en,PDF
"uk,gov,service,publishing,assets)/media/5c07d71bed915d7455f5164e/coi_may_2018_formal_response.pdf",20240309073428,https://assets.publishing.service.gov.uk/media/5c07d71bed915d7455f5164e/COI_May_2018_Formal_response.pdf,assets.publishing.service.gov.uk,application/pdf,4UUV2KHB2XFTPW3NSNDKIFWAJ5TLGAAK,288467,262609555,COI_May_2018_Formal_response.pdf,en,PDF
"uk,gov,service,publishing,assets)/government/uploads/system/uploads/attachment_data/file/761957/coi_may_2018_formal_response.pdf",20230911201442,https://assets.publishing.service.gov.uk/government/uploads/system/uploads/attachment_data/file/761957/COI_May_2018_Formal_response.pdf,assets.publishing.service.gov.uk,application/pdf,4UUV2KHB2XFTPW3NSNDKIFWAJ5TLGAAK,288430,256250680,COI_May_2018_Formal_response.pdf,en,PDF
"uk,gov)/government/uploads/system/uploads/attachment_data/file/331642/pakistan_cig.women.2014.07.16.v1.0.pdf",20150710133633,https://www.gov.uk/government/uploads/system/uploads/attachment_data/file/331642/Pakistan_CIG.Women.2014.07.16.v1.0.pdf,www.gov.uk,application/pdf,JLQK5JF25L7O7MYSSYRGFBXVMF7MKT23,305996,67385294,Pakistan_CIG.Women.2014.07.16.v1.0.pdf,en,PDF
"com,amazonaws,s3,moj-tribunals-documents-prod)/decision/pdf_file/64465/pa058052017.pdf",20191202211415,https://moj-tribunals-documents-prod.s3.amazonaws.com/decision/pdf_file/64465/PA058052017.pdf,moj-tribunals-documents-prod.s3.amazonaws.com,application/pdf,DA5V7GLFG47BXPY6IIJLTM3SRU7PU7RO,86233,251945619,PA058052017.pdf,en,PDF
"uk,gov,independent,icinspector)/wp-content/uploads/2015/06/home-office-response-to-iagci-review-on-pakistan-coirs.pdf",20170803100545,http://icinspector.independent.gov.uk/wp-content/uploads/2015/06/Home-Office-Response-to-IAGCI-Review-on-Pakistan-COIRs.pdf,icinspector.independent.gov.uk,application/pdf,I4A7PJ7YJJUN2SJSQRH2DJJ24IQJG2LE,94024,8308210,"HO Response to IAGCI Review: Somalia CIG, April 2014",en,PDF
"uk,gov)/government/uploads/system/uploads/attachment_data/file/565483/cig-bangladesh-prison-conditions-v1-march_2015.pdf",20170426084423,https://www.gov.uk/government/uploads/system/uploads/attachment_data/file/565483/CIG-Bangladesh-Prison-conditions-v1-March_2015.pdf,www.gov.uk,application/pdf,PCVZA7TEZ4AWS4U5UNQBXPJ3FWZUBPVM,183763,44402533,CIG-Bangladesh-Prison-conditions-v1-March_2015.pdf,en,PDF
"com,amazonaws,s3,moj-tribunals-documents-prod)/decision/pdf_file/55075/pa112572016.pdf",20191202221043,https://moj-tribunals-documents-prod.s3.amazonaws.com/decision/pdf_file/55075/PA112572016.pdf,moj-tribunals-documents-prod.s3.amazonaws.com,application/pdf,2AJNWLKLB52DSKU4MJNAUBSXRLLSXNGH,108751,315034833,PA112572016.pdf,en,PDF
"uk,gov,service,publishing,assets)/media/5a7f5f21ed915d74e33f605c/iagci-ho-covering-response.pdf",20231103043639,https://assets.publishing.service.gov.uk/media/5a7f5f21ed915d74e33f605c/IAGCI-HO-Covering-Response.pdf,assets.publishing.service.gov.uk,application/pdf,ZKG6VCTAWXH67VCXQLJCAQZ5DBTKBMOZ,158482,433473672,"HO Response to IAGCI Review: Somalia CIG, April 2014",en,PDF
"uk,gov,service,publishing,assets)/government/uploads/system/uploads/attachment_data/file/726192/eritrea_-_ns_illegal_exit_v5.0e__july_2018_.pdf",20210919151740,https://assets.publishing.service.gov.uk/government/uploads/system/uploads/attachment_data/file/726192/Eritrea_-_NS_Illegal_Exit_v5.0e__July_2018_.pdf,assets.publishing.service.gov.uk,application/pdf,AOY4SR267IXSAP37WXHKSSJEPT5CQMLR,909230,153392973,Eritrea - NS Illegal Exit v5.0 (July 2018),en,PDF
"uk,gov,service,publishing,assets)/government/uploads/system/uploads/attachment_data/file/566069/iagci-ho-covering-response.pdf",20230603021816,https://assets.publishing.service.gov.uk/government/uploads/system/uploads/attachment_data/file/566069/IAGCI-HO-Covering-Response.pdf,assets.publishing.service.gov.uk,application/pdf,ZKG6VCTAWXH67VCXQLJCAQZ5DBTKBMOZ,158489,256638579,"HO Response to IAGCI Review: Somalia CIG, April 2014",en,PDF
"uk,gov)/government/uploads/system/uploads/attachment_data/file/406527/cig_-_pakistan_-_ahmadis_-_v1_0_-_2015-02_23.pdf",20150710133620,https://www.gov.uk/government/uploads/system/uploads/attachment_data/file/406527/CIG_-_Pakistan_-_Ahmadis_-_v1_0_-_2015-02_23.pdf,www.gov.uk,application/pdf,P4LR4WYISV2VZCKAA5KPGES2UIEQVSCD,316706,66496861,CIG_-_Pakistan_-_Ahmadis_-_v1_0_-_2015-02_23.pdf,en,PDF
"com,amazonaws,s3,moj-tribunals-documents-prod)/decision/pdf_file/49116/aa043892015.pdf",20210601154735,https://moj-tribunals-documents-prod.s3.amazonaws.com/decision/pdf_file/49116/AA043892015.pdf,moj-tribunals-documents-prod.s3.amazonaws.com,application/pdf,S7S2R5WNOYTQEQYAYXVCILUFU3RA64US,75634,257010852,AA043892015.pdf,en,PDF
"com,amazonaws,s3,moj-tribunals-documents-prod)/decision/pdf_file/53518/pa059672016.pdf",20191202193237,https://moj-tribunals-documents-prod.s3.amazonaws.com/decision/pdf_file/53518/PA059672016.pdf,moj-tribunals-documents-prod.s3.amazonaws.com,application/pdf,VQZTHBJWVVBRGLFKBVELP3SAQ4EUXAXN,66431,273562169,PA059672016.pdf,en,PDF
"com,amazonaws,s3,moj-tribunals-documents-prod)/decision/pdf_file/57362/pa027582017.pdf",20191202172337,https://moj-tribunals-documents-prod.s3.amazonaws.com/decision/pdf_file/57362/PA027582017.pdf,moj-tribunals-documents-prod.s3.amazonaws.com,application/pdf,CJRW5OI435EKLT75OOX7DHPG4CJZ5PVS,97152,63827138,PA027582017.pdf,en,PDF
"com,amazonaws,s3,moj-tribunals-documents-prod)/decision/pdf_file/54476/pa015582017.pdf",20191202203733,https://moj-tribunals-documents-prod.s3.amazonaws.com/decision/pdf_file/54476/PA015582017.pdf,moj-tribunals-documents-prod.s3.amazonaws.com,application/pdf,2JVFXS5HHNA3UNPA6IK5MKLYDMO7UQ3V,100104,390051906,PA015582017.pdf,en,PDF
"com,amazonaws,s3,moj-tribunals-documents-prod)/decision/pdf_file/55864/pa106612016.pdf",20191202194431,https://moj-tribunals-documents-prod.s3.amazonaws.com/decision/pdf_file/55864/PA106612016.pdf,moj-tribunals-documents-prod.s3.amazonaws.com,application/pdf,ZENSTI3KYNZPWMN5YUEE5UVZEEDS5YJ5,86852,381659888,PA106612016.pdf,en,PDF
"uk,gov)/government/uploads/system/uploads/attachment_data/file/566250/cig_-_somalia_-_women_fearing_gbv.pdf",20170207120059,https://www.gov.uk/government/uploads/system/uploads/attachment_data/file/566250/CIG_-_Somalia_-_Women_fearing_GBV.pdf,www.gov.uk,application/pdf,24HJZIBJHZM4NGHXKSGTUGUJMEPM7DHT,351646,36370798,CIG_-_Somalia_-_Women_fearing_GBV.pdf,en,PDF
"uk,gov)/government/uploads/system/uploads/attachment_data/file/566158/cig-mali-sogi-v1-april-2016.pdf",20170627201950,https://www.gov.uk/government/uploads/system/uploads/attachment_data/file/566158/CIG-Mali-SOGI-v1-April-2016.pdf,www.gov.uk,application/pdf,CZV3UBZL4NGEFQPLSSOSR2VIAV6K56I3,248071,1848082,CIG Template,en,PDF
"com,amazonaws,s3,moj-tribunals-documents-prod)/decision/pdf_file/66985/pa028822019.pdf",20191202183616,https://moj-tribunals-documents-prod.s3.amazonaws.com/decision/pdf_file/66985/PA028822019.pdf,moj-tribunals-documents-prod.s3.amazonaws.com,application/pdf,K3GI5JY4QFQR3KSOV3TGMTX4MO5EQ2ZH,72746,253151708,PA028822019.pdf,en,PDF
"com,amazonaws,s3,moj-tribunals-documents-prod)/decision/pdf_file/52901/aa092172015.pdf",20191202181535,https://moj-tribunals-documents-prod.s3.amazonaws.com/decision/pdf_file/52901/AA092172015.pdf,moj-tribunals-documents-prod.s3.amazonaws.com,application/pdf,SW553ZUL7IXK3OYAJ4RLNJTGS354SLQE,77956,57794249,AA092172015.pdf,en,PDF
"uk,gov)/government/uploads/system/uploads/attachment_data/file/566233/pak_prison_conditions.pdf",20170627202029,https://www.gov.uk/government/uploads/system/uploads/attachment_data/file/566233/PAK_Prison_conditions.pdf,www.gov.uk,application/pdf,YISKIVTR4RSGH3BFH75W6G6IXGMOEUK7,236350,9307399,PAK_Prison_conditions.pdf,en,PDF
"uk,gov)/government/uploads/system/uploads/attachment_data/file/331641/pakistan_cig.sogi.2014.07.16.v1.0.pdf",20141216131643,https://www.gov.uk/government/uploads/system/uploads/attachment_data/file/331641/Pakistan_CIG.SOGI.2014.07.16.v1.0.pdf,www.gov.uk,application/pdf,62FN4IDEMCS5AR4GENHTQTDCSMTRDANW,300057,7330947,Pakistan_CIG.SOGI.2014.07.16.v1.0.pdf,en,PDF
"uk,gov)/government/uploads/system/uploads/attachment_data/file/566239/pak_security_and_humanitarian_situation.pdf",20170201183544,https://www.gov.uk/government/uploads/system/uploads/attachment_data/file/566239/PAK_Security_and_humanitarian_situation.pdf,www.gov.uk,application/pdf,NSAIEMBANHDLHP6LC5PWBPJNY63JN25S,431212,94280700,PAK_Security_and_humanitarian_situation.pdf,en,PDF
"com,amazonaws,s3,moj-tribunals-documents-prod)/decision/pdf_file/58298/pa125462016.pdf",20191202170747,https://moj-tribunals-documents-prod.s3.amazonaws.com/decision/pdf_file/58298/PA125462016.pdf,moj-tribunals-documents-prod.s3.amazonaws.com,application/pdf,MNAF75A7HHMQL2CIEGLBBLCQPXZ776LS,89297,404064389,PA125462016.pdf,en,PDF
"uk,gov,independent,icinspector)/wp-content/uploads/2014/11/home-offices-response-to-the-iagcis-review-on-the-coi-report-on-zimbabwe.pdf",20170803100557,http://icinspector.independent.gov.uk/wp-content/uploads/2014/11/Home-Offices-response-to-the-IAGCIs-review-on-the-COI-report-on-Zimbabwe.pdf,icinspector.independent.gov.uk,application/pdf,TBMSSJBQERXAJXOZAOKPY3GFQT4M7PWA,105203,32130980,"HO Response to IAGCI Review: Zimbabwe OGN, February 2013",en,PDF
"com,amazonaws,s3,moj-tribunals-documents-prod)/decision/pdf_file/66454/pa091622016___pa091782016.pdf",20191202185324,https://moj-tribunals-documents-prod.s3.amazonaws.com/decision/pdf_file/66454/PA091622016___PA091782016.pdf,moj-tribunals-documents-prod.s3.amazonaws.com,application/pdf,RA3ENCCYKXUU7ND2AQLQYAB3OGBSM36Z,73389,413576421,PA091622016___PA091782016.pdf,en,PDF
"uk,gov)/government/uploads/system/uploads/attachment_data/file/402591/cig_pakistan_christians_and_christian_converts_v1_0_2015_02_10.pdf",20150710133624,https://www.gov.uk/government/uploads/system/uploads/attachment_data/file/402591/cig_pakistan_christians_and_christian_converts_v1_0_2015_02_10.pdf,www.gov.uk,application/pdf,IGMVKKQKNZYTA5DX4UNM62WLA4U3FWZ7,273278,66813567,cig_pakistan_christians_and_christian_converts_v1_0_2015_02_10.pdf,en,PDF
"uk,gov,independent,icinspector)/wp-content/uploads/2015/06/iagci-16-minutes-270415-final.pdf",20170803100507,http://icinspector.independent.gov.uk/wp-content/uploads/2015/06/IAGCI-16-Minutes-270415-FINAL.pdf,icinspector.independent.gov.uk,application/pdf,Z3FGBPJ4FZXF6TST34IRFCMA7APFRVTJ,125765,4144317,IAGCI-16-Minutes-270415-FINAL.pdf,en,PDF
"com,amazonaws,s3,moj-tribunals-documents-prod)/decision/pdf_file/66353/pa058362017.pdf",20191202213758,https://moj-tribunals-documents-prod.s3.amazonaws.com/decision/pdf_file/66353/PA058362017.pdf,moj-tribunals-documents-prod.s3.amazonaws.com,application/pdf,Y6XR3U47BTZU3NBE23N7CA5GBOJ4ZFSL,81048,494281525,PA058362017.pdf,en,PDF
"com,amazonaws,s3,moj-tribunals-documents-prod)/decision/pdf_file/54909/pa047752016.pdf",20221201141727,https://moj-tribunals-documents-prod.s3.amazonaws.com/decision/pdf_file/54909/PA047752016.pdf,moj-tribunals-documents-prod.s3.amazonaws.com,application/pdf,6Y5XIJPA7TNBGLC4P355Z4RSUG6SXU72,64548,223118116,PA047752016.pdf,en,PDF
"uk,gov,service,publishing,assets)/government/uploads/system/uploads/attachment_data/file/566069/iagci-ho-covering-response.pdf",20220316091806,https://assets.publishing.service.gov.uk/government/uploads/system/uploads/attachment_data/file/566069/IAGCI-HO-Covering-Response.pdf,assets.publishing.service.gov.uk,application/pdf,ZKG6VCTAWXH67VCXQLJCAQZ5DBTKBMOZ,158588,274857190,"HO Response to IAGCI Review: Somalia CIG, April 2014",en,PDF
"com,amazonaws,s3,moj-tribunals-documents-prod)/decision/pdf_file/53631/pa133732016.pdf",20210601143241,https://moj-tribunals-documents-prod.s3.amazonaws.com/decision/pdf_file/53631/PA133732016.pdf,moj-tribunals-documents-prod.s3.amazonaws.com,application/pdf,PIHZLLHVEURNCJ245FX62EUSEVKYAURT,117453,489897897,PA133732016.pdf,en,PDF
"uk,gov)/government/uploads/system/uploads/attachment_data/file/459593/cig_-_china_-_double_jeopardy.pdf",20160120054525,https://www.gov.uk/government/uploads/system/uploads/attachment_data/file/459593/CIG_-_China_-_Double_Jeopardy.pdf,www.gov.uk,application/pdf,FKOUXIZPWLFP6GDW2KD5BDJXMC7EDPTZ,193941,3303064,CIG_-_China_-_Double_Jeopardy.pdf,en,PDF
"uk,gov)/government/uploads/system/uploads/attachment_data/file/565507/cig-china-non-christian-religious-groups-v1-august-2016.pdf",20170210015908,https://www.gov.uk/government/uploads/system/uploads/attachment_data/file/565507/CIG-China-Non-Christian-Religious-Groups-v1-August-2016.pdf,www.gov.uk,application/pdf,RQPKKWOXHBSCYGUDQ46LS2FLDMMNNPXH,322444,88615503,CIG - China - Non-Christian Religious Groups - v1.0 (August 2016),en,PDF
"com,amazonaws,s3,moj-tribunals-documents-prod)/decision/pdf_file/53441/pa030422016.pdf",20191202220327,https://moj-tribunals-documents-prod.s3.amazonaws.com/decision/pdf_file/53441/PA030422016.pdf,moj-tribunals-documents-prod.s3.amazonaws.com,application/pdf,3ON4UQTFGNGAACSNBKMR4NJ6XETGQXPX,88653,241338440,PA030422016.pdf,en,PDF
"uk,gov,service,publishing,assets)/government/uploads/system/uploads/attachment_data/file/706570/ukraine_-_women_fearing_gbv_-_cpin_-_v2.0.pdf",20211007051541,https://assets.publishing.service.gov.uk/government/uploads/system/uploads/attachment_data/file/706570/Ukraine_-_Women_Fearing_GBV_-_CPIN_-_v2.0.pdf,assets.publishing.service.gov.uk,application/pdf,7MELNOM2CNXGLYNDKZQPUW2HPRH5MO3T,770616,236795832,Ukraine - Women Fearing GBV - CPIN - v2.0 (DRAFT),en,PDF
"com,amazonaws,s3,moj-tribunals-documents-prod)/decision/pdf_file/59008/pa140282017.pdf",20191202190256,https://moj-tribunals-documents-prod.s3.amazonaws.com/decision/pdf_file/59008/PA140282017.pdf,moj-tribunals-documents-prod.s3.amazonaws.com,application/pdf,MYSVQT3M6XS2J5PKLP4G7N4WCD5YAOXE,77318,499213414,PA140282017.pdf,en,PDF
"uk,gov)/government/uploads/system/uploads/attachment_data/file/566271/cig_-_turkey_-_hdp.pdf",20170426183835,https://www.gov.uk/government/uploads/system/uploads/attachment_data/file/566271/CIG_-_TURKEY_-_HDP.pdf,www.gov.uk,application/pdf,6L5OPO24MEQP75IZLCQPESI2SHOHZ6O2,378494,64423337,CIG Template,en,PDF
"uk,gov)/government/uploads/system/uploads/attachment_data/file/410092/bgd_cig_prison_conditions_v1_0.pdf",20160120044240,https://www.gov.uk/government/uploads/system/uploads/attachment_data/file/410092/BGD_CIG_Prison_conditions_v1_0.pdf,www.gov.uk,application/pdf,PCVZA7TEZ4AWS4U5UNQBXPJ3FWZUBPVM,183754,46623363,BGD_CIG_Prison_conditions_v1_0.pdf,en,PDF
"uk,gov,service,publishing,assets)/government/uploads/system/uploads/attachment_data/file/848426/cig-mali-bellah-black-tuareg-v1-april-2016.pdf",20230821225239,https://assets.publishing.service.gov.uk/government/uploads/system/uploads/attachment_data/file/848426/CIG-Mali-Bellah-Black-Tuareg-v1-April-2016.pdf,assets.publishing.service.gov.uk,application/pdf,C7RO7YODW455EBVWNU77JHFZLEVOOBZN,1436280,244855025,CIG Template,en,PDF
"uk,gov)/government/uploads/system/uploads/attachment_data/file/565452/cig-afghanistan-security-v3-july-2016.pdf",20170425093556,https://www.gov.uk/government/uploads/system/uploads/attachment_data/file/565452/CIG-Afghanistan-Security-v3-July-2016.pdf,www.gov.uk,application/pdf,SD2ZC65KGBV6TLDGWV3DKYNUWTDK323K,618548,56510129,CIG - Afghanistan - Security - v3.0 (July 2016),en,PDF
"uk,gov)/government/uploads/system/uploads/attachment_data/file/565465/cig-albania-women-fearing-domestic-violence-v1-april-2016.pdf",20161221094135,https://www.gov.uk/government/uploads/system/uploads/attachment_data/file/565465/CIG-Albania-Women-fearing-domestic-violence-v1-April-2016.pdf,www.gov.uk,application/pdf,2TO2CEP26D7MSZJ7FDMK7U2QKQPQKIOQ,338545,42393850,CIG-Albania-Women-fearing-domestic-violence-v1-April-2016.pdf,en,PDF
"uk,gov)/government/uploads/system/uploads/attachment_data/file/514385/cig_albania_women_fearing_domestic_violence_v_1_0.pdf",20160514152225,https://www.gov.uk/government/uploads/system/uploads/attachment_data/file/514385/CIG_Albania_Women_fearing_domestic_violence_v_1_0.pdf,www.gov.uk,application/pdf,2TO2CEP26D7MSZJ7FDMK7U2QKQPQKIOQ,338540,81723176,CIG_Albania_Women_fearing_domestic_violence_v_1_0.pdf,en,PDF
"com,amazonaws,s3,moj-tribunals-documents-prod)/decision/pdf_file/45219/aa015852014.pdf",20200901164534,https://moj-tribunals-documents-prod.s3.amazonaws.com/decision/pdf_file/45219/AA015852014.pdf,moj-tribunals-documents-prod.s3.amazonaws.com,application/pdf,HHDSLMZUS4DJZNWLGT7D6UHGDFEUXD72,72160,444247236,AA015852014.pdf,en,PDF
"uk,gov)/government/uploads/system/uploads/attachment_data/file/595734/cig_-_nigeria_-_women.pdf",20170428231441,https://www.gov.uk/government/uploads/system/uploads/attachment_data/file/595734/CIG_-_Nigeria_-_Women.pdf,www.gov.uk,application/pdf,ERQ4BV5YLBTR5BLNHXT3AYY3BI336JOG,333192,15089410,CIG - Nigeria - Women - v2.0 (August 2016),en,PDF
"com,amazonaws,s3,moj-tribunals-documents-prod)/decision/pdf_file/54007/pa058822016.pdf",20191202222501,https://moj-tribunals-documents-prod.s3.amazonaws.com/decision/pdf_file/54007/PA058822016.pdf,moj-tribunals-documents-prod.s3.amazonaws.com,application/pdf,CGXL7CJQLIUWXXOJLG3UUCC2ETONSQX5,81791,461103759,PA058822016.pdf,en,PDF
"com,amazonaws,s3,moj-tribunals-documents-prod)/decision/pdf_file/51183/aa008482015.pdf",20191202191920,https://moj-tribunals-documents-prod.s3.amazonaws.com/decision/pdf_file/51183/AA008482015.pdf,moj-tribunals-documents-prod.s3.amazonaws.com,application/pdf,KTB2NN7WTYEVWDY7YFIUZJM33R6AWXVL,62390,148533426,AA008482015.pdf,en,PDF
"com,amazonaws,s3,moj-tribunals-documents-prod)/decision/pdf_file/57339/pa131722016.pdf",20191202172900,https://moj-tribunals-documents-prod.s3.amazonaws.com/decision/pdf_file/57339/PA131722016.pdf,moj-tribunals-documents-prod.s3.amazonaws.com,application/pdf,UQ27FTFCJ3GDSFDJLD5TNZS2TKNZLE73,82848,118358453,PA131722016.pdf,en,PDF
"com,amazonaws,s3,moj-tribunals-documents-prod)/decision/pdf_file/54211/pa104102016.pdf",20191202214917,https://moj-tribunals-documents-prod.s3.amazonaws.com/decision/pdf_file/54211/PA104102016.pdf,moj-tribunals-documents-prod.s3.amazonaws.com,application/pdf,VALVO56W4BT72FBXMYSDZAXAXAJNNCU6,75988,100556809,PA104102016.pdf,en,PDF
"uk,gov)/government/uploads/system/uploads/attachment_data/file/566598/cig_-_ukraine_-_background_information.pdf",20170207120157,https://www.gov.uk/government/uploads/system/uploads/attachment_data/file/566598/CIG_-_Ukraine_-_Background_information.pdf,www.gov.uk,application/pdf,5QEKDJDMCOLUK6Y5PKADKZ2BBJ5JTCCB,597741,14542682,CIG Template,en,PDF
"com,amazonaws,s3,moj-tribunals-documents-prod)/decision/pdf_file/57363/pa038492017.pdf",20231201073435,https://moj-tribunals-documents-prod.s3.amazonaws.com/decision/pdf_file/57363/PA038492017.pdf,moj-tribunals-documents-prod.s3.amazonaws.com,application/pdf,EIHKPI5HO3LJM7E24TQFRLDHLPLOUOEW,66274,287241003,PA038492017.pdf,en,PDF
"com,amazonaws,s3,moj-tribunals-documents-prod)/decision/pdf_file/55120/pa062882016.pdf",20230601125942,https://moj-tribunals-documents-prod.s3.amazonaws.com/decision/pdf_file/55120/PA062882016.pdf,moj-tribunals-documents-prod.s3.amazonaws.com,application/pdf,ZJ3YD6WGCVVQVR4DK55LKDXPAPACV7TF,77346,84259259,PA062882016.pdf,en,PDF
"com,amazonaws,s3,moj-tribunals-documents-prod)/decision/pdf_file/57877/pa019472017.pdf",20191202194651,https://moj-tribunals-documents-prod.s3.amazonaws.com/decision/pdf_file/57877/PA019472017.pdf,moj-tribunals-documents-prod.s3.amazonaws.com,application/pdf,P5BGNGJFWSP46L4GB7RM6UMDN34LBTK6,90494,403969344,PA019472017.pdf,en,PDF
"uk,gov,service,publishing,assets)/media/5a805769e5274a2e8ab4f979/home-office-response-to-iagci-review-on-pakistan-coirs.pdf",20240207120359,https://assets.publishing.service.gov.uk/media/5a805769e5274a2e8ab4f979/Home-Office-Response-to-IAGCI-Review-on-Pakistan-COIRs.pdf,assets.publishing.service.gov.uk,application/pdf,MUHLEPCMOICD3EP22ZWUEPMJRFSMI73U,95115,36362769,"HO Response to IAGCI Review: Somalia CIG, April 2014",en,PDF
"com,amazonaws,s3,moj-tribunals-documents-prod)/decision/pdf_file/58547/pa095472017.pdf",20191202212038,https://moj-tribunals-documents-prod.s3.amazonaws.com/decision/pdf_file/58547/PA095472017.pdf,moj-tribunals-documents-prod.s3.amazonaws.com,application/pdf,34CUKFAYE7DMFMB3ECGGFKCZPYWA46DY,77485,316664011,PA095472017.pdf,en,PDF
"com,amazonaws,s3,moj-tribunals-documents-prod)/decision/pdf_file/57848/pa052482017.pdf",20191202211511,https://moj-tribunals-documents-prod.s3.amazonaws.com/decision/pdf_file/57848/PA052482017.pdf,moj-tribunals-documents-prod.s3.amazonaws.com,application/pdf,DXVEECYNA6WVH4RRVC5XWM4JIJ3PMPKY,97165,261722193,PA052482017.pdf,en,PDF
"uk,gov,service,publishing,assets)/government/uploads/system/uploads/attachment_data/file/566019/home-office-response-to-iagci-review-on-pakistan-coirs.pdf",20230909085559,https://assets.publishing.service.gov.uk/government/uploads/system/uploads/attachment_data/file/566019/Home-Office-Response-to-IAGCI-Review-on-Pakistan-COIRs.pdf,assets.publishing.service.gov.uk,application/pdf,MUHLEPCMOICD3EP22ZWUEPMJRFSMI73U,95076,227652041,"HO Response to IAGCI Review: Somalia CIG, April 2014",en,PDF
"uk,gov)/government/uploads/system/uploads/attachment_data/file/481029/pak_security_and_humanitarian_situation.pdf",20160612041421,https://www.gov.uk/government/uploads/system/uploads/attachment_data/file/481029/PAK_Security_and_humanitarian_situation.pdf,www.gov.uk,application/pdf,NSAIEMBANHDLHP6LC5PWBPJNY63JN25S,431208,39638113,PAK_Security_and_humanitarian_situation.pdf,en,PDF
"com,amazonaws,s3,moj-tribunals-documents-prod)/decision/pdf_file/55633/da024872013.pdf",20191202222711,https://moj-tribunals-documents-prod.s3.amazonaws.com/decision/pdf_file/55633/DA024872013.pdf,moj-tribunals-documents-prod.s3.amazonaws.com,application/pdf,62LHC7TP2MHFBOFUGOPT34XGI2K5LM7T,94844,484765300,DA024872013.pdf,en,PDF
"com,amazonaws,s3,moj-tribunals-documents-prod)/decision/pdf_file/50362/aa018122015.pdf",20200901153727,https://moj-tribunals-documents-prod.s3.amazonaws.com/decision/pdf_file/50362/AA018122015.pdf,moj-tribunals-documents-prod.s3.amazonaws.com,application/pdf,DW45S2TAHY2TWYV2FVUVAFEBH2NXKUMQ,87501,434009932,AA018122015.pdf,en,PDF
"com,amazonaws,s3,moj-tribunals-documents-prod)/decision/pdf_file/66330/pa109122017.pdf",20191202200355,https://moj-tribunals-documents-prod.s3.amazonaws.com/decision/pdf_file/66330/PA109122017.pdf,moj-tribunals-documents-prod.s3.amazonaws.com,application/pdf,JVTCFBJKO6VV4JGWE6HQREYE5QYIL6KC,80275,66777829,PA109122017.pdf,en,PDF
"com,amazonaws,s3,moj-tribunals-documents-prod)/decision/pdf_file/52143/aa067322015___aa067352015.pdf",20191202171621,https://moj-tribunals-documents-prod.s3.amazonaws.com/decision/pdf_file/52143/AA067322015___AA067352015.pdf,moj-tribunals-documents-prod.s3.amazonaws.com,application/pdf,RSMSXYDXDFHCIDOMRTMQRTGK4RZCA5RN,106419,491946956,AA067322015___AA067352015.pdf,en,PDF
"uk,gov)/government/uploads/system/uploads/attachment_data/file/565856/cig-iraq-contested-regions-security-v1-august-2016.pdf",20170210015734,https://www.gov.uk/government/uploads/system/uploads/attachment_data/file/565856/CIG-Iraq-contested-regions-security-v1-August-2016.pdf,www.gov.uk,application/pdf,LGJVNTVIS4ERVSAVN2KRBR3K6UU7B4Q3,1505394,65603066,CIG Template,en,PDF
"com,amazonaws,s3,moj-tribunals-documents-prod)/decision/pdf_file/45219/aa015852014.pdf",20231201083144,https://moj-tribunals-documents-prod.s3.amazonaws.com/decision/pdf_file/45219/AA015852014.pdf,moj-tribunals-documents-prod.s3.amazonaws.com,application/pdf,HHDSLMZUS4DJZNWLGT7D6UHGDFEUXD72,72157,65513871,AA015852014.pdf,en,PDF
"com,amazonaws,s3,moj-tribunals-documents-prod)/decision/pdf_file/58801/pa075202017.pdf",20210601163821,https://moj-tribunals-documents-prod.s3.amazonaws.com/decision/pdf_file/58801/PA075202017.pdf,moj-tribunals-documents-prod.s3.amazonaws.com,application/pdf,6MPQUYEZXF7UZ5QYU3T6IFFG4OVLOIUI,78448,97720585,PA075202017.pdf,en,PDF
"uk,gov)/government/uploads/system/uploads/attachment_data/file/566284/cig_-_turkey_-_alevis.pdf",20170207120141,https://www.gov.uk/government/uploads/system/uploads/attachment_data/file/566284/CIG_-_Turkey_-_Alevis.pdf,www.gov.uk,application/pdf,ZIW3W4WAYBSLZEVVNVJQ2224653KQORH,280247,68542309,CIG Template,en,PDF
"uk,gov,service,publishing,assets)/government/uploads/system/uploads/attachment_data/file/565507/cig-china-non-christian-religious-groups-v1-august-2016.pdf",20200105113320,https://assets.publishing.service.gov.uk/government/uploads/system/uploads/attachment_data/file/565507/CIG-China-Non-Christian-Religious-Groups-v1-August-2016.pdf,assets.publishing.service.gov.uk,application/pdf,RQPKKWOXHBSCYGUDQ46LS2FLDMMNNPXH,322694,316837236,CIG - China - Non-Christian Religious Groups - v1.0 (August 2016),en,PDF
"uk,gov,service,publishing,assets)/government/uploads/system/uploads/attachment_data/file/848424/cig-mali-sogi-v1-april-2016.pdf",20230927155817,https://assets.publishing.service.gov.uk/government/uploads/system/uploads/attachment_data/file/848424/CIG-Mali-SOGI-v1-April-2016.pdf,assets.publishing.service.gov.uk,application/pdf,QGKTRAXOADQ6DEVILWF2SLVJSEZF7T57,1431264,388402104,CIG Template,en,PDF
"uk,gov)/government/uploads/system/uploads/attachment_data/file/455129/cig_afg_security_situation_august_2015.pdf",20160514160249,https://www.gov.uk/government/uploads/system/uploads/attachment_data/file/455129/CIG_AFG_security_situation_August_2015.pdf,www.gov.uk,application/pdf,QALI4HQCLC6RCNCYLUIGKHF7A77ARNEW,521549,20349252,CIG_AFG_security_situation_August_2015.pdf,en,PDF
"uk,gov,service,publishing,assets)/media/5ddd09a740f0b650b397d735/cig-mali-sogi-v1-april-2016.pdf",20240416183604,https://assets.publishing.service.gov.uk/media/5ddd09a740f0b650b397d735/CIG-Mali-SOGI-v1-April-2016.pdf,assets.publishing.service.gov.uk,application/pdf,QGKTRAXOADQ6DEVILWF2SLVJSEZF7T57,1431300,397908851,CIG Template,en,PDF
"uk,gov)/government/uploads/system/uploads/attachment_data/file/481250/cig_-_iran_-_adulterers.pdf",20160120043527,https://www.gov.uk/government/uploads/system/uploads/attachment_data/file/481250/CIG_-_Iran_-_Adulterers.pdf,www.gov.uk,application/pdf,4GSMFNQ7RGU7AEBKFPNK7PLBWDH7EE4P,257924,29742606,CIG Template,en,PDF
"com,amazonaws,s3,moj-tribunals-documents-prod)/decision/pdf_file/45219/aa015852014.pdf",20211201135222,https://moj-tribunals-documents-prod.s3.amazonaws.com/decision/pdf_file/45219/AA015852014.pdf,moj-tribunals-documents-prod.s3.amazonaws.com,application/pdf,HHDSLMZUS4DJZNWLGT7D6UHGDFEUXD72,72158,67597647,AA015852014.pdf,en,PDF
"com,amazonaws,s3,moj-tribunals-documents-prod)/decision/pdf_file/64338/pa014632018.pdf",20191202181210,https://moj-tribunals-documents-prod.s3.amazonaws.com/decision/pdf_file/64338/PA014632018.pdf,moj-tribunals-documents-prod.s3.amazonaws.com,application/pdf,KBYBCSZS7WNS46F5HEGNPPXPTSFA6BCJ,101943,26329862,PA014632018.pdf,en,PDF
"com,amazonaws,s3,moj-tribunals-documents-prod)/decision/pdf_file/69246/pa041572016.pdf",20210601163619,https://moj-tribunals-documents-prod.s3.amazonaws.com/decision/pdf_file/69246/PA041572016.pdf,moj-tribunals-documents-prod.s3.amazonaws.com,application/pdf,3VQF2BOGTYZY3BBN6PQ776J7JIY3V5U4,76476,74978383,PA041572016.pdf,en,PDF
"com,amazonaws,s3,moj-tribunals-documents-prod)/decision/pdf_file/65347/pa104252017.pdf",20191202195008,https://moj-tribunals-documents-prod.s3.amazonaws.com/decision/pdf_file/65347/PA104252017.pdf,moj-tribunals-documents-prod.s3.amazonaws.com,application/pdf,HMWK6E66CYX42DNP2Y6VZWSBSPU52WBN,79268,434711489,PA104252017.pdf,en,PDF
"com,amazonaws,s3,moj-tribunals-documents-prod)/decision/pdf_file/51414/aa032822015.pdf",20191202201904,https://moj-tribunals-documents-prod.s3.amazonaws.com/decision/pdf_file/51414/AA032822015.pdf,moj-tribunals-documents-prod.s3.amazonaws.com,application/pdf,LEUIXMTV3HKUO434EFKID4NFDJB6B5KJ,79275,215848503,AA032822015.pdf,en,PDF
"com,amazonaws,s3,moj-tribunals-documents-prod)/decision/pdf_file/50362/aa018122015.pdf",20230601120459,https://moj-tribunals-documents-prod.s3.amazonaws.com/decision/pdf_file/50362/AA018122015.pdf,moj-tribunals-documents-prod.s3.amazonaws.com,application/pdf,DW45S2TAHY2TWYV2FVUVAFEBH2NXKUMQ,87498,430603664,AA018122015.pdf,en,PDF
"com,amazonaws,s3,moj-tribunals-documents-prod)/decision/pdf_file/55075/pa112572016.pdf",20210601125138,https://moj-tribunals-documents-prod.s3.amazonaws.com/decision/pdf_file/55075/PA112572016.pdf,moj-tribunals-documents-prod.s3.amazonaws.com,application/pdf,2AJNWLKLB52DSKU4MJNAUBSXRLLSXNGH,108753,363829835,PA112572016.pdf,en,PDF
"com,amazonaws,s3,moj-tribunals-documents-prod)/decision/pdf_file/46997/aa084982014.pdf",20210601125953,https://moj-tribunals-documents-prod.s3.amazonaws.com/decision/pdf_file/46997/AA084982014.pdf,moj-tribunals-documents-prod.s3.amazonaws.com,application/pdf,VOBOOY2YYSP6LSAW7QWNDJ7ZMCFYYCDO,71591,493804986,AA084982014.pdf,en,PDF
"com,amazonaws,s3,moj-tribunals-documents-prod)/decision/pdf_file/53834/hu046792015.pdf",20210601142309,https://moj-tribunals-documents-prod.s3.amazonaws.com/decision/pdf_file/53834/HU046792015.pdf,moj-tribunals-documents-prod.s3.amazonaws.com,application/pdf,Y3A6HIA6NJRKRKEFIIYG6NK3INONRAOW,88937,326545400,HU046792015.pdf,en,PDF
"com,amazonaws,s3,moj-tribunals-documents-prod)/decision/pdf_file/63960/pa109882018.pdf",20191202182907,https://moj-tribunals-documents-prod.s3.amazonaws.com/decision/pdf_file/63960/PA109882018.pdf,moj-tribunals-documents-prod.s3.amazonaws.com,application/pdf,6FCBX7QYKU3N6SO22NULSFUFWO6Z7GVO,93324,185496660,PA109882018.pdf,en,PDF
"uk,gov)/government/uploads/system/uploads/attachment_data/file/500233/cig_-_turkey_-_kurds.pdf",20161124181951,https://www.gov.uk/government/uploads/system/uploads/attachment_data/file/500233/CIG_-_Turkey_-_Kurds.pdf,www.gov.uk,application/pdf,6K2HOKWUC6XHHLB4FLCZJLN6ICZMNBTU,306318,96931005,CIG_-_Turkey_-_Kurds.pdf,en,PDF
"uk,gov,independent,icinspector)/wp-content/uploads/2016/04/iagci-minutes-03-12-2015.pdf",20170803100515,http://icinspector.independent.gov.uk/wp-content/uploads/2016/04/IAGCI-Minutes-03-12-2015.pdf,icinspector.independent.gov.uk,application/pdf,7KK6H6BVQQVUSZJ3FL36EIW4PQXKEDHL,121597,10238838,IAGCI-Minutes-03-12-2015.pdf,en,PDF
"com,amazonaws,s3,moj-tribunals-documents-prod)/decision/pdf_file/52901/aa092172015.pdf",20210601135151,https://moj-tribunals-documents-prod.s3.amazonaws.com/decision/pdf_file/52901/AA092172015.pdf,moj-tribunals-documents-prod.s3.amazonaws.com,application/pdf,SW553ZUL7IXK3OYAJ4RLNJTGS354SLQE,77959,327107918,AA092172015.pdf,en,PDF
"com,amazonaws,s3,moj-tribunals-documents-prod)/decision/pdf_file/55519/pa136102016.pdf",20191202180604,https://moj-tribunals-documents-prod.s3.amazonaws.com/decision/pdf_file/55519/PA136102016.pdf,moj-tribunals-documents-prod.s3.amazonaws.com,application/pdf,7DIW7KMA2RWWKYUGH2NHHSDYA6A6FWLP,112936,471654848,PA136102016.pdf,en,PDF
"com,amazonaws,s3,moj-tribunals-documents-prod)/decision/pdf_file/63514/pa004752018.pdf",20190603151529,https://moj-tribunals-documents-prod.s3.amazonaws.com/decision/pdf_file/63514/PA004752018.pdf,moj-tribunals-documents-prod.s3.amazonaws.com,application/pdf,SCSPZMA5ODZPAV37TVXQVDP7SCHJVSZZ,79555,134389076,PA004752018.pdf,en,PDF
"uk,gov)/government/uploads/system/uploads/attachment_data/file/511314/cig_-_turkey_-_hdp.pdf",20161124181935,https://www.gov.uk/government/uploads/system/uploads/attachment_data/file/511314/CIG_-_TURKEY_-_HDP.pdf,www.gov.uk,application/pdf,6L5OPO24MEQP75IZLCQPESI2SHOHZ6O2,378482,51596064,CIG Template,en,PDF
"uk,gov,service,publishing,assets)/government/uploads/system/uploads/attachment_data/file/524502/a-on-article-1d-and-palestinians-v2_0.pdf",20210715150811,https://assets.publishing.service.gov.uk/government/uploads/system/uploads/attachment_data/file/524502/A-on-Article-1D-and-Palestinians-v2_0.pdf,assets.publishing.service.gov.uk,application/pdf,L53VIVFCFWHQGYUSYT4E2XQ5HN2I4B6C,97770,90475296,A-on-Article-1D-and-Palestinians-v2_0.pdf,en,PDF
"uk,gov,service,publishing,assets)/government/uploads/system/uploads/attachment_data/file/635585/turkey_-_alevis_-_cpin_-_v2.0__august_2017_.pdf",20210826080608,https://assets.publishing.service.gov.uk/government/uploads/system/uploads/attachment_data/file/635585/Turkey_-_Alevis_-_CPIN_-_v2.0__August_2017_.pdf,assets.publishing.service.gov.uk,application/pdf,MLYUBQ26NO6F5TS6QDMTKQ435ERBAMHM,302999,422152821,Turkey - Alevis - CPIN - v2.0 (August 2017),en,PDF
"uk,gov,service,publishing,assets)/government/uploads/system/uploads/attachment_data/file/566019/home-office-response-to-iagci-review-on-pakistan-coirs.pdf",20220316094736,https://assets.publishing.service.gov.uk/government/uploads/system/uploads/attachment_data/file/566019/Home-Office-Response-to-IAGCI-Review-on-Pakistan-COIRs.pdf,assets.publishing.service.gov.uk,application/pdf,MUHLEPCMOICD3EP22ZWUEPMJRFSMI73U,95181,461961213,"HO Response to IAGCI Review: Somalia CIG, April 2014",en,PDF
"uk,gov,service,publishing,assets)/government/uploads/system/uploads/attachment_data/file/976883/iraq-political-opinion_-_august_2017.pdf",20210422105542,https://assets.publishing.service.gov.uk/government/uploads/system/uploads/attachment_data/file/976883/iraq-political-opinion_-_august_2017.pdf,assets.publishing.service.gov.uk,application/pdf,G2KPWGGDYU46IWOAPUSNZJ7AZX7QBSZN,576509,448827251,iraq - political opinion in the KRI,en,PDF
"uk,gov)/government/uploads/system/uploads/attachment_data/file/331640/pakistan_cig.religious_freedom.2014.07.16.v1.0.pdf",20140801062637,https://www.gov.uk/government/uploads/system/uploads/attachment_data/file/331640/Pakistan_CIG.Religious_freedom.2014.07.16.v1.0.pdf,www.gov.uk,application/pdf,MEANHLHT5XFXLCDP2FJTXONJ3IU4WMUZ,416957,98412642,Pakistan_CIG.Religious_freedom.2014.07.16.v1.0.pdf,en,PDF
"uk,gov)/government/uploads/system/uploads/attachment_data/file/504734/cig_-_turkey_-_military_service.pdf",20160617033853,https://www.gov.uk/government/uploads/system/uploads/attachment_data/file/504734/CIG_-_Turkey_-_Military_Service.pdf,www.gov.uk,application/pdf,7Z4T25LNHELAJJRXBYTEOUCYTAFK7A2U,315793,760,CIG Template,en,PDF
"uk,gov)/government/uploads/system/uploads/attachment_data/file/389941/cig.vietnam.opposition_to_the_government.v1.0.pdf",20150710133722,https://www.gov.uk/government/uploads/system/uploads/attachment_data/file/389941/CIG.Vietnam.Opposition_to_the_Government.v1.0.pdf,www.gov.uk,application/pdf,EOHVTGE2XVPPBHFLG3XSKQNKPVFHTLGL,607308,72951672,CIG.Vietnam.Opposition_to_the_Government.v1.0.pdf,en,PDF
"uk,gov,service,publishing,assets)/government/uploads/system/uploads/attachment_data/file/848424/cig-mali-sogi-v1-april-2016.pdf",20220322133028,https://assets.publishing.service.gov.uk/government/uploads/system/uploads/attachment_data/file/848424/CIG-Mali-SOGI-v1-April-2016.pdf,assets.publishing.service.gov.uk,application/pdf,QGKTRAXOADQ6DEVILWF2SLVJSEZF7T57,1431370,12170925,CIG Template,en,PDF
"com,amazonaws,s3,moj-tribunals-documents-prod)/decision/pdf_file/51226/aa114122014.pdf",20191202193651,https://moj-tribunals-documents-prod.s3.amazonaws.com/decision/pdf_file/51226/AA114122014.pdf,moj-tribunals-documents-prod.s3.amazonaws.com,application/pdf,PH3GNISYI4FZUK3WK26HASCWJDFRLLZS,103490,309733584,AA114122014.pdf,en,PDF
"com,amazonaws,s3,moj-tribunals-documents-prod)/decision/pdf_file/66843/pa053042018.pdf",20191202191108,https://moj-tribunals-documents-prod.s3.amazonaws.com/decision/pdf_file/66843/PA053042018.pdf,moj-tribunals-documents-prod.s3.amazonaws.com,application/pdf,MH6BSNI7GKQEKJD6IKSICLXKU6ZTZEQ5,81439,73625489,PA053042018.pdf,en,PDF
"com,amazonaws,s3,moj-tribunals-documents-prod)/decision/pdf_file/58778/rp000682017.pdf",20190603173806,https://moj-tribunals-documents-prod.s3.amazonaws.com/decision/pdf_file/58778/RP000682017.pdf,moj-tribunals-documents-prod.s3.amazonaws.com,application/pdf,WB6N6IRYOO4EX2XW7F2ODECTWH7C75JK,94281,224063834,RP000682017.pdf,en,PDF
"uk,gov)/government/uploads/system/uploads/attachment_data/file/389940/cig.vietnam.religious_minority_groups.v1.0.pdf",20150607194321,https://www.gov.uk/government/uploads/system/uploads/attachment_data/file/389940/CIG.Vietnam.Religious_Minority_Groups.v1.0.pdf,www.gov.uk,application/pdf,HO5TAGB4VXLK5UQYOVWWTRHE7KYA4OOS,704326,6627876,CIG.Vietnam.Religious_Minority_Groups.v1.0.pdf,en,PDF
"uk,gov)/government/uploads/system/uploads/attachment_data/file/566605/cig_-_ukraine_-_organised_crime.pdf",20170207120202,https://www.gov.uk/government/uploads/system/uploads/attachment_data/file/566605/CIG_-_Ukraine_-_Organised_crime.pdf,www.gov.uk,application/pdf,IQYR5ZPMJJ5K7Q2WLEC7SRNLOJ2NJTI5,340514,38757332,CIG Template,en,PDF
"com,amazonaws,s3,moj-tribunals-documents-prod)/decision/pdf_file/65615/pa111892018.pdf",20191202220645,https://moj-tribunals-documents-prod.s3.amazonaws.com/decision/pdf_file/65615/PA111892018.pdf,moj-tribunals-documents-prod.s3.amazonaws.com,application/pdf,6S4RN6D3D4YZV7UMUMYAS4Q2FBFDI3UF,78987,275249663,PA111892018.pdf,en,PDF
"com,amazonaws,s3,moj-tribunals-documents-prod)/decision/pdf_file/45636/aa045422014.pdf",20210601153456,https://moj-tribunals-documents-prod.s3.amazonaws.com/decision/pdf_file/45636/AA045422014.pdf,moj-tribunals-documents-prod.s3.amazonaws.com,application/pdf,O5MABI7JZZAWM5PMJZVBCA4J24CAZUP3,83472,37491380,AA045422014.pdf,en,PDF
"com,amazonaws,s3,moj-tribunals-documents-prod)/decision/pdf_file/54877/hu013782015.pdf",20221201154057,https://moj-tribunals-documents-prod.s3.amazonaws.com/decision/pdf_file/54877/HU013782015.pdf,moj-tribunals-documents-prod.s3.amazonaws.com,application/pdf,PEUB3LXX5XM77CTMCNBZYMLZLI3DAYRG,108529,224508325,HU013782015.pdf,en,PDF
"com,amazonaws,s3,moj-tribunals-documents-prod)/decision/pdf_file/54713/pa141652016.pdf",20191202201350,https://moj-tribunals-documents-prod.s3.amazonaws.com/decision/pdf_file/54713/PA141652016.pdf,moj-tribunals-documents-prod.s3.amazonaws.com,application/pdf,WX6K7CTX54CK7Q344AB552LWYZX2LPNP,79019,164425323,PA141652016.pdf,en,PDF
"uk,gov,service,publishing,assets)/government/uploads/system/uploads/attachment_data/file/559475/eritrea-report-iagci-19-may-2015.pdf",20211122151945,https://assets.publishing.service.gov.uk/government/uploads/system/uploads/attachment_data/file/559475/Eritrea-report-IAGCI-19-May-2015.pdf,assets.publishing.service.gov.uk,application/pdf,M4TDCBH56NW2KCQCVIGVMDVCQTKYTIP7,1256764,82552560,Eritrea-report-IAGCI-19-May-2015.pdf,en,PDF
"com,amazonaws,s3,moj-tribunals-documents-prod)/decision/pdf_file/57482/pa143772016.pdf",20191202182500,https://moj-tribunals-documents-prod.s3.amazonaws.com/decision/pdf_file/57482/PA143772016.pdf,moj-tribunals-documents-prod.s3.amazonaws.com,application/pdf,N5DQDEFCNURZFE5LT2OK7SP7FNNIS3JI,86444,145097261,PA143772016.pdf,en,PDF
"com,amazonaws,s3,moj-tribunals-documents-prod)/decision/pdf_file/57866/pa113182016.pdf",20191202200723,https://moj-tribunals-documents-prod.s3.amazonaws.com/decision/pdf_file/57866/PA113182016.pdf,moj-tribunals-documents-prod.s3.amazonaws.com,application/pdf,KFCOCE2AMTLVO4P7ZPSWFW2MRQWLFMCX,97804,101835557,PA113182016.pdf,en,PDF
"com,amazonaws,s3,moj-tribunals-documents-prod)/decision/pdf_file/47488/ia297862014___ia297872014.pdf",20210601144306,https://moj-tribunals-documents-prod.s3.amazonaws.com/decision/pdf_file/47488/IA297862014___IA297872014.pdf,moj-tribunals-documents-prod.s3.amazonaws.com,application/pdf,NHBI5UF7IDKAPKPAEXSKDHGQ6XGH2SUC,79593,167673013,IA297862014___IA297872014.pdf,en,PDF
"com,amazonaws,s3,moj-tribunals-documents-prod)/decision/pdf_file/66330/pa109122017.pdf",20210601163619,https://moj-tribunals-documents-prod.s3.amazonaws.com/decision/pdf_file/66330/PA109122017.pdf,moj-tribunals-documents-prod.s3.amazonaws.com,application/pdf,JVTCFBJKO6VV4JGWE6HQREYE5QYIL6KC,80279,74897096,PA109122017.pdf,en,PDF
"com,amazonaws,s3,moj-tribunals-documents-prod)/decision/pdf_file/54830/pa141122016..pdf",20191202183417,https://moj-tribunals-documents-prod.s3.amazonaws.com/decision/pdf_file/54830/PA141122016..pdf,moj-tribunals-documents-prod.s3.amazonaws.com,application/pdf,QUQFUSYGBIFVHFEYFPQD4EGQKIDZPAGO,84715,234928436,PA141122016..pdf,en,PDF
"uk,gov,independent,icinspector)/wp-content/uploads/2015/06/ho-response-to-iagci-review-india-coirs-2015-04-20.pdf",20170803100545,http://icinspector.independent.gov.uk/wp-content/uploads/2015/06/HO-Response-to-IAGCI-Review-India-COIRs-2015-04-20.pdf,icinspector.independent.gov.uk,application/pdf,RI7TE3K4R5MWYSSFDMV6BVXOCGFHZWUJ,86743,6107371,"HO Response to IAGCI Review: Somalia CIG, April 2014",en,PDF
"com,amazonaws,s3,moj-tribunals-documents-prod)/decision/pdf_file/53650/pa138642016.pdf",20200901164907,https://moj-tribunals-documents-prod.s3.amazonaws.com/decision/pdf_file/53650/PA138642016.pdf,moj-tribunals-documents-prod.s3.amazonaws.com,application/pdf,I23ISLINDLK2INGDK7LSEAP2R7FKWKVJ,80497,493514487,PA138642016.pdf,en,PDF
"com,amazonaws,s3,moj-tribunals-documents-prod)/decision/pdf_file/61497/aa024542015___others.pdf",20231201080835,https://moj-tribunals-documents-prod.s3.amazonaws.com/decision/pdf_file/61497/AA024542015___Others.pdf,moj-tribunals-documents-prod.s3.amazonaws.com,application/pdf,3GELH72XZV2D6KO2BC6PUWFMMNEL3AG5,101890,366207108,AA024542015___Others.pdf,en,PDF
"com,amazonaws,s3,moj-tribunals-documents-prod)/decision/pdf_file/47605/aa061202014.pdf",20210601125557,https://moj-tribunals-documents-prod.s3.amazonaws.com/decision/pdf_file/47605/AA061202014.pdf,moj-tribunals-documents-prod.s3.amazonaws.com,application/pdf,KSOXQKLQK3PZ6X3SXX3LTNBKAOVBLWFQ,112497,428373326,AA061202014.pdf,en,PDF
"com,amazonaws,s3,moj-tribunals-documents-prod)/decision/pdf_file/45518/aa021062014.pdf",20210601134707,https://moj-tribunals-documents-prod.s3.amazonaws.com/decision/pdf_file/45518/AA021062014.pdf,moj-tribunals-documents-prod.s3.amazonaws.com,application/pdf,WGU2FEIUQTMYSJZRPP4K73GLT5AFT4NW,77472,254988321,AA021062014.pdf,en,PDF
"com,amazonaws,s3,moj-tribunals-documents-prod)/decision/pdf_file/53441/pa030422016.pdf",20210601143139,https://moj-tribunals-documents-prod.s3.amazonaws.com/decision/pdf_file/53441/PA030422016.pdf,moj-tribunals-documents-prod.s3.amazonaws.com,application/pdf,3ON4UQTFGNGAACSNBKMR4NJ6XETGQXPX,88649,472272919,PA030422016.pdf,en,PDF
"com,amazonaws,s3,moj-tribunals-documents-prod)/decision/pdf_file/52359/aa084502015.pdf",20200901170853,https://moj-tribunals-documents-prod.s3.amazonaws.com/decision/pdf_file/52359/AA084502015.pdf,moj-tribunals-documents-prod.s3.amazonaws.com,application/pdf,FCZHDFXNDVZZWV2JTCB3WCCARDOZZ35L,67365,284845185,AA084502015.pdf,en,PDF
"com,amazonaws,s3,moj-tribunals-documents-prod)/decision/pdf_file/62818/pa092612017.pdf",20191202221411,https://moj-tribunals-documents-prod.s3.amazonaws.com/decision/pdf_file/62818/PA092612017.pdf,moj-tribunals-documents-prod.s3.amazonaws.com,application/pdf,BZBLKIOGLOZ64QMOLBZJCPVCUCJH3AW3,88740,351083922,PA092612017.pdf,en,PDF
"com,amazonaws,s3,moj-tribunals-documents-prod)/decision/pdf_file/65891/pa127632018.pdf",20191202183518,https://moj-tribunals-documents-prod.s3.amazonaws.com/decision/pdf_file/65891/PA127632018.pdf,moj-tribunals-documents-prod.s3.amazonaws.com,application/pdf,AORWZBBYBSPY4FO6UIONPH36U73JEQT5,83242,244778768,PA127632018.pdf,en,PDF
"com,amazonaws,s3,moj-tribunals-documents-prod)/decision/pdf_file/60821/aa100122015.pdf",20191202213332,https://moj-tribunals-documents-prod.s3.amazonaws.com/decision/pdf_file/60821/AA100122015.pdf,moj-tribunals-documents-prod.s3.amazonaws.com,application/pdf,77AEKY5EAIEMQQFORJQTUSAAC3TTG66A,92163,451735844,AA100122015.pdf,en,PDF
"uk,gov)/government/uploads/system/uploads/attachment_data/file/331639/pakistan_cig.prison_conditions.2014.07.16.v1.0.pdf",20151205214104,https://www.gov.uk/government/uploads/system/uploads/attachment_data/file/331639/Pakistan_CIG.Prison_conditions.2014.07.16.v1.0.pdf,www.gov.uk,application/pdf,KREGJA5G3XPPO2DIZ4Z4HPUELW4Y5M6R,206966,60975565,Pakistan_CIG.Prison_conditions.2014.07.16.v1.0.pdf,en,PDF
"com,amazonaws,s3,moj-tribunals-documents-prod)/decision/pdf_file/56818/pa044172017.pdf",20191202171427,https://moj-tribunals-documents-prod.s3.amazonaws.com/decision/pdf_file/56818/PA044172017.pdf,moj-tribunals-documents-prod.s3.amazonaws.com,application/pdf,ZABSVDVO3WXZVBOGK2RQBRGTCXGA333A,131393,471274147,PA044172017.pdf,en,PDF
"uk,gov,service,publishing,assets)/government/uploads/system/uploads/attachment_data/file/641611/iraq_-_political_opinion_in_kri_-_cpin_-_version_1_0.pdf",20210227105834,https://assets.publishing.service.gov.uk/government/uploads/system/uploads/attachment_data/file/641611/Iraq_-_Political_opinion_in_KRI_-_CPIN_-_version_1_0.pdf,assets.publishing.service.gov.uk,application/pdf,PCVN2AXFHCNI35TKQM3SDY3OIFMCEKMV,431354,264072223,CIG Template,en,PDF
"com,amazonaws,s3,moj-tribunals-documents-prod)/decision/pdf_file/55050/pa018972017.pdf",20210601160748,https://moj-tribunals-documents-prod.s3.amazonaws.com/decision/pdf_file/55050/PA018972017.pdf,moj-tribunals-documents-prod.s3.amazonaws.com,application/pdf,GT43WYP7I4GUSMUST6GWEPBXYGTF4J3X,113525,103937784,PA018972017.pdf,en,PDF
"uk,gov,independent,icinspector)/wp-content/uploads/2015/06/home-office-response-to-iagci-review-uganda-coirs.pdf",20170803100537,http://icinspector.independent.gov.uk/wp-content/uploads/2015/06/Home-Office-Response-to-IAGCI-Review-Uganda-COIRs.pdf,icinspector.independent.gov.uk,application/pdf,DEWAKJGLXWMRCXM37G7A4R6UJNMJW7RA,122304,73553765,"HO Response to IAGCI Review: Somalia CIG, April 2014",en,PDF
"com,amazonaws,s3,moj-tribunals-documents-prod)/decision/pdf_file/65743/pa105652016.pdf",20210601163512,https://moj-tribunals-documents-prod.s3.amazonaws.com/decision/pdf_file/65743/PA105652016.pdf,moj-tribunals-documents-prod.s3.amazonaws.com,application/pdf,VIHUAJVP5AFNG64MOXWSHXSQ46UQF5AQ,85339,59022384,PA105652016.pdf,en,PDF
"uk,gov,service,publishing,assets)/government/uploads/system/uploads/attachment_data/file/566069/iagci-ho-covering-response.pdf",20230705111650,https://assets.publishing.service.gov.uk/government/uploads/system/uploads/attachment_data/file/566069/IAGCI-HO-Covering-Response.pdf,assets.publishing.service.gov.uk,application/pdf,ZKG6VCTAWXH67VCXQLJCAQZ5DBTKBMOZ,158487,332611800,"HO Response to IAGCI Review: Somalia CIG, April 2014",en,PDF
"uk,gov,service,publishing,assets)/media/5a7f3c7d40f0b6230268e45e/21_07_16_home_office_response_to_ici_report_-_country_of_origin_information.pdf",20250606095517,https://assets.publishing.service.gov.uk/media/5a7f3c7d40f0b6230268e45e/21_07_16_Home_Office_response_to_ICI_report_-_Country_of_Origin_Information.pdf,assets.publishing.service.gov.uk,application/pdf,3IRUSLNKMGPKSHCE65KPVXJMSIF5ZREU,195767,297493468,21_07_16_Home_Office_response_to_ICI_report_-_Country_of_Origin_Information.pdf,en,PDF
"uk,gov)/government/uploads/system/uploads/attachment_data/file/566273/cig_-_turkey_-_journalists.pdf",20170209235429,https://www.gov.uk/government/uploads/system/uploads/attachment_data/file/566273/CIG_-_Turkey_-_Journalists.pdf,www.gov.uk,application/pdf,CH4GSRNQFC7MDTH26TVHS5KFUWTPBGMJ,353629,37124557,CIG Template,en,PDF
"uk,gov,service,publishing,assets)/government/uploads/system/uploads/attachment_data/file/761957/coi_may_2018_formal_response.pdf",20230911201442,https://assets.publishing.service.gov.uk/government/uploads/system/uploads/attachment_data/file/761957/COI_May_2018_Formal_response.pdf,assets.publishing.service.gov.uk,application/pdf,4UUV2KHB2XFTPW3NSNDKIFWAJ5TLGAAK,288430,256250680,COI_May_2018_Formal_response.pdf,en,PDF
"uk,gov)/government/uploads/system/uploads/attachment_data/file/566241/pakistan_cig.pdf",20161220182320,https://www.gov.uk/government/uploads/system/uploads/attachment_data/file/566241/Pakistan_CIG.pdf,www.gov.uk,application/pdf,XALO36KEJMKEY2PJPHEJYYWNZKBCY3X7,412028,39903843,Pakistan_CIG.pdf,en,PDF
"com,amazonaws,s3,moj-tribunals-documents-prod)/decision/pdf_file/55495/pa019692016.pdf",20231201073635,https://moj-tribunals-documents-prod.s3.amazonaws.com/decision/pdf_file/55495/PA019692016.pdf,moj-tribunals-documents-prod.s3.amazonaws.com,application/pdf,YZATBLGAEW5E7YYFZW6GXBID3KEVEQPN,62297,350074220,PA019692016.pdf,en,PDF
"com,amazonaws,s3,moj-tribunals-documents-prod)/decision/pdf_file/51824/aa097482013.pdf",20191202184753,https://moj-tribunals-documents-prod.s3.amazonaws.com/decision/pdf_file/51824/AA097482013.pdf,moj-tribunals-documents-prod.s3.amazonaws.com,application/pdf,TDWLH36XYGUHBPJGCOQNPNTJYEQS7QZV,100027,360869289,AA097482013.pdf,en,PDF
"com,amazonaws,s3,moj-tribunals-documents-prod)/decision/pdf_file/53650/pa138642016.pdf",20231201075338,https://moj-tribunals-documents-prod.s3.amazonaws.com/decision/pdf_file/53650/PA138642016.pdf,moj-tribunals-documents-prod.s3.amazonaws.com,application/pdf,I23ISLINDLK2INGDK7LSEAP2R7FKWKVJ,80495,392121102,PA138642016.pdf,en,PDF
"com,amazonaws,s3,moj-tribunals-documents-prod)/decision/pdf_file/43709/aa105812013.pdf",20211201153024,https://moj-tribunals-documents-prod.s3.amazonaws.com/decision/pdf_file/43709/AA105812013.pdf,moj-tribunals-documents-prod.s3.amazonaws.com,application/pdf,ASCYCIHUUO3CQXCT25XWIRKJKOOADUM7,65844,198052492,AA105812013.pdf,en,PDF
"com,amazonaws,s3,moj-tribunals-documents-prod)/decision/pdf_file/52359/aa084502015.pdf",20231201081246,https://moj-tribunals-documents-prod.s3.amazonaws.com/decision/pdf_file/52359/AA084502015.pdf,moj-tribunals-documents-prod.s3.amazonaws.com,application/pdf,FCZHDFXNDVZZWV2JTCB3WCCARDOZZ35L,67359,496351069,AA084502015.pdf,en,PDF
"com,amazonaws,s3,moj-tribunals-documents-prod)/decision/pdf_file/58073/aa049542014.pdf",20190603180041,https://moj-tribunals-documents-prod.s3.amazonaws.com/decision/pdf_file/58073/AA049542014.pdf,moj-tribunals-documents-prod.s3.amazonaws.com,application/pdf,766STBSBF6HKWH4D6RDDNFMVTB2UUK6R,91756,449503054,AA049542014.pdf,en,PDF
"com,amazonaws,s3,moj-tribunals-documents-prod)/decision/pdf_file/58748/pa075692017.pdf",20191202195230,https://moj-tribunals-documents-prod.s3.amazonaws.com/decision/pdf_file/58748/PA075692017.pdf,moj-tribunals-documents-prod.s3.amazonaws.com,application/pdf,65QTGDWSYAPFGIT5QS4ZUAA5KOF74ZGX,96791,457711234,PA075692017.pdf,en,PDF
"uk,gov,independent,icinspector)/wp-content/uploads/2014/11/home-offices-response-to-the-iagcis-review-on-the-cig-report-on-kuwait.pdf",20170803100538,http://icinspector.independent.gov.uk/wp-content/uploads/2014/11/Home-Offices-response-to-the-IAGCIs-review-on-the-CIG-report-on-Kuwait.pdf,icinspector.independent.gov.uk,application/pdf,X43BXHMQHGRJZ7SMZDJ5TTBIG5NL2P2W,532489,78474883,"HO Response to IAGCI Review: Kuwaiti Bidoons CIG, February 2014",en,PDF
"uk,gov)/government/uploads/system/uploads/attachment_data/file/566193/cig_-_nigeria_-_women.pdf",20161220182345,https://www.gov.uk/government/uploads/system/uploads/attachment_data/file/566193/CIG_-_Nigeria_-_Women.pdf,www.gov.uk,application/pdf,6KFEM47TAW36CW6DWKYIUGHKFC6B4VTU,406704,47242324,CIG - Nigeria - Women - v2.0 (August 2016),en,PDF
"com,amazonaws,s3,moj-tribunals-documents-prod)/decision/pdf_file/52137/aa016982015.pdf",20191202222411,https://moj-tribunals-documents-prod.s3.amazonaws.com/decision/pdf_file/52137/AA016982015.pdf,moj-tribunals-documents-prod.s3.amazonaws.com,application/pdf,AKBOJWMOFRGSBBABX5Y7WT3CJB7QWSJB,78098,452619353,AA016982015.pdf,en,PDF
"com,amazonaws,s3,moj-tribunals-documents-prod)/decision/pdf_file/56088/pa054352017.pdf",20191202181524,https://moj-tribunals-documents-prod.s3.amazonaws.com/decision/pdf_file/56088/PA054352017.pdf,moj-tribunals-documents-prod.s3.amazonaws.com,application/pdf,7VA65EZOPYLWBDF7KQLTAY6ANZLQ3BGG,103493,56141163,PA054352017.pdf,en,PDF
"uk,gov)/government/uploads/system/uploads/attachment_data/file/480895/burma_opposition_to_government.pdf",20160120045932,https://www.gov.uk/government/uploads/system/uploads/attachment_data/file/480895/burma_opposition_to_government.pdf,www.gov.uk,application/pdf,F5IIQMKNZWAQOHARCYOGUKLDVFOIQVJH,433104,44284132,CIG Template,en,PDF
"uk,gov)/government/uploads/system/uploads/attachment_data/file/566253/som_cig_fear_of_al_shabaab.pdf",20170207120104,https://www.gov.uk/government/uploads/system/uploads/attachment_data/file/566253/SOM_CIG_Fear_of_Al_Shabaab.pdf,www.gov.uk,application/pdf,M5YSMZVVN7RPXJNL3O2N6B5RE3JCAXHM,322474,12427567,SOM_CIG_Fear_of_Al_Shabaab.pdf,en,PDF
"com,amazonaws,s3,moj-tribunals-documents-prod)/decision/pdf_file/48144/aa004652015.pdf",20231201082632,https://moj-tribunals-documents-prod.s3.amazonaws.com/decision/pdf_file/48144/AA004652015.pdf,moj-tribunals-documents-prod.s3.amazonaws.com,application/pdf,RBNDDSSBXO53EQPT5M22PJ2GPCSJDHL5,99407,410467332,AA004652015.pdf,en,PDF
"com,amazonaws,s3,moj-tribunals-documents-prod)/decision/pdf_file/62596/pa060522018.pdf",20191202214718,https://moj-tribunals-documents-prod.s3.amazonaws.com/decision/pdf_file/62596/PA060522018.pdf,moj-tribunals-documents-prod.s3.amazonaws.com,application/pdf,3GSNRPSFVQJBT3DSGBKNGQPLKF2OBHML,103344,81978986,PA060522018.pdf,en,PDF
"com,amazonaws,s3,moj-tribunals-documents-prod)/decision/pdf_file/55000/pa006322017.pdf",20191202202524,https://moj-tribunals-documents-prod.s3.amazonaws.com/decision/pdf_file/55000/PA006322017.pdf,moj-tribunals-documents-prod.s3.amazonaws.com,application/pdf,RGNWYIJ65YYNTCNOXSYUYHZXY3JE4UWW,174849,277881633,PA006322017.pdf,en,PDF
"com,amazonaws,s3,moj-tribunals-documents-prod)/decision/pdf_file/56981/pa039312017.pdf",20191202174701,https://moj-tribunals-documents-prod.s3.amazonaws.com/decision/pdf_file/56981/PA039312017.pdf,moj-tribunals-documents-prod.s3.amazonaws.com,application/pdf,47LYNXKU55QTIIAU36X2NR45GM4RCUVX,97858,289097837,PA039312017.pdf,en,PDF
"com,amazonaws,s3,moj-tribunals-documents-prod)/decision/pdf_file/47306/aa090712014.pdf",20210601154857,https://moj-tribunals-documents-prod.s3.amazonaws.com/decision/pdf_file/47306/AA090712014.pdf,moj-tribunals-documents-prod.s3.amazonaws.com,application/pdf,LNK2NPU4Q7H7HRS5OUS24C5SXCYVXV4O,89328,281389420,AA090712014.pdf,en,PDF
"com,amazonaws,s3,moj-tribunals-documents-prod)/decision/pdf_file/53850/pa001102017.pdf",20200901162731,https://moj-tribunals-documents-prod.s3.amazonaws.com/decision/pdf_file/53850/PA001102017.pdf,moj-tribunals-documents-prod.s3.amazonaws.com,application/pdf,2ZMRQ7PWTK7LO7QH7FXYXG226MRRWEZF,65754,168300257,PA001102017.pdf,en,PDF
"com,amazonaws,s3,moj-tribunals-documents-prod)/decision/pdf_file/50361/aa005002015.pdf",20230601120522,https://moj-tribunals-documents-prod.s3.amazonaws.com/decision/pdf_file/50361/AA005002015.pdf,moj-tribunals-documents-prod.s3.amazonaws.com,application/pdf,2IE7CW6QUHKFATX5FZE2K6VGODOQFR2P,73415,441125735,AA005002015.pdf,en,PDF
"com,amazonaws,s3,moj-tribunals-documents-prod)/decision/pdf_file/57607/pa016572016.pdf",20191202204736,https://moj-tribunals-documents-prod.s3.amazonaws.com/decision/pdf_file/57607/PA016572016.pdf,moj-tribunals-documents-prod.s3.amazonaws.com,application/pdf,TRHOEPXZKR7WVELYHEO4EICJ377FAIWJ,103392,486091853,PA016572016.pdf,en,PDF
"com,amazonaws,s3,moj-tribunals-documents-prod)/decision/pdf_file/53251/aa129172015.pdf",20200901141335,https://moj-tribunals-documents-prod.s3.amazonaws.com/decision/pdf_file/53251/AA129172015.pdf,moj-tribunals-documents-prod.s3.amazonaws.com,application/pdf,RIV3UHNYHPI47ZY5ZAKVMA6USBQ7NUKA,67377,222347428,AA129172015.pdf,en,PDF
"com,amazonaws,s3,moj-tribunals-documents-prod)/decision/pdf_file/51608/aa095612014.pdf",20230601105939,https://moj-tribunals-documents-prod.s3.amazonaws.com/decision/pdf_file/51608/AA095612014.pdf,moj-tribunals-documents-prod.s3.amazonaws.com,application/pdf,ETUH3BZT7GDJKRWPLKQQZCOIMHYPPE44,81394,17330646,AA095612014.pdf,en,PDF
"com,amazonaws,s3,moj-tribunals-documents-prod)/decision/pdf_file/56020/pa010122017.pdf",20191202184848,https://moj-tribunals-documents-prod.s3.amazonaws.com/decision/pdf_file/56020/PA010122017.pdf,moj-tribunals-documents-prod.s3.amazonaws.com,application/pdf,YVL6NT55JNDU52AYKJP3PQD7F5HTNTBQ,88408,369254554,PA010122017.pdf,en,PDF
"com,amazonaws,s3,moj-tribunals-documents-prod)/decision/pdf_file/48489/aa084672014.pdf",20200901143901,https://moj-tribunals-documents-prod.s3.amazonaws.com/decision/pdf_file/48489/AA084672014.pdf,moj-tribunals-documents-prod.s3.amazonaws.com,application/pdf,ZRJUIIKNESJTLKMEDADPK6O24CMEV6RL,96154,83539075,AA084672014.pdf,en,PDF
"com,amazonaws,s3,moj-tribunals-documents-prod)/decision/pdf_file/55423/pa109562016.pdf",20200901135734,https://moj-tribunals-documents-prod.s3.amazonaws.com/decision/pdf_file/55423/PA109562016.pdf,moj-tribunals-documents-prod.s3.amazonaws.com,application/pdf,O22VZ42UIDSWEEHGYXVTKZCQTCCX2RKQ,76062,490758699,PA109562016.pdf,en,PDF
"com,amazonaws,s3,moj-tribunals-documents-prod)/decision/pdf_file/43709/aa105812013.pdf",20200901135121,https://moj-tribunals-documents-prod.s3.amazonaws.com/decision/pdf_file/43709/AA105812013.pdf,moj-tribunals-documents-prod.s3.amazonaws.com,application/pdf,ASCYCIHUUO3CQXCT25XWIRKJKOOADUM7,65856,403213664,AA105812013.pdf,en,PDF
"com,amazonaws,s3,moj-tribunals-documents-prod)/decision/pdf_file/51406/ia484372013___others.pdf",20200901143316,https://moj-tribunals-documents-prod.s3.amazonaws.com/decision/pdf_file/51406/IA484372013___Others.pdf,moj-tribunals-documents-prod.s3.amazonaws.com,application/pdf,HCDZOX4BZD4K2ZXMKKOOMFKCOPSRIOMV,100776,499107763,IA484372013___Others.pdf,en,PDF
"uk,gov,service,publishing,assets)/media/5ddd09deed915d016b654546/cig-mali-bellah-black-tuareg-v1-april-2016.pdf",20250616111133,https://assets.publishing.service.gov.uk/media/5ddd09deed915d016b654546/CIG-Mali-Bellah-Black-Tuareg-v1-April-2016.pdf,assets.publishing.service.gov.uk,application/pdf,C7RO7YODW455EBVWNU77JHFZLEVOOBZN,1436306,84523734,CIG Template,en,PDF
"com,amazonaws,s3,moj-tribunals-documents-prod)/decision/pdf_file/51406/ia484372013___others.pdf",20211201135001,https://moj-tribunals-documents-prod.s3.amazonaws.com/decision/pdf_file/51406/IA484372013___Others.pdf,moj-tribunals-documents-prod.s3.amazonaws.com,application/pdf,HCDZOX4BZD4K2ZXMKKOOMFKCOPSRIOMV,100776,30449102,IA484372013___Others.pdf,en,PDF
"uk,gov,service,publishing,assets)/government/uploads/system/uploads/attachment_data/file/566027/ho-response-to-iagci-review-india-coirs.pdf",20230909090233,https://assets.publishing.service.gov.uk/government/uploads/system/uploads/attachment_data/file/566027/HO-Response-to-IAGCI-Review-India-COIRs.pdf,assets.publishing.service.gov.uk,application/pdf,3V3E5FAUDQUJIINSFZFLAIIXKQBFJBT6,87730,11521691,"HO Response to IAGCI Review: Somalia CIG, April 2014",en,PDF
"com,amazonaws,s3,moj-tribunals-documents-prod)/decision/pdf_file/49116/aa043892015.pdf",20211201145828,https://moj-tribunals-documents-prod.s3.amazonaws.com/decision/pdf_file/49116/AA043892015.pdf,moj-tribunals-documents-prod.s3.amazonaws.com,application/pdf,S7S2R5WNOYTQEQYAYXVCILUFU3RA64US,75639,179373405,AA043892015.pdf,en,PDF
"uk,gov,service,publishing,assets)/media/5a800b9fe5274a2e87db7867/ho-response-to-iagci-review-india-coirs.pdf",20240107110435,https://assets.publishing.service.gov.uk/media/5a800b9fe5274a2e87db7867/HO-Response-to-IAGCI-Review-India-COIRs.pdf,assets.publishing.service.gov.uk,application/pdf,3V3E5FAUDQUJIINSFZFLAIIXKQBFJBT6,87711,370379271,"HO Response to IAGCI Review: Somalia CIG, April 2014",en,PDF
"com,amazonaws,s3,moj-tribunals-documents-prod)/decision/pdf_file/48145/aa029672014.pdf",20191202204910,https://moj-tribunals-documents-prod.s3.amazonaws.com/decision/pdf_file/48145/AA029672014.pdf,moj-tribunals-documents-prod.s3.amazonaws.com,application/pdf,YA7HJW5PVRUFSV7NN5AARVVJY2ESET3U,166354,3694582,AA029672014.pdf,en,PDF
"com,amazonaws,s3,moj-tribunals-documents-prod)/decision/pdf_file/55130/pa001572017.pdf",20221201150434,https://moj-tribunals-documents-prod.s3.amazonaws.com/decision/pdf_file/55130/PA001572017.pdf,moj-tribunals-documents-prod.s3.amazonaws.com,application/pdf,4ILYQ53RCV66NA2VSGJQJ2YD7VXDG6LT,92986,121481707,PA001572017.pdf,en,PDF
"com,amazonaws,s3,moj-tribunals-documents-prod)/decision/pdf_file/54277/pa022652016.pdf",20200901135639,https://moj-tribunals-documents-prod.s3.amazonaws.com/decision/pdf_file/54277/PA022652016.pdf,moj-tribunals-documents-prod.s3.amazonaws.com,application/pdf,HZQ4DEXSHI67ERL3VCV5YROOXSUMMONA,96636,477456658,PA022652016.pdf,en,PDF
"com,amazonaws,s3,moj-tribunals-documents-prod)/decision/pdf_file/47905/aa000582015.pdf",20210601153838,https://moj-tribunals-documents-prod.s3.amazonaws.com/decision/pdf_file/47905/AA000582015.pdf,moj-tribunals-documents-prod.s3.amazonaws.com,application/pdf,RDBMUU36IRBTTJHRZVNZLRBO44PNPBNP,94327,104444658,AA000582015.pdf,en,PDF
"uk,gov)/government/uploads/system/uploads/attachment_data/file/566817/cig_zimbabwe_prison_conditions.pdf",20170207120232,https://www.gov.uk/government/uploads/system/uploads/attachment_data/file/566817/CIG_Zimbabwe_Prison_Conditions.pdf,www.gov.uk,application/pdf,V4BZVEIN2QG26I5TL2QIR6UAWDPZD2AD,260851,25806854,CIG_Zimbabwe_Prison_Conditions.pdf,en,PDF
"com,amazonaws,s3,moj-tribunals-documents-prod)/decision/pdf_file/50392/aa105292011.pdf",20230601120434,https://moj-tribunals-documents-prod.s3.amazonaws.com/decision/pdf_file/50392/AA105292011.pdf,moj-tribunals-documents-prod.s3.amazonaws.com,application/pdf,U325LC4TPSICAQLSMYPDZOAU3S7UPFG7,97779,417667291,AA105292011.pdf,en,PDF
"com,amazonaws,s3,moj-tribunals-documents-prod)/decision/pdf_file/54894/pa071342016.pdf",20191202202816,https://moj-tribunals-documents-prod.s3.amazonaws.com/decision/pdf_file/54894/PA071342016.pdf,moj-tribunals-documents-prod.s3.amazonaws.com,application/pdf,ZBAQA2EZTQA3KNYW5YDU43SXMBGACLX4,112335,304775050,PA071342016.pdf,en,PDF
"uk,gov)/government/uploads/system/uploads/attachment_data/file/566071/home-office-response-to-iagci-review-uganda-coirs.pdf",20161217114634,https://www.gov.uk/government/uploads/system/uploads/attachment_data/file/566071/Home-Office-Response-to-IAGCI-Review-Uganda-COIRs.pdf,www.gov.uk,application/pdf,DEWAKJGLXWMRCXM37G7A4R6UJNMJW7RA,122436,34968555,"HO Response to IAGCI Review: Somalia CIG, April 2014",en,PDF
"com,amazonaws,s3,moj-tribunals-documents-prod)/decision/pdf_file/55799/pa113102016.pdf",20191202212704,https://moj-tribunals-documents-prod.s3.amazonaws.com/decision/pdf_file/55799/PA113102016.pdf,moj-tribunals-documents-prod.s3.amazonaws.com,application/pdf,QVZUMVGT4VKVUIELVL4YVYMFOHG5YWLQ,78441,385236926,PA113102016.pdf,en,PDF
"com,amazonaws,s3,moj-tribunals-documents-prod)/decision/pdf_file/52490/aa110272013.pdf",20191202212200,https://moj-tribunals-documents-prod.s3.amazonaws.com/decision/pdf_file/52490/AA110272013.pdf,moj-tribunals-documents-prod.s3.amazonaws.com,application/pdf,QPVIUJZ3NU55VQLHT2K53BBT2DVHTAKV,107835,331664586,AA110272013.pdf,en,PDF
"uk,gov)/government/uploads/system/uploads/attachment_data/file/566627/cig_-_ukraine_-_sexual_orientation.pdf",20170207163413,https://www.gov.uk/government/uploads/system/uploads/attachment_data/file/566627/CIG_-_Ukraine_-_Sexual_orientation.pdf,www.gov.uk,application/pdf,GA4LQOLETXNXAU7YCBEYVXCZEZP4W63B,347585,80284860,CIG_-_Ukraine_-_Sexual_orientation.pdf,en,PDF
"uk,gov)/government/uploads/system/uploads/attachment_data/file/565773/cig-india-women-v1-april-2015.pdf",20170207115918,https://www.gov.uk/government/uploads/system/uploads/attachment_data/file/565773/CIG-India-Women-v1-April-2015.pdf,www.gov.uk,application/pdf,6AQGRHLIBGSS7IQYBAILLJDVPOS5SS5S,488212,31304208,CIG-India-Women-v1-April-2015.pdf,en,PDF
"com,amazonaws,s3,moj-tribunals-documents-prod)/decision/pdf_file/53631/pa133732016.pdf",20211201135753,https://moj-tribunals-documents-prod.s3.amazonaws.com/decision/pdf_file/53631/PA133732016.pdf,moj-tribunals-documents-prod.s3.amazonaws.com,application/pdf,PIHZLLHVEURNCJ245FX62EUSEVKYAURT,117450,159022885,PA133732016.pdf,en,PDF
"com,amazonaws,s3,moj-tribunals-documents-prod)/decision/pdf_file/53791/pa099342016.pdf",20211201131535,https://moj-tribunals-documents-prod.s3.amazonaws.com/decision/pdf_file/53791/PA099342016.pdf,moj-tribunals-documents-prod.s3.amazonaws.com,application/pdf,FGFOJ6RLMVX6LJ5HX726UV4HTAOART7K,88953,465764688,PA099342016.pdf,en,PDF
"uk,gov,independent,icinspector)/wp-content/uploads/2016/05/icibi-annual-report-2015-16-may-2016.pdf",20170803100543,http://icinspector.independent.gov.uk/wp-content/uploads/2016/05/ICIBI-Annual-Report-2015-16-May-2016.pdf,icinspector.independent.gov.uk,application/pdf,4CAEH23W7FUIKI6WXHIWR57BCIQ2FTTM,4053189,239626,ICIBI-Annual-Report-2015-16-May-2016.pdf,en,PDF
"com,amazonaws,s3,moj-tribunals-documents-prod)/decision/pdf_file/49116/aa043892015.pdf",20200901164617,https://moj-tribunals-documents-prod.s3.amazonaws.com/decision/pdf_file/49116/AA043892015.pdf,moj-tribunals-documents-prod.s3.amazonaws.com,application/pdf,S7S2R5WNOYTQEQYAYXVCILUFU3RA64US,75643,454441700,AA043892015.pdf,en,PDF
"com,amazonaws,s3,moj-tribunals-documents-prod)/decision/pdf_file/51226/aa114122014.pdf",20210601125016,https://moj-tribunals-documents-prod.s3.amazonaws.com/decision/pdf_file/51226/AA114122014.pdf,moj-tribunals-documents-prod.s3.amazonaws.com,application/pdf,PH3GNISYI4FZUK3WK26HASCWJDFRLLZS,103488,345255156,AA114122014.pdf,en,PDF
"com,amazonaws,s3,moj-tribunals-documents-prod)/decision/pdf_file/57694/aa104462015.pdf",20231201080416,https://moj-tribunals-documents-prod.s3.amazonaws.com/decision/pdf_file/57694/AA104462015.pdf,moj-tribunals-documents-prod.s3.amazonaws.com,application/pdf,3HLRWRMDEIZTIQ3PXIVF2GC6AXRYTVRY,78213,231347428,AA104462015.pdf,en,PDF
"com,amazonaws,s3,moj-tribunals-documents-prod)/decision/pdf_file/68015/pa004602018.pdf",20231201070906,https://moj-tribunals-documents-prod.s3.amazonaws.com/decision/pdf_file/68015/PA004602018.pdf,moj-tribunals-documents-prod.s3.amazonaws.com,application/pdf,Z4P7P4Z5AQ575P6O3C5S7X6S33K2KTDS,78351,475860124,PA004602018.pdf,en,PDF
"uk,gov,service,publishing,assets)/media/5a7f547a40f0b6230268ed75/home-office-response-to-iagci-review-uganda-coirs.pdf",20240107121910,https://assets.publishing.service.gov.uk/media/5a7f547a40f0b6230268ed75/Home-Office-Response-to-IAGCI-Review-Uganda-COIRs.pdf,assets.publishing.service.gov.uk,application/pdf,DEWAKJGLXWMRCXM37G7A4R6UJNMJW7RA,122578,292287293,"HO Response to IAGCI Review: Somalia CIG, April 2014",en,PDF
"com,amazonaws,s3,moj-tribunals-documents-prod)/decision/pdf_file/55922/pa039712015.pdf",20231201073927,https://moj-tribunals-documents-prod.s3.amazonaws.com/decision/pdf_file/55922/PA039712015.pdf,moj-tribunals-documents-prod.s3.amazonaws.com,application/pdf,OM5TJAIFP76XFZ7LBRCTOFUW7JVSRUT6,93439,438981041,PA039712015.pdf,en,PDF
"com,amazonaws,s3,moj-tribunals-documents-prod)/decision/pdf_file/46747/aa103022014.pdf",20230601114314,https://moj-tribunals-documents-prod.s3.amazonaws.com/decision/pdf_file/46747/AA103022014.pdf,moj-tribunals-documents-prod.s3.amazonaws.com,application/pdf,2CZY2T5QFKQCQS5HSZS3QZCGYKGOVANR,86668,276463456,AA103022014.pdf,en,PDF
"uk,gov,service,publishing,assets)/government/uploads/system/uploads/attachment_data/file/566071/home-office-response-to-iagci-review-uganda-coirs.pdf",20230908103409,https://assets.publishing.service.gov.uk/government/uploads/system/uploads/attachment_data/file/566071/Home-Office-Response-to-IAGCI-Review-Uganda-COIRs.pdf,assets.publishing.service.gov.uk,application/pdf,DEWAKJGLXWMRCXM37G7A4R6UJNMJW7RA,122594,305698514,"HO Response to IAGCI Review: Somalia CIG, April 2014",en,PDF
"com,amazonaws,s3,moj-tribunals-documents-prod)/decision/pdf_file/55787/rp001512016.pdf",20191202211848,https://moj-tribunals-documents-prod.s3.amazonaws.com/decision/pdf_file/55787/RP001512016.pdf,moj-tribunals-documents-prod.s3.amazonaws.com,application/pdf,AAM7G5ZGDAL44MRFVWYYFHPRU2IDME5B,116098,299660495,RP001512016.pdf,en,PDF
"com,amazonaws,s3,moj-tribunals-documents-prod)/decision/pdf_file/55423/pa109562016.pdf",20230601114339,https://moj-tribunals-documents-prod.s3.amazonaws.com/decision/pdf_file/55423/PA109562016.pdf,moj-tribunals-documents-prod.s3.amazonaws.com,application/pdf,O22VZ42UIDSWEEHGYXVTKZCQTCCX2RKQ,76062,289567046,PA109562016.pdf,en,PDF
"com,amazonaws,s3,moj-tribunals-documents-prod)/decision/pdf_file/68979/pa092762018.pdf",20231201065849,https://moj-tribunals-documents-prod.s3.amazonaws.com/decision/pdf_file/68979/PA092762018.pdf,moj-tribunals-documents-prod.s3.amazonaws.com,application/pdf,ADXRFSH52H7KQPYDHKGTK6ICRCIVSXS4,86589,143171828,PA092762018.pdf,en,PDF
"com,amazonaws,s3,moj-tribunals-documents-prod)/decision/pdf_file/51406/ia484372013___others.pdf",20230601121037,https://moj-tribunals-documents-prod.s3.amazonaws.com/decision/pdf_file/51406/IA484372013___Others.pdf,moj-tribunals-documents-prod.s3.amazonaws.com,application/pdf,HCDZOX4BZD4K2ZXMKKOOMFKCOPSRIOMV,100776,89268338,IA484372013___Others.pdf,en,PDF
"com,amazonaws,s3,moj-tribunals-documents-prod)/decision/pdf_file/48489/aa084672014.pdf",20231201082546,https://moj-tribunals-documents-prod.s3.amazonaws.com/decision/pdf_file/48489/AA084672014.pdf,moj-tribunals-documents-prod.s3.amazonaws.com,application/pdf,ZRJUIIKNESJTLKMEDADPK6O24CMEV6RL,96150,387796950,AA084672014.pdf,en,PDF
"uk,gov)/government/uploads/system/uploads/attachment_data/file/565853/cig-iraq-baghdad-south-kri-security-v2-august-2016.pdf",20170207120008,https://www.gov.uk/government/uploads/system/uploads/attachment_data/file/565853/CIG-Iraq-Baghdad-south-KRI-security-v2-August-2016.pdf,www.gov.uk,application/pdf,WIOST3NC7NZBWIWYPJGR2NGE2HQWVCWB,1544138,7746681,CIG Template,en,PDF
"com,amazonaws,s3,moj-tribunals-documents-prod)/decision/pdf_file/54277/pa022652016.pdf",20230601110730,https://moj-tribunals-documents-prod.s3.amazonaws.com/decision/pdf_file/54277/PA022652016.pdf,moj-tribunals-documents-prod.s3.amazonaws.com,application/pdf,HZQ4DEXSHI67ERL3VCV5YROOXSUMMONA,96635,244188144,PA022652016.pdf,en,PDF
"com,amazonaws,s3,moj-tribunals-documents-prod)/decision/pdf_file/54923/pa069082016.pdf",20221201134952,https://moj-tribunals-documents-prod.s3.amazonaws.com/decision/pdf_file/54923/PA069082016.pdf,moj-tribunals-documents-prod.s3.amazonaws.com,application/pdf,5BQNQQ74LIWMTX7KQVZ6SMOFJKBLV7TZ,129915,388549431,PA069082016.pdf,en,PDF
"uk,gov)/government/uploads/system/uploads/attachment_data/file/566255/som_cig_prisonconditions.pdf",20170210015557,https://www.gov.uk/government/uploads/system/uploads/attachment_data/file/566255/Som_CIG_prisonconditions.pdf,www.gov.uk,application/pdf,Y47NS5X2FQ7GGZPRGLMCQ7DKUNJFRBCW,185154,41943411,"CIG: Somalia, Prison Conditions",en,PDF
"com,amazonaws,s3,moj-tribunals-documents-prod)/decision/pdf_file/55120/pa062882016.pdf",20221201151958,https://moj-tribunals-documents-prod.s3.amazonaws.com/decision/pdf_file/55120/PA062882016.pdf,moj-tribunals-documents-prod.s3.amazonaws.com,application/pdf,ZJ3YD6WGCVVQVR4DK55LKDXPAPACV7TF,77353,84575709,PA062882016.pdf,en,PDF
"com,amazonaws,s3,moj-tribunals-documents-prod)/decision/pdf_file/49854/da013652013.pdf",20210601125605,https://moj-tribunals-documents-prod.s3.amazonaws.com/decision/pdf_file/49854/DA013652013.pdf,moj-tribunals-documents-prod.s3.amazonaws.com,application/pdf,2W77HV4ZS632BBIVHU47EQCNMLMVTE57,73937,430132737,DA013652013.pdf,en,PDF
"com,amazonaws,s3,moj-tribunals-documents-prod)/decision/pdf_file/53567/pa050122016.pdf",20200901142634,https://moj-tribunals-documents-prod.s3.amazonaws.com/decision/pdf_file/53567/PA050122016.pdf,moj-tribunals-documents-prod.s3.amazonaws.com,application/pdf,GL4LMR4LGXXEAQODDGOUKJVFPF6MKJ2Q,69613,402909059,PA050122016.pdf,en,PDF
"com,amazonaws,s3,moj-tribunals-documents-prod)/decision/pdf_file/53251/aa129172015.pdf",20231201080714,https://moj-tribunals-documents-prod.s3.amazonaws.com/decision/pdf_file/53251/AA129172015.pdf,moj-tribunals-documents-prod.s3.amazonaws.com,application/pdf,RIV3UHNYHPI47ZY5ZAKVMA6USBQ7NUKA,67371,325008940,AA129172015.pdf,en,PDF
"com,amazonaws,s3,moj-tribunals-documents-prod)/decision/pdf_file/55863/pa102292016.pdf",20191202194021,https://moj-tribunals-documents-prod.s3.amazonaws.com/decision/pdf_file/55863/PA102292016.pdf,moj-tribunals-documents-prod.s3.amazonaws.com,application/pdf,LCEOWQSLEOOM6V2X4BWCRXHEZJ5M7I2J,121758,343345261,PA102292016.pdf,en,PDF
"com,amazonaws,s3,moj-tribunals-documents-prod)/decision/pdf_file/53850/pa001102017.pdf",20231201075851,https://moj-tribunals-documents-prod.s3.amazonaws.com/decision/pdf_file/53850/PA001102017.pdf,moj-tribunals-documents-prod.s3.amazonaws.com,application/pdf,2ZMRQ7PWTK7LO7QH7FXYXG226MRRWEZF,65751,59790733,PA001102017.pdf,en,PDF
"uk,gov,service,publishing,assets)/government/uploads/system/uploads/attachment_data/file/566019/home-office-response-to-iagci-review-on-pakistan-coirs.pdf",20230705113407,https://assets.publishing.service.gov.uk/government/uploads/system/uploads/attachment_data/file/566019/Home-Office-Response-to-IAGCI-Review-on-Pakistan-COIRs.pdf,assets.publishing.service.gov.uk,application/pdf,MUHLEPCMOICD3EP22ZWUEPMJRFSMI73U,95081,211958025,"HO Response to IAGCI Review: Somalia CIG, April 2014",en,PDF
"com,amazonaws,s3,moj-tribunals-documents-prod)/decision/pdf_file/56317/aa081682015.pdf",20191202184653,https://moj-tribunals-documents-prod.s3.amazonaws.com/decision/pdf_file/56317/AA081682015.pdf,moj-tribunals-documents-prod.s3.amazonaws.com,application/pdf,TLAX2DJB4HIANIULZCTLLFM6HAXJCZKH,123359,352986818,AA081682015.pdf,en,PDF
"com,amazonaws,s3,moj-tribunals-documents-prod)/decision/pdf_file/58881/pa087442016.pdf",20191202191012,https://moj-tribunals-documents-prod.s3.amazonaws.com/decision/pdf_file/58881/PA087442016.pdf,moj-tribunals-documents-prod.s3.amazonaws.com,application/pdf,S4RBT5FZQ2P56PZ4TOCEYC44HKPDGJT4,96929,65308759,PA087442016.pdf,en,PDF
"com,amazonaws,s3,moj-tribunals-documents-prod)/decision/pdf_file/49557/aa000652015.pdf",20200901162941,https://moj-tribunals-documents-prod.s3.amazonaws.com/decision/pdf_file/49557/AA000652015.pdf,moj-tribunals-documents-prod.s3.amazonaws.com,application/pdf,DEJURA22PB6FUFKERZVWZKBX6IYQSAN3,66893,201326244,AA000652015.pdf,en,PDF
"com,amazonaws,s3,moj-tribunals-documents-prod)/decision/pdf_file/43709/aa105812013.pdf",20231201084027,https://moj-tribunals-documents-prod.s3.amazonaws.com/decision/pdf_file/43709/AA105812013.pdf,moj-tribunals-documents-prod.s3.amazonaws.com,application/pdf,ASCYCIHUUO3CQXCT25XWIRKJKOOADUM7,65848,322083763,AA105812013.pdf,en,PDF
"com,amazonaws,s3,moj-tribunals-documents-prod)/decision/pdf_file/52512/ia190222012.pdf",20191202210241,https://moj-tribunals-documents-prod.s3.amazonaws.com/decision/pdf_file/52512/IA190222012.pdf,moj-tribunals-documents-prod.s3.amazonaws.com,application/pdf,PHXMN4DB3EQ4FEU4BQWTIC6Z4HYWCHEI,134422,135043798,IA190222012.pdf,en,PDF
"com,amazonaws,s3,moj-tribunals-documents-prod)/decision/pdf_file/55093/pa105102016.pdf",20191202220055,https://moj-tribunals-documents-prod.s3.amazonaws.com/decision/pdf_file/55093/PA105102016.pdf,moj-tribunals-documents-prod.s3.amazonaws.com,application/pdf,YD6CKB5PK53DARQEDQMEPZ3WWQQM4EQ4,120818,216169956,PA105102016.pdf,en,PDF
"com,amazonaws,s3,moj-tribunals-documents-prod)/decision/pdf_file/62285/rp000732016.pdf",20190603172222,https://moj-tribunals-documents-prod.s3.amazonaws.com/decision/pdf_file/62285/RP000732016.pdf,moj-tribunals-documents-prod.s3.amazonaws.com,application/pdf,R4O2BZ3PL2XSAXKPGAGSZSLUXHZ7C63S,100798,41066972,RP000732016.pdf,en,PDF
"uk,gov,service,publishing,assets)/government/uploads/system/uploads/attachment_data/file/544189/icibi-annual-report-2015-16-may-2016.pdf",20200107100705,https://assets.publishing.service.gov.uk/government/uploads/system/uploads/attachment_data/file/544189/ICIBI-Annual-Report-2015-16-May-2016.pdf,assets.publishing.service.gov.uk,application/pdf,4CAEH23W7FUIKI6WXHIWR57BCIQ2FTTM,4053566,8348735,ICIBI-Annual-Report-2015-16-May-2016.pdf,en,PDF
"uk,gov,independent,icinspector)/wp-content/uploads/2016/07/inspection-of-country-of-origin.pdf",20170803100531,http://icinspector.independent.gov.uk/wp-content/uploads/2016/07/Inspection-of-Country-of-Origin.pdf,icinspector.independent.gov.uk,application/pdf,DF64JTLLKSYYMTEZ7G66YYMQLVL5OEEU,1429432,32330335,Inspection-of-Country-of-Origin.pdf,en,PDF
"com,amazonaws,s3,moj-tribunals-documents-prod)/decision/pdf_file/53631/pa133732016.pdf",20200901163301,https://moj-tribunals-documents-prod.s3.amazonaws.com/decision/pdf_file/53631/PA133732016.pdf,moj-tribunals-documents-prod.s3.amazonaws.com,application/pdf,PIHZLLHVEURNCJ245FX62EUSEVKYAURT,117451,251975117,PA133732016.pdf,en,PDF
"uk,gov)/government/uploads/system/uploads/attachment_data/file/507788/som_cig_fear_of_al_shabaab.pdf",20160617033825,https://www.gov.uk/government/uploads/system/uploads/attachment_data/file/507788/SOM_CIG_Fear_of_Al_Shabaab.pdf,www.gov.uk,application/pdf,M5YSMZVVN7RPXJNL3O2N6B5RE3JCAXHM,322471,55290693,SOM_CIG_Fear_of_Al_Shabaab.pdf,en,PDF
"com,amazonaws,s3,moj-tribunals-documents-prod)/decision/pdf_file/55130/pa001572017.pdf",20211201140253,https://moj-tribunals-documents-prod.s3.amazonaws.com/decision/pdf_file/55130/PA001572017.pdf,moj-tribunals-documents-prod.s3.amazonaws.com,application/pdf,4ILYQ53RCV66NA2VSGJQJ2YD7VXDG6LT,92988,245601480,PA001572017.pdf,en,PDF
"uk,gov,service,publishing,assets)/government/uploads/system/uploads/attachment_data/file/566027/ho-response-to-iagci-review-india-coirs.pdf",20220316090346,https://assets.publishing.service.gov.uk/government/uploads/system/uploads/attachment_data/file/566027/HO-Response-to-IAGCI-Review-India-COIRs.pdf,assets.publishing.service.gov.uk,application/pdf,3V3E5FAUDQUJIINSFZFLAIIXKQBFJBT6,87821,97045940,"HO Response to IAGCI Review: Somalia CIG, April 2014",en,PDF
"com,amazonaws,s3,moj-tribunals-documents-prod)/decision/pdf_file/50639/pa002812015.pdf",20200901163954,https://moj-tribunals-documents-prod.s3.amazonaws.com/decision/pdf_file/50639/PA002812015.pdf,moj-tribunals-documents-prod.s3.amazonaws.com,application/pdf,INW5KFBPVB4C5BX2QBWYMPGKGD4O5EGQ,103168,363752938,PA002812015.pdf,en,PDF
"uk,gov,service,publishing,assets)/government/uploads/system/uploads/attachment_data/file/848424/cig-mali-sogi-v1-april-2016.pdf",20230821225258,https://assets.publishing.service.gov.uk/government/uploads/system/uploads/attachment_data/file/848424/CIG-Mali-SOGI-v1-April-2016.pdf,assets.publishing.service.gov.uk,application/pdf,QGKTRAXOADQ6DEVILWF2SLVJSEZF7T57,1431256,301397283,CIG Template,en,PDF
"com,amazonaws,s3,moj-tribunals-documents-prod)/decision/pdf_file/49516/aa067802014.pdf",20210601134044,https://moj-tribunals-documents-prod.s3.amazonaws.com/decision/pdf_file/49516/AA067802014.pdf,moj-tribunals-documents-prod.s3.amazonaws.com,application/pdf,OODNYNE3GHUMKTAQJCWNK3TZCV3XRGN2,105440,157027540,AA067802014.pdf,en,PDF
"uk,gov)/government/uploads/system/uploads/attachment_data/file/565511/cig-china-opposition-to-the-chinese-communist-party-v1-october-2015.pdf",20170426190144,https://www.gov.uk/government/uploads/system/uploads/attachment_data/file/565511/CIG-China-Opposition-to-the-Chinese-Communist-Party-v1-October-2015.pdf,www.gov.uk,application/pdf,EAFIKNW7B3BJTTHLFZGH2SVNRES63QSA,526692,54281736,CIG Template,en,PDF
"com,amazonaws,s3,moj-tribunals-documents-prod)/decision/pdf_file/50871/aa083762015___aa083782015.pdf",20210601144945,https://moj-tribunals-documents-prod.s3.amazonaws.com/decision/pdf_file/50871/AA083762015___AA083782015.pdf,moj-tribunals-documents-prod.s3.amazonaws.com,application/pdf,RNJWBGPNQI3DF7GGSW2G5VC4UBBWHE5I,93532,275461951,AA083762015___AA083782015.pdf,en,PDF
"uk,gov,service,publishing,assets)/government/uploads/system/uploads/attachment_data/file/559704/iagci-review-india-sexual-orientation-and-gender-identity.pdf",20200107020528,https://assets.publishing.service.gov.uk/government/uploads/system/uploads/attachment_data/file/559704/IAGCI-Review-India-Sexual-Orientation-and-Gender-Identity.pdf,assets.publishing.service.gov.uk,application/pdf,YFLET463TYESWLTUSAQV3M3NKTVCYDNX,432781,417332561,IAGCI-Review-India-Sexual-Orientation-and-Gender-Identity.pdf,en,PDF
"com,amazonaws,s3,moj-tribunals-documents-prod)/decision/pdf_file/51311/aa004222015___aa004232015.pdf",20211201141457,https://moj-tribunals-documents-prod.s3.amazonaws.com/decision/pdf_file/51311/AA004222015___AA004232015.pdf,moj-tribunals-documents-prod.s3.amazonaws.com,application/pdf,TFDI3PGC5DSOFBDJ2A6CSNOQSAN6PO76,77854,457970913,AA004222015___AA004232015.pdf,en,PDF
"uk,gov)/government/uploads/system/uploads/attachment_data/file/566611/cig_-_ukraine_-_prison_conditions.pdf",20170207120204,https://www.gov.uk/government/uploads/system/uploads/attachment_data/file/566611/CIG_-_Ukraine_-_Prison_Conditions.pdf,www.gov.uk,application/pdf,RVZ6IAZ3DN2WQCE7W4NVWRBEAQOFK5ZX,283660,24807548,CIG Template,en,PDF
"com,amazonaws,s3,moj-tribunals-documents-prod)/decision/pdf_file/51824/aa097482013.pdf",20210601154519,https://moj-tribunals-documents-prod.s3.amazonaws.com/decision/pdf_file/51824/AA097482013.pdf,moj-tribunals-documents-prod.s3.amazonaws.com,application/pdf,TDWLH36XYGUHBPJGCOQNPNTJYEQS7QZV,100023,217583917,AA097482013.pdf,en,PDF
"com,amazonaws,s3,moj-tribunals-documents-prod)/decision/pdf_file/53632/pa138262016.pdf",20210601143036,https://moj-tribunals-documents-prod.s3.amazonaws.com/decision/pdf_file/53632/PA138262016.pdf,moj-tribunals-documents-prod.s3.amazonaws.com,application/pdf,5V45PCZHWOXHMDGHFV74V72OPZYNQVCD,94986,455021627,PA138262016.pdf,en,PDF
"uk,gov,service,publishing,assets)/government/uploads/system/uploads/attachment_data/file/559694/review-of-libya-minority-ethnic-groups-cig-oct-2015.pdf",20211217122539,https://assets.publishing.service.gov.uk/government/uploads/system/uploads/attachment_data/file/559694/Review-of-Libya-Minority-Ethnic-Groups-CIG-Oct-2015.pdf,assets.publishing.service.gov.uk,application/pdf,ZO7JYPHCORMJFXGOMQ7VLL4LNUF2FZXS,478964,218863652,Review-of-Libya-Minority-Ethnic-Groups-CIG-Oct-2015.pdf,en,PDF
"com,amazonaws,s3,moj-tribunals-documents-prod)/decision/pdf_file/46495/aa003882014___others.pdf",20210601154043,https://moj-tribunals-documents-prod.s3.amazonaws.com/decision/pdf_file/46495/AA003882014___Others.pdf,moj-tribunals-documents-prod.s3.amazonaws.com,application/pdf,R5QZKRBVHBXHKGQONYAJZNLY7K5UAXQB,86479,139240164,AA003882014___Others.pdf,en,PDF
"com,amazonaws,s3,moj-tribunals-documents-prod)/decision/pdf_file/58748/pa075692017.pdf",20210601125104,https://moj-tribunals-documents-prod.s3.amazonaws.com/decision/pdf_file/58748/PA075692017.pdf,moj-tribunals-documents-prod.s3.amazonaws.com,application/pdf,65QTGDWSYAPFGIT5QS4ZUAA5KOF74ZGX,96791,356496629,PA075692017.pdf,en,PDF
"uk,ac,ref,results2021)/impact/8e61c592-8083-43d0-bddf-c261b3ad0ced/pdf",20240105063929,https://results2021.ref.ac.uk/impact/8e61c592-8083-43d0-bddf-c261b3ad0ced/pdf,results2021.ref.ac.uk,application/pdf,DIQIZEG35XV2GNSXBC5LTVPBJG7MHNFN,151802,394183083,pdf,en,PDF
"com,amazonaws,s3,moj-tribunals-documents-prod)/decision/pdf_file/51691/aa063692015.pdf",20230601105738,https://moj-tribunals-documents-prod.s3.amazonaws.com/decision/pdf_file/51691/AA063692015.pdf,moj-tribunals-documents-prod.s3.amazonaws.com,application/pdf,AYWJYTQ363RDSELJED447Y2SNGB26K5C,86126,457486454,AA063692015.pdf,en,PDF
"com,amazonaws,s3,moj-tribunals-documents-prod)/decision/pdf_file/55160/pa055022016.pdf",20230601120152,https://moj-tribunals-documents-prod.s3.amazonaws.com/decision/pdf_file/55160/PA055022016.pdf,moj-tribunals-documents-prod.s3.amazonaws.com,application/pdf,CZTJKEB6TDXBQDCQT4PETHNBDAHHGLDF,79314,334079266,PA055022016.pdf,en,PDF
"uk,gov)/government/uploads/system/uploads/attachment_data/file/389930/cig.vietnam.ethnic_minority_groups.v1.0.pdf",20150205030054,https://www.gov.uk/government/uploads/system/uploads/attachment_data/file/389930/CIG.Vietnam.Ethnic_Minority_Groups.v1.0.pdf,www.gov.uk,application/pdf,6BEDLCK565P77HPOTSDSB7FAHEP4JVH2,657651,65415886,CIG.Vietnam.Ethnic_Minority_Groups.v1.0.pdf,en,PDF
"uk,gov)/government/uploads/system/uploads/attachment_data/file/565489/cig-bgd-political-opponents-v1-february-2015.pdf",20161220182651,https://www.gov.uk/government/uploads/system/uploads/attachment_data/file/565489/CIG-BGD-Political-opponents-v1-February-2015.pdf,www.gov.uk,application/pdf,UY2PIC6DSP5DNYAMHBZT7BW2CCF6QRAX,287825,86241838,CIG-BGD-Political-opponents-v1-February-2015.pdf,en,PDF
"com,amazonaws,s3,moj-tribunals-documents-prod)/decision/pdf_file/54277/pa022652016.pdf",20211201155624,https://moj-tribunals-documents-prod.s3.amazonaws.com/decision/pdf_file/54277/PA022652016.pdf,moj-tribunals-documents-prod.s3.amazonaws.com,application/pdf,HZQ4DEXSHI67ERL3VCV5YROOXSUMMONA,96632,116676712,PA022652016.pdf,en,PDF
"com,amazonaws,s3,moj-tribunals-documents-prod)/decision/pdf_file/56171/pa143092016.pdf",20200901135413,https://moj-tribunals-documents-prod.s3.amazonaws.com/decision/pdf_file/56171/PA143092016.pdf,moj-tribunals-documents-prod.s3.amazonaws.com,application/pdf,DDPWURZPEBE7FU5X2VCGWRNKI5DVEOY5,69029,444942316,PA143092016.pdf,en,PDF
"com,amazonaws,s3,moj-tribunals-documents-prod)/decision/pdf_file/49137/aa028162012.pdf",20210601155522,https://moj-tribunals-documents-prod.s3.amazonaws.com/decision/pdf_file/49137/AA028162012.pdf,moj-tribunals-documents-prod.s3.amazonaws.com,application/pdf,3OWM3D5JQRJQRDBJGY3WVZA7HXXLPROV,99977,392862472,AA028162012.pdf,en,PDF
"com,amazonaws,s3,moj-tribunals-documents-prod)/decision/pdf_file/51989/pa030452015.pdf",20200901164211,https://moj-tribunals-documents-prod.s3.amazonaws.com/decision/pdf_file/51989/PA030452015.pdf,moj-tribunals-documents-prod.s3.amazonaws.com,application/pdf,244J5GLRFL3CT642CGFFWWHVGNUMZTZZ,86178,396344544,PA030452015.pdf,en,PDF
"com,amazonaws,s3,moj-tribunals-documents-prod)/decision/pdf_file/68308/pa031932019.pdf",20231201070941,https://moj-tribunals-documents-prod.s3.amazonaws.com/decision/pdf_file/68308/PA031932019.pdf,moj-tribunals-documents-prod.s3.amazonaws.com,application/pdf,FK4KFZGOBO2PCEB7TWCQKQXX6S5QWEHH,74314,496071173,PA031932019.pdf,en,PDF
"com,amazonaws,s3,moj-tribunals-documents-prod)/decision/pdf_file/49116/aa043892015.pdf",20231201082718,https://moj-tribunals-documents-prod.s3.amazonaws.com/decision/pdf_file/49116/AA043892015.pdf,moj-tribunals-documents-prod.s3.amazonaws.com,application/pdf,S7S2R5WNOYTQEQYAYXVCILUFU3RA64US,75639,432146197,AA043892015.pdf,en,PDF
"com,amazonaws,s3,moj-tribunals-documents-prod)/decision/pdf_file/62603/pa130592017.pdf",20230601105848,https://moj-tribunals-documents-prod.s3.amazonaws.com/decision/pdf_file/62603/PA130592017.pdf,moj-tribunals-documents-prod.s3.amazonaws.com,application/pdf,KH6QERAYBJV4D56BLQD6KPU2R2CGP5SO,67356,491934561,PA130592017.pdf,en,PDF
"com,amazonaws,s3,moj-tribunals-documents-prod)/decision/pdf_file/57401/pa043672016.pdf",20191202221235,https://moj-tribunals-documents-prod.s3.amazonaws.com/decision/pdf_file/57401/PA043672016.pdf,moj-tribunals-documents-prod.s3.amazonaws.com,application/pdf,PZUK6MYCNNMVOHLHEMYCS6R4MWEHDWQZ,114412,334561447,PA043672016.pdf,en,PDF
"com,amazonaws,s3,moj-tribunals-documents-prod)/decision/pdf_file/60824/aa102862013.pdf",20231201080818,https://moj-tribunals-documents-prod.s3.amazonaws.com/decision/pdf_file/60824/AA102862013.pdf,moj-tribunals-documents-prod.s3.amazonaws.com,application/pdf,UEBSFU4GUZ6ZSOQBLYREKVXLZ4JELLWJ,65400,357368131,AA102862013.pdf,en,PDF
"com,amazonaws,s3,moj-tribunals-documents-prod)/decision/pdf_file/61565/pa034592015.pdf",20191202175855,https://moj-tribunals-documents-prod.s3.amazonaws.com/decision/pdf_file/61565/PA034592015.pdf,moj-tribunals-documents-prod.s3.amazonaws.com,application/pdf,JTW7LKRWZKSTYMCF6S6G22FQN4ND6IBV,105556,400302297,PA034592015.pdf,en,PDF
"uk,gov)/government/uploads/system/uploads/attachment_data/file/575514/cpin_eth_pol_opp_v1.pdf",20170210015838,https://www.gov.uk/government/uploads/system/uploads/attachment_data/file/575514/CPIN_ETH_POL_OPP_v1.pdf,www.gov.uk,application/pdf,E4RTIFBUSMFB3RPO6W4V4NRAKLIIH5XM,418513,79001146,CIG Template,en,PDF
"com,amazonaws,s3,moj-tribunals-documents-prod)/decision/pdf_file/52802/pa026852015.pdf",20210601163200,https://moj-tribunals-documents-prod.s3.amazonaws.com/decision/pdf_file/52802/PA026852015.pdf,moj-tribunals-documents-prod.s3.amazonaws.com,application/pdf,RVZFKBZWZITG5ARBL7ERIHIR3GRUW43I,85610,11610439,PA026852015.pdf,en,PDF
"uk,gov)/government/uploads/system/uploads/attachment_data/file/580188/cpin_-_albania_-_sogi_-_v3_0.pdf",20170426094011,https://www.gov.uk/government/uploads/system/uploads/attachment_data/file/580188/CPIN_-_Albania_-_SOGI_-_v3_0.pdf,www.gov.uk,application/pdf,YYDKCG2GZRX74XAQ2WQUSU457GMMFU3D,282567,81021573,CPIN - Albania - SOGI - v3.0 (December 2016),en,PDF
"com,amazonaws,s3,moj-tribunals-documents-prod)/decision/pdf_file/45219/aa015852014.pdf",20221201133549,https://moj-tribunals-documents-prod.s3.amazonaws.com/decision/pdf_file/45219/AA015852014.pdf,moj-tribunals-documents-prod.s3.amazonaws.com,application/pdf,HHDSLMZUS4DJZNWLGT7D6UHGDFEUXD72,72156,476168447,AA015852014.pdf,en,PDF
"uk,gov,service,publishing,assets)/government/uploads/system/uploads/attachment_data/file/565851/cig-iraq-fgm-v1-august-2016.pdf",20200207202846,https://assets.publishing.service.gov.uk/government/uploads/system/uploads/attachment_data/file/565851/CIG-Iraq-FGM-v1-August-2016.pdf,assets.publishing.service.gov.uk,application/pdf,AZN2S5IH6277BRLOPPC464SWCNSCB66V,291418,307221995,CIG Template,en,PDF
"uk,gov)/government/uploads/system/uploads/attachment_data/file/565829/cig-iran-kurds-and-kurdish-political-groups-v2-july-2016.pdf",20170429004813,https://www.gov.uk/government/uploads/system/uploads/attachment_data/file/565829/CIG-Iran-Kurds-and-Kurdish-political-groups-v2-July-2016.pdf,www.gov.uk,application/pdf,X5MFZQJZQPWACDHVKBDNRYDKQSOZZZUT,371333,73211474,CIG - Iran - Kurds - v2.0 - July 2016,en,PDF
"uk,gov,service,publishing,assets)/media/5a7f4d44ed915d74e33f597a/icibi-annual-report-2015-16-may-2016.pdf",20240108025837,https://assets.publishing.service.gov.uk/media/5a7f4d44ed915d74e33f597a/ICIBI-Annual-Report-2015-16-May-2016.pdf,assets.publishing.service.gov.uk,application/pdf,4CAEH23W7FUIKI6WXHIWR57BCIQ2FTTM,4053434,56481,ICIBI-Annual-Report-2015-16-May-2016.pdf,en,PDF
"com,amazonaws,s3,moj-tribunals-documents-prod)/decision/pdf_file/53631/pa133732016.pdf",20231201075612,https://moj-tribunals-documents-prod.s3.amazonaws.com/decision/pdf_file/53631/PA133732016.pdf,moj-tribunals-documents-prod.s3.amazonaws.com,application/pdf,PIHZLLHVEURNCJ245FX62EUSEVKYAURT,117449,473965151,PA133732016.pdf,en,PDF
"com,amazonaws,s3,moj-tribunals-documents-prod)/decision/pdf_file/49557/aa000652015.pdf",20231201082433,https://moj-tribunals-documents-prod.s3.amazonaws.com/decision/pdf_file/49557/AA000652015.pdf,moj-tribunals-documents-prod.s3.amazonaws.com,application/pdf,DEJURA22PB6FUFKERZVWZKBX6IYQSAN3,66889,353789034,AA000652015.pdf,en,PDF
"com,amazonaws,s3,moj-tribunals-documents-prod)/decision/pdf_file/55093/pa105102016.pdf",20210601124748,https://moj-tribunals-documents-prod.s3.amazonaws.com/decision/pdf_file/55093/PA105102016.pdf,moj-tribunals-documents-prod.s3.amazonaws.com,application/pdf,YD6CKB5PK53DARQEDQMEPZ3WWQQM4EQ4,120816,323911393,PA105102016.pdf,en,PDF
"uk,gov,service,publishing,assets)/government/uploads/system/uploads/attachment_data/file/544189/icibi-annual-report-2015-16-may-2016.pdf",20230909212854,https://assets.publishing.service.gov.uk/government/uploads/system/uploads/attachment_data/file/544189/ICIBI-Annual-Report-2015-16-May-2016.pdf,assets.publishing.service.gov.uk,application/pdf,4CAEH23W7FUIKI6WXHIWR57BCIQ2FTTM,4053439,151560019,ICIBI-Annual-Report-2015-16-May-2016.pdf,en,PDF
"com,amazonaws,s3,moj-tribunals-documents-prod)/decision/pdf_file/47188/aa004672015.pdf",20200901135740,https://moj-tribunals-documents-prod.s3.amazonaws.com/decision/pdf_file/47188/AA004672015.pdf,moj-tribunals-documents-prod.s3.amazonaws.com,application/pdf,DMQCW7CCJHFXIQ7P64P2I2BZWRCNKVV5,66076,492197319,AA004672015.pdf,en,PDF
"com,amazonaws,s3,moj-tribunals-documents-prod)/decision/pdf_file/58513/aa008152015.pdf",20191202211525,https://moj-tribunals-documents-prod.s3.amazonaws.com/decision/pdf_file/58513/AA008152015.pdf,moj-tribunals-documents-prod.s3.amazonaws.com,application/pdf,2VXT3KN6OT2VACUG5BP37URHX4INC72N,105059,264256139,AA008152015.pdf,en,PDF
"uk,gov)/government/uploads/system/uploads/attachment_data/file/544189/icibi-annual-report-2015-16-may-2016.pdf",20161216193133,https://www.gov.uk/government/uploads/system/uploads/attachment_data/file/544189/ICIBI-Annual-Report-2015-16-May-2016.pdf,www.gov.uk,application/pdf,4CAEH23W7FUIKI6WXHIWR57BCIQ2FTTM,4053306,87267666,ICIBI-Annual-Report-2015-16-May-2016.pdf,en,PDF
"com,amazonaws,s3,moj-tribunals-documents-prod)/decision/pdf_file/53567/pa050122016.pdf",20231201075455,https://moj-tribunals-documents-prod.s3.amazonaws.com/decision/pdf_file/53567/PA050122016.pdf,moj-tribunals-documents-prod.s3.amazonaws.com,application/pdf,GL4LMR4LGXXEAQODDGOUKJVFPF6MKJ2Q,69605,432678907,PA050122016.pdf,en,PDF
"uk,gov,service,publishing,assets)/government/uploads/system/uploads/attachment_data/file/559654/iagci-review-india-sexual-orientation-and-gender-identity.pdf",20230909085608,https://assets.publishing.service.gov.uk/government/uploads/system/uploads/attachment_data/file/559654/IAGCI-Review-India-Sexual-Orientation-and-Gender-Identity.pdf,assets.publishing.service.gov.uk,application/pdf,YFLET463TYESWLTUSAQV3M3NKTVCYDNX,432661,276488074,IAGCI-Review-India-Sexual-Orientation-and-Gender-Identity.pdf,en,PDF
"uk,gov)/government/uploads/system/uploads/attachment_data/file/361124/pakistan_cig_2014_10_06.pdf",20150507234705,https://www.gov.uk/government/uploads/system/uploads/attachment_data/file/361124/Pakistan_CIG_2014_10_06.pdf,www.gov.uk,application/pdf,XALO36KEJMKEY2PJPHEJYYWNZKBCY3X7,411947,90064309,Pakistan_CIG_2014_10_06.pdf,en,PDF
"com,amazonaws,s3,moj-tribunals-documents-prod)/decision/pdf_file/51132/aa039002015.pdf",20191202221932,https://moj-tribunals-documents-prod.s3.amazonaws.com/decision/pdf_file/51132/AA039002015.pdf,moj-tribunals-documents-prod.s3.amazonaws.com,application/pdf,BDDVSZ2HJDK7YALJL6ANSBTT7EGIP46G,80953,404391056,AA039002015.pdf,en,PDF
"com,amazonaws,s3,moj-tribunals-documents-prod)/decision/pdf_file/50639/pa002812015.pdf",20230601105904,https://moj-tribunals-documents-prod.s3.amazonaws.com/decision/pdf_file/50639/PA002812015.pdf,moj-tribunals-documents-prod.s3.amazonaws.com,application/pdf,INW5KFBPVB4C5BX2QBWYMPGKGD4O5EGQ,103167,499822619,PA002812015.pdf,en,PDF
"com,amazonaws,s3,moj-tribunals-documents-prod)/decision/pdf_file/56828/aa091052015.pdf",20221201141933,https://moj-tribunals-documents-prod.s3.amazonaws.com/decision/pdf_file/56828/AA091052015.pdf,moj-tribunals-documents-prod.s3.amazonaws.com,application/pdf,KOA7PQFXM57PNWZJIHGP7TI4CYURYOTB,79392,288803082,AA091052015.pdf,en,PDF
"com,amazonaws,s3,moj-tribunals-documents-prod)/decision/pdf_file/61275/pa020022015.pdf",20231201081119,https://moj-tribunals-documents-prod.s3.amazonaws.com/decision/pdf_file/61275/PA020022015.pdf,moj-tribunals-documents-prod.s3.amazonaws.com,application/pdf,7HJ62YUKEDRECVX5KFJOW6TEL73TEPXN,82945,452042224,PA020022015.pdf,en,PDF
"uk,gov,service,publishing,assets)/government/uploads/system/uploads/attachment_data/file/641609/iraq_-_kurdish__honour__crimes_-_cpin_-_version_1_0.pdf",20210227105832,https://assets.publishing.service.gov.uk/government/uploads/system/uploads/attachment_data/file/641609/Iraq_-_Kurdish__honour__crimes_-_CPIN_-_version_1_0.pdf,assets.publishing.service.gov.uk,application/pdf,6LF2FPJ3EBL2GUTIYYZEVOIXIOMO5GPW,262174,259107835,Iraq_-_Kurdish__honour__crimes_-_CPIN_-_version_1_0.pdf,en,PDF
"uk,gov,service,publishing,assets)/media/5a7f15dd40f0b62305b84fad/iagci-review-india-sexual-orientation-and-gender-identity.pdf",20231203170800,https://assets.publishing.service.gov.uk/media/5a7f15dd40f0b62305b84fad/IAGCI-Review-India-Sexual-Orientation-and-Gender-Identity.pdf,assets.publishing.service.gov.uk,application/pdf,YFLET463TYESWLTUSAQV3M3NKTVCYDNX,432658,232215106,IAGCI-Review-India-Sexual-Orientation-and-Gender-Identity.pdf,en,PDF
"com,amazonaws,s3,moj-tribunals-documents-prod)/decision/pdf_file/54332/pa061972016.pdf",20231201080029,https://moj-tribunals-documents-prod.s3.amazonaws.com/decision/pdf_file/54332/PA061972016.pdf,moj-tribunals-documents-prod.s3.amazonaws.com,application/pdf,23YPJNGEAQVDQ224TGIJXAPLEPYOUBRY,71893,111244787,PA061972016.pdf,en,PDF
"uk,gov,service,publishing,assets)/media/5a7f46d540f0b62305b86294/iagci-review-india-sexual-orientation-and-gender-identity.pdf",20240107110810,https://assets.publishing.service.gov.uk/media/5a7f46d540f0b62305b86294/IAGCI-Review-India-Sexual-Orientation-and-Gender-Identity.pdf,assets.publishing.service.gov.uk,application/pdf,YFLET463TYESWLTUSAQV3M3NKTVCYDNX,432652,96308561,IAGCI-Review-India-Sexual-Orientation-and-Gender-Identity.pdf,en,PDF
"com,amazonaws,s3,moj-tribunals-documents-prod)/decision/pdf_file/53791/pa099342016.pdf",20231201075911,https://moj-tribunals-documents-prod.s3.amazonaws.com/decision/pdf_file/53791/PA099342016.pdf,moj-tribunals-documents-prod.s3.amazonaws.com,application/pdf,FGFOJ6RLMVX6LJ5HX726UV4HTAOART7K,88953,70076612,PA099342016.pdf,en,PDF
"com,amazonaws,s3,moj-tribunals-documents-prod)/decision/pdf_file/52901/aa092172015.pdf",20211201155652,https://moj-tribunals-documents-prod.s3.amazonaws.com/decision/pdf_file/52901/AA092172015.pdf,moj-tribunals-documents-prod.s3.amazonaws.com,application/pdf,SW553ZUL7IXK3OYAJ4RLNJTGS354SLQE,77959,124364258,AA092172015.pdf,en,PDF
"com,amazonaws,s3,moj-tribunals-documents-prod)/decision/pdf_file/50470/aa030622015.pdf",20191202222656,https://moj-tribunals-documents-prod.s3.amazonaws.com/decision/pdf_file/50470/AA030622015.pdf,moj-tribunals-documents-prod.s3.amazonaws.com,application/pdf,5NPIJJKA67RR5PXHOQRRA56R23IPEEEO,117769,481774046,AA030622015.pdf,en,PDF
"uk,gov,service,publishing,assets)/government/uploads/system/uploads/attachment_data/file/677556/an_inspection_of_the_production_and_use_of_country_of_origin_information.pdf",20200107041450,https://assets.publishing.service.gov.uk/government/uploads/system/uploads/attachment_data/file/677556/An_inspection_of_the_production_and_use_of_Country_of_Origin_Information.pdf,assets.publishing.service.gov.uk,application/pdf,4NXLUYKJXBHQEOULCID5JFCR36W6RYZO,609839,447916220,An_inspection_of_the_production_and_use_of_Country_of_Origin_Information.pdf,en,PDF
"uk,gov,service,publishing,assets)/government/uploads/system/uploads/attachment_data/file/559704/iagci-review-india-sexual-orientation-and-gender-identity.pdf",20230603022720,https://assets.publishing.service.gov.uk/government/uploads/system/uploads/attachment_data/file/559704/IAGCI-Review-India-Sexual-Orientation-and-Gender-Identity.pdf,assets.publishing.service.gov.uk,application/pdf,YFLET463TYESWLTUSAQV3M3NKTVCYDNX,432670,496895014,IAGCI-Review-India-Sexual-Orientation-and-Gender-Identity.pdf,en,PDF
"com,amazonaws,s3,moj-tribunals-documents-prod)/decision/pdf_file/58120/aa024262014.pdf",20191202193342,https://moj-tribunals-documents-prod.s3.amazonaws.com/decision/pdf_file/58120/AA024262014.pdf,moj-tribunals-documents-prod.s3.amazonaws.com,application/pdf,EZ42YFOQM3B33XB655A3FSYBSPBXKIVC,136491,283376559,AA024262014.pdf,en,PDF
"com,amazonaws,s3,moj-tribunals-documents-prod)/decision/pdf_file/50639/pa002812015.pdf",20211201143850,https://moj-tribunals-documents-prod.s3.amazonaws.com/decision/pdf_file/50639/PA002812015.pdf,moj-tribunals-documents-prod.s3.amazonaws.com,application/pdf,INW5KFBPVB4C5BX2QBWYMPGKGD4O5EGQ,103165,357240238,PA002812015.pdf,en,PDF
"uk,gov)/government/uploads/system/uploads/attachment_data/file/566281/cig_-_turkey_-_background.pdf",20170207120139,https://www.gov.uk/government/uploads/system/uploads/attachment_data/file/566281/CIG_-_Turkey_-_Background.pdf,www.gov.uk,application/pdf,Y4O72VIWFRWCGJ2SDSKJ5YDTJSMQLSFK,341864,13847620,CIG_-_Turkey_-_Background.pdf,en,PDF
"com,amazonaws,s3,moj-tribunals-documents-prod)/decision/pdf_file/49557/aa000652015.pdf",20211201164730,https://moj-tribunals-documents-prod.s3.amazonaws.com/decision/pdf_file/49557/AA000652015.pdf,moj-tribunals-documents-prod.s3.amazonaws.com,application/pdf,DEJURA22PB6FUFKERZVWZKBX6IYQSAN3,66890,476331005,AA000652015.pdf,en,PDF
"uk,gov,service,publishing,assets)/government/uploads/system/uploads/attachment_data/file/559654/iagci-review-india-sexual-orientation-and-gender-identity.pdf",20220316085507,https://assets.publishing.service.gov.uk/government/uploads/system/uploads/attachment_data/file/559654/IAGCI-Review-India-Sexual-Orientation-and-Gender-Identity.pdf,assets.publishing.service.gov.uk,application/pdf,YFLET463TYESWLTUSAQV3M3NKTVCYDNX,432759,18174248,IAGCI-Review-India-Sexual-Orientation-and-Gender-Identity.pdf,en,PDF
"uk,gov,service,publishing,assets)/government/uploads/system/uploads/attachment_data/file/549253/icibi_inspection_of_coi_july_2016.pdf",20240305131819,https://assets.publishing.service.gov.uk/government/uploads/system/uploads/attachment_data/file/549253/ICIBI_inspection_of_COI_July_2016.pdf,assets.publishing.service.gov.uk,application/pdf,DF64JTLLKSYYMTEZ7G66YYMQLVL5OEEU,1429768,141016545,ICIBI_inspection_of_COI_July_2016.pdf,en,PDF
"uk,gov,service,publishing,assets)/media/5a74df94ed915d3c7d5289e3/icibi_inspection_of_coi_july_2016.pdf",20240308152121,https://assets.publishing.service.gov.uk/media/5a74df94ed915d3c7d5289e3/ICIBI_inspection_of_COI_July_2016.pdf,assets.publishing.service.gov.uk,application/pdf,DF64JTLLKSYYMTEZ7G66YYMQLVL5OEEU,1429762,353193829,ICIBI_inspection_of_COI_July_2016.pdf,en,PDF
"uk,gov)/government/uploads/system/uploads/attachment_data/file/573412/cpin_-_vietnam_-_political_opponents_-_v2__november_2016_.pdf",20161219104026,https://www.gov.uk/government/uploads/system/uploads/attachment_data/file/573412/CPIN_-_Vietnam_-_Political_Opponents_-_v2__November_2016_.pdf,www.gov.uk,application/pdf,MEMAKZ46AOX6CWMZ6YRG4PELMC5TEZ5K,271651,58090125,CPIN - Vietnam - Political Opponents - v2.0 (November 2016),en,PDF
"com,amazonaws,s3,moj-tribunals-documents-prod)/decision/pdf_file/54774/pa124522016.pdf",20191202221333,https://moj-tribunals-documents-prod.s3.amazonaws.com/decision/pdf_file/54774/PA124522016.pdf,moj-tribunals-documents-prod.s3.amazonaws.com,application/pdf,4FBPVJY3DV2RVOH5JM3Q2IYT43BFVW77,122596,344741801,PA124522016.pdf,en,PDF
"com,amazonaws,s3,moj-tribunals-documents-prod)/decision/pdf_file/74645/aa089482015___aa136072015.pdf",20221201133419,https://moj-tribunals-documents-prod.s3.amazonaws.com/decision/pdf_file/74645/AA089482015___AA136072015.pdf,moj-tribunals-documents-prod.s3.amazonaws.com,application/pdf,PSBLQHJBWNXOS4QTDRH4OB5MJG3UAUOR,98868,439555773,AA089482015___AA136072015.pdf,en,PDF
"com,amazonaws,s3,moj-tribunals-documents-prod)/decision/pdf_file/44928/aa005282014.pdf",20200901151047,https://moj-tribunals-documents-prod.s3.amazonaws.com/decision/pdf_file/44928/AA005282014.pdf,moj-tribunals-documents-prod.s3.amazonaws.com,application/pdf,NCW2I2NXYQQUYKRD742S3XZP7U6QUNX2,65197,53884206,AA005282014.pdf,en,PDF
"com,amazonaws,s3,moj-tribunals-documents-prod)/decision/pdf_file/51989/pa030452015.pdf",20230601124055,https://moj-tribunals-documents-prod.s3.amazonaws.com/decision/pdf_file/51989/PA030452015.pdf,moj-tribunals-documents-prod.s3.amazonaws.com,application/pdf,244J5GLRFL3CT642CGFFWWHVGNUMZTZZ,86174,14792448,PA030452015.pdf,en,PDF
"com,amazonaws,s3,moj-tribunals-documents-prod)/decision/pdf_file/56171/pa143092016.pdf",20221201133632,https://moj-tribunals-documents-prod.s3.amazonaws.com/decision/pdf_file/56171/PA143092016.pdf,moj-tribunals-documents-prod.s3.amazonaws.com,application/pdf,DDPWURZPEBE7FU5X2VCGWRNKI5DVEOY5,69018,494203850,PA143092016.pdf,en,PDF
"com,amazonaws,s3,moj-tribunals-documents-prod)/decision/pdf_file/53483/aa002912016.pdf",20231201080119,https://moj-tribunals-documents-prod.s3.amazonaws.com/decision/pdf_file/53483/AA002912016.pdf,moj-tribunals-documents-prod.s3.amazonaws.com,application/pdf,W4PG7M4CUHCMVQODRYU32TKJZ47FSWF7,106788,138659999,AA002912016.pdf,en,PDF
"com,amazonaws,s3,moj-tribunals-documents-prod)/decision/pdf_file/69347/pa032152015.pdf",20231201080009,https://moj-tribunals-documents-prod.s3.amazonaws.com/decision/pdf_file/69347/PA032152015.pdf,moj-tribunals-documents-prod.s3.amazonaws.com,application/pdf,SZQB5XNAIGYEQQSZ2K54JDWXYVSPSUYS,114125,100432545,PA032152015.pdf,en,PDF
"com,amazonaws,s3,moj-tribunals-documents-prod)/decision/pdf_file/61530/aa015352015.pdf",20231201081226,https://moj-tribunals-documents-prod.s3.amazonaws.com/decision/pdf_file/61530/AA015352015.pdf,moj-tribunals-documents-prod.s3.amazonaws.com,application/pdf,SZETMFXQEHMUFDZ27NYW2AR5HDNGDKIJ,99252,486761480,AA015352015.pdf,en,PDF
"com,amazonaws,s3,moj-tribunals-documents-prod)/decision/pdf_file/56024/pa064592016.pdf",20231201073902,https://moj-tribunals-documents-prod.s3.amazonaws.com/decision/pdf_file/56024/PA064592016.pdf,moj-tribunals-documents-prod.s3.amazonaws.com,application/pdf,4CUR3YB6DX4YDSJW3MZ3PVN6DGBI4U37,69820,426277420,PA064592016.pdf,en,PDF
"uk,gov)/government/uploads/system/uploads/attachment_data/file/587680/cpin_-_ukraine_-_minority_groups_-_v1_0.pdf",20170207120153,https://www.gov.uk/government/uploads/system/uploads/attachment_data/file/587680/CPIN_-_Ukraine_-_Minority_Groups_-_v1_0.pdf,www.gov.uk,application/pdf,NNPTA4O32R4B4RYRMR4FWC47ZSS457YQ,572720,38184612,CPIN - Ukraine - Minority Groups - v1.0 (DRAFT),en,PDF
"uk,gov)/government/uploads/system/uploads/attachment_data/file/566252/cig_-_somalia_-_security_situation.pdf",20161220182251,https://www.gov.uk/government/uploads/system/uploads/attachment_data/file/566252/CIG_-_Somalia_-_Security_Situation.pdf,www.gov.uk,application/pdf,JUO5ZX7XPHVXSEJDON3BR7T4WD5ONK2T,391613,35326156,CIG Template,en,PDF
"com,amazonaws,s3,moj-tribunals-documents-prod)/decision/pdf_file/62176/hu232482016.pdf",20231201072415,https://moj-tribunals-documents-prod.s3.amazonaws.com/decision/pdf_file/62176/HU232482016.pdf,moj-tribunals-documents-prod.s3.amazonaws.com,application/pdf,HHCOGLWLKJNBVF53SNAJIBEPDTGATLCN,91613,459294805,HU232482016.pdf,en,PDF
"com,amazonaws,s3,moj-tribunals-documents-prod)/decision/pdf_file/53678/pa022602016.pdf",20210601142557,https://moj-tribunals-documents-prod.s3.amazonaws.com/decision/pdf_file/53678/PA022602016.pdf,moj-tribunals-documents-prod.s3.amazonaws.com,application/pdf,QJPY53LRIO4YN3FGLW3GUA4XRDHUOUHE,93210,373111001,PA022602016.pdf,en,PDF
"com,amazonaws,s3,moj-tribunals-documents-prod)/decision/pdf_file/53483/aa002912016.pdf",20211201155453,https://moj-tribunals-documents-prod.s3.amazonaws.com/decision/pdf_file/53483/AA002912016.pdf,moj-tribunals-documents-prod.s3.amazonaws.com,application/pdf,W4PG7M4CUHCMVQODRYU32TKJZ47FSWF7,106789,91327938,AA002912016.pdf,en,PDF
"com,amazonaws,s3,moj-tribunals-documents-prod)/decision/pdf_file/47188/aa004672015.pdf",20211201132058,https://moj-tribunals-documents-prod.s3.amazonaws.com/decision/pdf_file/47188/AA004672015.pdf,moj-tribunals-documents-prod.s3.amazonaws.com,application/pdf,DMQCW7CCJHFXIQ7P64P2I2BZWRCNKVV5,66070,55456737,AA004672015.pdf,en,PDF
"uk,gov,tribunals,decisions,informationrights)/dbfiles/decision/i2060/cox,%20simon%20v%20ico%20and%20the%20home%20office%20(ea.2016.0137).pdf",20191002123303,"http://informationrights.decisions.tribunals.gov.uk/DBFiles/Decision/i2060/Cox,%20Simon%20v%20ICO%20and%20The%20Home%20Office%20(EA.2016.0137).pdf",informationrights.decisions.tribunals.gov.uk,application/pdf,7QWMJOZ3FTSILKIM6U3F4WCJABB2FYZC,119834,58970485,Microsoft Word - 294 050817 - Cox v ICO and The Home Office - DECISION.docx,en,PDF
"com,amazonaws,s3,moj-tribunals-documents-prod)/decision/pdf_file/63261/pa066932017.pdf",20191202194145,https://moj-tribunals-documents-prod.s3.amazonaws.com/decision/pdf_file/63261/PA066932017.pdf,moj-tribunals-documents-prod.s3.amazonaws.com,application/pdf,YCCDMZJOU7EEO3EDYOIRMXNC5UXJ6R5P,148530,356333780,PA066932017.pdf,en,PDF
"com,amazonaws,s3,moj-tribunals-documents-prod)/decision/pdf_file/53834/hu046792015.pdf",20200901162000,https://moj-tribunals-documents-prod.s3.amazonaws.com/decision/pdf_file/53834/HU046792015.pdf,moj-tribunals-documents-prod.s3.amazonaws.com,application/pdf,Y3A6HIA6NJRKRKEFIIYG6NK3INONRAOW,88945,54511854,HU046792015.pdf,en,PDF
"uk,gov)/government/uploads/system/uploads/attachment_data/file/470780/china_-_opposition_to_the_chinese_communist_party.pdf",20160811053256,https://www.gov.uk/government/uploads/system/uploads/attachment_data/file/470780/China_-_Opposition_to_the_Chinese_Communist_Party.pdf,www.gov.uk,application/pdf,EAFIKNW7B3BJTTHLFZGH2SVNRES63QSA,526675,62579259,CIG Template,en,PDF
"uk,gov)/government/uploads/system/uploads/attachment_data/file/491411/cig_-_ukraine_-_prison_conditions_v_1_0__2_.pdf",20160123090644,https://www.gov.uk/government/uploads/system/uploads/attachment_data/file/491411/CIG_-_Ukraine_-_Prison_Conditions_v_1_0__2_.pdf,www.gov.uk,application/pdf,RVZ6IAZ3DN2WQCE7W4NVWRBEAQOFK5ZX,283664,52312969,CIG Template,en,PDF
"com,amazonaws,s3,moj-tribunals-documents-prod)/decision/pdf_file/46997/aa084982014.pdf",20200901154139,https://moj-tribunals-documents-prod.s3.amazonaws.com/decision/pdf_file/46997/AA084982014.pdf,moj-tribunals-documents-prod.s3.amazonaws.com,application/pdf,VOBOOY2YYSP6LSAW7QWNDJ7ZMCFYYCDO,71589,496293077,AA084982014.pdf,en,PDF
"com,amazonaws,s3,moj-tribunals-documents-prod)/decision/pdf_file/53518/pa059672016.pdf",20211201155546,https://moj-tribunals-documents-prod.s3.amazonaws.com/decision/pdf_file/53518/PA059672016.pdf,moj-tribunals-documents-prod.s3.amazonaws.com,application/pdf,VQZTHBJWVVBRGLFKBVELP3SAQ4EUXAXN,66428,106720755,PA059672016.pdf,en,PDF
"uk,gov,homeoffice,bia)/sitecontent/documents/aboutus/reports/unhcrreports/qualityinitiative/unhcrreport2.pdf?view=binary",20100303212354,http://bia.homeoffice.gov.uk/sitecontent/documents/aboutus/reports/unhcrreports/qualityinitiative/unhcrreport2.pdf?view=Binary,bia.homeoffice.gov.uk,application/pdf,6DTPUXZMEPUW7ZBXZUPHD4BQQKVGBVCG,287759,73427232,Microsoft Word - 436A3FAC-2DBF-082CE9.doc,en,PDF
"com,amazonaws,s3,moj-tribunals-documents-prod)/decision/pdf_file/56538/pa143722016.pdf",20200901135218,https://moj-tribunals-documents-prod.s3.amazonaws.com/decision/pdf_file/56538/PA143722016.pdf,moj-tribunals-documents-prod.s3.amazonaws.com,application/pdf,57KY5ZC6NUWBGM6NHJR2QMJXYZM3RK5I,80857,417240727,PA143722016.pdf,en,PDF
"com,amazonaws,s3,moj-tribunals-documents-prod)/decision/pdf_file/47188/aa004672015.pdf",20230601122020,https://moj-tribunals-documents-prod.s3.amazonaws.com/decision/pdf_file/47188/AA004672015.pdf,moj-tribunals-documents-prod.s3.amazonaws.com,application/pdf,DMQCW7CCJHFXIQ7P64P2I2BZWRCNKVV5,66075,378311659,AA004672015.pdf,en,PDF
"com,amazonaws,s3,moj-tribunals-documents-prod)/decision/pdf_file/62840/pa007082018.pdf",20221201151155,https://moj-tribunals-documents-prod.s3.amazonaws.com/decision/pdf_file/62840/PA007082018.pdf,moj-tribunals-documents-prod.s3.amazonaws.com,application/pdf,6IPW3L3Q3ZIJOLV2SCUPAV3BJN2KXLOA,68996,343667473,PA007082018.pdf,en,PDF
"com,amazonaws,s3,moj-tribunals-documents-prod)/decision/pdf_file/53650/pa138642016.pdf",20221201151958,https://moj-tribunals-documents-prod.s3.amazonaws.com/decision/pdf_file/53650/PA138642016.pdf,moj-tribunals-documents-prod.s3.amazonaws.com,application/pdf,I23ISLINDLK2INGDK7LSEAP2R7FKWKVJ,80494,84654071,PA138642016.pdf,en,PDF
"uk,gov,service,publishing,assets)/government/uploads/system/uploads/attachment_data/file/619683/turkey_-_sogi_-_cpin_-_v2_0__june_2017_.pdf",20210826080625,https://assets.publishing.service.gov.uk/government/uploads/system/uploads/attachment_data/file/619683/Turkey_-_SOGI_-_CPIN_-_v2_0__June_2017_.pdf,assets.publishing.service.gov.uk,application/pdf,TMNMSSQA7ZXUAC4SRI7K5QMB4B5PHAOR,339796,432674956,Turkey - SOGI - CPIN - v2.0 (June 2017),en,PDF
"com,amazonaws,s3,moj-tribunals-documents-prod)/decision/pdf_file/52359/aa084502015.pdf",20221201151041,https://moj-tribunals-documents-prod.s3.amazonaws.com/decision/pdf_file/52359/AA084502015.pdf,moj-tribunals-documents-prod.s3.amazonaws.com,application/pdf,FCZHDFXNDVZZWV2JTCB3WCCARDOZZ35L,67367,305848960,AA084502015.pdf,en,PDF
"uk,ac,ref,results2021)/impact/4d427ba1-2b61-46d1-9789-6cbbe68babc4/pdf",20240105071117,https://results2021.ref.ac.uk/impact/4d427ba1-2b61-46d1-9789-6cbbe68babc4/pdf,results2021.ref.ac.uk,application/pdf,W7PCH5NPPRMSLIDR35GQ7VHQDSS3YSZ7,243568,403849377,pdf,en,PDF
"com,amazonaws,s3,moj-tribunals-documents-prod)/decision/pdf_file/58220/pa018212017.pdf",20221201141236,https://moj-tribunals-documents-prod.s3.amazonaws.com/decision/pdf_file/58220/PA018212017.pdf,moj-tribunals-documents-prod.s3.amazonaws.com,application/pdf,VQZUGFNLZVA4RBBILB7TSYSFBS3TB527,94408,71528489,PA018212017.pdf,en,PDF
"uk,gov,service,publishing,assets)/government/uploads/system/uploads/attachment_data/file/677556/an_inspection_of_the_production_and_use_of_country_of_origin_information.pdf",20240305130947,https://assets.publishing.service.gov.uk/government/uploads/system/uploads/attachment_data/file/677556/An_inspection_of_the_production_and_use_of_Country_of_Origin_Information.pdf,assets.publishing.service.gov.uk,application/pdf,4NXLUYKJXBHQEOULCID5JFCR36W6RYZO,609768,251122781,An_inspection_of_the_production_and_use_of_Country_of_Origin_Information.pdf,en,PDF
"uk,gov,service,publishing,assets)/media/5a82b3c040f0b6230269c40e/an_inspection_of_the_production_and_use_of_country_of_origin_information.pdf",20240305074951,https://assets.publishing.service.gov.uk/media/5a82b3c040f0b6230269c40e/An_inspection_of_the_production_and_use_of_Country_of_Origin_Information.pdf,assets.publishing.service.gov.uk,application/pdf,4NXLUYKJXBHQEOULCID5JFCR36W6RYZO,609761,276071984,An_inspection_of_the_production_and_use_of_Country_of_Origin_Information.pdf,en,PDF
"com,amazonaws,s3,moj-tribunals-documents-prod)/decision/pdf_file/51989/pa030452015.pdf",20211201142406,https://moj-tribunals-documents-prod.s3.amazonaws.com/decision/pdf_file/51989/PA030452015.pdf,moj-tribunals-documents-prod.s3.amazonaws.com,application/pdf,244J5GLRFL3CT642CGFFWWHVGNUMZTZZ,86177,111102962,PA030452015.pdf,en,PDF
"com,amazonaws,s3,moj-tribunals-documents-prod)/decision/pdf_file/61685/aa078482015.pdf",20231201081237,https://moj-tribunals-documents-prod.s3.amazonaws.com/decision/pdf_file/61685/AA078482015.pdf,moj-tribunals-documents-prod.s3.amazonaws.com,application/pdf,PSCQJIUNW74ON4MXYV5XHS2NZCIJ5WUG,75370,491994589,AA078482015.pdf,en,PDF
"com,amazonaws,s3,moj-tribunals-documents-prod)/decision/pdf_file/58589/pa019752017.pdf",20231201073953,https://moj-tribunals-documents-prod.s3.amazonaws.com/decision/pdf_file/58589/PA019752017.pdf,moj-tribunals-documents-prod.s3.amazonaws.com,application/pdf,2ZEUPWJRHKL6SCTXDJCYWWCRAUIQTMXX,89633,452347657,PA019752017.pdf,en,PDF
"com,amazonaws,s3,moj-tribunals-documents-prod)/decision/pdf_file/51311/aa004222015___aa004232015.pdf",20230601120121,https://moj-tribunals-documents-prod.s3.amazonaws.com/decision/pdf_file/51311/AA004222015___AA004232015.pdf,moj-tribunals-documents-prod.s3.amazonaws.com,application/pdf,TFDI3PGC5DSOFBDJ2A6CSNOQSAN6PO76,77854,317915243,AA004222015___AA004232015.pdf,en,PDF
"com,amazonaws,s3,moj-tribunals-documents-prod)/decision/pdf_file/51511/aa072552015.pdf",20210601134252,https://moj-tribunals-documents-prod.s3.amazonaws.com/decision/pdf_file/51511/AA072552015.pdf,moj-tribunals-documents-prod.s3.amazonaws.com,application/pdf,JJSCF6NQUTCHQI73EWNZK2DMM6PYTFT6,279274,190508083,AA072552015.pdf,en,PDF
"com,amazonaws,s3,moj-tribunals-documents-prod)/decision/pdf_file/49819/aa012372015.pdf",20210601135917,https://moj-tribunals-documents-prod.s3.amazonaws.com/decision/pdf_file/49819/AA012372015.pdf,moj-tribunals-documents-prod.s3.amazonaws.com,application/pdf,LHGA6TCCJTNQJ3DZ2ZL4P62CB2OUF3VA,95761,443870538,AA012372015.pdf,en,PDF
"com,amazonaws,s3,moj-tribunals-documents-prod)/decision/pdf_file/61685/aa078482015.pdf",20211201131357,https://moj-tribunals-documents-prod.s3.amazonaws.com/decision/pdf_file/61685/AA078482015.pdf,moj-tribunals-documents-prod.s3.amazonaws.com,application/pdf,PSCQJIUNW74ON4MXYV5XHS2NZCIJ5WUG,75374,439248526,AA078482015.pdf,en,PDF
"com,amazonaws,s3,moj-tribunals-documents-prod)/decision/pdf_file/52787/aa054892011.pdf",20210601161919,https://moj-tribunals-documents-prod.s3.amazonaws.com/decision/pdf_file/52787/AA054892011.pdf,moj-tribunals-documents-prod.s3.amazonaws.com,application/pdf,NPFU7ZQIM5JGN7BVSTZUDLFTOULUUGI5,97519,298493212,AA054892011.pdf,en,PDF
"uk,gov,service,publishing,assets)/media/5c07d71bed915d7455f5164e/coi_may_2018_formal_response.pdf",20250605053233,https://assets.publishing.service.gov.uk/media/5c07d71bed915d7455f5164e/COI_May_2018_Formal_response.pdf,assets.publishing.service.gov.uk,application/pdf,4UUV2KHB2XFTPW3NSNDKIFWAJ5TLGAAK,288470,367688310,COI_May_2018_Formal_response.pdf,en,PDF
"com,amazonaws,s3,moj-tribunals-documents-prod)/decision/pdf_file/44331/aa076712013.pdf",20210601154717,https://moj-tribunals-documents-prod.s3.amazonaws.com/decision/pdf_file/44331/AA076712013.pdf,moj-tribunals-documents-prod.s3.amazonaws.com,application/pdf,DUF27ZMOTXQG53XVSRPFY7QY4DNVOPZE,106658,252229712,AA076712013.pdf,en,PDF
"com,amazonaws,s3,moj-tribunals-documents-prod)/decision/pdf_file/45636/aa045422014.pdf",20200901171315,https://moj-tribunals-documents-prod.s3.amazonaws.com/decision/pdf_file/45636/AA045422014.pdf,moj-tribunals-documents-prod.s3.amazonaws.com,application/pdf,O5MABI7JZZAWM5PMJZVBCA4J24CAZUP3,83475,351411705,AA045422014.pdf,en,PDF
"uk,gov,service,publishing,assets)/media/5a7f5f21ed915d74e33f605c/iagci-ho-covering-response.pdf",20250606073024,https://assets.publishing.service.gov.uk/media/5a7f5f21ed915d74e33f605c/IAGCI-HO-Covering-Response.pdf,assets.publishing.service.gov.uk,application/pdf,ZKG6VCTAWXH67VCXQLJCAQZ5DBTKBMOZ,158528,20029822,"HO Response to IAGCI Review: Somalia CIG, April 2014",en,PDF
"com,amazonaws,s3,moj-tribunals-documents-prod)/decision/pdf_file/51608/aa095612014.pdf",20221201152554,https://moj-tribunals-documents-prod.s3.amazonaws.com/decision/pdf_file/51608/AA095612014.pdf,moj-tribunals-documents-prod.s3.amazonaws.com,application/pdf,ETUH3BZT7GDJKRWPLKQQZCOIMHYPPE44,81393,262831830,AA095612014.pdf,en,PDF
"uk,gov,independent,icinspector)/wp-content/uploads/2015/06/eritrea-report-iagci-19-may-2015.pdf",20170803100541,http://icinspector.independent.gov.uk/wp-content/uploads/2015/06/Eritrea-report-IAGCI-19-May-2015.pdf,icinspector.independent.gov.uk,application/pdf,T6IQJFGOXBQ2FV3PSNKXCZBNXZBV3GU2,1259691,89068134,Eritrea-report-IAGCI-19-May-2015.pdf,en,PDF
"com,amazonaws,s3,moj-tribunals-documents-prod)/decision/pdf_file/48144/aa004652015.pdf",20221201141028,https://moj-tribunals-documents-prod.s3.amazonaws.com/decision/pdf_file/48144/AA004652015.pdf,moj-tribunals-documents-prod.s3.amazonaws.com,application/pdf,RBNDDSSBXO53EQPT5M22PJ2GPCSJDHL5,99410,9011513,AA004652015.pdf,en,PDF
"com,amazonaws,s3,moj-tribunals-documents-prod)/decision/pdf_file/53748/pa009742017.pdf",20200901141352,https://moj-tribunals-documents-prod.s3.amazonaws.com/decision/pdf_file/53748/PA009742017.pdf,moj-tribunals-documents-prod.s3.amazonaws.com,application/pdf,SOG5YGBJF255UCSMFDNLLVKT6OVWWZEC,82122,226745263,PA009742017.pdf,en,PDF
"com,amazonaws,s3,moj-tribunals-documents-prod)/decision/pdf_file/55075/pa112572016.pdf",20230601125017,https://moj-tribunals-documents-prod.s3.amazonaws.com/decision/pdf_file/55075/PA112572016.pdf,moj-tribunals-documents-prod.s3.amazonaws.com,application/pdf,2AJNWLKLB52DSKU4MJNAUBSXRLLSXNGH,108753,304187427,PA112572016.pdf,en,PDF
"com,amazonaws,s3,moj-tribunals-documents-prod)/decision/pdf_file/46997/aa084982014.pdf",20211201143534,https://moj-tribunals-documents-prod.s3.amazonaws.com/decision/pdf_file/46997/AA084982014.pdf,moj-tribunals-documents-prod.s3.amazonaws.com,application/pdf,VOBOOY2YYSP6LSAW7QWNDJ7ZMCFYYCDO,71587,307050586,AA084982014.pdf,en,PDF
"com,amazonaws,s3,moj-tribunals-documents-prod)/decision/pdf_file/58801/pa075202017.pdf",20221201143010,https://moj-tribunals-documents-prod.s3.amazonaws.com/decision/pdf_file/58801/PA075202017.pdf,moj-tribunals-documents-prod.s3.amazonaws.com,application/pdf,6MPQUYEZXF7UZ5QYU3T6IFFG4OVLOIUI,78443,101620964,PA075202017.pdf,en,PDF
"com,amazonaws,s3,moj-tribunals-documents-prod)/decision/pdf_file/53748/pa009742017.pdf",20211201143811,https://moj-tribunals-documents-prod.s3.amazonaws.com/decision/pdf_file/53748/PA009742017.pdf,moj-tribunals-documents-prod.s3.amazonaws.com,application/pdf,SOG5YGBJF255UCSMFDNLLVKT6OVWWZEC,82113,346933090,PA009742017.pdf,en,PDF
"com,amazonaws,s3,moj-tribunals-documents-prod)/decision/pdf_file/61431/aa050492015___aa050512015.pdf",20191202195253,https://moj-tribunals-documents-prod.s3.amazonaws.com/decision/pdf_file/61431/AA050492015___AA050512015.pdf,moj-tribunals-documents-prod.s3.amazonaws.com,application/pdf,R3KX4FXE5YKUAMAHUKV2QVXV4YDA4GRC,228941,461817909,AA050492015___AA050512015.pdf,en,PDF
"uk,gov)/government/uploads/system/uploads/attachment_data/file/565508/cig-china-christians-v2-march-2016.pdf",20170210015910,https://www.gov.uk/government/uploads/system/uploads/attachment_data/file/565508/CIG-china-christians-v2-March-2016.pdf,www.gov.uk,application/pdf,GGUPRHOM2DSM73V4J34G2KIG7I5FJTZN,281952,88960496,CIG Template,en,PDF
"com,amazonaws,s3,moj-tribunals-documents-prod)/decision/pdf_file/50470/aa030622015.pdf",20210601154020,https://moj-tribunals-documents-prod.s3.amazonaws.com/decision/pdf_file/50470/AA030622015.pdf,moj-tribunals-documents-prod.s3.amazonaws.com,application/pdf,5NPIJJKA67RR5PXHOQRRA56R23IPEEEO,117772,132503311,AA030622015.pdf,en,PDF
"com,amazonaws,s3,moj-tribunals-documents-prod)/decision/pdf_file/44928/aa005282014.pdf",20231201084134,https://moj-tribunals-documents-prod.s3.amazonaws.com/decision/pdf_file/44928/AA005282014.pdf,moj-tribunals-documents-prod.s3.amazonaws.com,application/pdf,NCW2I2NXYQQUYKRD742S3XZP7U6QUNX2,65202,355410918,AA005282014.pdf,en,PDF
"com,amazonaws,s3,moj-tribunals-documents-prod)/decision/pdf_file/50336/aa021722015.pdf",20200901154123,https://moj-tribunals-documents-prod.s3.amazonaws.com/decision/pdf_file/50336/AA021722015.pdf,moj-tribunals-documents-prod.s3.amazonaws.com,application/pdf,K22JJCMKTHUQ3SGSDJ4LJOXBRPFHK2VA,72517,491594180,AA021722015.pdf,en,PDF
"com,amazonaws,s3,moj-tribunals-documents-prod)/decision/pdf_file/64465/pa058052017.pdf",20231201072319,https://moj-tribunals-documents-prod.s3.amazonaws.com/decision/pdf_file/64465/PA058052017.pdf,moj-tribunals-documents-prod.s3.amazonaws.com,application/pdf,DA5V7GLFG47BXPY6IIJLTM3SRU7PU7RO,86230,429867329,PA058052017.pdf,en,PDF
"com,amazonaws,s3,moj-tribunals-documents-prod)/decision/pdf_file/51132/aa039002015.pdf",20210601160236,https://moj-tribunals-documents-prod.s3.amazonaws.com/decision/pdf_file/51132/AA039002015.pdf,moj-tribunals-documents-prod.s3.amazonaws.com,application/pdf,BDDVSZ2HJDK7YALJL6ANSBTT7EGIP46G,80952,16200763,AA039002015.pdf,en,PDF
"com,amazonaws,s3,moj-tribunals-documents-prod)/decision/pdf_file/47605/aa061202014.pdf",20200901151236,https://moj-tribunals-documents-prod.s3.amazonaws.com/decision/pdf_file/47605/AA061202014.pdf,moj-tribunals-documents-prod.s3.amazonaws.com,application/pdf,KSOXQKLQK3PZ6X3SXX3LTNBKAOVBLWFQ,112498,82838286,AA061202014.pdf,en,PDF
"com,amazonaws,s3,moj-tribunals-documents-prod)/decision/pdf_file/55050/pa018972017.pdf",20200901134410,https://moj-tribunals-documents-prod.s3.amazonaws.com/decision/pdf_file/55050/PA018972017.pdf,moj-tribunals-documents-prod.s3.amazonaws.com,application/pdf,GT43WYP7I4GUSMUST6GWEPBXYGTF4J3X,113522,319153376,PA018972017.pdf,en,PDF
"com,amazonaws,s3,moj-tribunals-documents-prod)/decision/pdf_file/62430/aa032832015.pdf",20191202190309,https://moj-tribunals-documents-prod.s3.amazonaws.com/decision/pdf_file/62430/AA032832015.pdf,moj-tribunals-documents-prod.s3.amazonaws.com,application/pdf,KBS23V266V23IOPWTXTK4QYCL6T5LR7K,145835,1515542,AA032832015.pdf,en,PDF
"com,amazonaws,s3,moj-tribunals-documents-prod)/decision/pdf_file/56538/pa143722016.pdf",20231201073817,https://moj-tribunals-documents-prod.s3.amazonaws.com/decision/pdf_file/56538/PA143722016.pdf,moj-tribunals-documents-prod.s3.amazonaws.com,application/pdf,57KY5ZC6NUWBGM6NHJR2QMJXYZM3RK5I,80850,403221141,PA143722016.pdf,en,PDF
"com,amazonaws,s3,moj-tribunals-documents-prod)/decision/pdf_file/53441/pa030422016.pdf",20211201131435,https://moj-tribunals-documents-prod.s3.amazonaws.com/decision/pdf_file/53441/PA030422016.pdf,moj-tribunals-documents-prod.s3.amazonaws.com,application/pdf,3ON4UQTFGNGAACSNBKMR4NJ6XETGQXPX,88644,449340903,PA030422016.pdf,en,PDF
"com,amazonaws,s3,moj-tribunals-documents-prod)/decision/pdf_file/46747/aa103022014.pdf",20221201141247,https://moj-tribunals-documents-prod.s3.amazonaws.com/decision/pdf_file/46747/AA103022014.pdf,moj-tribunals-documents-prod.s3.amazonaws.com,application/pdf,2CZY2T5QFKQCQS5HSZS3QZCGYKGOVANR,86666,76537856,AA103022014.pdf,en,PDF
"com,amazonaws,s3,moj-tribunals-documents-prod)/decision/pdf_file/55130/pa001572017.pdf",20221201150434,https://moj-tribunals-documents-prod.s3.amazonaws.com/decision/pdf_file/55130/PA001572017.pdf,moj-tribunals-documents-prod.s3.amazonaws.com,application/pdf,4ILYQ53RCV66NA2VSGJQJ2YD7VXDG6LT,92986,121481707,PA001572017.pdf,en,PDF
"uk,gov,service,publishing,assets)/government/uploads/system/uploads/attachment_data/file/566027/ho-response-to-iagci-review-india-coirs.pdf",20230705111842,https://assets.publishing.service.gov.uk/government/uploads/system/uploads/attachment_data/file/566027/HO-Response-to-IAGCI-Review-India-COIRs.pdf,assets.publishing.service.gov.uk,application/pdf,3V3E5FAUDQUJIINSFZFLAIIXKQBFJBT6,87727,156608103,"HO Response to IAGCI Review: Somalia CIG, April 2014",en,PDF
"com,amazonaws,s3,moj-tribunals-documents-prod)/decision/pdf_file/54774/pa124522016.pdf",20210601140914,https://moj-tribunals-documents-prod.s3.amazonaws.com/decision/pdf_file/54774/PA124522016.pdf,moj-tribunals-documents-prod.s3.amazonaws.com,application/pdf,4FBPVJY3DV2RVOH5JM3Q2IYT43BFVW77,122593,93736978,PA124522016.pdf,en,PDF
"com,amazonaws,s3,moj-tribunals-documents-prod)/decision/pdf_file/65743/pa105652016.pdf",20200901135042,https://moj-tribunals-documents-prod.s3.amazonaws.com/decision/pdf_file/65743/PA105652016.pdf,moj-tribunals-documents-prod.s3.amazonaws.com,application/pdf,VIHUAJVP5AFNG64MOXWSHXSQ46UQF5AQ,85342,393244856,PA105652016.pdf,en,PDF
"com,amazonaws,s3,moj-tribunals-documents-prod)/decision/pdf_file/54923/pa069082016.pdf",20221201134952,https://moj-tribunals-documents-prod.s3.amazonaws.com/decision/pdf_file/54923/PA069082016.pdf,moj-tribunals-documents-prod.s3.amazonaws.com,application/pdf,5BQNQQ74LIWMTX7KQVZ6SMOFJKBLV7TZ,129915,388549431,PA069082016.pdf,en,PDF
"com,amazonaws,s3,moj-tribunals-documents-prod)/decision/pdf_file/46552/00413_ukut_iac_2015_msm_somalia.pdf",20210601162123,https://moj-tribunals-documents-prod.s3.amazonaws.com/decision/pdf_file/46552/00413_ukut_iac_2015_msm_somalia.pdf,moj-tribunals-documents-prod.s3.amazonaws.com,application/pdf,BO7FD677PQMNFKK3PSCMF6JOZ6QJQ53B,327718,333363236,00413_ukut_iac_2015_msm_somalia.pdf,en,PDF
"com,amazonaws,s3,moj-tribunals-documents-prod)/decision/pdf_file/55864/pa106612016.pdf",20221201143923,https://moj-tribunals-documents-prod.s3.amazonaws.com/decision/pdf_file/55864/PA106612016.pdf,moj-tribunals-documents-prod.s3.amazonaws.com,application/pdf,ZENSTI3KYNZPWMN5YUEE5UVZEEDS5YJ5,86850,385024636,PA106612016.pdf,en,PDF
"com,amazonaws,s3,moj-tribunals-documents-prod)/decision/pdf_file/57362/pa027582017.pdf",20231201073327,https://moj-tribunals-documents-prod.s3.amazonaws.com/decision/pdf_file/57362/PA027582017.pdf,moj-tribunals-documents-prod.s3.amazonaws.com,application/pdf,CJRW5OI435EKLT75OOX7DHPG4CJZ5PVS,97148,250249535,PA027582017.pdf,en,PDF
"com,amazonaws,s3,moj-tribunals-documents-prod)/decision/pdf_file/54476/pa015582017.pdf",20230601125502,https://moj-tribunals-documents-prod.s3.amazonaws.com/decision/pdf_file/54476/PA015582017.pdf,moj-tribunals-documents-prod.s3.amazonaws.com,application/pdf,2JVFXS5HHNA3UNPA6IK5MKLYDMO7UQ3V,100102,443423531,PA015582017.pdf,en,PDF
"com,amazonaws,s3,moj-tribunals-documents-prod)/decision/pdf_file/56119/aa073702015.pdf",20221201134950,https://moj-tribunals-documents-prod.s3.amazonaws.com/decision/pdf_file/56119/AA073702015.pdf,moj-tribunals-documents-prod.s3.amazonaws.com,application/pdf,DTJ6KSO2EYZ3YXOINPZJSZ7V2N33FVIL,70157,387561627,AA073702015.pdf,en,PDF
"com,amazonaws,s3,moj-tribunals-documents-prod)/decision/pdf_file/53518/pa059672016.pdf",20231201075658,https://moj-tribunals-documents-prod.s3.amazonaws.com/decision/pdf_file/53518/PA059672016.pdf,moj-tribunals-documents-prod.s3.amazonaws.com,application/pdf,VQZTHBJWVVBRGLFKBVELP3SAQ4EUXAXN,66423,498645928,PA059672016.pdf,en,PDF
"com,amazonaws,s3,moj-tribunals-documents-prod)/decision/pdf_file/52901/aa092172015.pdf",20230601114715,https://moj-tribunals-documents-prod.s3.amazonaws.com/decision/pdf_file/52901/AA092172015.pdf,moj-tribunals-documents-prod.s3.amazonaws.com,application/pdf,SW553ZUL7IXK3OYAJ4RLNJTGS354SLQE,77960,402372675,AA092172015.pdf,en,PDF
"com,amazonaws,s3,moj-tribunals-documents-prod)/decision/pdf_file/55922/pa039712015.pdf",20221201141508,https://moj-tribunals-documents-prod.s3.amazonaws.com/decision/pdf_file/55922/PA039712015.pdf,moj-tribunals-documents-prod.s3.amazonaws.com,application/pdf,OM5TJAIFP76XFZ7LBRCTOFUW7JVSRUT6,93435,149106163,PA039712015.pdf,en,PDF
"com,amazonaws,s3,moj-tribunals-documents-prod)/decision/pdf_file/53834/hu046792015.pdf",20231201075702,https://moj-tribunals-documents-prod.s3.amazonaws.com/decision/pdf_file/53834/HU046792015.pdf,moj-tribunals-documents-prod.s3.amazonaws.com,application/pdf,Y3A6HIA6NJRKRKEFIIYG6NK3INONRAOW,88935,309400,HU046792015.pdf,en,PDF
"com,amazonaws,s3,moj-tribunals-documents-prod)/decision/pdf_file/69206/pa022472015.pdf",20231201080829,https://moj-tribunals-documents-prod.s3.amazonaws.com/decision/pdf_file/69206/PA022472015.pdf,moj-tribunals-documents-prod.s3.amazonaws.com,application/pdf,TDJHG3UAGBZVFDZLHQMM2VK4PNIVVOCR,90082,363047975,PA022472015.pdf,en,PDF
"uk,gov,service,publishing,assets)/media/5a8055d8e5274a2e87db93a7/a-on-article-1d-and-palestinians-v2_0.pdf",20240309095630,https://assets.publishing.service.gov.uk/media/5a8055d8e5274a2e87db93a7/A-on-Article-1D-and-Palestinians-v2_0.pdf,assets.publishing.service.gov.uk,application/pdf,L53VIVFCFWHQGYUSYT4E2XQ5HN2I4B6C,97701,270706752,A-on-Article-1D-and-Palestinians-v2_0.pdf,en,PDF
"com,amazonaws,s3,moj-tribunals-documents-prod)/decision/pdf_file/69649/aa018752015.pdf",20231201080412,https://moj-tribunals-documents-prod.s3.amazonaws.com/decision/pdf_file/69649/AA018752015.pdf,moj-tribunals-documents-prod.s3.amazonaws.com,application/pdf,J5RM5WKR5BLJC5R7JJWDSKCWZTJ5PYC7,120626,228446764,AA018752015.pdf,en,PDF
"com,amazonaws,s3,moj-tribunals-documents-prod)/decision/pdf_file/54277/pa022652016.pdf",20221201135920,https://moj-tribunals-documents-prod.s3.amazonaws.com/decision/pdf_file/54277/PA022652016.pdf,moj-tribunals-documents-prod.s3.amazonaws.com,application/pdf,HZQ4DEXSHI67ERL3VCV5YROOXSUMMONA,96633,175469615,PA022652016.pdf,en,PDF
"com,amazonaws,s3,moj-tribunals-documents-prod)/decision/pdf_file/55423/pa109562016.pdf",20221201150334,https://moj-tribunals-documents-prod.s3.amazonaws.com/decision/pdf_file/55423/PA109562016.pdf,moj-tribunals-documents-prod.s3.amazonaws.com,application/pdf,O22VZ42UIDSWEEHGYXVTKZCQTCCX2RKQ,76064,88339238,PA109562016.pdf,en,PDF
"uk,gov,service,publishing,assets)/government/uploads/system/uploads/attachment_data/file/641597/iraq_-_blood_feuds_-_cpin_-_version_1_0.pdf",20200207193910,https://assets.publishing.service.gov.uk/government/uploads/system/uploads/attachment_data/file/641597/Iraq_-_Blood_feuds_-_CPIN_-_version_1_0.pdf,assets.publishing.service.gov.uk,application/pdf,6ZIV5HXKM7V7RYGR3LK3BOEKAHN6LJ6D,207016,110961144,CIG Template,en,PDF
"com,amazonaws,s3,moj-tribunals-documents-prod)/decision/pdf_file/51884/aa073902015.pdf",20200901164226,https://moj-tribunals-documents-prod.s3.amazonaws.com/decision/pdf_file/51884/AA073902015.pdf,moj-tribunals-documents-prod.s3.amazonaws.com,application/pdf,BU5AOZ5VZFGIJDOPKZWEPBZVHCDSMYDN,87997,399890477,AA073902015.pdf,en,PDF
"uk,gov,service,publishing,assets)/government/uploads/system/uploads/attachment_data/file/524502/a-on-article-1d-and-palestinians-v2_0.pdf",20240416115841,https://assets.publishing.service.gov.uk/government/uploads/system/uploads/attachment_data/file/524502/A-on-Article-1D-and-Palestinians-v2_0.pdf,assets.publishing.service.gov.uk,application/pdf,L53VIVFCFWHQGYUSYT4E2XQ5HN2I4B6C,97711,282392386,A-on-Article-1D-and-Palestinians-v2_0.pdf,en,PDF
"com,amazonaws,s3,moj-tribunals-documents-prod)/decision/pdf_file/51406/ia484372013___others.pdf",20221201144518,https://moj-tribunals-documents-prod.s3.amazonaws.com/decision/pdf_file/51406/IA484372013___Others.pdf,moj-tribunals-documents-prod.s3.amazonaws.com,application/pdf,HCDZOX4BZD4K2ZXMKKOOMFKCOPSRIOMV,100777,54382468,IA484372013___Others.pdf,en,PDF
"com,amazonaws,s3,moj-tribunals-documents-prod)/decision/pdf_file/57694/aa104462015.pdf",20221201133625,https://moj-tribunals-documents-prod.s3.amazonaws.com/decision/pdf_file/57694/AA104462015.pdf,moj-tribunals-documents-prod.s3.amazonaws.com,application/pdf,3HLRWRMDEIZTIQ3PXIVF2GC6AXRYTVRY,78219,491809886,AA104462015.pdf,en,PDF
"com,amazonaws,s3,moj-tribunals-documents-prod)/decision/pdf_file/45636/aa045422014.pdf",20211201135932,https://moj-tribunals-documents-prod.s3.amazonaws.com/decision/pdf_file/45636/AA045422014.pdf,moj-tribunals-documents-prod.s3.amazonaws.com,application/pdf,O5MABI7JZZAWM5PMJZVBCA4J24CAZUP3,83473,187990012,AA045422014.pdf,en,PDF
"com,amazonaws,s3,moj-tribunals-documents-prod)/decision/pdf_file/48489/aa084672014.pdf",20230601113128,https://moj-tribunals-documents-prod.s3.amazonaws.com/decision/pdf_file/48489/AA084672014.pdf,moj-tribunals-documents-prod.s3.amazonaws.com,application/pdf,ZRJUIIKNESJTLKMEDADPK6O24CMEV6RL,96150,426115309,AA084672014.pdf,en,PDF
"uk,gov,homeoffice,ukba)/sitecontent/documents/aboutus/reports/unhcrreports/responses/response2.pdf?view=binary",20090806214223,http://www.ukba.homeoffice.gov.uk/sitecontent/documents/aboutus/reports/unhcrreports/responses/response2.pdf?view=Binary,www.ukba.homeoffice.gov.uk,application/pdf,BD35LKQC2SVQAN227VFRG6RFEXMUPYCY,668364,73917582,Scanned Document,en,PDF
"com,amazonaws,s3,moj-tribunals-documents-prod)/decision/pdf_file/58298/pa125462016.pdf",20231201074123,https://moj-tribunals-documents-prod.s3.amazonaws.com/decision/pdf_file/58298/PA125462016.pdf,moj-tribunals-documents-prod.s3.amazonaws.com,application/pdf,MNAF75A7HHMQL2CIEGLBBLCQPXZ776LS,89288,497494173,PA125462016.pdf,en,PDF
"uk,gov,homeoffice,bia)/sitecontent/documents/aboutus/reports/unhcrreports/responses/response2.pdf?view=binary",20091207110845,http://bia.homeoffice.gov.uk/sitecontent/documents/aboutus/reports/unhcrreports/responses/response2.pdf?view=Binary,bia.homeoffice.gov.uk,application/pdf,BD35LKQC2SVQAN227VFRG6RFEXMUPYCY,668370,6970971,Scanned Document,en,PDF
"uk,gov,homeoffice,bia)/sitecontent/documents/aboutus/reports/unhcrreports/responses/response2.pdf?view=binary",20090804183855,http://www.bia.homeoffice.gov.uk/sitecontent/documents/aboutus/reports/unhcrreports/responses/response2.pdf?view=Binary,www.bia.homeoffice.gov.uk,application/pdf,BD35LKQC2SVQAN227VFRG6RFEXMUPYCY,668367,94192207,Scanned Document,en,PDF
"com,amazonaws,s3,moj-tribunals-documents-prod)/decision/pdf_file/43709/aa105812013.pdf",20221201140700,https://moj-tribunals-documents-prod.s3.amazonaws.com/decision/pdf_file/43709/AA105812013.pdf,moj-tribunals-documents-prod.s3.amazonaws.com,application/pdf,ASCYCIHUUO3CQXCT25XWIRKJKOOADUM7,65852,403732474,AA105812013.pdf,en,PDF
"uk,gov,service,publishing,assets)/government/uploads/system/uploads/attachment_data/file/566071/home-office-response-to-iagci-review-uganda-coirs.pdf",20230705113923,https://assets.publishing.service.gov.uk/government/uploads/system/uploads/attachment_data/file/566071/Home-Office-Response-to-IAGCI-Review-Uganda-COIRs.pdf,assets.publishing.service.gov.uk,application/pdf,DEWAKJGLXWMRCXM37G7A4R6UJNMJW7RA,122596,50079679,"HO Response to IAGCI Review: Somalia CIG, April 2014",en,PDF
"com,amazonaws,s3,moj-tribunals-documents-prod)/decision/pdf_file/54365/pa018302015.pdf",20191202211741,https://moj-tribunals-documents-prod.s3.amazonaws.com/decision/pdf_file/54365/PA018302015.pdf,moj-tribunals-documents-prod.s3.amazonaws.com,application/pdf,5O3A4RUSCQMGIN52FBVFE2ROE2AWOY3D,184778,287422806,PA018302015.pdf,en,PDF
"com,amazonaws,s3,moj-tribunals-documents-prod)/decision/pdf_file/73899/rp000062019.pdf",20231201065345,https://moj-tribunals-documents-prod.s3.amazonaws.com/decision/pdf_file/73899/RP000062019.pdf,moj-tribunals-documents-prod.s3.amazonaws.com,application/pdf,AGJ2QYYTVPHKZCGJ4BIDIJQCP4H4Y3WS,90893,471064391,RP000062019.pdf,en,PDF
"uk,gov,service,publishing,assets)/government/uploads/system/uploads/attachment_data/file/559475/eritrea-report-iagci-19-may-2015.pdf",20230603021815,https://assets.publishing.service.gov.uk/government/uploads/system/uploads/attachment_data/file/559475/Eritrea-report-IAGCI-19-May-2015.pdf,assets.publishing.service.gov.uk,application/pdf,M4TDCBH56NW2KCQCVIGVMDVCQTKYTIP7,1256639,249967150,Eritrea-report-IAGCI-19-May-2015.pdf,en,PDF
"uk,gov)/government/uploads/system/uploads/attachment_data/file/566234/pakistan-_ahmadis.pdf",20170627202031,https://www.gov.uk/government/uploads/system/uploads/attachment_data/file/566234/Pakistan-_Ahmadis.pdf,www.gov.uk,application/pdf,HITQMGXMBGENRACAKOEQ6NCGBSW5NMGW,450910,9543749,CIG Template,en,PDF
"uk,gov)/government/uploads/system/uploads/attachment_data/file/565776/cig-india-background-v2-february-2015.pdf",20170207115922,https://www.gov.uk/government/uploads/system/uploads/attachment_data/file/565776/CIG-india-background-v2-February-2015.pdf,www.gov.uk,application/pdf,KVZFJ6KIKKDEN3L4SCPXNJLV7DLKE3UE,474809,5980666,CIG-india-background-v2-February-2015.pdf,en,PDF
"uk,gov)/government/uploads/system/uploads/attachment_data/file/364127/cig_zimbabwe_prison_conditions_v1_0.pdf",20151208203753,https://www.gov.uk/government/uploads/system/uploads/attachment_data/file/364127/CIG_Zimbabwe_Prison_Conditions_v1_0.pdf,www.gov.uk,application/pdf,V4BZVEIN2QG26I5TL2QIR6UAWDPZD2AD,260861,774,CIG_Zimbabwe_Prison_Conditions_v1_0.pdf,en,PDF
"uk,gov,tribunals,decisions,informationrights)/dbfiles/decision/i2060/cox,%20simon%20v%20ico%20and%20the%20home%20office%20(ea.2016.0137).pdf",20210601105627,"https://informationrights.decisions.tribunals.gov.uk/DBFiles/Decision/i2060/Cox,%20Simon%20v%20ICO%20and%20The%20Home%20Office%20(EA.2016.0137).pdf",informationrights.decisions.tribunals.gov.uk,application/pdf,7QWMJOZ3FTSILKIM6U3F4WCJABB2FYZC,119969,310738666,Microsoft Word - 294 050817 - Cox v ICO and The Home Office - DECISION.docx,en,PDF
"com,amazonaws,s3,moj-tribunals-documents-prod)/decision/pdf_file/45518/aa021062014.pdf",20200901171940,https://moj-tribunals-documents-prod.s3.amazonaws.com/decision/pdf_file/45518/AA021062014.pdf,moj-tribunals-documents-prod.s3.amazonaws.com,application/pdf,WGU2FEIUQTMYSJZRPP4K73GLT5AFT4NW,77473,442708992,AA021062014.pdf,en,PDF
"com,amazonaws,s3,moj-tribunals-documents-prod)/decision/pdf_file/47488/ia297862014___ia297872014.pdf",20200901170255,https://moj-tribunals-documents-prod.s3.amazonaws.com/decision/pdf_file/47488/IA297862014___IA297872014.pdf,moj-tribunals-documents-prod.s3.amazonaws.com,application/pdf,NHBI5UF7IDKAPKPAEXSKDHGQ6XGH2SUC,79593,196923932,IA297862014___IA297872014.pdf,en,PDF
"com,amazonaws,s3,moj-tribunals-documents-prod)/decision/pdf_file/53850/pa001102017.pdf",20221201150832,https://moj-tribunals-documents-prod.s3.amazonaws.com/decision/pdf_file/53850/PA001102017.pdf,moj-tribunals-documents-prod.s3.amazonaws.com,application/pdf,2ZMRQ7PWTK7LO7QH7FXYXG226MRRWEZF,65752,239276228,PA001102017.pdf,en,PDF
"uk,gov)/government/uploads/system/uploads/attachment_data/file/524502/a-on-article-1d-and-palestinians-v2_0.pdf",20161127022846,https://www.gov.uk/government/uploads/system/uploads/attachment_data/file/524502/A-on-Article-1D-and-Palestinians-v2_0.pdf,www.gov.uk,application/pdf,L53VIVFCFWHQGYUSYT4E2XQ5HN2I4B6C,97516,23765217,A-on-Article-1D-and-Palestinians-v2_0.pdf,en,PDF
"org,gsdrc)/wp-content/uploads/2015/09/hdq1263.pdf",20191202153658,https://gsdrc.org/wp-content/uploads/2015/09/HDQ1263.pdf,gsdrc.org,application/pdf,6KJSNHWHYGABSTZX37NWRAKLCTUXLFRO,551934,45060762,HDQ1263.pdf,en,PDF
"uk,gov)/government/uploads/system/uploads/attachment_data/file/566296/cig_-_turkey_-_prison_conditions.pdf",20170426183858,https://www.gov.uk/government/uploads/system/uploads/attachment_data/file/566296/CIG_-_Turkey_-_Prison_Conditions.pdf,www.gov.uk,application/pdf,ZT2I5YOSSYGKNJOYIIKONNO7ALLLFHZL,340503,67924677,CIG_-_Turkey_-_Prison_Conditions.pdf,en,PDF
"com,amazonaws,s3,moj-tribunals-documents-prod)/decision/pdf_file/53748/pa009742017.pdf",20231201080047,https://moj-tribunals-documents-prod.s3.amazonaws.com/decision/pdf_file/53748/PA009742017.pdf,moj-tribunals-documents-prod.s3.amazonaws.com,application/pdf,SOG5YGBJF255UCSMFDNLLVKT6OVWWZEC,82112,122280744,PA009742017.pdf,en,PDF
"uk,gov,independent,icinspector)/wp-content/uploads/2015/06/ho-response-to-iagci-commentary-on-eritrea-cigs-2015-06-08.pdf",20170803100546,http://icinspector.independent.gov.uk/wp-content/uploads/2015/06/HO-Response-to-IAGCI-Commentary-on-Eritrea-CIGs-2015-06-08.pdf,icinspector.independent.gov.uk,application/pdf,KN2YZ7E7EZOLCP3DDN3U6U6I5OTMG2CN,1391042,10117623,HO-Response-to-IAGCI-Commentary-on-Eritrea-CIGs-2015-06-08.pdf,en,PDF
"uk,gov,service,publishing,assets)/government/uploads/system/uploads/attachment_data/file/948525/returns_by_uk_letter.pdf",20220107165921,https://assets.publishing.service.gov.uk/government/uploads/system/uploads/attachment_data/file/948525/Returns_by_UK_Letter.pdf,assets.publishing.service.gov.uk,application/pdf,EBPUAOEMQ7ZNPUATWQHCNW7OBJBN6CZY,163682,61764088,Returns by UK Letter,en,PDF
"com,amazonaws,s3,moj-tribunals-documents-prod)/decision/pdf_file/45636/aa045422014.pdf",20230601113911,https://moj-tribunals-documents-prod.s3.amazonaws.com/decision/pdf_file/45636/AA045422014.pdf,moj-tribunals-documents-prod.s3.amazonaws.com,application/pdf,O5MABI7JZZAWM5PMJZVBCA4J24CAZUP3,83471,149506082,AA045422014.pdf,en,PDF
"com,amazonaws,s3,moj-tribunals-documents-prod)/decision/pdf_file/50336/aa021722015.pdf",20211201160630,https://moj-tribunals-documents-prod.s3.amazonaws.com/decision/pdf_file/50336/AA021722015.pdf,moj-tribunals-documents-prod.s3.amazonaws.com,application/pdf,K22JJCMKTHUQ3SGSDJ4LJOXBRPFHK2VA,72514,284494639,AA021722015.pdf,en,PDF
"uk,gov)/government/uploads/system/uploads/attachment_data/file/566602/cig_-_ukraine_-_victims_of_trafficking.pdf",20170207120200,https://www.gov.uk/government/uploads/system/uploads/attachment_data/file/566602/CIG_-_Ukraine_-_Victims_of_trafficking.pdf,www.gov.uk,application/pdf,FLO5RP6GH43PK2645O6W3ZMBH7M2C2OD,361805,69163055,CIG Template,en,PDF
"com,amazonaws,s3,moj-tribunals-documents-prod)/decision/pdf_file/53251/aa129172015.pdf",20230601112733,https://moj-tribunals-documents-prod.s3.amazonaws.com/decision/pdf_file/53251/AA129172015.pdf,moj-tribunals-documents-prod.s3.amazonaws.com,application/pdf,RIV3UHNYHPI47ZY5ZAKVMA6USBQ7NUKA,67365,307176038,AA129172015.pdf,en,PDF
"uk,gov,service,publishing,assets)/media/5a814f52e5274a2e87dbcec5/eritrea-report-iagci-19-may-2015.pdf",20240107121129,https://assets.publishing.service.gov.uk/media/5a814f52e5274a2e87dbcec5/Eritrea-report-IAGCI-19-May-2015.pdf,assets.publishing.service.gov.uk,application/pdf,M4TDCBH56NW2KCQCVIGVMDVCQTKYTIP7,1256637,336083026,Eritrea-report-IAGCI-19-May-2015.pdf,en,PDF
"uk,gov,service,publishing,assets)/media/5a805769e5274a2e8ab4f979/home-office-response-to-iagci-review-on-pakistan-coirs.pdf",20250606072901,https://assets.publishing.service.gov.uk/media/5a805769e5274a2e8ab4f979/Home-Office-Response-to-IAGCI-Review-on-Pakistan-COIRs.pdf,assets.publishing.service.gov.uk,application/pdf,MUHLEPCMOICD3EP22ZWUEPMJRFSMI73U,95118,337350889,"HO Response to IAGCI Review: Somalia CIG, April 2014",en,PDF
"com,amazonaws,s3,moj-tribunals-documents-prod)/decision/pdf_file/47605/aa061202014.pdf",20211201155420,https://moj-tribunals-documents-prod.s3.amazonaws.com/decision/pdf_file/47605/AA061202014.pdf,moj-tribunals-documents-prod.s3.amazonaws.com,application/pdf,KSOXQKLQK3PZ6X3SXX3LTNBKAOVBLWFQ,112496,83623760,AA061202014.pdf,en,PDF
"com,amazonaws,s3,moj-tribunals-documents-prod)/decision/pdf_file/53441/pa030422016.pdf",20231201080012,https://moj-tribunals-documents-prod.s3.amazonaws.com/decision/pdf_file/53441/PA030422016.pdf,moj-tribunals-documents-prod.s3.amazonaws.com,application/pdf,3ON4UQTFGNGAACSNBKMR4NJ6XETGQXPX,88648,101716336,PA030422016.pdf,en,PDF
"uk,gov,service,publishing,assets)/media/5ddd09a740f0b650b397d735/cig-mali-sogi-v1-april-2016.pdf",20250616121659,https://assets.publishing.service.gov.uk/media/5ddd09a740f0b650b397d735/CIG-Mali-SOGI-v1-April-2016.pdf,assets.publishing.service.gov.uk,application/pdf,QGKTRAXOADQ6DEVILWF2SLVJSEZF7T57,1431306,200085308,CIG Template,en,PDF
"uk,gov)/government/uploads/system/uploads/attachment_data/file/424547/india_cig_women_v1_0.pdf",20150505023524,https://www.gov.uk/government/uploads/system/uploads/attachment_data/file/424547/India_CIG_Women_v1_0.pdf,www.gov.uk,application/pdf,6AQGRHLIBGSS7IQYBAILLJDVPOS5SS5S,488110,27335332,India_CIG_Women_v1_0.pdf,en,PDF
"uk,gov,service,publishing,assets)/media/5fec9ec88fa8f56afb229735/returns_by_uk_letter.pdf",20240309130221,https://assets.publishing.service.gov.uk/media/5fec9ec88fa8f56afb229735/Returns_by_UK_Letter.pdf,assets.publishing.service.gov.uk,application/pdf,EBPUAOEMQ7ZNPUATWQHCNW7OBJBN6CZY,163606,19833258,Returns by UK Letter,en,PDF
"uk,gov,independent,icai)/wp-content/uploads/dfids-approach-to-anti-corruption-and-its-impact-on-the-poor-final.pdf",20210401110317,https://icai.independent.gov.uk/wp-content/uploads/DFIDs-Approach-to-Anti-Corruption-and-its-Impact-on-the-Poor-FINAL.pdf,icai.independent.gov.uk,application/pdf,REXL7DHQFSTK7JOMUZQHVNZVGCN4XZE5,1090240,284018459,DFIDs-Approach-to-Anti-Corruption-and-its-Impact-on-the-Poor-FINAL.pdf,en,PDF
"uk,gov,service,publishing,assets)/government/uploads/system/uploads/attachment_data/file/848425/cig-mali-security-situation-in-northern-mali-v1-april-2016.pdf",20210916122933,https://assets.publishing.service.gov.uk/government/uploads/system/uploads/attachment_data/file/848425/CIG-Mali-Security-situation-in-northern-Mali-v1-April-2016.pdf,assets.publishing.service.gov.uk,application/pdf,YEEWMB5OHCUGOHPC4GRKDZOOS2453KQO,2031310,237685619,CIG Template,en,PDF
"uk,gov,independent,icinspector)/wp-content/uploads/2016/01/ho-response-to-iagci-review-libya-min-eth-gps-cig.pdf",20170803100546,http://icinspector.independent.gov.uk/wp-content/uploads/2016/01/HO-response-to-IAGCI-review-Libya-Min-Eth-Gps-CIG.pdf,icinspector.independent.gov.uk,application/pdf,LSE2S2C55UOETBIHQZXNNIHAQPDCKMZG,187834,15009568,HO-response-to-IAGCI-review-Libya-Min-Eth-Gps-CIG.pdf,en,PDF
"uk,gov,service,publishing,assets)/government/uploads/system/uploads/attachment_data/file/948525/returns_by_uk_letter.pdf",20230910052831,https://assets.publishing.service.gov.uk/government/uploads/system/uploads/attachment_data/file/948525/Returns_by_UK_Letter.pdf,assets.publishing.service.gov.uk,application/pdf,EBPUAOEMQ7ZNPUATWQHCNW7OBJBN6CZY,163580,208399695,Returns by UK Letter,en,PDF
"com,amazonaws,s3,moj-tribunals-documents-prod)/decision/pdf_file/47905/aa000582015.pdf",20200901153044,https://moj-tribunals-documents-prod.s3.amazonaws.com/decision/pdf_file/47905/AA000582015.pdf,moj-tribunals-documents-prod.s3.amazonaws.com,application/pdf,RDBMUU36IRBTTJHRZVNZLRBO44PNPBNP,94331,334479188,AA000582015.pdf,en,PDF
"com,amazonaws,s3,moj-tribunals-documents-prod)/decision/pdf_file/69246/pa041572016.pdf",20231201075911,https://moj-tribunals-documents-prod.s3.amazonaws.com/decision/pdf_file/69246/PA041572016.pdf,moj-tribunals-documents-prod.s3.amazonaws.com,application/pdf,3VQF2BOGTYZY3BBN6PQ776J7JIY3V5U4,76473,69999130,PA041572016.pdf,en,PDF
"com,amazonaws,s3,moj-tribunals-documents-prod)/decision/pdf_file/50336/aa021722015.pdf",20230601114751,https://moj-tribunals-documents-prod.s3.amazonaws.com/decision/pdf_file/50336/AA021722015.pdf,moj-tribunals-documents-prod.s3.amazonaws.com,application/pdf,K22JJCMKTHUQ3SGSDJ4LJOXBRPFHK2VA,72511,421593776,AA021722015.pdf,en,PDF
"uk,gov)/government/uploads/system/uploads/attachment_data/file/570872/cpin-nigeria-trafficking-v2-november-2016.pdf",20170210015636,https://www.gov.uk/government/uploads/system/uploads/attachment_data/file/570872/CPIN-Nigeria-Trafficking-v2-November-2016.pdf,www.gov.uk,application/pdf,UKR72ITVKHPJN4YSYBYEJZAAK2SDYBX5,498517,52078998,CIG- Nigeria - Trafficking - v1.0 (August 2016),en,PDF
"com,amazonaws,s3,moj-tribunals-documents-prod)/decision/pdf_file/51183/aa008482015.pdf",20211201131736,https://moj-tribunals-documents-prod.s3.amazonaws.com/decision/pdf_file/51183/AA008482015.pdf,moj-tribunals-documents-prod.s3.amazonaws.com,application/pdf,KTB2NN7WTYEVWDY7YFIUZJM33R6AWXVL,62391,496602507,AA008482015.pdf,en,PDF
"com,amazonaws,s3,moj-tribunals-documents-prod)/decision/pdf_file/47306/aa090712014.pdf",20200901145252,https://moj-tribunals-documents-prod.s3.amazonaws.com/decision/pdf_file/47306/AA090712014.pdf,moj-tribunals-documents-prod.s3.amazonaws.com,application/pdf,LNK2NPU4Q7H7HRS5OUS24C5SXCYVXV4O,89332,289471514,AA090712014.pdf,en,PDF
"uk,gov,independent,icinspector)/wp-content/uploads/2015/06/home-office-response-to-iagci-review-uganda-sexual-orientation-and-gender-identity-cig.pdf",20170803100543,http://icinspector.independent.gov.uk/wp-content/uploads/2015/06/Home-Office-Response-to-IAGCI-Review-Uganda-Sexual-Orientation-and-Gender-Identity-CIG.pdf,icinspector.independent.gov.uk,application/pdf,MPGW6IW2ZVPKNBI4RYCV2NYZRYRDJCFK,117467,95454860,"HO Response to IAGCI Review: Somalia CIG, April 2014",en,PDF
"com,amazonaws,s3,moj-tribunals-documents-prod)/decision/pdf_file/47605/aa061202014.pdf",20221201151944,https://moj-tribunals-documents-prod.s3.amazonaws.com/decision/pdf_file/47605/AA061202014.pdf,moj-tribunals-documents-prod.s3.amazonaws.com,application/pdf,KSOXQKLQK3PZ6X3SXX3LTNBKAOVBLWFQ,112494,78142058,AA061202014.pdf,en,PDF
"com,amazonaws,s3,moj-tribunals-documents-prod)/decision/pdf_file/55160/pa055022016.pdf",20221201133737,https://moj-tribunals-documents-prod.s3.amazonaws.com/decision/pdf_file/55160/PA055022016.pdf,moj-tribunals-documents-prod.s3.amazonaws.com,application/pdf,CZTJKEB6TDXBQDCQT4PETHNBDAHHGLDF,79312,25356093,PA055022016.pdf,en,PDF
"uk,gov,service,publishing,assets)/government/uploads/system/uploads/attachment_data/file/957302/family-life-_as-a-partner-or-parent_-private-life-and-exceptional-circs-v13.0-ext.pdf",20210511211923,https://assets.publishing.service.gov.uk/government/uploads/system/uploads/attachment_data/file/957302/family-life-_as-a-partner-or-parent_-private-life-and-exceptional-circs-v13.0-ext.pdf,assets.publishing.service.gov.uk,application/pdf,675L3ONAMIDTDKBJDYWDAMHIBJQ7BH32,643800,260721562,Family life (as a partner or parent),en,PDF
"com,amazonaws,s3,moj-tribunals-documents-prod)/decision/pdf_file/61431/aa050492015___aa050512015.pdf",20210601135041,https://moj-tribunals-documents-prod.s3.amazonaws.com/decision/pdf_file/61431/AA050492015___AA050512015.pdf,moj-tribunals-documents-prod.s3.amazonaws.com,application/pdf,R3KX4FXE5YKUAMAHUKV2QVXV4YDA4GRC,228936,307023795,AA050492015___AA050512015.pdf,en,PDF
"uk,gov,service,publishing,assets)/government/uploads/system/uploads/attachment_data/file/996667/family-life-_as-a-partner-or-parent_-private-life-and-exceptional-circs-v14.0-ext.pdf",20211012112833,https://assets.publishing.service.gov.uk/government/uploads/system/uploads/attachment_data/file/996667/family-life-_as-a-partner-or-parent_-private-life-and-exceptional-circs-v14.0-ext.pdf,assets.publishing.service.gov.uk,application/pdf,RMQI2BFGW53ZSN3CMH2F3S3ARTCXKNFL,640905,430801018,Family life (as a partner or parent) private life and exceptional circumstances,en,PDF
"uk,gov)/government/uploads/system/uploads/attachment_data/file/402476/som_cig_prisonconditions_v1_0.pdf",20150710133643,https://www.gov.uk/government/uploads/system/uploads/attachment_data/file/402476/Som_CIG_prisonconditions_v1_0.pdf,www.gov.uk,application/pdf,Y47NS5X2FQ7GGZPRGLMCQ7DKUNJFRBCW,185056,67991366,"CIG: Somalia, Prison Conditions",en,PDF
"uk,ac,ids,opendocs)/opendocs/bitstream/handle/20.500.12413/13097/k4d_hdr_%20gender%20and%20conflict%20in%20ukraine.pdf?isallowed=y&sequence=1",20210602021226,https://opendocs.ids.ac.uk/opendocs/bitstream/handle/20.500.12413/13097/K4D_HDR_%20Gender%20and%20conflict%20in%20Ukraine.pdf?sequence=1&isAllowed=y,opendocs.ids.ac.uk,application/pdf,CBFYS53W7L5VZ4QCNCKMOHXPR6GBUKTO,386701,485958606,K4D_HDR_%20Gender%20and%20conflict%20in%20Ukraine.pdf?sequence=1&isAllowed=y,en,PDF
"com,amazonaws,s3,moj-tribunals-documents-prod)/decision/pdf_file/55050/pa018972017.pdf",20230601110834,https://moj-tribunals-documents-prod.s3.amazonaws.com/decision/pdf_file/55050/PA018972017.pdf,moj-tribunals-documents-prod.s3.amazonaws.com,application/pdf,GT43WYP7I4GUSMUST6GWEPBXYGTF4J3X,113528,271108440,PA018972017.pdf,en,PDF
"com,amazonaws,s3,moj-tribunals-documents-prod)/decision/pdf_file/51691/aa063692015.pdf",20221201141003,https://moj-tribunals-documents-prod.s3.amazonaws.com/decision/pdf_file/51691/AA063692015.pdf,moj-tribunals-documents-prod.s3.amazonaws.com,application/pdf,AYWJYTQ363RDSELJED447Y2SNGB26K5C,86125,497001036,AA063692015.pdf,en,PDF
"com,amazonaws,s3,moj-tribunals-documents-prod)/decision/pdf_file/54211/pa104102016.pdf",20230601110118,https://moj-tribunals-documents-prod.s3.amazonaws.com/decision/pdf_file/54211/PA104102016.pdf,moj-tribunals-documents-prod.s3.amazonaws.com,application/pdf,VALVO56W4BT72FBXMYSDZAXAXAJNNCU6,75987,68460021,PA104102016.pdf,en,PDF
"com,amazonaws,s3,moj-tribunals-documents-prod)/decision/pdf_file/54007/pa058822016.pdf",20231201075433,https://moj-tribunals-documents-prod.s3.amazonaws.com/decision/pdf_file/54007/PA058822016.pdf,moj-tribunals-documents-prod.s3.amazonaws.com,application/pdf,CGXL7CJQLIUWXXOJLG3UUCC2ETONSQX5,81787,420852880,PA058822016.pdf,en,PDF
"uk,gov,service,publishing,assets)/government/uploads/system/uploads/attachment_data/file/566157/cig_-_kuwait_-_bidoons.pdf",20200509023942,https://assets.publishing.service.gov.uk/government/uploads/system/uploads/attachment_data/file/566157/CIG_-_Kuwait_-_Bidoons.pdf,assets.publishing.service.gov.uk,application/pdf,IP6LVKJXWZH6AFBFR3AVCQTZVERIGO7V,424589,482644404,CIG - Kuwait - Bidoons - v2.0 (July 2016),en,PDF
"uk,gov,service,publishing,assets)/government/uploads/system/uploads/attachment_data/file/1026201/family_life__as_a_partner_or_parent__private_life_and_exceptional_circumstances.pdf",20211207235604,https://assets.publishing.service.gov.uk/government/uploads/system/uploads/attachment_data/file/1026201/Family_life__as_a_partner_or_parent__private_life_and_exceptional_circumstances.pdf,assets.publishing.service.gov.uk,application/pdf,63TYVA6WZI7NKYS4UUDMPKOU26Q5TDPB,660065,180656426,"Family life (as a partner or parent), private life and exceptional circumstances",en,PDF
"com,amazonaws,s3,moj-tribunals-documents-prod)/decision/pdf_file/51884/aa073902015.pdf",20230601124125,https://moj-tribunals-documents-prod.s3.amazonaws.com/decision/pdf_file/51884/AA073902015.pdf,moj-tribunals-documents-prod.s3.amazonaws.com,application/pdf,BU5AOZ5VZFGIJDOPKZWEPBZVHCDSMYDN,87996,31426558,AA073902015.pdf,en,PDF
"uk,gov,service,publishing,assets)/government/uploads/system/uploads/attachment_data/file/544189/icibi-annual-report-2015-16-may-2016.pdf",20230804121833,https://assets.publishing.service.gov.uk/government/uploads/system/uploads/attachment_data/file/544189/ICIBI-Annual-Report-2015-16-May-2016.pdf,assets.publishing.service.gov.uk,application/pdf,4CAEH23W7FUIKI6WXHIWR57BCIQ2FTTM,4053439,413973177,ICIBI-Annual-Report-2015-16-May-2016.pdf,en,PDF
"uk,gov,service,publishing,assets)/government/uploads/system/uploads/attachment_data/file/941244/family-life-_as-a-partner-or-parent_-private-life-and-exceptional-circs-v12.0ext.pdf",20210114035919,https://assets.publishing.service.gov.uk/government/uploads/system/uploads/attachment_data/file/941244/family-life-_as-a-partner-or-parent_-private-life-and-exceptional-circs-v12.0ext.pdf,assets.publishing.service.gov.uk,application/pdf,G72KCBINOD6GSYPIYCOKGBBJKWLOGYAB,657260,252242603,"Family life (as a partner or parent),",en,PDF
"uk,gov,charitycommission,apps)/accounts/ends46/0001124746_ac_20160930_e_c.pdf",20200703090301,http://apps.charitycommission.gov.uk/Accounts/Ends46/0001124746_AC_20160930_E_C.PDF,apps.charitycommission.gov.uk,application/pdf,GU26JXY7WQGETCKIL2Y2PXKBM3UK3YU5,5098582,291822368,0001124746_AC_20160930_E_C.PDF,en,PDF
"com,amazonaws,s3,moj-tribunals-documents-prod)/decision/pdf_file/51414/aa032822015.pdf",20211201154936,https://moj-tribunals-documents-prod.s3.amazonaws.com/decision/pdf_file/51414/AA032822015.pdf,moj-tribunals-documents-prod.s3.amazonaws.com,application/pdf,LEUIXMTV3HKUO434EFKID4NFDJB6B5KJ,79268,6876370,AA032822015.pdf,en,PDF
"com,amazonaws,s3,moj-tribunals-documents-prod)/decision/pdf_file/50639/pa002812015.pdf",20221201150154,https://moj-tribunals-documents-prod.s3.amazonaws.com/decision/pdf_file/50639/PA002812015.pdf,moj-tribunals-documents-prod.s3.amazonaws.com,application/pdf,INW5KFBPVB4C5BX2QBWYMPGKGD4O5EGQ,103168,37765284,PA002812015.pdf,en,PDF
"uk,gov)/government/uploads/system/uploads/attachment_data/file/566171/libya_-_ethnic_minority_groups.pdf",20170627201942,https://www.gov.uk/government/uploads/system/uploads/attachment_data/file/566171/Libya_-_ethnic_minority_groups.pdf,www.gov.uk,application/pdf,DKQV2ZQ4BSQWFJQZRU2XYTQYCUHC4PIO,298917,655624,Libya_-_ethnic_minority_groups.pdf,en,PDF
"com,amazonaws,s3,moj-tribunals-documents-prod)/decision/pdf_file/45518/aa021062014.pdf",20211201131935,https://moj-tribunals-documents-prod.s3.amazonaws.com/decision/pdf_file/45518/AA021062014.pdf,moj-tribunals-documents-prod.s3.amazonaws.com,application/pdf,WGU2FEIUQTMYSJZRPP4K73GLT5AFT4NW,77467,31334698,AA021062014.pdf,en,PDF
"com,amazonaws,s3,moj-tribunals-documents-prod)/decision/pdf_file/65743/pa105652016.pdf",20230601105756,https://moj-tribunals-documents-prod.s3.amazonaws.com/decision/pdf_file/65743/PA105652016.pdf,moj-tribunals-documents-prod.s3.amazonaws.com,application/pdf,VIHUAJVP5AFNG64MOXWSHXSQ46UQF5AQ,85339,466384616,PA105652016.pdf,en,PDF
"com,amazonaws,s3,moj-tribunals-documents-prod)/decision/pdf_file/51183/aa008482015.pdf",20230601112027,https://moj-tribunals-documents-prod.s3.amazonaws.com/decision/pdf_file/51183/AA008482015.pdf,moj-tribunals-documents-prod.s3.amazonaws.com,application/pdf,KTB2NN7WTYEVWDY7YFIUZJM33R6AWXVL,62393,95178183,AA008482015.pdf,en,PDF
"uk,gov,service,publishing,assets)/government/uploads/system/uploads/attachment_data/file/630552/enforcing_removals_using_eu_letters_and_chicago_convention_lettersv14.0_ext.pdf",20200405141307,https://assets.publishing.service.gov.uk/government/uploads/system/uploads/attachment_data/file/630552/Enforcing_removals_using_EU_letters_and_Chicago_Convention_lettersv14.0_ext.pdf,assets.publishing.service.gov.uk,application/pdf,BFFFDFVUFYGJF7HJAYT6XOJTZBDZIAPK,222919,55679073,enforcing removals using EU letters,en,PDF
"uk,gov)/government/uploads/system/uploads/attachment_data/file/565865/cig-jamaica-background-v-1-may-2016.pdf",20170201014202,https://www.gov.uk/government/uploads/system/uploads/attachment_data/file/565865/CIG-Jamaica-Background-v-1-May-2016.pdf,www.gov.uk,application/pdf,CZSJAIASJ5FRTZNC4LH5HZ5OT2ED5X74,234690,1191482,CIG-Jamaica-Background-v-1-May-2016.pdf,en,PDF
"uk,gov,service,publishing,assets)/government/uploads/system/uploads/attachment_data/file/559654/iagci-review-india-sexual-orientation-and-gender-identity.pdf",20230803120153,https://assets.publishing.service.gov.uk/government/uploads/system/uploads/attachment_data/file/559654/IAGCI-Review-India-Sexual-Orientation-and-Gender-Identity.pdf,assets.publishing.service.gov.uk,application/pdf,YFLET463TYESWLTUSAQV3M3NKTVCYDNX,432658,22704484,IAGCI-Review-India-Sexual-Orientation-and-Gender-Identity.pdf,en,PDF
"uk,gov,service,publishing,assets)/government/uploads/system/uploads/attachment_data/file/566237/pak_women_gender_based_harm_and_violence.pdf",20200207194708,https://assets.publishing.service.gov.uk/government/uploads/system/uploads/attachment_data/file/566237/PAK_Women_Gender_based_harm_and_violence.pdf,assets.publishing.service.gov.uk,application/pdf,WBOLJCMSQSVKPPPIJBIMF3KF32NQHPOL,597352,186199936,PAK_Women_Gender_based_harm_and_violence.pdf,en,PDF
"uk,gov,homeoffice,ind)/sitecontent/documents/aboutus/reports/unhcrreports/qualityinitiative/unhcrreport2.pdf?view=binary",20091207115017,http://www.ind.homeoffice.gov.uk/sitecontent/documents/aboutus/reports/unhcrreports/qualityinitiative/unhcrreport2.pdf?view=Binary,www.ind.homeoffice.gov.uk,application/pdf,6DTPUXZMEPUW7ZBXZUPHD4BQQKVGBVCG,287643,33287119,Microsoft Word - 436A3FAC-2DBF-082CE9.doc,en,PDF
"uk,gov,service,publishing,assets)/government/uploads/system/uploads/attachment_data/file/559704/iagci-review-india-sexual-orientation-and-gender-identity.pdf",20230705111224,https://assets.publishing.service.gov.uk/government/uploads/system/uploads/attachment_data/file/559704/IAGCI-Review-India-Sexual-Orientation-and-Gender-Identity.pdf,assets.publishing.service.gov.uk,application/pdf,YFLET463TYESWLTUSAQV3M3NKTVCYDNX,432663,64019196,IAGCI-Review-India-Sexual-Orientation-and-Gender-Identity.pdf,en,PDF
"uk,gov,homeoffice,ukba)/sitecontent/documents/aboutus/reports/unhcrreports/qualityinitiative/unhcrreport2.pdf?view=binary",20090917074905,http://www.ukba.homeoffice.gov.uk/sitecontent/documents/aboutus/reports/unhcrreports/qualityinitiative/unhcrreport2.pdf?view=Binary,www.ukba.homeoffice.gov.uk,application/pdf,6DTPUXZMEPUW7ZBXZUPHD4BQQKVGBVCG,287704,27371027,Microsoft Word - 436A3FAC-2DBF-082CE9.doc,en,PDF
"com,amazonaws,s3,moj-tribunals-documents-prod)/decision/pdf_file/54332/pa061972016.pdf",20230601113001,https://moj-tribunals-documents-prod.s3.amazonaws.com/decision/pdf_file/54332/PA061972016.pdf,moj-tribunals-documents-prod.s3.amazonaws.com,application/pdf,23YPJNGEAQVDQ224TGIJXAPLEPYOUBRY,71886,384085595,PA061972016.pdf,en,PDF
"com,amazonaws,s3,moj-tribunals-documents-prod)/decision/pdf_file/53791/pa099342016.pdf",20221201152331,https://moj-tribunals-documents-prod.s3.amazonaws.com/decision/pdf_file/53791/PA099342016.pdf,moj-tribunals-documents-prod.s3.amazonaws.com,application/pdf,FGFOJ6RLMVX6LJ5HX726UV4HTAOART7K,88952,191915237,PA099342016.pdf,en,PDF
"com,amazonaws,s3,moj-tribunals-documents-prod)/decision/pdf_file/53631/pa133732016.pdf",20221201133728,https://moj-tribunals-documents-prod.s3.amazonaws.com/decision/pdf_file/53631/PA133732016.pdf,moj-tribunals-documents-prod.s3.amazonaws.com,application/pdf,PIHZLLHVEURNCJ245FX62EUSEVKYAURT,117450,21121343,PA133732016.pdf,en,PDF
"com,amazonaws,s3,moj-tribunals-documents-prod)/decision/pdf_file/45592/aa016462014.pdf",20210601143910,https://moj-tribunals-documents-prod.s3.amazonaws.com/decision/pdf_file/45592/AA016462014.pdf,moj-tribunals-documents-prod.s3.amazonaws.com,application/pdf,SZ25C2PYOSWFR7NGLPNKXDI3ZYE7D4I6,171482,102548048,AA016462014.pdf,en,PDF
"uk,gov,service,publishing,assets)/government/uploads/system/uploads/attachment_data/file/559681/review-of-iraq-humanitarian-situation-cig-oct-2015.pdf",20200305225811,https://assets.publishing.service.gov.uk/government/uploads/system/uploads/attachment_data/file/559681/Review-of-Iraq-Humanitarian-Situation-CIG-Oct-2015.pdf,assets.publishing.service.gov.uk,application/pdf,HKULF2VVXU4TPH4GXHABCJVBYFYCTN3U,431084,480632982,Review-of-Iraq-Humanitarian-Situation-CIG-Oct-2015.pdf,en,PDF
"uk,gov)/government/uploads/system/uploads/attachment_data/file/565848/cig-iraq-religious-minorities-v1-august-2016.pdf",20170428003027,https://www.gov.uk/government/uploads/system/uploads/attachment_data/file/565848/CIG-Iraq-religious-minorities-v1-August-2016.pdf,www.gov.uk,application/pdf,IOHZQD7GGFOR7AYKYI6AIS2B2YR2KN4Y,422596,19575199,CIG Template,en,PDF
"com,amazonaws,s3,moj-tribunals-documents-prod)/decision/pdf_file/47488/ia297862014___ia297872014.pdf",20221201144443,https://moj-tribunals-documents-prod.s3.amazonaws.com/decision/pdf_file/47488/IA297862014___IA297872014.pdf,moj-tribunals-documents-prod.s3.amazonaws.com,application/pdf,NHBI5UF7IDKAPKPAEXSKDHGQ6XGH2SUC,79593,37880778,IA297862014___IA297872014.pdf,en,PDF
"uk,gov,homeoffice,bia)/sitecontent/documents/aboutus/reports/unhcrreports/qualityinitiative/unhcrreport2.pdf?view=binary",20091212030842,http://www.bia.homeoffice.gov.uk/sitecontent/documents/aboutus/reports/unhcrreports/qualityinitiative/unhcrreport2.pdf?view=Binary,www.bia.homeoffice.gov.uk,application/pdf,6DTPUXZMEPUW7ZBXZUPHD4BQQKVGBVCG,287640,44975982,Microsoft Word - 436A3FAC-2DBF-082CE9.doc,en,PDF
"com,amazonaws,s3,moj-tribunals-documents-prod)/decision/pdf_file/49557/aa000652015.pdf",20221201144404,https://moj-tribunals-documents-prod.s3.amazonaws.com/decision/pdf_file/49557/AA000652015.pdf,moj-tribunals-documents-prod.s3.amazonaws.com,application/pdf,DEJURA22PB6FUFKERZVWZKBX6IYQSAN3,66889,19144339,AA000652015.pdf,en,PDF
"com,amazonaws,s3,moj-tribunals-documents-prod)/decision/pdf_file/55633/da024872013.pdf",20221201150253,https://moj-tribunals-documents-prod.s3.amazonaws.com/decision/pdf_file/55633/DA024872013.pdf,moj-tribunals-documents-prod.s3.amazonaws.com,application/pdf,62LHC7TP2MHFBOFUGOPT34XGI2K5LM7T,94837,66627145,DA024872013.pdf,en,PDF
"com,amazonaws,s3,moj-tribunals-documents-prod)/decision/pdf_file/47256/aa114192012.pdf",20210601142827,https://moj-tribunals-documents-prod.s3.amazonaws.com/decision/pdf_file/47256/AA114192012.pdf,moj-tribunals-documents-prod.s3.amazonaws.com,application/pdf,DAW3JLAJ5M46KHK2A5KALQ2FPXR3B6RY,136815,417218626,AA114192012.pdf,en,PDF
"com,amazonaws,s3,moj-tribunals-documents-prod)/decision/pdf_file/57877/pa019472017.pdf",20231201073821,https://moj-tribunals-documents-prod.s3.amazonaws.com/decision/pdf_file/57877/PA019472017.pdf,moj-tribunals-documents-prod.s3.amazonaws.com,application/pdf,P5BGNGJFWSP46L4GB7RM6UMDN34LBTK6,90491,405164125,PA019472017.pdf,en,PDF
"uk,gov)/government/uploads/system/uploads/attachment_data/file/580345/bangladesh_-_cpin_sexual_orientation_and_gender_identity_-_december_2016.pdf",20170426084419,https://www.gov.uk/government/uploads/system/uploads/attachment_data/file/580345/Bangladesh_-_CPIN_Sexual_orientation_and_gender_identity_-_December_2016.pdf,www.gov.uk,application/pdf,YV4IHUU4PLVHFGDYVVA46KW2ZKA7ZRSL,458954,43616350,CIG Template,en,PDF
"com,amazonaws,s3,moj-tribunals-documents-prod)/decision/pdf_file/57848/pa052482017.pdf",20231201073053,https://moj-tribunals-documents-prod.s3.amazonaws.com/decision/pdf_file/57848/PA052482017.pdf,moj-tribunals-documents-prod.s3.amazonaws.com,application/pdf,DXVEECYNA6WVH4RRVC5XWM4JIJ3PMPKY,97163,167547110,PA052482017.pdf,en,PDF
"uk,gov,service,publishing,assets)/government/uploads/system/uploads/attachment_data/file/549253/icibi_inspection_of_coi_july_2016.pdf",20230705064840,https://assets.publishing.service.gov.uk/government/uploads/system/uploads/attachment_data/file/549253/ICIBI_inspection_of_COI_July_2016.pdf,assets.publishing.service.gov.uk,application/pdf,DF64JTLLKSYYMTEZ7G66YYMQLVL5OEEU,1429727,339769217,ICIBI_inspection_of_COI_July_2016.pdf,en,PDF
"uk,gov,service,publishing,assets)/government/uploads/system/uploads/attachment_data/file/814050/pakistan-sogie-cpin-v3.0_july_2019_.pdf",20200105113310,https://assets.publishing.service.gov.uk/government/uploads/system/uploads/attachment_data/file/814050/Pakistan-SOGIE-CPIN-v3.0_July_2019_.pdf,assets.publishing.service.gov.uk,application/pdf,TWWAD4YXULNYD7BUFVZMZW34QGCRRAZL,752063,309473071,Pakistan - SOGIE - CPIN - v3.0 (July 2019),en,PDF
"com,amazonaws,s3,moj-tribunals-documents-prod)/decision/pdf_file/52143/aa067322015___aa067352015.pdf",20231201080855,https://moj-tribunals-documents-prod.s3.amazonaws.com/decision/pdf_file/52143/AA067322015___AA067352015.pdf,moj-tribunals-documents-prod.s3.amazonaws.com,application/pdf,RSMSXYDXDFHCIDOMRTMQRTGK4RZCA5RN,106414,376518002,AA067322015___AA067352015.pdf,en,PDF
"uk,gov,service,publishing,assets)/government/uploads/system/uploads/attachment_data/file/566070/home-office-response-to-iagci-review-uganda-sexual-orientation-and-gender-identity-cig.pdf",20230803123004,https://assets.publishing.service.gov.uk/government/uploads/system/uploads/attachment_data/file/566070/Home-Office-Response-to-IAGCI-Review-Uganda-Sexual-Orientation-and-Gender-Identity-CIG.pdf,assets.publishing.service.gov.uk,application/pdf,MPGW6IW2ZVPKNBI4RYCV2NYZRYRDJCFK,117796,63186684,"HO Response to IAGCI Review: Somalia CIG, April 2014",en,PDF
"com,amazonaws,s3,moj-tribunals-documents-prod)/decision/pdf_file/45518/aa021062014.pdf",20230601114821,https://moj-tribunals-documents-prod.s3.amazonaws.com/decision/pdf_file/45518/AA021062014.pdf,moj-tribunals-documents-prod.s3.amazonaws.com,application/pdf,WGU2FEIUQTMYSJZRPP4K73GLT5AFT4NW,77470,434828951,AA021062014.pdf,en,PDF
"uk,gov,service,publishing,assets)/government/uploads/system/uploads/attachment_data/file/566215/cig_north_korea_opposition_to_the_regime.pdf",20210518114721,https://assets.publishing.service.gov.uk/government/uploads/system/uploads/attachment_data/file/566215/CIG_North_Korea_Opposition_to_the_Regime.pdf,assets.publishing.service.gov.uk,application/pdf,GIAW3MZVME4CHNF47FHSXYDML26ZQ7US,431301,456906485,CIG - North Korea - Opposition to the Regime - v2.0 (October 2016),en,PDF
"uk,gov,service,publishing,assets)/media/5a80489aed915d74e622d8da/home-office-response-to-iagci-review-uganda-sexual-orientation-and-gender-identity-cig.pdf",20240107113724,https://assets.publishing.service.gov.uk/media/5a80489aed915d74e622d8da/Home-Office-Response-to-IAGCI-Review-Uganda-Sexual-Orientation-and-Gender-Identity-CIG.pdf,assets.publishing.service.gov.uk,application/pdf,MPGW6IW2ZVPKNBI4RYCV2NYZRYRDJCFK,117787,304898141,"HO Response to IAGCI Review: Somalia CIG, April 2014",en,PDF
"uk,gov)/government/uploads/system/uploads/attachment_data/file/566194/cig_-_nigeria_-_background.pdf",20170210015643,https://www.gov.uk/government/uploads/system/uploads/attachment_data/file/566194/CIG_-_Nigeria_-_Background.pdf,www.gov.uk,application/pdf,XNNFTEF6HUV5KYHFNY56FCV2YLUVW6AG,383440,53365123,CIG - Nigeria - Background - v2.0 (August 2016),en,PDF
"uk,gov,service,publishing,assets)/government/uploads/system/uploads/attachment_data/file/570623/cpin-irq-baathists-november-2016.pdf",20200104173013,https://assets.publishing.service.gov.uk/government/uploads/system/uploads/attachment_data/file/570623/CPIN-IRQ-Baathists-November-2016.pdf,assets.publishing.service.gov.uk,application/pdf,35ODCI2IBAHRW5INVLYBSP3THD734A2I,469534,350358961,CIG - Iraq - Baathists - v1.0 (DRAFT),en,PDF
"uk,gov)/government/uploads/system/uploads/attachment_data/file/566623/cig_-_ukraine_-_crimea_donetsk_and_luhansk.pdf",20161217115030,https://www.gov.uk/government/uploads/system/uploads/attachment_data/file/566623/CIG_-_Ukraine_-_Crimea_Donetsk_and_Luhansk.pdf,www.gov.uk,application/pdf,CQ44XYBMQPLBS2C3AAGFOYODGUUTLXKT,418687,25916368,CIG Template,en,PDF
"uk,gov,charitycommission,register-of-charities)/charity-search?_uk_gov_ccew_onereg_charitydetails_web_portlet_charitydetailsportlet_objectiveid=a8454139&_uk_gov_ccew_onereg_charitydetails_web_portlet_charitydetailsportlet_priv_r_p_mvcrendercommandname=/accounts-and-annual-returns&_uk_gov_ccew_onereg_charitydetails_web_portlet_charitydetailsportlet_priv_r_p_organisationnumber=4021559&p_p_cacheability=cachelevelpage&p_p_id=uk_gov_ccew_onereg_charitydetails_web_portlet_charitydetailsportlet&p_p_lifecycle=2&p_p_mode=view&p_p_resource_id=/accounts-resource&p_p_state=maximized",20220619085534,https://register-of-charities.charitycommission.gov.uk/charity-search?p_p_id=uk_gov_ccew_onereg_charitydetails_web_portlet_CharityDetailsPortlet&p_p_lifecycle=2&p_p_state=maximized&p_p_mode=view&p_p_resource_id=%2Faccounts-resource&p_p_cacheability=cacheLevelPage&_uk_gov_ccew_onereg_charitydetails_web_portlet_CharityDetailsPortlet_objectiveId=A8454139&_uk_gov_ccew_onereg_charitydetails_web_portlet_CharityDetailsPortlet_priv_r_p_mvcRenderCommandName=%2Faccounts-and-annual-returns&_uk_gov_ccew_onereg_charitydetails_web_portlet_CharityDetailsPortlet_priv_r_p_organisationNumber=4021559,register-of-charities.charitycommission.gov.uk,application/pdf,GU26JXY7WQGETCKIL2Y2PXKBM3UK3YU5,5098823,368094336,charity-search?p_p_id=uk_gov_ccew_onereg_charitydetails_web_portlet_CharityDetailsPortlet&p_p_lifecycle=2&p_p_state=maximized&p_p_mode=view&p_p_resource_id=%2Faccounts-resource&p_p_cacheability=cacheLevelPage&_uk_gov_ccew_onereg_charitydetails_web_portlet_CharityDetailsPortlet_objectiveId=A8454139&_uk_gov_ccew_onereg_charitydetails_web_portlet_CharityDetailsPortlet_priv_r_p_mvcRenderCommandName=%2Faccounts-and-annual-returns&_uk_gov_ccew_onereg_charitydetails_web_portlet_CharityDetailsPortlet_priv_r_p_organisationNumber=4021559,en,PDF
"uk,gov)/government/uploads/system/uploads/attachment_data/file/565835/cig-iran-women-v1-february-2016.pdf",20170207115952,https://www.gov.uk/government/uploads/system/uploads/attachment_data/file/565835/CIG-Iran-Women-v1-February-2016.pdf,www.gov.uk,application/pdf,5D4DPHMPZXABD2TZDRLNYQMXEAQAOEDZ,479557,58503103,CIG Template,en,PDF
"uk,gov)/government/uploads/system/uploads/attachment_data/file/482906/pak_women_gender_based_harm_and_violence.pdf",20160120043639,https://www.gov.uk/government/uploads/system/uploads/attachment_data/file/482906/PAK_Women_Gender_based_harm_and_violence.pdf,www.gov.uk,application/pdf,ELSIRGCHJBMT44CACESYW4C5NZHYBY5F,677372,31991107,PAK_Women_Gender_based_harm_and_violence.pdf,en,PDF
"uk,gov)/government/uploads/system/uploads/attachment_data/file/500838/afg.women.gender_based_harm_and_violence.pdf",20161124181713,https://www.gov.uk/government/uploads/system/uploads/attachment_data/file/500838/AFG.Women.Gender_based_harm_and_violence.pdf,www.gov.uk,application/pdf,C236RT77MTPCQA72NZQX6QTIOZANBKSE,351506,41419974,AFG.Women.Gender_based_harm_and_violence.pdf,en,PDF
"com,amazonaws,s3,moj-tribunals-documents-prod)/decision/pdf_file/54228/pa016812017.pdf",20200901164847,https://moj-tribunals-documents-prod.s3.amazonaws.com/decision/pdf_file/54228/PA016812017.pdf,moj-tribunals-documents-prod.s3.amazonaws.com,application/pdf,FNCFDTGE56Z6MM5EG7XX7SRIUPRWRC4C,82329,488450384,PA016812017.pdf,en,PDF
"com,amazonaws,s3,moj-tribunals-documents-prod)/decision/pdf_file/49854/da013652013.pdf",20200901144740,https://moj-tribunals-documents-prod.s3.amazonaws.com/decision/pdf_file/49854/DA013652013.pdf,moj-tribunals-documents-prod.s3.amazonaws.com,application/pdf,2W77HV4ZS632BBIVHU47EQCNMLMVTE57,73936,206469778,DA013652013.pdf,en,PDF
"com,amazonaws,s3,moj-tribunals-documents-prod)/decision/pdf_file/51824/aa097482013.pdf",20211201131422,https://moj-tribunals-documents-prod.s3.amazonaws.com/decision/pdf_file/51824/AA097482013.pdf,moj-tribunals-documents-prod.s3.amazonaws.com,application/pdf,TDWLH36XYGUHBPJGCOQNPNTJYEQS7QZV,100025,445483902,AA097482013.pdf,en,PDF
"com,amazonaws,s3,moj-tribunals-documents-prod)/decision/pdf_file/50871/aa083762015___aa083782015.pdf",20200901135209,https://moj-tribunals-documents-prod.s3.amazonaws.com/decision/pdf_file/50871/AA083762015___AA083782015.pdf,moj-tribunals-documents-prod.s3.amazonaws.com,application/pdf,RNJWBGPNQI3DF7GGSW2G5VC4UBBWHE5I,93530,414795619,AA083762015___AA083782015.pdf,en,PDF
"com,amazonaws,s3,moj-tribunals-documents-prod)/decision/pdf_file/53020/aa129812015.pdf",20200901163350,https://moj-tribunals-documents-prod.s3.amazonaws.com/decision/pdf_file/53020/AA129812015.pdf,moj-tribunals-documents-prod.s3.amazonaws.com,application/pdf,RVPTJIZEDWB37FKXNZ4LUFHICRFL7G4E,110253,264808856,AA129812015.pdf,en,PDF
"com,amazonaws,s3,moj-tribunals-documents-prod)/decision/pdf_file/56171/pa143092016.pdf",20221201133632,https://moj-tribunals-documents-prod.s3.amazonaws.com/decision/pdf_file/56171/PA143092016.pdf,moj-tribunals-documents-prod.s3.amazonaws.com,application/pdf,DDPWURZPEBE7FU5X2VCGWRNKI5DVEOY5,69018,494203850,PA143092016.pdf,en,PDF
"com,amazonaws,s3,moj-tribunals-documents-prod)/decision/pdf_file/49516/aa067802014.pdf",20200901171743,https://moj-tribunals-documents-prod.s3.amazonaws.com/decision/pdf_file/49516/AA067802014.pdf,moj-tribunals-documents-prod.s3.amazonaws.com,application/pdf,OODNYNE3GHUMKTAQJCWNK3TZCV3XRGN2,105441,415749497,AA067802014.pdf,en,PDF
"uk,org,christianpersecutionreview)/storage/2019/09/pakistan-bpca-submission.pdf",20201006154951,https://christianpersecutionreview.org.uk/storage/2019/09/Pakistan-BPCA-Submission.pdf,christianpersecutionreview.org.uk,application/pdf,6HIQTI6MQMJZIDESAQPH3DGPRP5WFWG4,327512,11244762,Pakistan-BPCA-Submission.pdf,en,PDF
"uk,gov)/government/uploads/system/uploads/attachment_data/file/402790/cig_india_background_2015_02_04_v2_0.pdf",20160811041251,https://www.gov.uk/government/uploads/system/uploads/attachment_data/file/402790/cig_india_background_2015_02_04_v2_0.pdf,www.gov.uk,application/pdf,KVZFJ6KIKKDEN3L4SCPXNJLV7DLKE3UE,474812,55905042,cig_india_background_2015_02_04_v2_0.pdf,en,PDF
"com,amazonaws,s3,moj-tribunals-documents-prod)/decision/pdf_file/51989/pa030452015.pdf",20221201134117,https://moj-tribunals-documents-prod.s3.amazonaws.com/decision/pdf_file/51989/PA030452015.pdf,moj-tribunals-documents-prod.s3.amazonaws.com,application/pdf,244J5GLRFL3CT642CGFFWWHVGNUMZTZZ,86175,128788544,PA030452015.pdf,en,PDF
"uk,gov)/government/uploads/system/uploads/attachment_data/file/591507/cpin_pakistan_hazara_v1_0.pdf",20170627202026,https://www.gov.uk/government/uploads/system/uploads/attachment_data/file/591507/CPIN_Pakistan_Hazara_v1_0.pdf,www.gov.uk,application/pdf,HOBFVI25Q5JOUP63CM5G5QQQC5FTDKZY,331353,8976046,CIG Template,en,PDF
"com,amazonaws,s3,moj-tribunals-documents-prod)/decision/pdf_file/53483/aa002912016.pdf",20221201140545,https://moj-tribunals-documents-prod.s3.amazonaws.com/decision/pdf_file/53483/AA002912016.pdf,moj-tribunals-documents-prod.s3.amazonaws.com,application/pdf,W4PG7M4CUHCMVQODRYU32TKJZ47FSWF7,106783,365938724,AA002912016.pdf,en,PDF
"com,amazonaws,s3,moj-tribunals-documents-prod)/decision/pdf_file/56416/pa085192016.pdf",20200901135004,https://moj-tribunals-documents-prod.s3.amazonaws.com/decision/pdf_file/56416/PA085192016.pdf,moj-tribunals-documents-prod.s3.amazonaws.com,application/pdf,37BUBDO4VFMMPP3AMAORB3JZEOJCMVAY,100255,382755432,PA085192016.pdf,en,PDF
"uk,gov)/government/uploads/system/uploads/attachment_data/file/526908/cig_-_ukraine_-_victims_of_trafficking_v.2.0.pdf",20160615100104,https://www.gov.uk/government/uploads/system/uploads/attachment_data/file/526908/CIG_-_Ukraine_-_Victims_of_trafficking_v.2.0.pdf,www.gov.uk,application/pdf,FLO5RP6GH43PK2645O6W3ZMBH7M2C2OD,361798,53877665,CIG Template,en,PDF
"com,amazonaws,s3,moj-tribunals-documents-prod)/decision/pdf_file/74645/aa089482015___aa136072015.pdf",20221201133419,https://moj-tribunals-documents-prod.s3.amazonaws.com/decision/pdf_file/74645/AA089482015___AA136072015.pdf,moj-tribunals-documents-prod.s3.amazonaws.com,application/pdf,PSBLQHJBWNXOS4QTDRH4OB5MJG3UAUOR,98868,439555773,AA089482015___AA136072015.pdf,en,PDF
"com,amazonaws,s3,moj-tribunals-documents-prod)/decision/pdf_file/56024/pa064592016.pdf",20221201151921,https://moj-tribunals-documents-prod.s3.amazonaws.com/decision/pdf_file/56024/PA064592016.pdf,moj-tribunals-documents-prod.s3.amazonaws.com,application/pdf,4CUR3YB6DX4YDSJW3MZ3PVN6DGBI4U37,69819,66472511,PA064592016.pdf,en,PDF
"com,amazonaws,s3,moj-tribunals-documents-prod)/decision/pdf_file/46495/aa003882014___others.pdf",20200901152855,https://moj-tribunals-documents-prod.s3.amazonaws.com/decision/pdf_file/46495/AA003882014___Others.pdf,moj-tribunals-documents-prod.s3.amazonaws.com,application/pdf,R5QZKRBVHBXHKGQONYAJZNLY7K5UAXQB,86484,308569486,AA003882014___Others.pdf,en,PDF
"uk,gov,service,publishing,assets)/government/uploads/system/uploads/attachment_data/file/412716/cig_-_eritrea_-_illegal_exit_-_march_2015_-_v1_0.pdf",20240104141524,https://assets.publishing.service.gov.uk/government/uploads/system/uploads/attachment_data/file/412716/CIG_-_Eritrea_-_Illegal_Exit_-_March_2015_-_v1_0.pdf,assets.publishing.service.gov.uk,application/pdf,MMNXGRGIAOAUQURTL5R633SI6MXCQAIC,269367,322737084,Eritrea: Religious Groups,en,PDF
"com,amazonaws,s3,moj-tribunals-documents-prod)/decision/pdf_file/72146/aa134302015.pdf",20221201133351,https://moj-tribunals-documents-prod.s3.amazonaws.com/decision/pdf_file/72146/AA134302015.pdf,moj-tribunals-documents-prod.s3.amazonaws.com,application/pdf,4WB5RKNLJSLWDXQALL2526IPHQRCO3BX,65722,427868760,AA134302015.pdf,en,PDF
"com,amazonaws,s3,moj-tribunals-documents-prod)/decision/pdf_file/51414/aa032822015.pdf",20230601111849,https://moj-tribunals-documents-prod.s3.amazonaws.com/decision/pdf_file/51414/AA032822015.pdf,moj-tribunals-documents-prod.s3.amazonaws.com,application/pdf,LEUIXMTV3HKUO434EFKID4NFDJB6B5KJ,79271,46753706,AA032822015.pdf,en,PDF
"com,amazonaws,s3,moj-tribunals-documents-prod)/decision/pdf_file/54629/pa105902016___pa105942016.pdf",20200901134717,https://moj-tribunals-documents-prod.s3.amazonaws.com/decision/pdf_file/54629/PA105902016___PA105942016.pdf,moj-tribunals-documents-prod.s3.amazonaws.com,application/pdf,XU36D7ELEUHBJ77YJJDVUXTEFRRG7OGE,99845,344218117,PA105902016___PA105942016.pdf,en,PDF
"com,amazonaws,s3,moj-tribunals-documents-prod)/decision/pdf_file/49044/da020692013.pdf",20200901144300,https://moj-tribunals-documents-prod.s3.amazonaws.com/decision/pdf_file/49044/DA020692013.pdf,moj-tribunals-documents-prod.s3.amazonaws.com,application/pdf,PPIM6RV3DANZTP76GTG5D3732DD6UMXT,99259,138082872,DA020692013.pdf,en,PDF
"com,amazonaws,s3,moj-tribunals-documents-prod)/decision/pdf_file/65347/pa104252017.pdf",20231201072428,https://moj-tribunals-documents-prod.s3.amazonaws.com/decision/pdf_file/65347/PA104252017.pdf,moj-tribunals-documents-prod.s3.amazonaws.com,application/pdf,HMWK6E66CYX42DNP2Y6VZWSBSPU52WBN,79263,466110625,PA104252017.pdf,en,PDF
"com,amazonaws,s3,moj-tribunals-documents-prod)/decision/pdf_file/47306/aa090712014.pdf",20231201082846,https://moj-tribunals-documents-prod.s3.amazonaws.com/decision/pdf_file/47306/AA090712014.pdf,moj-tribunals-documents-prod.s3.amazonaws.com,application/pdf,LNK2NPU4Q7H7HRS5OUS24C5SXCYVXV4O,89330,476499716,AA090712014.pdf,en,PDF
"com,amazonaws,s3,moj-tribunals-documents-prod)/decision/pdf_file/63960/pa109882018.pdf",20231201072119,https://moj-tribunals-documents-prod.s3.amazonaws.com/decision/pdf_file/63960/PA109882018.pdf,moj-tribunals-documents-prod.s3.amazonaws.com,application/pdf,6FCBX7QYKU3N6SO22NULSFUFWO6Z7GVO,93323,368354126,PA109882018.pdf,en,PDF
"com,amazonaws,s3,moj-tribunals-documents-prod)/decision/pdf_file/47377/ia078282014.pdf",20211201134401,https://moj-tribunals-documents-prod.s3.amazonaws.com/decision/pdf_file/47377/IA078282014.pdf,moj-tribunals-documents-prod.s3.amazonaws.com,application/pdf,TZCCUM6D6E6HXXHFTNUXFAWD2ZVJLT3H,83393,435537620,IA078282014.pdf,en,PDF
"com,amazonaws,s3,moj-tribunals-documents-prod)/decision/pdf_file/69391/aa084272014.pdf",20231201080113,https://moj-tribunals-documents-prod.s3.amazonaws.com/decision/pdf_file/69391/AA084272014.pdf,moj-tribunals-documents-prod.s3.amazonaws.com,application/pdf,I5YIB4BUEIH37FJRMSG44XD3RIBE46KM,83470,135571590,AA084272014.pdf,en,PDF
"com,amazonaws,s3,moj-tribunals-documents-prod)/decision/pdf_file/47905/aa000582015.pdf",20230601114435,https://moj-tribunals-documents-prod.s3.amazonaws.com/decision/pdf_file/47905/AA000582015.pdf,moj-tribunals-documents-prod.s3.amazonaws.com,application/pdf,RDBMUU36IRBTTJHRZVNZLRBO44PNPBNP,94330,318014324,AA000582015.pdf,en,PDF
"com,amazonaws,s3,moj-tribunals-documents-prod)/decision/pdf_file/64338/pa014632018.pdf",20231201072057,https://moj-tribunals-documents-prod.s3.amazonaws.com/decision/pdf_file/64338/PA014632018.pdf,moj-tribunals-documents-prod.s3.amazonaws.com,application/pdf,KBYBCSZS7WNS46F5HEGNPPXPTSFA6BCJ,101940,357021848,PA014632018.pdf,en,PDF
"com,amazonaws,s3,moj-tribunals-documents-prod)/decision/pdf_file/55519/pa136102016.pdf",20221201153400,https://moj-tribunals-documents-prod.s3.amazonaws.com/decision/pdf_file/55519/PA136102016.pdf,moj-tribunals-documents-prod.s3.amazonaws.com,application/pdf,7DIW7KMA2RWWKYUGH2NHHSDYA6A6FWLP,112931,12143947,PA136102016.pdf,en,PDF
"uk,gov)/government/uploads/system/uploads/attachment_data/file/576895/cpin-afghanistan-fear-of-ages-v2-december-2016.pdf",20161221094111,https://www.gov.uk/government/uploads/system/uploads/attachment_data/file/576895/CPIN-Afghanistan-Fear-of-AGEs-v2-December-2016.pdf,www.gov.uk,application/pdf,U57UL7VJEAVTAXJUD4ISKHZG5TXW2G25,414960,38185812,CPIN - Afghanistan - Fear of AGEs - v2.0 (December 2016),en,PDF
"uk,gov)/government/uploads/system/uploads/attachment_data/file/459488/eritrea_-_national__incl__military__service_-_v2_0e.pdf",20160120055910,https://www.gov.uk/government/uploads/system/uploads/attachment_data/file/459488/Eritrea_-_National__incl__Military__Service_-_v2_0e.pdf,www.gov.uk,application/pdf,PREZRQWOVYQYVCV4HVTM3QR43BOAOGHW,579330,75216195,Eritrea_-_National__incl__Military__Service_-_v2_0e.pdf,en,PDF
"com,amazonaws,s3,moj-tribunals-documents-prod)/decision/pdf_file/46839/00467_ukut_iac_2015_bm_drc.pdf",20200901165250,https://moj-tribunals-documents-prod.s3.amazonaws.com/decision/pdf_file/46839/00467_ukut_iac_2015_bm_drc.pdf,moj-tribunals-documents-prod.s3.amazonaws.com,application/pdf,RS6O3CU6ONAZCRJ37JAEXBYVJT22G4GD,110741,45707751,00467_ukut_iac_2015_bm_drc.pdf,en,PDF
"com,amazonaws,s3,moj-tribunals-documents-prod)/decision/pdf_file/47377/ia078282014.pdf",20200901171528,https://moj-tribunals-documents-prod.s3.amazonaws.com/decision/pdf_file/47377/IA078282014.pdf,moj-tribunals-documents-prod.s3.amazonaws.com,application/pdf,TZCCUM6D6E6HXXHFTNUXFAWD2ZVJLT3H,83393,384361587,IA078282014.pdf,en,PDF
"uk,gov,independent,icinspector)/wp-content/uploads/2016/01/review-of-iraq-humanitarian-situation-cig-oct-2015.pdf",20170803100539,http://icinspector.independent.gov.uk/wp-content/uploads/2016/01/Review-of-Iraq-Humanitarian-Situation-CIG-Oct-2015.pdf,icinspector.independent.gov.uk,application/pdf,HKULF2VVXU4TPH4GXHABCJVBYFYCTN3U,430703,82424068,Review-of-Iraq-Humanitarian-Situation-CIG-Oct-2015.pdf,en,PDF
"uk,gov,service,publishing,assets)/government/uploads/system/uploads/attachment_data/file/677556/an_inspection_of_the_production_and_use_of_country_of_origin_information.pdf",20230903041244,https://assets.publishing.service.gov.uk/government/uploads/system/uploads/attachment_data/file/677556/An_inspection_of_the_production_and_use_of_Country_of_Origin_Information.pdf,assets.publishing.service.gov.uk,application/pdf,4NXLUYKJXBHQEOULCID5JFCR36W6RYZO,609732,76962092,An_inspection_of_the_production_and_use_of_Country_of_Origin_Information.pdf,en,PDF
"uk,gov,service,publishing,assets)/government/uploads/system/uploads/attachment_data/file/566017/review-of-libya-minority-ethnic-groups-cig.pdf",20200208134212,https://assets.publishing.service.gov.uk/government/uploads/system/uploads/attachment_data/file/566017/Review-of-Libya-Minority-Ethnic-Groups-CIG.pdf,assets.publishing.service.gov.uk,application/pdf,ZO7JYPHCORMJFXGOMQ7VLL4LNUF2FZXS,478967,387210608,Review-of-Libya-Minority-Ethnic-Groups-CIG.pdf,en,PDF
"uk,gov,service,publishing,assets)/government/uploads/system/uploads/attachment_data/file/738924/turkey_-_kurds_-_cpin_-_v2.0__august_2018__-_copy.pdf",20200208002101,https://assets.publishing.service.gov.uk/government/uploads/system/uploads/attachment_data/file/738924/Turkey_-_Kurds_-_CPIN_-_v2.0__August_2018__-_Copy.pdf,assets.publishing.service.gov.uk,application/pdf,BZDPLOTZDPALUGHWN4AIOI33SYSDWC3H,718916,210995777,Turkey - Kurds - CPIN - v2.0 (August 2018),en,PDF
"com,amazonaws,s3,moj-tribunals-documents-prod)/decision/pdf_file/55374/pa030152016.pdf",20200901135403,https://moj-tribunals-documents-prod.s3.amazonaws.com/decision/pdf_file/55374/PA030152016.pdf,moj-tribunals-documents-prod.s3.amazonaws.com,application/pdf,TVW6ZQKVMKG5O7N2GZNXBPCXWS5T7XPW,115188,442263478,PA030152016.pdf,en,PDF
"com,amazonaws,s3,moj-tribunals-documents-prod)/decision/pdf_file/56409/rp000772016.pdf",20200901134609,https://moj-tribunals-documents-prod.s3.amazonaws.com/decision/pdf_file/56409/RP000772016.pdf,moj-tribunals-documents-prod.s3.amazonaws.com,application/pdf,KDQ2IDIKTYGGLCJ7R6BACMEFZBPWE3F7,103677,331911631,RP000772016.pdf,en,PDF
"uk,gov)/government/uploads/system/uploads/attachment_data/file/570623/cpin-irq-baathists-november-2016.pdf",20170210015718,https://www.gov.uk/government/uploads/system/uploads/attachment_data/file/570623/CPIN-IRQ-Baathists-November-2016.pdf,www.gov.uk,application/pdf,35ODCI2IBAHRW5INVLYBSP3THD734A2I,469216,60393256,CIG - Iraq - Baathists - v1.0 (DRAFT),en,PDF
"com,amazonaws,s3,moj-tribunals-documents-prod)/decision/pdf_file/58220/pa018212017.pdf",20221201141236,https://moj-tribunals-documents-prod.s3.amazonaws.com/decision/pdf_file/58220/PA018212017.pdf,moj-tribunals-documents-prod.s3.amazonaws.com,application/pdf,VQZUGFNLZVA4RBBILB7TSYSFBS3TB527,94408,71528489,PA018212017.pdf,en,PDF
"uk,gov,service,publishing,assets)/government/uploads/system/uploads/attachment_data/file/566170/libya_-_security_situation_and_humanitarian_conditions.pdf",20240313053205,https://assets.publishing.service.gov.uk/government/uploads/system/uploads/attachment_data/file/566170/Libya_-_Security_situation_and_humanitarian_conditions.pdf,assets.publishing.service.gov.uk,application/pdf,W65HG4KXZRUMLETIYZ4LSRPW7GCS3CWF,596410,225082386,CIG Template,en,PDF
"org,gsdrc)/wp-content/uploads/2016/02/fragility_migration_eritrea.pdf",20210601113339,https://gsdrc.org/wp-content/uploads/2016/02/Fragility_Migration_Eritrea.pdf,gsdrc.org,application/pdf,6IIXSGBMTVTO34JC23JQDMZL2VK6NW7L,760585,229127409,Rapid fragility and migration assessment for Eritrea,en,PDF
"com,amazonaws,s3,moj-tribunals-documents-prod)/decision/pdf_file/58589/pa019752017.pdf",20221201142108,https://moj-tribunals-documents-prod.s3.amazonaws.com/decision/pdf_file/58589/PA019752017.pdf,moj-tribunals-documents-prod.s3.amazonaws.com,application/pdf,2ZEUPWJRHKL6SCTXDJCYWWCRAUIQTMXX,89633,338276933,PA019752017.pdf,en,PDF
"com,amazonaws,s3,moj-tribunals-documents-prod)/decision/pdf_file/65615/pa111892018.pdf",20231201071324,https://moj-tribunals-documents-prod.s3.amazonaws.com/decision/pdf_file/65615/PA111892018.pdf,moj-tribunals-documents-prod.s3.amazonaws.com,application/pdf,6S4RN6D3D4YZV7UMUMYAS4Q2FBFDI3UF,78981,119236004,PA111892018.pdf,en,PDF
"com,amazonaws,s3,moj-tribunals-documents-prod)/decision/pdf_file/47188/aa004672015.pdf",20221201152447,https://moj-tribunals-documents-prod.s3.amazonaws.com/decision/pdf_file/47188/AA004672015.pdf,moj-tribunals-documents-prod.s3.amazonaws.com,application/pdf,DMQCW7CCJHFXIQ7P64P2I2BZWRCNKVV5,66074,229969640,AA004672015.pdf,en,PDF
"uk,gov,service,publishing,assets)/government/uploads/system/uploads/attachment_data/file/566033/review-of-iraq-humanitarian-situation-cig.pdf",20230303073910,https://assets.publishing.service.gov.uk/government/uploads/system/uploads/attachment_data/file/566033/Review-of-Iraq-Humanitarian-Situation-CIG.pdf,assets.publishing.service.gov.uk,application/pdf,HKULF2VVXU4TPH4GXHABCJVBYFYCTN3U,431072,323017683,Review-of-Iraq-Humanitarian-Situation-CIG.pdf,en,PDF
"com,amazonaws,s3,moj-tribunals-documents-prod)/decision/pdf_file/53632/pa138262016.pdf",20200901163306,https://moj-tribunals-documents-prod.s3.amazonaws.com/decision/pdf_file/53632/PA138262016.pdf,moj-tribunals-documents-prod.s3.amazonaws.com,application/pdf,5V45PCZHWOXHMDGHFV74V72OPZYNQVCD,94986,253598188,PA138262016.pdf,en,PDF
"uk,gov)/government/uploads/system/uploads/attachment_data/file/523622/cig_-_jamaica_-_background_v_1_0.pdf",20161124181828,https://www.gov.uk/government/uploads/system/uploads/attachment_data/file/523622/CIG_-_Jamaica_-_Background_v_1_0.pdf,www.gov.uk,application/pdf,CZSJAIASJ5FRTZNC4LH5HZ5OT2ED5X74,234690,47060572,CIG_-_Jamaica_-_Background_v_1_0.pdf,en,PDF
"uk,gov)/government/uploads/system/uploads/attachment_data/file/500854/cig-_iran-_women_february_2016.pdf",20160617033707,https://www.gov.uk/government/uploads/system/uploads/attachment_data/file/500854/CIG-_Iran-_Women_February_2016.pdf,www.gov.uk,application/pdf,5D4DPHMPZXABD2TZDRLNYQMXEAQAOEDZ,479548,51818163,CIG Template,en,PDF
"com,amazonaws,s3,moj-tribunals-documents-prod)/decision/pdf_file/56727/aa047422015.pdf",20200901134804,https://moj-tribunals-documents-prod.s3.amazonaws.com/decision/pdf_file/56727/AA047422015.pdf,moj-tribunals-documents-prod.s3.amazonaws.com,application/pdf,OGPTRCCTZ42MAYAPL5MS6TL2JRALDD6J,146819,353307060,AA047422015.pdf,en,PDF
"com,amazonaws,s3,moj-tribunals-documents-prod)/decision/pdf_file/57866/pa113182016.pdf",20230601105631,https://moj-tribunals-documents-prod.s3.amazonaws.com/decision/pdf_file/57866/PA113182016.pdf,moj-tribunals-documents-prod.s3.amazonaws.com,application/pdf,KFCOCE2AMTLVO4P7ZPSWFW2MRQWLFMCX,97799,424978160,PA113182016.pdf,en,PDF
"com,amazonaws,s3,moj-tribunals-documents-prod)/decision/pdf_file/51226/aa114122014.pdf",20230601130119,https://moj-tribunals-documents-prod.s3.amazonaws.com/decision/pdf_file/51226/AA114122014.pdf,moj-tribunals-documents-prod.s3.amazonaws.com,application/pdf,PH3GNISYI4FZUK3WK26HASCWJDFRLLZS,103485,132891284,AA114122014.pdf,en,PDF
"com,amazonaws,s3,moj-tribunals-documents-prod)/decision/pdf_file/54830/pa141122016..pdf",20230601112811,https://moj-tribunals-documents-prod.s3.amazonaws.com/decision/pdf_file/54830/PA141122016..pdf,moj-tribunals-documents-prod.s3.amazonaws.com,application/pdf,QUQFUSYGBIFVHFEYFPQD4EGQKIDZPAGO,84709,326767371,PA141122016..pdf,en,PDF
"com,amazonaws,s3,moj-tribunals-documents-prod)/decision/pdf_file/57482/pa143772016.pdf",20231201073638,https://moj-tribunals-documents-prod.s3.amazonaws.com/decision/pdf_file/57482/PA143772016.pdf,moj-tribunals-documents-prod.s3.amazonaws.com,application/pdf,N5DQDEFCNURZFE5LT2OK7SP7FNNIS3JI,86441,351669843,PA143772016.pdf,en,PDF
"com,amazonaws,s3,moj-tribunals-documents-prod)/decision/pdf_file/49854/da013652013.pdf",20211201162216,https://moj-tribunals-documents-prod.s3.amazonaws.com/decision/pdf_file/49854/DA013652013.pdf,moj-tribunals-documents-prod.s3.amazonaws.com,application/pdf,2W77HV4ZS632BBIVHU47EQCNMLMVTE57,73930,47354701,DA013652013.pdf,en,PDF
"uk,gov,independent,icinspector)/wp-content/uploads/2016/01/review-of-home-office-cigs-on-eritrea-dec-2015.pdf",20170803100544,http://icinspector.independent.gov.uk/wp-content/uploads/2016/01/Review-of-Home-Office-CIGs-on-Eritrea-Dec-2015.pdf,icinspector.independent.gov.uk,application/pdf,IPUQKGHOQ4VJXLPLOMZKNQF3ILHT3O7W,586883,5516993,Review-of-Home-Office-CIGs-on-Eritrea-Dec-2015.pdf,en,PDF
"com,amazonaws,s3,moj-tribunals-documents-prod)/decision/pdf_file/70239/aa135102015.pdf",20221201133339,https://moj-tribunals-documents-prod.s3.amazonaws.com/decision/pdf_file/70239/AA135102015.pdf,moj-tribunals-documents-prod.s3.amazonaws.com,application/pdf,P3ZQP7H7O5RWH25TSB3CLJ5WB4QMT456,104585,421825742,AA135102015.pdf,en,PDF
"uk,gov,independent,icinspector)/wp-content/uploads/2014/11/home-offices-response-to-the-iagcis-review-on-the-cig-report-on-somalia.pdf",20170803100543,http://icinspector.independent.gov.uk/wp-content/uploads/2014/11/Home-Offices-response-to-the-IAGCIs-review-on-the-CIG-report-on-Somalia.pdf,icinspector.independent.gov.uk,application/pdf,HTAVYKEWI5ORFITMPVS6P2GFKI2WOS5Q,155623,96086255,"HO Response to IAGCI Review: Somalia CIG, April 2014",en,PDF
"uk,gov,service,publishing,assets)/government/uploads/system/uploads/attachment_data/file/559681/review-of-iraq-humanitarian-situation-cig-oct-2015.pdf",20230909085735,https://assets.publishing.service.gov.uk/government/uploads/system/uploads/attachment_data/file/559681/Review-of-Iraq-Humanitarian-Situation-CIG-Oct-2015.pdf,assets.publishing.service.gov.uk,application/pdf,HKULF2VVXU4TPH4GXHABCJVBYFYCTN3U,430983,265853157,Review-of-Iraq-Humanitarian-Situation-CIG-Oct-2015.pdf,en,PDF
"com,amazonaws,s3,moj-tribunals-documents-prod)/decision/pdf_file/54713/pa141652016.pdf",20230601114118,https://moj-tribunals-documents-prod.s3.amazonaws.com/decision/pdf_file/54713/PA141652016.pdf,moj-tribunals-documents-prod.s3.amazonaws.com,application/pdf,WX6K7CTX54CK7Q344AB552LWYZX2LPNP,79013,216815946,PA141652016.pdf,en,PDF
"com,amazonaws,s3,moj-tribunals-documents-prod)/decision/pdf_file/53723/pa130262016.pdf",20200901162841,https://moj-tribunals-documents-prod.s3.amazonaws.com/decision/pdf_file/53723/PA130262016.pdf,moj-tribunals-documents-prod.s3.amazonaws.com,application/pdf,L6UYRTVBSYOEPNZOOST5BNCRN4BCFS7L,106180,186141119,PA130262016.pdf,en,PDF
"uk,gov,service,publishing,assets)/media/5a801bbfe5274a2e8ab4e3bb/review-of-iraq-humanitarian-situation-cig-oct-2015.pdf",20240308070921,https://assets.publishing.service.gov.uk/media/5a801bbfe5274a2e8ab4e3bb/Review-of-Iraq-Humanitarian-Situation-CIG-Oct-2015.pdf,assets.publishing.service.gov.uk,application/pdf,HKULF2VVXU4TPH4GXHABCJVBYFYCTN3U,431008,400062287,Review-of-Iraq-Humanitarian-Situation-CIG-Oct-2015.pdf,en,PDF
"uk,gov,service,publishing,assets)/government/uploads/system/uploads/attachment_data/file/778221/certification-s94-guidance-0219.pdf",20200827022404,https://assets.publishing.service.gov.uk/government/uploads/system/uploads/attachment_data/file/778221/certification-s94-guidance-0219.pdf,assets.publishing.service.gov.uk,application/pdf,XBKZGS5JMLNYMXPZULUAEUSBKGG36K2L,535750,38864394,certification-s94-guidance-0219.pdf,en,PDF
"uk,gov,service,publishing,assets)/government/uploads/system/uploads/attachment_data/file/257192/a-thematic-review.pdf",20200306143215,https://assets.publishing.service.gov.uk/government/uploads/system/uploads/attachment_data/file/257192/a-thematic-review.pdf,assets.publishing.service.gov.uk,application/pdf,CDUIOT2W4NSLHSTKDUW3ZRHZBIE3XHYK,94419,481241920,Untitled document,en,PDF
"com,amazonaws,s3,moj-tribunals-documents-prod)/decision/pdf_file/53773/pa006312016.pdf",20200901140854,https://moj-tribunals-documents-prod.s3.amazonaws.com/decision/pdf_file/53773/PA006312016.pdf,moj-tribunals-documents-prod.s3.amazonaws.com,application/pdf,DUBPDTYWRJ3JGHS5ZO2BJA3G7FMGRYMX,95564,156711029,PA006312016.pdf,en,PDF
"uk,gov,service,publishing,assets)/media/5a804d9840f0b62302692b4b/review-of-iraq-humanitarian-situation-cig.pdf",20240107113411,https://assets.publishing.service.gov.uk/media/5a804d9840f0b62302692b4b/Review-of-Iraq-Humanitarian-Situation-CIG.pdf,assets.publishing.service.gov.uk,application/pdf,HKULF2VVXU4TPH4GXHABCJVBYFYCTN3U,430964,498935344,Review-of-Iraq-Humanitarian-Situation-CIG.pdf,en,PDF
"com,amazonaws,s3,moj-tribunals-documents-prod)/decision/pdf_file/44928/aa005282014.pdf",20221201151826,https://moj-tribunals-documents-prod.s3.amazonaws.com/decision/pdf_file/44928/AA005282014.pdf,moj-tribunals-documents-prod.s3.amazonaws.com,application/pdf,NCW2I2NXYQQUYKRD742S3XZP7U6QUNX2,65204,39143499,AA005282014.pdf,en,PDF
"uk,gov)/government/uploads/system/uploads/attachment_data/file/567175/cpin_-_ukraine_-_military_service_v_3_0.pdf",20170207163400,https://www.gov.uk/government/uploads/system/uploads/attachment_data/file/567175/CPIN_-_Ukraine_-_Military_Service_v_3_0.pdf,www.gov.uk,application/pdf,WH4EQZHHV7M3726N5P4V3YEX4NE4YRMB,435701,77831433,CPIN - Ukraine - Military Service v.3.0 (November 2016),en,PDF
"uk,gov)/government/uploads/system/uploads/attachment_data/file/566157/cig_-_kuwait_-_bidoons.pdf",20161220182409,https://www.gov.uk/government/uploads/system/uploads/attachment_data/file/566157/CIG_-_Kuwait_-_Bidoons.pdf,www.gov.uk,application/pdf,IP6LVKJXWZH6AFBFR3AVCQTZVERIGO7V,424316,51993172,CIG - Kuwait - Bidoons - v2.0 (July 2016),en,PDF
"com,amazonaws,s3,moj-tribunals-documents-prod)/decision/pdf_file/55075/pa112572016.pdf",20221201141218,https://moj-tribunals-documents-prod.s3.amazonaws.com/decision/pdf_file/55075/PA112572016.pdf,moj-tribunals-documents-prod.s3.amazonaws.com,application/pdf,2AJNWLKLB52DSKU4MJNAUBSXRLLSXNGH,108754,62375519,PA112572016.pdf,en,PDF
"uk,gov,service,publishing,assets)/government/uploads/system/uploads/attachment_data/file/732170/turkey_-_kurdish_political_parties_-_cpin_-_v3.0__august_2018_.pdf",20200208004751,https://assets.publishing.service.gov.uk/government/uploads/system/uploads/attachment_data/file/732170/Turkey_-_Kurdish_Political_Parties_-_CPIN_-_v3.0__August_2018_.pdf,assets.publishing.service.gov.uk,application/pdf,HRVXMTITZMPOSTRU2367FWEH6ICRXUR7,1111483,158424915,Turkey - Kurdish Political Parties - CPIN - v3.0 (August 2018),en,PDF
"uk,gov,service,publishing,assets)/government/uploads/system/uploads/attachment_data/file/573345/cpin_-_afghanistan_-_women_fearing_gbv.pdf",20200207044314,https://assets.publishing.service.gov.uk/government/uploads/system/uploads/attachment_data/file/573345/CPIN_-_Afghanistan_-_Women_fearing_GBV.pdf,assets.publishing.service.gov.uk,application/pdf,G66KBDRFNWKE772OLRXNCFLR4CSJS7D3,451378,285861368,CPIN - Afghanistan - Women fearing GBV - v2.0 (November 2016),en,PDF
"com,amazonaws,s3,moj-tribunals-documents-prod)/decision/pdf_file/57123/pa004012015.pdf",20200901134901,https://moj-tribunals-documents-prod.s3.amazonaws.com/decision/pdf_file/57123/PA004012015.pdf,moj-tribunals-documents-prod.s3.amazonaws.com,application/pdf,HPMSGYAGPLI3PXCL2Q2WLHBRFMNFVKSH,100502,367718487,PA004012015.pdf,en,PDF
"uk,gov,service,publishing,assets)/government/uploads/system/uploads/attachment_data/file/856915/family-reunion-guidance-v4.0-ext.pdf",20200306081322,https://assets.publishing.service.gov.uk/government/uploads/system/uploads/attachment_data/file/856915/family-reunion-guidance-v4.0-ext.pdf,assets.publishing.service.gov.uk,application/pdf,KOXL3XF2MWVTXKKJ22YXTC2DTA75ONYD,344958,442479463,family reunion for refugees and those with humanitarian protection,en,PDF
"com,amazonaws,s3,moj-tribunals-documents-prod)/decision/pdf_file/46495/aa003882014___others.pdf",20211201135420,https://moj-tribunals-documents-prod.s3.amazonaws.com/decision/pdf_file/46495/AA003882014___Others.pdf,moj-tribunals-documents-prod.s3.amazonaws.com,application/pdf,R5QZKRBVHBXHKGQONYAJZNLY7K5UAXQB,86480,100051322,AA003882014___Others.pdf,en,PDF
"com,amazonaws,s3,moj-tribunals-documents-prod)/decision/pdf_file/49137/aa028162012.pdf",20200901164502,https://moj-tribunals-documents-prod.s3.amazonaws.com/decision/pdf_file/49137/AA028162012.pdf,moj-tribunals-documents-prod.s3.amazonaws.com,application/pdf,3OWM3D5JQRJQRDBJGY3WVZA7HXXLPROV,99977,436211985,AA028162012.pdf,en,PDF
"com,amazonaws,s3,moj-tribunals-documents-prod)/decision/pdf_file/46839/00467_ukut_iac_2015_bm_drc.pdf",20211201164621,https://moj-tribunals-documents-prod.s3.amazonaws.com/decision/pdf_file/46839/00467_ukut_iac_2015_bm_drc.pdf,moj-tribunals-documents-prod.s3.amazonaws.com,application/pdf,RS6O3CU6ONAZCRJ37JAEXBYVJT22G4GD,110738,458173312,00467_ukut_iac_2015_bm_drc.pdf,en,PDF
"uk,gov,service,publishing,assets)/government/uploads/system/uploads/attachment_data/file/787275/family-reunion-guidance-v3.0ext.pdf",20200107030515,https://assets.publishing.service.gov.uk/government/uploads/system/uploads/attachment_data/file/787275/family-reunion-guidance-v3.0ext.pdf,assets.publishing.service.gov.uk,application/pdf,D2V2PUMVOZI5ZXWALP42UPNAOWVUZ3AU,587507,213005407,family-reunion-guidance-v3.0ext.pdf,en,PDF
"uk,gov,service,publishing,assets)/government/uploads/system/uploads/attachment_data/file/614322/inspection-of-country-of-origin-information_november-2016.pdf",20220420140702,https://assets.publishing.service.gov.uk/government/uploads/system/uploads/attachment_data/file/614322/Inspection-of-Country-of-Origin-Information_November-2016.pdf,assets.publishing.service.gov.uk,application/pdf,3T764HLFZ2VENUKYH2ZWUYQUR64XHGKK,1539962,347903413,Inspection-of-Country-of-Origin-Information_November-2016.pdf,en,PDF
"com,amazonaws,s3,moj-tribunals-documents-prod)/decision/pdf_file/49516/aa067802014.pdf",20231201082429,https://moj-tribunals-documents-prod.s3.amazonaws.com/decision/pdf_file/49516/AA067802014.pdf,moj-tribunals-documents-prod.s3.amazonaws.com,application/pdf,OODNYNE3GHUMKTAQJCWNK3TZCV3XRGN2,105443,352030455,AA067802014.pdf,en,PDF
"uk,gov)/government/uploads/system/uploads/attachment_data/file/478145/iraq_cig_security_situation_nov_15.pdf",20160617033729,https://www.gov.uk/government/uploads/system/uploads/attachment_data/file/478145/Iraq_CIG_security_situation_Nov_15.pdf,www.gov.uk,application/pdf,HGB3MXLT6ACZMETY73WECEYTLIRKSDC3,1086148,52620558,CIG Template,en,PDF
"uk,gov)/government/uploads/system/uploads/attachment_data/file/566237/pak_women_gender_based_harm_and_violence.pdf",20161220182311,https://www.gov.uk/government/uploads/system/uploads/attachment_data/file/566237/PAK_Women_Gender_based_harm_and_violence.pdf,www.gov.uk,application/pdf,WBOLJCMSQSVKPPPIJBIMF3KF32NQHPOL,597100,38446207,PAK_Women_Gender_based_harm_and_violence.pdf,en,PDF
"com,amazonaws,s3,moj-tribunals-documents-prod)/decision/pdf_file/52901/aa092172015.pdf",20221201152633,https://moj-tribunals-documents-prod.s3.amazonaws.com/decision/pdf_file/52901/AA092172015.pdf,moj-tribunals-documents-prod.s3.amazonaws.com,application/pdf,SW553ZUL7IXK3OYAJ4RLNJTGS354SLQE,77960,283167691,AA092172015.pdf,en,PDF
"com,amazonaws,s3,moj-tribunals-documents-prod)/decision/pdf_file/49854/da013652013.pdf",20231201082151,https://moj-tribunals-documents-prod.s3.amazonaws.com/decision/pdf_file/49854/DA013652013.pdf,moj-tribunals-documents-prod.s3.amazonaws.com,application/pdf,2W77HV4ZS632BBIVHU47EQCNMLMVTE57,73926,274273668,DA013652013.pdf,en,PDF
"com,amazonaws,s3,moj-tribunals-documents-prod)/decision/pdf_file/60821/aa100122015.pdf",20231201080710,https://moj-tribunals-documents-prod.s3.amazonaws.com/decision/pdf_file/60821/AA100122015.pdf,moj-tribunals-documents-prod.s3.amazonaws.com,application/pdf,77AEKY5EAIEMQQFORJQTUSAAC3TTG66A,92161,322895729,AA100122015.pdf,en,PDF
"com,amazonaws,s3,moj-tribunals-documents-prod)/decision/pdf_file/62818/pa092612017.pdf",20221201151632,https://moj-tribunals-documents-prod.s3.amazonaws.com/decision/pdf_file/62818/PA092612017.pdf,moj-tribunals-documents-prod.s3.amazonaws.com,application/pdf,BZBLKIOGLOZ64QMOLBZJCPVCUCJH3AW3,88732,482025115,PA092612017.pdf,en,PDF
"uk,gov)/government/uploads/system/uploads/attachment_data/file/567077/pak_hazaras.pdf",20161220182300,https://www.gov.uk/government/uploads/system/uploads/attachment_data/file/567077/PAK_Hazaras.pdf,www.gov.uk,application/pdf,SBAXGMIKBX22ZWCQ75COWE2HHSM3FWJ4,332861,36654690,CIG Template,en,PDF
"com,amazonaws,s3,moj-tribunals-documents-prod)/decision/pdf_file/54228/pa016812017.pdf",20231201080230,https://moj-tribunals-documents-prod.s3.amazonaws.com/decision/pdf_file/54228/PA016812017.pdf,moj-tribunals-documents-prod.s3.amazonaws.com,application/pdf,FNCFDTGE56Z6MM5EG7XX7SRIUPRWRC4C,82327,175970084,PA016812017.pdf,en,PDF
"uk,gov,service,publishing,assets)/government/uploads/system/uploads/attachment_data/file/559478/review-of-home-office-cigs-on-eritrea-dec-2015.pdf",20230909085611,https://assets.publishing.service.gov.uk/government/uploads/system/uploads/attachment_data/file/559478/Review-of-Home-Office-CIGs-on-Eritrea-Dec-2015.pdf,assets.publishing.service.gov.uk,application/pdf,HF4PQUTBHQWN7MYLMRPPBUHBUVVPA7FI,572953,293472318,Review-of-Home-Office-CIGs-on-Eritrea-Dec-2015.pdf,en,PDF
"uk,gov,service,publishing,assets)/media/5a81a6f6ed915d74e33ff5c5/review-of-home-office-cigs-on-eritrea-dec-2015.pdf",20240107112623,https://assets.publishing.service.gov.uk/media/5a81a6f6ed915d74e33ff5c5/Review-of-Home-Office-CIGs-on-Eritrea-Dec-2015.pdf,assets.publishing.service.gov.uk,application/pdf,HF4PQUTBHQWN7MYLMRPPBUHBUVVPA7FI,572948,304682688,Review-of-Home-Office-CIGs-on-Eritrea-Dec-2015.pdf,en,PDF
"com,amazonaws,s3,moj-tribunals-documents-prod)/decision/pdf_file/56818/pa044172017.pdf",20230601122101,https://moj-tribunals-documents-prod.s3.amazonaws.com/decision/pdf_file/56818/PA044172017.pdf,moj-tribunals-documents-prod.s3.amazonaws.com,application/pdf,ZABSVDVO3WXZVBOGK2RQBRGTCXGA333A,131388,399491218,PA044172017.pdf,en,PDF
"uk,gov,service,publishing,assets)/government/uploads/system/uploads/attachment_data/file/524502/a-on-article-1d-and-palestinians-v2_0.pdf",20230706014641,https://assets.publishing.service.gov.uk/government/uploads/system/uploads/attachment_data/file/524502/A-on-Article-1D-and-Palestinians-v2_0.pdf,assets.publishing.service.gov.uk,application/pdf,L53VIVFCFWHQGYUSYT4E2XQ5HN2I4B6C,97659,450008830,A-on-Article-1D-and-Palestinians-v2_0.pdf,en,PDF
"com,amazonaws,s3,moj-tribunals-documents-prod)/decision/pdf_file/53020/aa129812015.pdf",20230601114700,https://moj-tribunals-documents-prod.s3.amazonaws.com/decision/pdf_file/53020/AA129812015.pdf,moj-tribunals-documents-prod.s3.amazonaws.com,application/pdf,RVPTJIZEDWB37FKXNZ4LUFHICRFL7G4E,110249,393215295,AA129812015.pdf,en,PDF
"uk,org,christianpersecutionreview)/storage/2019/09/pakistan-bpca-submission.pdf",20230630143050,https://christianpersecutionreview.org.uk/storage/2019/09/Pakistan-BPCA-Submission.pdf,christianpersecutionreview.org.uk,application/pdf,6HIQTI6MQMJZIDESAQPH3DGPRP5WFWG4,327486,173887348,Pakistan-BPCA-Submission.pdf,en,PDF
"com,amazonaws,s3,moj-tribunals-documents-prod)/decision/pdf_file/51756/aa022572015.pdf",20200901165128,https://moj-tribunals-documents-prod.s3.amazonaws.com/decision/pdf_file/51756/AA022572015.pdf,moj-tribunals-documents-prod.s3.amazonaws.com,application/pdf,LZDM3AKJTYQFQIETZYQEIUD366SSIZU7,125740,26536144,AA022572015.pdf,en,PDF
"com,amazonaws,s3,moj-tribunals-documents-prod)/decision/pdf_file/53678/pa022602016.pdf",20200901162617,https://moj-tribunals-documents-prod.s3.amazonaws.com/decision/pdf_file/53678/PA022602016.pdf,moj-tribunals-documents-prod.s3.amazonaws.com,application/pdf,QJPY53LRIO4YN3FGLW3GUA4XRDHUOUHE,93212,150287088,PA022602016.pdf,en,PDF
"uk,gov,service,publishing,assets)/government/uploads/system/uploads/attachment_data/file/947899/screening-and-routing-v6.0ext.pdf",20210309083527,https://assets.publishing.service.gov.uk/government/uploads/system/uploads/attachment_data/file/947899/screening-and-routing-v6.0ext.pdf,assets.publishing.service.gov.uk,application/pdf,BZLGHJN4EMROIOPS3OGLKKBGRFHBUDCP,621437,123174579,Screening and routing casework guidance,en,PDF
"com,amazonaws,s3,moj-tribunals-documents-prod)/decision/pdf_file/50871/aa083762015___aa083782015.pdf",20230601122001,https://moj-tribunals-documents-prod.s3.amazonaws.com/decision/pdf_file/50871/AA083762015___AA083782015.pdf,moj-tribunals-documents-prod.s3.amazonaws.com,application/pdf,RNJWBGPNQI3DF7GGSW2G5VC4UBBWHE5I,93532,369205280,AA083762015___AA083782015.pdf,en,PDF
"uk,gov,service,publishing,assets)/media/654d049b5d60950011bec8bc/clearly+unfounded+claims+-+certification+under+section+94.pdf",20231213181914,https://assets.publishing.service.gov.uk/media/654d049b5d60950011bec8bc/Clearly+unfounded+claims+-+certification+under+section+94.pdf,assets.publishing.service.gov.uk,application/pdf,YULUY37I7TA7YJCZ4VZIANFPL2YTMIQ4,237987,389929292,Clearly unfounded claims - certification under section 94.docx,en,PDF
"uk,gov,independent,icinspector)/wp-content/uploads/2016/01/review-of-libya-minority-ethnic-groups-cig-oct-2015.pdf",20170803100558,http://icinspector.independent.gov.uk/wp-content/uploads/2016/01/Review-of-Libya-Minority-Ethnic-Groups-CIG-Oct-2015.pdf,icinspector.independent.gov.uk,application/pdf,ZO7JYPHCORMJFXGOMQ7VLL4LNUF2FZXS,478594,32788902,Review-of-Libya-Minority-Ethnic-Groups-CIG-Oct-2015.pdf,en,PDF
"uk,gov,service,publishing,assets)/government/uploads/system/uploads/attachment_data/file/1025797/afg_cpin_unaccompanied_children.pdf",20211020003037,https://assets.publishing.service.gov.uk/government/uploads/system/uploads/attachment_data/file/1025797/AFG_CPIN_Unaccompanied_children.pdf,assets.publishing.service.gov.uk,application/pdf,6NSOL5NLTAJJJSMF3CTCHIFLU5B32WIW,493111,826117,AFG CPIN Unaccompanied children,en,PDF
"uk,gov,service,publishing,assets)/government/uploads/system/uploads/attachment_data/file/1150432/clearly_unfounded_claims_-_certification_under_section_94.pdf",20231102123440,https://assets.publishing.service.gov.uk/government/uploads/system/uploads/attachment_data/file/1150432/Clearly_unfounded_claims_-_certification_under_section_94.pdf,assets.publishing.service.gov.uk,application/pdf,MCQMHEGQYMQIH5VON5DKNE2FDOQI7CNC,233013,213100336,Clearly unfounded claims - certification under section 94.docx,en,PDF
"uk,gov)/government/uploads/system/uploads/attachment_data/file/500817/pak_women_gender_based_harm_and_violence_feb_16.pdf",20160514145956,https://www.gov.uk/government/uploads/system/uploads/attachment_data/file/500817/PAK_Women_Gender_based_harm_and_violence_feb_16.pdf,www.gov.uk,application/pdf,WBOLJCMSQSVKPPPIJBIMF3KF32NQHPOL,597103,27296435,PAK_Women_Gender_based_harm_and_violence_feb_16.pdf,en,PDF
"com,amazonaws,s3,moj-tribunals-documents-prod)/decision/pdf_file/48145/aa029672014.pdf",20211201134908,https://moj-tribunals-documents-prod.s3.amazonaws.com/decision/pdf_file/48145/AA029672014.pdf,moj-tribunals-documents-prod.s3.amazonaws.com,application/pdf,YA7HJW5PVRUFSV7NN5AARVVJY2ESET3U,166346,16697677,AA029672014.pdf,en,PDF
"uk,gov,service,publishing,assets)/government/uploads/system/uploads/attachment_data/file/900975/cpin_-_ethiopia_-_opposition_to_the_government.pdf",20211008012929,https://assets.publishing.service.gov.uk/government/uploads/system/uploads/attachment_data/file/900975/CPIN_-_Ethiopia_-_Opposition_to_the_government.pdf,assets.publishing.service.gov.uk,application/pdf,66B3LKMZSZEDFBXGAGPUXQRJPGHH3CES,1478470,39486597,Country policy and information note Ethiopia: Opposition to the government,en,PDF
"uk,gov)/government/uploads/system/uploads/attachment_data/file/565481/cig-bangladesh-minority-religious-groups-v1-march_2016.pdf",20170210015927,https://www.gov.uk/government/uploads/system/uploads/attachment_data/file/565481/CIG-Bangladesh-Minority-religious-groups-v1-March_2016.pdf,www.gov.uk,application/pdf,S6TFC22QATR3IWMINFDLSRUQ22TCWBHA,327226,91814838,CIG Template,en,PDF
"uk,gov)/government/uploads/system/uploads/attachment_data/file/571076/cpin_-_vietnam_-_trafficking_-_v2.0__november_2016_.pdf",20170426183820,https://www.gov.uk/government/uploads/system/uploads/attachment_data/file/571076/CPIN_-_Vietnam_-_Trafficking_-_v2.0__November_2016_.pdf,www.gov.uk,application/pdf,55TKQVLD7OBHTFEXNWQHTIP5LRKMVZA6,318303,61961800,CPIN - Vietnam - Trafficking - v2.0 (November 2016),en,PDF
"com,amazonaws,s3,moj-tribunals-documents-prod)/decision/pdf_file/53518/pa059672016.pdf",20221201140338,https://moj-tribunals-documents-prod.s3.amazonaws.com/decision/pdf_file/53518/PA059672016.pdf,moj-tribunals-documents-prod.s3.amazonaws.com,application/pdf,VQZTHBJWVVBRGLFKBVELP3SAQ4EUXAXN,66427,305547456,PA059672016.pdf,en,PDF
"uk,gov,service,publishing,assets)/media/5a7f547a40f0b6230268ed75/home-office-response-to-iagci-review-uganda-coirs.pdf",20250606071158,https://assets.publishing.service.gov.uk/media/5a7f547a40f0b6230268ed75/Home-Office-Response-to-IAGCI-Review-Uganda-COIRs.pdf,assets.publishing.service.gov.uk,application/pdf,DEWAKJGLXWMRCXM37G7A4R6UJNMJW7RA,122631,51736163,"HO Response to IAGCI Review: Somalia CIG, April 2014",en,PDF
"com,amazonaws,s3,moj-tribunals-documents-prod)/decision/pdf_file/62596/pa060522018.pdf",20211201131053,https://moj-tribunals-documents-prod.s3.amazonaws.com/decision/pdf_file/62596/PA060522018.pdf,moj-tribunals-documents-prod.s3.amazonaws.com,application/pdf,3GSNRPSFVQJBT3DSGBKNGQPLKF2OBHML,103338,390966554,PA060522018.pdf,en,PDF
"com,amazonaws,s3,moj-tribunals-documents-prod)/decision/pdf_file/56538/pa143722016.pdf",20221201150647,https://moj-tribunals-documents-prod.s3.amazonaws.com/decision/pdf_file/56538/PA143722016.pdf,moj-tribunals-documents-prod.s3.amazonaws.com,application/pdf,57KY5ZC6NUWBGM6NHJR2QMJXYZM3RK5I,80851,189780225,PA143722016.pdf,en,PDF
"com,amazonaws,s3,moj-tribunals-documents-prod)/decision/pdf_file/53834/hu046792015.pdf",20221201134208,https://moj-tribunals-documents-prod.s3.amazonaws.com/decision/pdf_file/53834/HU046792015.pdf,moj-tribunals-documents-prod.s3.amazonaws.com,application/pdf,Y3A6HIA6NJRKRKEFIIYG6NK3INONRAOW,88936,157383010,HU046792015.pdf,en,PDF
"uk,gov)/government/uploads/system/uploads/attachment_data/file/571971/cpin_-_egypt_-_christians_-_v2.0__november_2016_.pdf",20161220182606,https://www.gov.uk/government/uploads/system/uploads/attachment_data/file/571971/CPIN_-_Egypt_-_Christians_-_v2.0__November_2016_.pdf,www.gov.uk,application/pdf,5QTBYB2AFCUCBRHMX3IMCGZ7P4VZDTAX,441112,77983044,CPIN - Egypt - Christians - v2.0 (November 2016),en,PDF
"uk,gov,service,publishing,assets)/media/5a800b9fe5274a2e87db7867/ho-response-to-iagci-review-india-coirs.pdf",20250606072100,https://assets.publishing.service.gov.uk/media/5a800b9fe5274a2e87db7867/HO-Response-to-IAGCI-Review-India-COIRs.pdf,assets.publishing.service.gov.uk,application/pdf,3V3E5FAUDQUJIINSFZFLAIIXKQBFJBT6,87758,56532989,"HO Response to IAGCI Review: Somalia CIG, April 2014",en,PDF
"uk,gov,service,publishing,assets)/government/uploads/system/uploads/attachment_data/file/884618/sri_lanka_-_tamil_separatism_-cpin-_v6.0.pdf",20210303182859,https://assets.publishing.service.gov.uk/government/uploads/system/uploads/attachment_data/file/884618/Sri_Lanka_-_Tamil_Separatism_-CPIN-_v6.0.pdf,assets.publishing.service.gov.uk,application/pdf,FLMKV35HXWDQUAFCZQKWINXKXMUG3LE4,958398,50874149,Sri Lanka Tamil separatism CPIN v6.0,en,PDF
"uk,gov)/government/uploads/system/uploads/attachment_data/file/565490/cig-bgd-women-december-2014.pdf",20170207115800,https://www.gov.uk/government/uploads/system/uploads/attachment_data/file/565490/CIG-bgd-women-December-2014.pdf,www.gov.uk,application/pdf,NLGDVDUCRYZCP3NYZZDZXQVF2YAXIBKD,433760,53534359,CIG-bgd-women-December-2014.pdf,en,PDF
"com,amazonaws,s3,moj-tribunals-documents-prod)/decision/pdf_file/47377/ia078282014.pdf",20221201143854,https://moj-tribunals-documents-prod.s3.amazonaws.com/decision/pdf_file/47377/IA078282014.pdf,moj-tribunals-documents-prod.s3.amazonaws.com,application/pdf,TZCCUM6D6E6HXXHFTNUXFAWD2ZVJLT3H,83392,370701060,IA078282014.pdf,en,PDF
"uk,gov,service,publishing,assets)/government/uploads/system/uploads/attachment_data/file/565982/iagci-review-of-the-home-offices-china-country-information-and-guidance.pdf",20220316094734,https://assets.publishing.service.gov.uk/government/uploads/system/uploads/attachment_data/file/565982/IAGCI-Review-of-the-Home-Offices-China-Country-Information-and-Guidance.pdf,assets.publishing.service.gov.uk,application/pdf,LHIWPIDXNX7UW6EAKS22XQCEFANVOSMA,617210,452456020,IAGCI-Review-of-the-Home-Offices-China-Country-Information-and-Guidance.pdf,en,PDF
"com,amazonaws,s3,moj-tribunals-documents-prod)/decision/pdf_file/46839/00467_ukut_iac_2015_bm_drc.pdf",20230601121332,https://moj-tribunals-documents-prod.s3.amazonaws.com/decision/pdf_file/46839/00467_ukut_iac_2015_bm_drc.pdf,moj-tribunals-documents-prod.s3.amazonaws.com,application/pdf,RS6O3CU6ONAZCRJ37JAEXBYVJT22G4GD,110744,176151887,00467_ukut_iac_2015_bm_drc.pdf,en,PDF
"com,amazonaws,s3,moj-tribunals-documents-prod)/decision/pdf_file/53723/pa130262016.pdf",20211201160127,https://moj-tribunals-documents-prod.s3.amazonaws.com/decision/pdf_file/53723/PA130262016.pdf,moj-tribunals-documents-prod.s3.amazonaws.com,application/pdf,L6UYRTVBSYOEPNZOOST5BNCRN4BCFS7L,106174,200000640,PA130262016.pdf,en,PDF
"com,amazonaws,s3,moj-tribunals-documents-prod)/decision/pdf_file/56119/aa073702015.pdf",20221201134950,https://moj-tribunals-documents-prod.s3.amazonaws.com/decision/pdf_file/56119/AA073702015.pdf,moj-tribunals-documents-prod.s3.amazonaws.com,application/pdf,DTJ6KSO2EYZ3YXOINPZJSZ7V2N33FVIL,70157,387561627,AA073702015.pdf,en,PDF
"uk,gov,service,publishing,assets)/government/uploads/system/uploads/attachment_data/file/559475/eritrea-report-iagci-19-may-2015.pdf",20230705111649,https://assets.publishing.service.gov.uk/government/uploads/system/uploads/attachment_data/file/559475/Eritrea-report-IAGCI-19-May-2015.pdf,assets.publishing.service.gov.uk,application/pdf,M4TDCBH56NW2KCQCVIGVMDVCQTKYTIP7,1256640,328215408,Eritrea-report-IAGCI-19-May-2015.pdf,en,PDF
"uk,gov,service,publishing,assets)/government/uploads/system/uploads/attachment_data/file/412715/cig_-_eritrea_-_national__incl__military__service_-_march_2015_-_v1_0.pdf",20240305130329,https://assets.publishing.service.gov.uk/government/uploads/system/uploads/attachment_data/file/412715/CIG_-_Eritrea_-_National__incl__Military__Service_-_March_2015_-_v1_0.pdf,assets.publishing.service.gov.uk,application/pdf,NB2QMS6SABXTY3F2WHVDQ5BGBQHEITH6,733243,375948205,Eritrea: Religious Groups,en,PDF
"uk,gov)/government/uploads/system/uploads/attachment_data/file/565491/cig-bgd-background-v1-november-2014.pdf",20170207115802,https://www.gov.uk/government/uploads/system/uploads/attachment_data/file/565491/CIG-BGD-Background-v1-November-2014.pdf,www.gov.uk,application/pdf,QLSCGQ2LVI6JRW6Q53CPQOOCOF2RM44H,435565,24069025,CIG-BGD-Background-v1-November-2014.pdf,en,PDF
"uk,gov,service,publishing,assets)/government/uploads/system/uploads/attachment_data/file/566017/review-of-libya-minority-ethnic-groups-cig.pdf",20230803121758,https://assets.publishing.service.gov.uk/government/uploads/system/uploads/attachment_data/file/566017/Review-of-Libya-Minority-Ethnic-Groups-CIG.pdf,assets.publishing.service.gov.uk,application/pdf,ZO7JYPHCORMJFXGOMQ7VLL4LNUF2FZXS,478855,278851010,Review-of-Libya-Minority-Ethnic-Groups-CIG.pdf,en,PDF
"uk,gov,service,publishing,assets)/media/5a74df94ed915d3c7d5289e3/icibi_inspection_of_coi_july_2016.pdf",20250508212352,https://assets.publishing.service.gov.uk/media/5a74df94ed915d3c7d5289e3/ICIBI_inspection_of_COI_July_2016.pdf,assets.publishing.service.gov.uk,application/pdf,DF64JTLLKSYYMTEZ7G66YYMQLVL5OEEU,1429764,154626275,ICIBI_inspection_of_COI_July_2016.pdf,en,PDF
"com,amazonaws,s3,moj-tribunals-documents-prod)/decision/pdf_file/69765/aa023282015.pdf",20231201080434,https://moj-tribunals-documents-prod.s3.amazonaws.com/decision/pdf_file/69765/AA023282015.pdf,moj-tribunals-documents-prod.s3.amazonaws.com,application/pdf,ASEGXLMQLMDQS7V7YN2OPLKISW3SHUIW,90391,240794940,AA023282015.pdf,en,PDF
"com,amazonaws,s3,moj-tribunals-documents-prod)/decision/pdf_file/52137/aa016982015.pdf",20230601110225,https://moj-tribunals-documents-prod.s3.amazonaws.com/decision/pdf_file/52137/AA016982015.pdf,moj-tribunals-documents-prod.s3.amazonaws.com,application/pdf,AKBOJWMOFRGSBBABX5Y7WT3CJB7QWSJB,78090,102354687,AA016982015.pdf,en,PDF
"com,amazonaws,s3,moj-tribunals-documents-prod)/decision/pdf_file/51824/aa097482013.pdf",20231201081203,https://moj-tribunals-documents-prod.s3.amazonaws.com/decision/pdf_file/51824/AA097482013.pdf,moj-tribunals-documents-prod.s3.amazonaws.com,application/pdf,TDWLH36XYGUHBPJGCOQNPNTJYEQS7QZV,100025,474812072,AA097482013.pdf,en,PDF
"com,amazonaws,s3,moj-tribunals-documents-prod)/decision/pdf_file/46495/aa003882014___others.pdf",20230601122338,https://moj-tribunals-documents-prod.s3.amazonaws.com/decision/pdf_file/46495/AA003882014___Others.pdf,moj-tribunals-documents-prod.s3.amazonaws.com,application/pdf,R5QZKRBVHBXHKGQONYAJZNLY7K5UAXQB,86479,481333531,AA003882014___Others.pdf,en,PDF
"com,amazonaws,s3,moj-tribunals-documents-prod)/decision/pdf_file/56088/pa054352017.pdf",20221201151637,https://moj-tribunals-documents-prod.s3.amazonaws.com/decision/pdf_file/56088/PA054352017.pdf,moj-tribunals-documents-prod.s3.amazonaws.com,application/pdf,7VA65EZOPYLWBDF7KQLTAY6ANZLQ3BGG,103487,484246357,PA054352017.pdf,en,PDF
"com,amazonaws,s3,moj-tribunals-documents-prod)/decision/pdf_file/58073/aa049542014.pdf",20231201080837,https://moj-tribunals-documents-prod.s3.amazonaws.com/decision/pdf_file/58073/AA049542014.pdf,moj-tribunals-documents-prod.s3.amazonaws.com,application/pdf,766STBSBF6HKWH4D6RDDNFMVTB2UUK6R,91756,367186331,AA049542014.pdf,en,PDF
"uk,gov,service,publishing,assets)/government/uploads/system/uploads/attachment_data/file/1082508/clearly_unfounded_claims_-_certification_under_section_94.pdf",20230413225304,https://assets.publishing.service.gov.uk/government/uploads/system/uploads/attachment_data/file/1082508/Clearly_unfounded_claims_-_certification_under_section_94.pdf,assets.publishing.service.gov.uk,application/pdf,CGHMA5LILKUIVH7YNAU67NLVDBH2F6OB,239477,305892652,Clearly unfounded claims - certification under section 94.docx,en,PDF
"com,amazonaws,s3,moj-tribunals-documents-prod)/decision/pdf_file/53632/pa138262016.pdf",20211201135712,https://moj-tribunals-documents-prod.s3.amazonaws.com/decision/pdf_file/53632/PA138262016.pdf,moj-tribunals-documents-prod.s3.amazonaws.com,application/pdf,5V45PCZHWOXHMDGHFV74V72OPZYNQVCD,94980,147360614,PA138262016.pdf,en,PDF
"uk,gov,service,publishing,assets)/media/5a817b6ded915d74e6232810/review-of-libya-minority-ethnic-groups-cig-oct-2015.pdf",20240308070924,https://assets.publishing.service.gov.uk/media/5a817b6ded915d74e6232810/Review-of-Libya-Minority-Ethnic-Groups-CIG-Oct-2015.pdf,assets.publishing.service.gov.uk,application/pdf,ZO7JYPHCORMJFXGOMQ7VLL4LNUF2FZXS,478894,404919829,Review-of-Libya-Minority-Ethnic-Groups-CIG-Oct-2015.pdf,en,PDF
"com,amazonaws,s3,moj-tribunals-documents-prod)/decision/pdf_file/49044/da020692013.pdf",20231201082058,https://moj-tribunals-documents-prod.s3.amazonaws.com/decision/pdf_file/49044/DA020692013.pdf,moj-tribunals-documents-prod.s3.amazonaws.com,application/pdf,PPIM6RV3DANZTP76GTG5D3732DD6UMXT,99250,246684879,DA020692013.pdf,en,PDF
"com,amazonaws,s3,moj-tribunals-documents-prod)/decision/pdf_file/54629/pa105902016___pa105942016.pdf",20221201150358,https://moj-tribunals-documents-prod.s3.amazonaws.com/decision/pdf_file/54629/PA105902016___PA105942016.pdf,moj-tribunals-documents-prod.s3.amazonaws.com,application/pdf,XU36D7ELEUHBJ77YJJDVUXTEFRRG7OGE,99844,102054587,PA105902016___PA105942016.pdf,en,PDF
"uk,gov,service,publishing,assets)/government/uploads/system/uploads/attachment_data/file/559694/review-of-libya-minority-ethnic-groups-cig-oct-2015.pdf",20230603021935,https://assets.publishing.service.gov.uk/government/uploads/system/uploads/attachment_data/file/559694/Review-of-Libya-Minority-Ethnic-Groups-CIG-Oct-2015.pdf,assets.publishing.service.gov.uk,application/pdf,ZO7JYPHCORMJFXGOMQ7VLL4LNUF2FZXS,478870,802057,Review-of-Libya-Minority-Ethnic-Groups-CIG-Oct-2015.pdf,en,PDF
"uk,gov,service,publishing,assets)/media/5a74d45a40f0b65f61322919/review-of-libya-minority-ethnic-groups-cig.pdf",20240503051721,https://assets.publishing.service.gov.uk/media/5a74d45a40f0b65f61322919/Review-of-Libya-Minority-Ethnic-Groups-CIG.pdf,assets.publishing.service.gov.uk,application/pdf,ZO7JYPHCORMJFXGOMQ7VLL4LNUF2FZXS,478888,63870095,Review-of-Libya-Minority-Ethnic-Groups-CIG.pdf,en,PDF
"com,amazonaws,s3,moj-tribunals-documents-prod)/decision/pdf_file/58298/pa125462016.pdf",20221201141635,https://moj-tribunals-documents-prod.s3.amazonaws.com/decision/pdf_file/58298/PA125462016.pdf,moj-tribunals-documents-prod.s3.amazonaws.com,application/pdf,MNAF75A7HHMQL2CIEGLBBLCQPXZ776LS,89296,197695911,PA125462016.pdf,en,PDF
"uk,ac,ref,results2021)/impact/b44e1b6e-2216-4b8f-b0c0-3fe52e280256/pdf",20240105071437,https://results2021.ref.ac.uk/impact/b44e1b6e-2216-4b8f-b0c0-3fe52e280256/pdf,results2021.ref.ac.uk,application/pdf,HG4LQUUVD3426N53N3P3CIEGHUMAZ766,231917,450513575,pdf,en,PDF
"com,amazonaws,s3,moj-tribunals-documents-prod)/decision/pdf_file/51511/aa072552015.pdf",20200901164550,https://moj-tribunals-documents-prod.s3.amazonaws.com/decision/pdf_file/51511/AA072552015.pdf,moj-tribunals-documents-prod.s3.amazonaws.com,application/pdf,JJSCF6NQUTCHQI73EWNZK2DMM6PYTFT6,279273,448307787,AA072552015.pdf,en,PDF
"uk,gov)/government/uploads/system/uploads/attachment_data/file/365888/egypt__ogn_v3_1_19_december_2013__re-issued_july_2014_.pdf",20160811040334,https://www.gov.uk/government/uploads/system/uploads/attachment_data/file/365888/Egypt__OGN_v3_1_19_December_2013__re-issued_July_2014_.pdf,www.gov.uk,application/pdf,ELMKAJW32H3XCD4M657PPYKUBFTC42UK,319340,45342693,Egypt__OGN_v3_1_19_December_2013__re-issued_July_2014_.pdf,en,PDF
"uk,gov)/government/uploads/system/uploads/attachment_data/file/404372/ext_asylum_instruction_sexual_identity_issues_in_the_asylum_claim_v5_20150211.pdf",20160123155443,https://www.gov.uk/government/uploads/system/uploads/attachment_data/file/404372/EXT_Asylum_Instruction_Sexual_Identity_Issues_in_the_Asylum_claim_v5_20150211.pdf,www.gov.uk,application/pdf,LVXOMNTOPTOZLTBM4KWF34AH7UQTFK3M,335348,61234127,EXT_Asylum_Instruction_Sexual_Identity_Issues_in_the_Asylum_claim_v5_20150211.pdf,en,PDF
"uk,gov,service,publishing,assets)/government/uploads/system/uploads/attachment_data/file/938405/user-guide-immigration-statistics.pdf",20210119092011,https://assets.publishing.service.gov.uk/government/uploads/system/uploads/attachment_data/file/938405/user-guide-immigration-statistics.pdf,assets.publishing.service.gov.uk,application/pdf,36AIABQ3D5HACRVF2GXSRUFBKXRGEFDJ,1337123,462926866,Home Office immigration statistics: user guide,en,PDF
"com,amazonaws,s3,moj-tribunals-documents-prod)/decision/pdf_file/49819/aa012372015.pdf",20200901152219,https://moj-tribunals-documents-prod.s3.amazonaws.com/decision/pdf_file/49819/AA012372015.pdf,moj-tribunals-documents-prod.s3.amazonaws.com,application/pdf,LHGA6TCCJTNQJ3DZ2ZL4P62CB2OUF3VA,95761,220877168,AA012372015.pdf,en,PDF
"uk,gov)/government/uploads/system/uploads/attachment_data/file/608499/certification-s94-guidance-v3_0ext.pdf",20170427064713,https://www.gov.uk/government/uploads/system/uploads/attachment_data/file/608499/Certification-s94-guidance-v3_0EXT.pdf,www.gov.uk,application/pdf,VRM6TFGPLNIFCERE5Q6BDEIA5GH4PZXE,292425,4100983,Certification-s94-guidance-v3_0EXT.pdf,en,PDF
"com,amazonaws,s3,moj-tribunals-documents-prod)/decision/pdf_file/53748/pa009742017.pdf",20221201142447,https://moj-tribunals-documents-prod.s3.amazonaws.com/decision/pdf_file/53748/PA009742017.pdf,moj-tribunals-documents-prod.s3.amazonaws.com,application/pdf,SOG5YGBJF255UCSMFDNLLVKT6OVWWZEC,82118,443777801,PA009742017.pdf,en,PDF
"com,amazonaws,s3,moj-tribunals-documents-prod)/decision/pdf_file/56725/pa076472016.pdf",20200901135243,https://moj-tribunals-documents-prod.s3.amazonaws.com/decision/pdf_file/56725/PA076472016.pdf,moj-tribunals-documents-prod.s3.amazonaws.com,application/pdf,KRNY7HWVDEEGWMB4TEYNA4GRZABIPLNB,115737,422397762,PA076472016.pdf,en,PDF
"uk,gov)/government/uploads/system/uploads/attachment_data/file/493599/enforcing_removals_using_eu_letters_and_chicago_convention_lettersv14_0_ext__2_.pdf",20160619205302,https://www.gov.uk/government/uploads/system/uploads/attachment_data/file/493599/Enforcing_removals_using_EU_letters_and_Chicago_Convention_lettersv14_0_ext__2_.pdf,www.gov.uk,application/pdf,KA3KBCWJYQADGZF34JW56W2BYNJNGWHJ,76065,88840192,Enforcing_removals_using_EU_letters_and_Chicago_Convention_lettersv14_0_ext__2_.pdf,en,PDF
"com,amazonaws,s3,moj-tribunals-documents-prod)/decision/pdf_file/62630/pa091762016.pdf",20200901135344,https://moj-tribunals-documents-prod.s3.amazonaws.com/decision/pdf_file/62630/PA091762016.pdf,moj-tribunals-documents-prod.s3.amazonaws.com,application/pdf,NAGPQDEQZZOEGVIYNDL63UCF326UVNDB,114342,437641142,PA091762016.pdf,en,PDF
"uk,gov,service,publishing,assets)/media/5a7598aa40f0b67b3d5c7bb1/inspection-of-country-of-origin-information_november-2016.pdf",20231109225632,https://assets.publishing.service.gov.uk/media/5a7598aa40f0b67b3d5c7bb1/Inspection-of-Country-of-Origin-Information_November-2016.pdf,assets.publishing.service.gov.uk,application/pdf,3T764HLFZ2VENUKYH2ZWUYQUR64XHGKK,1539855,241748578,Inspection-of-Country-of-Origin-Information_November-2016.pdf,en,PDF
"uk,gov)/government/uploads/system/uploads/attachment_data/file/400943/cig-som_women_2015_02_v_2_0.pdf",20150517042434,https://www.gov.uk/government/uploads/system/uploads/attachment_data/file/400943/CIG-SOM_Women_2015_02_v_2_0.pdf,www.gov.uk,application/pdf,7OIDIIY2MNZ5VAHPENWYSKKYJZASNO2C,417222,20741806,CIG-SOM_Women_2015_02_v_2_0.pdf,en,PDF
"uk,ac,ref,results2021)/impact/8e61c592-8083-43d0-bddf-c261b3ad0ced/pdf",20250107161240,https://results2021.ref.ac.uk/impact/8e61c592-8083-43d0-bddf-c261b3ad0ced/pdf,results2021.ref.ac.uk,application/pdf,DIQIZEG35XV2GNSXBC5LTVPBJG7MHNFN,151807,474009217,pdf,en,PDF
"com,amazonaws,s3,moj-tribunals-documents-prod)/decision/pdf_file/53215/aa057722015.pdf",20200901141909,https://moj-tribunals-documents-prod.s3.amazonaws.com/decision/pdf_file/53215/AA057722015.pdf,moj-tribunals-documents-prod.s3.amazonaws.com,application/pdf,PPC7V3EIL2ERPRI37RKM2RYMILQK5GAD,114802,303133670,AA057722015.pdf,en,PDF
"com,amazonaws,s3,moj-tribunals-documents-prod)/decision/pdf_file/44331/aa076712013.pdf",20200901161142,https://moj-tribunals-documents-prod.s3.amazonaws.com/decision/pdf_file/44331/AA076712013.pdf,moj-tribunals-documents-prod.s3.amazonaws.com,application/pdf,DUF27ZMOTXQG53XVSRPFY7QY4DNVOPZE,106658,434311366,AA076712013.pdf,en,PDF
"uk,gov)/government/uploads/system/uploads/attachment_data/file/421559/certification_s94_guidance_-_2.0_ext.pdf",20160814130327,https://www.gov.uk/government/uploads/system/uploads/attachment_data/file/421559/Certification_s94_guidance_-_2.0_EXT.pdf,www.gov.uk,application/pdf,H2JSJTBAALQ56GZD6P4Q5FBRSGW4TKGX,311535,17622146,Certification_s94_guidance_-_2.0_EXT.pdf,en,PDF
"uk,gov)/government/uploads/system/uploads/attachment_data/file/515370/cig_baghdad_south_kri_security.pdf",20160811042758,https://www.gov.uk/government/uploads/system/uploads/attachment_data/file/515370/CIG_Baghdad_south_KRI_security.pdf,www.gov.uk,application/pdf,6HJYI276H5ACG3YB2OXPWLWQDD6UAHVI,2388111,97240537,CIG Template,en,PDF
"com,amazonaws,s3,moj-tribunals-documents-prod)/decision/pdf_file/56727/aa047422015.pdf",20230601124615,https://moj-tribunals-documents-prod.s3.amazonaws.com/decision/pdf_file/56727/AA047422015.pdf,moj-tribunals-documents-prod.s3.amazonaws.com,application/pdf,OGPTRCCTZ42MAYAPL5MS6TL2JRALDD6J,146820,184429314,AA047422015.pdf,en,PDF
"com,amazonaws,s3,moj-tribunals-documents-prod)/decision/pdf_file/71818/rp000922015.pdf",20221201133401,https://moj-tribunals-documents-prod.s3.amazonaws.com/decision/pdf_file/71818/RP000922015.pdf,moj-tribunals-documents-prod.s3.amazonaws.com,application/pdf,L3PYW6WJQGJEJDIZSGGF5ZQJLCXMCJDR,99300,431756689,RP000922015.pdf,en,PDF
"uk,gov)/government/uploads/system/uploads/attachment_data/file/456081/cig__albania_august_2015.pdf",20151208203424,https://www.gov.uk/government/uploads/system/uploads/attachment_data/file/456081/cig__albania_august_2015.pdf,www.gov.uk,application/pdf,QZE4CS2D5SJ2JSBIJ3KTHZQIXAOHC7MO,349997,45140830,cig__albania_august_2015.pdf,en,PDF
"uk,gov,service,publishing,assets)/media/5a7f4d44ed915d74e33f597a/icibi-annual-report-2015-16-may-2016.pdf",20250606081000,https://assets.publishing.service.gov.uk/media/5a7f4d44ed915d74e33f597a/ICIBI-Annual-Report-2015-16-May-2016.pdf,assets.publishing.service.gov.uk,application/pdf,4CAEH23W7FUIKI6WXHIWR57BCIQ2FTTM,4053491,190045561,ICIBI-Annual-Report-2015-16-May-2016.pdf,en,PDF
"uk,gov,service,publishing,assets)/government/uploads/system/uploads/attachment_data/file/565982/iagci-review-of-the-home-offices-china-country-information-and-guidance.pdf",20230909083418,https://assets.publishing.service.gov.uk/government/uploads/system/uploads/attachment_data/file/565982/IAGCI-Review-of-the-Home-Offices-China-Country-Information-and-Guidance.pdf,assets.publishing.service.gov.uk,application/pdf,LHIWPIDXNX7UW6EAKS22XQCEFANVOSMA,617108,423571365,IAGCI-Review-of-the-Home-Offices-China-Country-Information-and-Guidance.pdf,en,PDF
"uk,gov,service,publishing,assets)/government/uploads/system/uploads/attachment_data/file/881563/family-life-_as-a-partner-or-parent_-private-life-and-exceptional-circumstances.pdf",20200501140941,https://assets.publishing.service.gov.uk/government/uploads/system/uploads/attachment_data/file/881563/family-life-_as-a-partner-or-parent_-private-life-and-exceptional-circumstances.pdf,assets.publishing.service.gov.uk,application/pdf,MLZAAYVGOXBUREWJDDTXMQWA7OME3APB,666207,361499813,family-life-_as-a-partner-or-parent_-private-life-and-exceptional-circumstances.pdf,en,PDF
"com,amazonaws,s3,moj-tribunals-documents-prod)/decision/pdf_file/51132/aa039002015.pdf",20211201144628,https://moj-tribunals-documents-prod.s3.amazonaws.com/decision/pdf_file/51132/AA039002015.pdf,moj-tribunals-documents-prod.s3.amazonaws.com,application/pdf,BDDVSZ2HJDK7YALJL6ANSBTT7EGIP46G,80955,485331343,AA039002015.pdf,en,PDF
"net,khub)/documents/5392312/0/asylum+policy+instruction+-+sexual+orientation+in+asylum+claims.pdf/ca01720b-2f9c-4cb1-9e68-a6bda3cfcbe4?download=true&t=1496928281000&version=1.0",20211101131507,https://khub.net/documents/5392312/0/Asylum+Policy+instruction+-+Sexual+orientation+in+asylum+claims.pdf/ca01720b-2f9c-4cb1-9e68-a6bda3cfcbe4?version=1.0&t=1496928281000&download=true,khub.net,application/pdf,GGMJP5LTDIGXF5QDUJ4LMCL7WAAFZ7EZ,466732,157802574,ca01720b-2f9c-4cb1-9e68-a6bda3cfcbe4?version=1.0&t=1496928281000&download=true,en,PDF
"com,amazonaws,s3,moj-tribunals-documents-prod)/decision/pdf_file/47605/aa061202014.pdf",20221201151944,https://moj-tribunals-documents-prod.s3.amazonaws.com/decision/pdf_file/47605/AA061202014.pdf,moj-tribunals-documents-prod.s3.amazonaws.com,application/pdf,KSOXQKLQK3PZ6X3SXX3LTNBKAOVBLWFQ,112494,78142058,AA061202014.pdf,en,PDF
"uk,gov,service,publishing,assets)/government/uploads/system/uploads/attachment_data/file/614322/inspection-of-country-of-origin-information_november-2016.pdf",20230909085537,https://assets.publishing.service.gov.uk/government/uploads/system/uploads/attachment_data/file/614322/Inspection-of-Country-of-Origin-Information_November-2016.pdf,assets.publishing.service.gov.uk,application/pdf,3T764HLFZ2VENUKYH2ZWUYQUR64XHGKK,1539864,128339909,Inspection-of-Country-of-Origin-Information_November-2016.pdf,en,PDF
"com,amazonaws,s3,moj-tribunals-documents-prod)/decision/pdf_file/52802/pa026852015.pdf",20231201081040,https://moj-tribunals-documents-prod.s3.amazonaws.com/decision/pdf_file/52802/PA026852015.pdf,moj-tribunals-documents-prod.s3.amazonaws.com,application/pdf,RVZFKBZWZITG5ARBL7ERIHIR3GRUW43I,85612,431984271,PA026852015.pdf,en,PDF
"com,amazonaws,s3,moj-tribunals-documents-prod)/decision/pdf_file/55000/pa006322017.pdf",20231201075718,https://moj-tribunals-documents-prod.s3.amazonaws.com/decision/pdf_file/55000/PA006322017.pdf,moj-tribunals-documents-prod.s3.amazonaws.com,application/pdf,RGNWYIJ65YYNTCNOXSYUYHZXY3JE4UWW,174846,8531806,PA006322017.pdf,en,PDF
"uk,gov,service,publishing,assets)/government/uploads/system/uploads/attachment_data/file/948525/returns_by_uk_letter.pdf",20230706085945,https://assets.publishing.service.gov.uk/government/uploads/system/uploads/attachment_data/file/948525/Returns_by_UK_Letter.pdf,assets.publishing.service.gov.uk,application/pdf,EBPUAOEMQ7ZNPUATWQHCNW7OBJBN6CZY,163580,152962006,Returns by UK Letter,en,PDF
"uk,gov,service,publishing,assets)/media/5a7f46d540f0b62305b86294/iagci-review-india-sexual-orientation-and-gender-identity.pdf",20250606072829,https://assets.publishing.service.gov.uk/media/5a7f46d540f0b62305b86294/IAGCI-Review-India-Sexual-Orientation-and-Gender-Identity.pdf,assets.publishing.service.gov.uk,application/pdf,YFLET463TYESWLTUSAQV3M3NKTVCYDNX,432700,299763088,IAGCI-Review-India-Sexual-Orientation-and-Gender-Identity.pdf,en,PDF
"com,amazonaws,s3,moj-tribunals-documents-prod)/decision/pdf_file/55050/pa018972017.pdf",20221201151725,https://moj-tribunals-documents-prod.s3.amazonaws.com/decision/pdf_file/55050/PA018972017.pdf,moj-tribunals-documents-prod.s3.amazonaws.com,application/pdf,GT43WYP7I4GUSMUST6GWEPBXYGTF4J3X,113527,6953859,PA018972017.pdf,en,PDF
"com,amazonaws,s3,moj-tribunals-documents-prod)/decision/pdf_file/56020/pa010122017.pdf",20231201073554,https://moj-tribunals-documents-prod.s3.amazonaws.com/decision/pdf_file/56020/PA010122017.pdf,moj-tribunals-documents-prod.s3.amazonaws.com,application/pdf,YVL6NT55JNDU52AYKJP3PQD7F5HTNTBQ,88404,328980999,PA010122017.pdf,en,PDF
"uk,gov,independent,icinspector)/wp-content/uploads/2011/02/uk-border-agency-response-to-the-country-of-origin-information-report.pdf",20170803100539,http://icinspector.independent.gov.uk/wp-content/uploads/2011/02/UK-Border-Agency-response-to-the-country-of-origin-information-report.pdf,icinspector.independent.gov.uk,application/pdf,CDUIOT2W4NSLHSTKDUW3ZRHZBIE3XHYK,94126,81404375,Untitled document,en,PDF
"com,amazonaws,s3,moj-tribunals-documents-prod)/decision/pdf_file/53632/pa138262016.pdf",20231201075217,https://moj-tribunals-documents-prod.s3.amazonaws.com/decision/pdf_file/53632/PA138262016.pdf,moj-tribunals-documents-prod.s3.amazonaws.com,application/pdf,5V45PCZHWOXHMDGHFV74V72OPZYNQVCD,94983,349059218,PA138262016.pdf,en,PDF
"com,amazonaws,s3,moj-tribunals-documents-prod)/decision/pdf_file/50336/aa021722015.pdf",20221201140350,https://moj-tribunals-documents-prod.s3.amazonaws.com/decision/pdf_file/50336/AA021722015.pdf,moj-tribunals-documents-prod.s3.amazonaws.com,application/pdf,K22JJCMKTHUQ3SGSDJ4LJOXBRPFHK2VA,72513,311188218,AA021722015.pdf,en,PDF
"com,amazonaws,s3,moj-tribunals-documents-prod)/decision/pdf_file/55374/pa030152016.pdf",20231201073929,https://moj-tribunals-documents-prod.s3.amazonaws.com/decision/pdf_file/55374/PA030152016.pdf,moj-tribunals-documents-prod.s3.amazonaws.com,application/pdf,TVW6ZQKVMKG5O7N2GZNXBPCXWS5T7XPW,115187,439826990,PA030152016.pdf,en,PDF
"uk,gov,service,publishing,assets)/media/5a7f715e40f0b6230268f865/iagci-review-of-the-home-offices-china-country-information-and-guidance.pdf",20240308064801,https://assets.publishing.service.gov.uk/media/5a7f715e40f0b6230268f865/IAGCI-Review-of-the-Home-Offices-China-Country-Information-and-Guidance.pdf,assets.publishing.service.gov.uk,application/pdf,LHIWPIDXNX7UW6EAKS22XQCEFANVOSMA,617137,391601068,IAGCI-Review-of-the-Home-Offices-China-Country-Information-and-Guidance.pdf,en,PDF
"com,amazonaws,s3,moj-tribunals-documents-prod)/decision/pdf_file/53678/pa022602016.pdf",20211201135610,https://moj-tribunals-documents-prod.s3.amazonaws.com/decision/pdf_file/53678/PA022602016.pdf,moj-tribunals-documents-prod.s3.amazonaws.com,application/pdf,QJPY53LRIO4YN3FGLW3GUA4XRDHUOUHE,93210,129360126,PA022602016.pdf,en,PDF
"uk,gov)/government/uploads/system/uploads/attachment_data/file/458008/sudan_-_sur_place_activities_-_v1_0.pdf",20151013000801,https://www.gov.uk/government/uploads/system/uploads/attachment_data/file/458008/Sudan_-_Sur_Place_Activities_-_v1_0.pdf,www.gov.uk,application/pdf,VEZL6J6N4LXRS36NO2TGMZCFBELXTIXZ,532479,30807114,CIG Template,en,PDF
"com,amazonaws,s3,moj-tribunals-documents-prod)/decision/pdf_file/48145/aa029672014.pdf",20231201082623,https://moj-tribunals-documents-prod.s3.amazonaws.com/decision/pdf_file/48145/AA029672014.pdf,moj-tribunals-documents-prod.s3.amazonaws.com,application/pdf,YA7HJW5PVRUFSV7NN5AARVVJY2ESET3U,166348,406234668,AA029672014.pdf,en,PDF
"uk,gov)/government/uploads/system/uploads/attachment_data/file/364125/cig_zimbabwe_lgbt_v1_0.pdf",20160120045105,https://www.gov.uk/government/uploads/system/uploads/attachment_data/file/364125/CIG_Zimbabwe_LGBT_v1_0.pdf,www.gov.uk,application/pdf,D4OJ5MCXNARMYN3LQGPEXGEPFBWMQ2HN,279078,94640588,CIG_Zimbabwe_LGBT_v1_0.pdf,en,PDF
"com,amazonaws,s3,moj-tribunals-documents-prod)/decision/pdf_file/49819/aa012372015.pdf",20211201132852,https://moj-tribunals-documents-prod.s3.amazonaws.com/decision/pdf_file/49819/AA012372015.pdf,moj-tribunals-documents-prod.s3.amazonaws.com,application/pdf,LHGA6TCCJTNQJ3DZ2ZL4P62CB2OUF3VA,95758,185140055,AA012372015.pdf,en,PDF
"com,amazonaws,s3,moj-tribunals-documents-prod)/decision/pdf_file/57123/pa004012015.pdf",20230601124628,https://moj-tribunals-documents-prod.s3.amazonaws.com/decision/pdf_file/57123/PA004012015.pdf,moj-tribunals-documents-prod.s3.amazonaws.com,application/pdf,HPMSGYAGPLI3PXCL2Q2WLHBRFMNFVKSH,100501,191356530,PA004012015.pdf,en,PDF
"uk,gov,service,publishing,assets)/media/5a804b17ed915d74e622d9dc/sexual-orientation-in-asylum-claims-v6.pdf",20240207183335,https://assets.publishing.service.gov.uk/media/5a804b17ed915d74e622d9dc/Sexual-orientation-in-asylum-claims-v6.pdf,assets.publishing.service.gov.uk,application/pdf,GGMJP5LTDIGXF5QDUJ4LMCL7WAAFZ7EZ,466919,431649343,Sexual-orientation-in-asylum-claims-v6.pdf,en,PDF
"com,amazonaws,s3,moj-tribunals-documents-prod)/decision/pdf_file/49137/aa028162012.pdf",20231201082448,https://moj-tribunals-documents-prod.s3.amazonaws.com/decision/pdf_file/49137/AA028162012.pdf,moj-tribunals-documents-prod.s3.amazonaws.com,application/pdf,3OWM3D5JQRJQRDBJGY3WVZA7HXXLPROV,99974,359781817,AA028162012.pdf,en,PDF
"uk,gov,service,publishing,assets)/media/5a7f15dd40f0b62305b84fad/iagci-review-india-sexual-orientation-and-gender-identity.pdf",20250406103029,https://assets.publishing.service.gov.uk/media/5a7f15dd40f0b62305b84fad/IAGCI-Review-India-Sexual-Orientation-and-Gender-Identity.pdf,assets.publishing.service.gov.uk,application/pdf,YFLET463TYESWLTUSAQV3M3NKTVCYDNX,432711,144711691,IAGCI-Review-India-Sexual-Orientation-and-Gender-Identity.pdf,en,PDF
"com,amazonaws,s3,moj-tribunals-documents-prod)/decision/pdf_file/54894/pa071342016.pdf",20221201154126,https://moj-tribunals-documents-prod.s3.amazonaws.com/decision/pdf_file/54894/PA071342016.pdf,moj-tribunals-documents-prod.s3.amazonaws.com,application/pdf,ZBAQA2EZTQA3KNYW5YDU43SXMBGACLX4,112327,238407903,PA071342016.pdf,en,PDF
"uk,gov)/government/uploads/system/uploads/attachment_data/file/566254/cig_som_clans_and_mgs.pdf",20170207120106,https://www.gov.uk/government/uploads/system/uploads/attachment_data/file/566254/CIG_SOM_Clans_and_MGs.pdf,www.gov.uk,application/pdf,ELDIFFAI2F64QSAQPAG64H6SWP3QIFOE,429321,66897772,CIG_SOM_Clans_and_MGs.pdf,en,PDF
"com,amazonaws,s3,moj-tribunals-documents-prod)/decision/pdf_file/53547/pa090252016.pdf",20200901142348,https://moj-tribunals-documents-prod.s3.amazonaws.com/decision/pdf_file/53547/PA090252016.pdf,moj-tribunals-documents-prod.s3.amazonaws.com,application/pdf,6EW7SIO2MLE6QPN23LSDK3OEA5EJEIXS,189435,366119766,PA090252016.pdf,en,PDF
"com,amazonaws,s3,moj-tribunals-documents-prod)/decision/pdf_file/53723/pa130262016.pdf",20231201075642,https://moj-tribunals-documents-prod.s3.amazonaws.com/decision/pdf_file/53723/PA130262016.pdf,moj-tribunals-documents-prod.s3.amazonaws.com,application/pdf,L6UYRTVBSYOEPNZOOST5BNCRN4BCFS7L,106177,489832553,PA130262016.pdf,en,PDF
"uk,gov,service,publishing,assets)/government/uploads/system/uploads/attachment_data/file/543882/sexual-orientation-in-asylum-claims-v6.pdf",20240305125159,https://assets.publishing.service.gov.uk/government/uploads/system/uploads/attachment_data/file/543882/Sexual-orientation-in-asylum-claims-v6.pdf,assets.publishing.service.gov.uk,application/pdf,GGMJP5LTDIGXF5QDUJ4LMCL7WAAFZ7EZ,466923,59783030,Sexual-orientation-in-asylum-claims-v6.pdf,en,PDF
"com,amazonaws,s3,moj-tribunals-documents-prod)/decision/pdf_file/55052/pa124042016.pdf",20200901135035,https://moj-tribunals-documents-prod.s3.amazonaws.com/decision/pdf_file/55052/PA124042016.pdf,moj-tribunals-documents-prod.s3.amazonaws.com,application/pdf,RMIKZNACEBRGFPGUAKVOV5WJFCAJZ6YK,119792,391618505,PA124042016.pdf,en,PDF
"uk,gov,service,publishing,assets)/media/5a7c06a640f0b645ba3c63d9/a-thematic-review.pdf",20240305074913,https://assets.publishing.service.gov.uk/media/5a7c06a640f0b645ba3c63d9/a-thematic-review.pdf,assets.publishing.service.gov.uk,application/pdf,CDUIOT2W4NSLHSTKDUW3ZRHZBIE3XHYK,94356,201133852,Untitled document,en,PDF
"com,amazonaws,s3,moj-tribunals-documents-prod)/decision/pdf_file/53773/pa006312016.pdf",20231201075920,https://moj-tribunals-documents-prod.s3.amazonaws.com/decision/pdf_file/53773/PA006312016.pdf,moj-tribunals-documents-prod.s3.amazonaws.com,application/pdf,DUBPDTYWRJ3JGHS5ZO2BJA3G7FMGRYMX,95558,74259496,PA006312016.pdf,en,PDF
"com,amazonaws,s3,moj-tribunals-documents-prod)/decision/pdf_file/51884/aa073902015.pdf",20221201140804,https://moj-tribunals-documents-prod.s3.amazonaws.com/decision/pdf_file/51884/AA073902015.pdf,moj-tribunals-documents-prod.s3.amazonaws.com,application/pdf,BU5AOZ5VZFGIJDOPKZWEPBZVHCDSMYDN,87997,437309299,AA073902015.pdf,en,PDF
"com,amazonaws,s3,moj-tribunals-documents-prod)/decision/pdf_file/52490/aa110272013.pdf",20231201081017,https://moj-tribunals-documents-prod.s3.amazonaws.com/decision/pdf_file/52490/AA110272013.pdf,moj-tribunals-documents-prod.s3.amazonaws.com,application/pdf,QPVIUJZ3NU55VQLHT2K53BBT2DVHTAKV,107829,420669090,AA110272013.pdf,en,PDF
"com,amazonaws,s3,moj-tribunals-documents-prod)/decision/pdf_file/55799/pa113102016.pdf",20230601121245,https://moj-tribunals-documents-prod.s3.amazonaws.com/decision/pdf_file/55799/PA113102016.pdf,moj-tribunals-documents-prod.s3.amazonaws.com,application/pdf,QVZUMVGT4VKVUIELVL4YVYMFOHG5YWLQ,78436,153199368,PA113102016.pdf,en,PDF
"uk,gov)/government/uploads/system/uploads/attachment_data/file/572660/cpin.irn.baha_is.v.2-november-2016.pdf",20170207115927,https://www.gov.uk/government/uploads/system/uploads/attachment_data/file/572660/CPIN.IRN.Baha_is.v.2-November-2016.pdf,www.gov.uk,application/pdf,ZY6BCDYQNUG5CJGOFD7H2MC35GPZ5EHP,471659,31792420,CPIN Template,en,PDF
"uk,gov)/government/uploads/system/uploads/attachment_data/file/566265/cig_-_sri_lanka_-_treatment_of_journalists_and_human_rights_activists.pdf",20170207120117,https://www.gov.uk/government/uploads/system/uploads/attachment_data/file/566265/CIG_-_Sri_Lanka_-_Treatment_of_Journalists_and_Human_Rights_Activists.pdf,www.gov.uk,application/pdf,63ZKWGIQZIHICKFUZS7SFSQLFQXJLVIY,352567,36907582,CIG_-_Sri_Lanka_-_Treatment_of_Journalists_and_Human_Rights_Activists.pdf,en,PDF
"uk,gov)/government/uploads/system/uploads/attachment_data/file/514400/cig.bangladesh_-_minority_religious_groups.v1.0.pdf",20161124181739,https://www.gov.uk/government/uploads/system/uploads/attachment_data/file/514400/CIG.Bangladesh_-_Minority_religious_groups.v1.0.pdf,www.gov.uk,application/pdf,S6TFC22QATR3IWMINFDLSRUQ22TCWBHA,327198,43103102,CIG Template,en,PDF
"uk,gov,service,publishing,assets)/government/uploads/system/uploads/attachment_data/file/257192/a-thematic-review.pdf",20230803125546,https://assets.publishing.service.gov.uk/government/uploads/system/uploads/attachment_data/file/257192/a-thematic-review.pdf,assets.publishing.service.gov.uk,application/pdf,CDUIOT2W4NSLHSTKDUW3ZRHZBIE3XHYK,94331,207684393,Untitled document,en,PDF
"uk,gov)/government/uploads/system/uploads/attachment_data/file/598136/jamaica_-_org_crim_gangs_-_cpin_-_feb_2017_-_v.2.pdf",20170428133104,https://www.gov.uk/government/uploads/system/uploads/attachment_data/file/598136/Jamaica_-_Org_Crim_Gangs_-_CPIN_-_Feb_2017_-_v.2.pdf,www.gov.uk,application/pdf,ODBP73PQCUOVNRIEOZ7FKFYXIDD4GT6V,458782,74558994,Jamaica_-_Org_Crim_Gangs_-_CPIN_-_Feb_2017_-_v.2.pdf,en,PDF
"com,amazonaws,s3,moj-tribunals-documents-prod)/decision/pdf_file/51183/aa008482015.pdf",20230601112027,https://moj-tribunals-documents-prod.s3.amazonaws.com/decision/pdf_file/51183/AA008482015.pdf,moj-tribunals-documents-prod.s3.amazonaws.com,application/pdf,KTB2NN7WTYEVWDY7YFIUZJM33R6AWXVL,62393,95178183,AA008482015.pdf,en,PDF
"uk,gov,service,publishing,assets)/government/uploads/system/uploads/attachment_data/file/549253/icibi_inspection_of_coi_july_2016.pdf",20241223173854,https://assets.publishing.service.gov.uk/government/uploads/system/uploads/attachment_data/file/549253/ICIBI_inspection_of_COI_July_2016.pdf,assets.publishing.service.gov.uk,application/pdf,DF64JTLLKSYYMTEZ7G66YYMQLVL5OEEU,1429778,327226141,ICIBI_inspection_of_COI_July_2016.pdf,en,PDF
"uk,gov,service,publishing,assets)/government/uploads/system/uploads/attachment_data/file/682868/turkey_-_gulenists_-_cpin_-_v2.0.pdf",20220113103227,https://assets.publishing.service.gov.uk/government/uploads/system/uploads/attachment_data/file/682868/Turkey_-_Gulenists_-_CPIN_-_v2.0.pdf,assets.publishing.service.gov.uk,application/pdf,XYEGRBJ3OGRLVGSH7SX6YY74WGDWWJXB,897334,461063640,Turkey - Gulenists - CPIN - v2.0,en,PDF
"uk,gov,service,publishing,assets)/government/uploads/system/uploads/attachment_data/file/565821/cpin-iran-military-service-v1-october-2016.pdf",20200206223323,https://assets.publishing.service.gov.uk/government/uploads/system/uploads/attachment_data/file/565821/CPIN-Iran-Military-Service-v1-October-2016.pdf,assets.publishing.service.gov.uk,application/pdf,6XU436C7QUH7UL6ASUVBZKQC7ATQ5SFP,318671,357741043,CPIN - Iran - Military Service - v1.0 (October 2016),en,PDF
"uk,gov)/government/uploads/system/uploads/attachment_data/file/434067/nigeria_cig_background_information_v1_0.pdf",20160811054733,https://www.gov.uk/government/uploads/system/uploads/attachment_data/file/434067/Nigeria_CIG_Background_information_v1_0.pdf,www.gov.uk,application/pdf,ISBP3EZFXLITOYKKLAVUREHRGUSXDSGS,509576,16034951,Nigeria_CIG_Background_information_v1_0.pdf,en,PDF
"com,amazonaws,s3,moj-tribunals-documents-prod)/decision/pdf_file/51511/aa072552015.pdf",20211201134006,https://moj-tribunals-documents-prod.s3.amazonaws.com/decision/pdf_file/51511/AA072552015.pdf,moj-tribunals-documents-prod.s3.amazonaws.com,application/pdf,JJSCF6NQUTCHQI73EWNZK2DMM6PYTFT6,279267,373917449,AA072552015.pdf,en,PDF
"com,amazonaws,s3,moj-tribunals-documents-prod)/decision/pdf_file/52143/aa067322015___aa067352015.pdf",20221201152901,https://moj-tribunals-documents-prod.s3.amazonaws.com/decision/pdf_file/52143/AA067322015___AA067352015.pdf,moj-tribunals-documents-prod.s3.amazonaws.com,application/pdf,RSMSXYDXDFHCIDOMRTMQRTGK4RZCA5RN,106413,360645042,AA067322015___AA067352015.pdf,en,PDF
"com,amazonaws,s3,moj-tribunals-documents-prod)/decision/pdf_file/47488/ia297862014___ia297872014.pdf",20221201144443,https://moj-tribunals-documents-prod.s3.amazonaws.com/decision/pdf_file/47488/IA297862014___IA297872014.pdf,moj-tribunals-documents-prod.s3.amazonaws.com,application/pdf,NHBI5UF7IDKAPKPAEXSKDHGQ6XGH2SUC,79593,37880778,IA297862014___IA297872014.pdf,en,PDF
"com,amazonaws,s3,moj-tribunals-documents-prod)/decision/pdf_file/55633/da024872013.pdf",20230601112347,https://moj-tribunals-documents-prod.s3.amazonaws.com/decision/pdf_file/55633/DA024872013.pdf,moj-tribunals-documents-prod.s3.amazonaws.com,application/pdf,62LHC7TP2MHFBOFUGOPT34XGI2K5LM7T,94839,194264297,DA024872013.pdf,en,PDF
"uk,gov,service,publishing,assets)/media/5a82b3c040f0b6230269c40e/an_inspection_of_the_production_and_use_of_country_of_origin_information.pdf",20250605141654,https://assets.publishing.service.gov.uk/media/5a82b3c040f0b6230269c40e/An_inspection_of_the_production_and_use_of_Country_of_Origin_Information.pdf,assets.publishing.service.gov.uk,application/pdf,4NXLUYKJXBHQEOULCID5JFCR36W6RYZO,609769,450798133,An_inspection_of_the_production_and_use_of_Country_of_Origin_Information.pdf,en,PDF
"com,amazonaws,s3,moj-tribunals-documents-prod)/decision/pdf_file/45728/aa093262012___aa082932013.pdf",20200901155938,https://moj-tribunals-documents-prod.s3.amazonaws.com/decision/pdf_file/45728/AA093262012___AA082932013.pdf,moj-tribunals-documents-prod.s3.amazonaws.com,application/pdf,7WPDKWPLRTY3FXFAYRZXB5S5FCL42WDL,129053,254643289,AA093262012___AA082932013.pdf,en,PDF
"com,amazonaws,s3,moj-tribunals-documents-prod)/decision/pdf_file/54403/pa032692016.pdf",20200901161629,https://moj-tribunals-documents-prod.s3.amazonaws.com/decision/pdf_file/54403/PA032692016.pdf,moj-tribunals-documents-prod.s3.amazonaws.com,application/pdf,7DZ5IBGDAS6EGO44P57MYKXAF47PHUYC,144187,3935631,PA032692016.pdf,en,PDF
"com,amazonaws,s3,moj-tribunals-documents-prod)/decision/pdf_file/55787/rp001512016.pdf",20230601121324,https://moj-tribunals-documents-prod.s3.amazonaws.com/decision/pdf_file/55787/RP001512016.pdf,moj-tribunals-documents-prod.s3.amazonaws.com,application/pdf,AAM7G5ZGDAL44MRFVWYYFHPRU2IDME5B,116090,172208784,RP001512016.pdf,en,PDF
"com,amazonaws,s3,moj-tribunals-documents-prod)/decision/pdf_file/57848/pa052482017.pdf",20221201150304,https://moj-tribunals-documents-prod.s3.amazonaws.com/decision/pdf_file/57848/PA052482017.pdf,moj-tribunals-documents-prod.s3.amazonaws.com,application/pdf,DXVEECYNA6WVH4RRVC5XWM4JIJ3PMPKY,97163,71764825,PA052482017.pdf,en,PDF
"com,amazonaws,s3,moj-tribunals-documents-prod)/decision/pdf_file/57877/pa019472017.pdf",20221201142324,https://moj-tribunals-documents-prod.s3.amazonaws.com/decision/pdf_file/57877/PA019472017.pdf,moj-tribunals-documents-prod.s3.amazonaws.com,application/pdf,P5BGNGJFWSP46L4GB7RM6UMDN34LBTK6,90491,408567560,PA019472017.pdf,en,PDF
"com,amazonaws,s3,moj-tribunals-documents-prod)/decision/pdf_file/46552/00413_ukut_iac_2015_msm_somalia.pdf",20200901163951,https://moj-tribunals-documents-prod.s3.amazonaws.com/decision/pdf_file/46552/00413_ukut_iac_2015_msm_somalia.pdf,moj-tribunals-documents-prod.s3.amazonaws.com,application/pdf,BO7FD677PQMNFKK3PSCMF6JOZ6QJQ53B,327716,362562795,00413_ukut_iac_2015_msm_somalia.pdf,en,PDF
"uk,gov,service,publishing,assets)/government/uploads/system/uploads/attachment_data/file/566070/home-office-response-to-iagci-review-uganda-sexual-orientation-and-gender-identity-cig.pdf",20230705112129,https://assets.publishing.service.gov.uk/government/uploads/system/uploads/attachment_data/file/566070/Home-Office-Response-to-IAGCI-Review-Uganda-Sexual-Orientation-and-Gender-Identity-CIG.pdf,assets.publishing.service.gov.uk,application/pdf,MPGW6IW2ZVPKNBI4RYCV2NYZRYRDJCFK,117796,147079642,"HO Response to IAGCI Review: Somalia CIG, April 2014",en,PDF
"com,amazonaws,s3,moj-tribunals-documents-prod)/decision/pdf_file/45518/aa021062014.pdf",20221201133229,https://moj-tribunals-documents-prod.s3.amazonaws.com/decision/pdf_file/45518/AA021062014.pdf,moj-tribunals-documents-prod.s3.amazonaws.com,application/pdf,WGU2FEIUQTMYSJZRPP4K73GLT5AFT4NW,77472,386434970,AA021062014.pdf,en,PDF
"com,amazonaws,s3,moj-tribunals-documents-prod)/decision/pdf_file/55093/pa105102016.pdf",20230601124932,https://moj-tribunals-documents-prod.s3.amazonaws.com/decision/pdf_file/55093/PA105102016.pdf,moj-tribunals-documents-prod.s3.amazonaws.com,application/pdf,YD6CKB5PK53DARQEDQMEPZ3WWQQM4EQ4,120815,283599305,PA105102016.pdf,en,PDF
"com,amazonaws,s3,moj-tribunals-documents-prod)/decision/pdf_file/46552/00413_ukut_iac_2015_msm_somalia.pdf",20211201143349,https://moj-tribunals-documents-prod.s3.amazonaws.com/decision/pdf_file/46552/00413_ukut_iac_2015_msm_somalia.pdf,moj-tribunals-documents-prod.s3.amazonaws.com,application/pdf,BO7FD677PQMNFKK3PSCMF6JOZ6QJQ53B,327715,276248820,00413_ukut_iac_2015_msm_somalia.pdf,en,PDF
"uk,gov)/government/uploads/system/uploads/attachment_data/file/543882/sexual-orientation-in-asylum-claims-v6.pdf",20160815064832,https://www.gov.uk/government/uploads/system/uploads/attachment_data/file/543882/Sexual-orientation-in-asylum-claims-v6.pdf,www.gov.uk,application/pdf,GGMJP5LTDIGXF5QDUJ4LMCL7WAAFZ7EZ,466710,67841791,Sexual-orientation-in-asylum-claims-v6.pdf,en,PDF
"com,amazonaws,s3,moj-tribunals-documents-prod)/decision/pdf_file/53678/pa022602016.pdf",20231201075741,https://moj-tribunals-documents-prod.s3.amazonaws.com/decision/pdf_file/53678/PA022602016.pdf,moj-tribunals-documents-prod.s3.amazonaws.com,application/pdf,QJPY53LRIO4YN3FGLW3GUA4XRDHUOUHE,93213,21711879,PA022602016.pdf,en,PDF
"uk,gov,service,publishing,assets)/government/uploads/system/uploads/attachment_data/file/677556/an_inspection_of_the_production_and_use_of_country_of_origin_information.pdf",20241223174553,https://assets.publishing.service.gov.uk/government/uploads/system/uploads/attachment_data/file/677556/An_inspection_of_the_production_and_use_of_Country_of_Origin_Information.pdf,assets.publishing.service.gov.uk,application/pdf,4NXLUYKJXBHQEOULCID5JFCR36W6RYZO,609769,488122247,An_inspection_of_the_production_and_use_of_Country_of_Origin_Information.pdf,en,PDF
"com,amazonaws,s3,moj-tribunals-documents-prod)/decision/pdf_file/56317/aa081682015.pdf",20231201080523,https://moj-tribunals-documents-prod.s3.amazonaws.com/decision/pdf_file/56317/AA081682015.pdf,moj-tribunals-documents-prod.s3.amazonaws.com,application/pdf,TLAX2DJB4HIANIULZCTLLFM6HAXJCZKH,123356,269498116,AA081682015.pdf,en,PDF
"uk,gov,service,publishing,assets)/government/uploads/system/uploads/attachment_data/file/412716/cig_-_eritrea_-_illegal_exit_-_march_2015_-_v1_0.pdf",20230821150117,https://assets.publishing.service.gov.uk/government/uploads/system/uploads/attachment_data/file/412716/CIG_-_Eritrea_-_Illegal_Exit_-_March_2015_-_v1_0.pdf,assets.publishing.service.gov.uk,application/pdf,MMNXGRGIAOAUQURTL5R633SI6MXCQAIC,269364,218951922,Eritrea: Religious Groups,en,PDF
"com,amazonaws,s3,moj-tribunals-documents-prod)/decision/pdf_file/51756/aa022572015.pdf",20230601125012,https://moj-tribunals-documents-prod.s3.amazonaws.com/decision/pdf_file/51756/AA022572015.pdf,moj-tribunals-documents-prod.s3.amazonaws.com,application/pdf,LZDM3AKJTYQFQIETZYQEIUD366SSIZU7,125740,301658153,AA022572015.pdf,en,PDF
"com,amazonaws,s3,moj-tribunals-documents-prod)/decision/pdf_file/52709/aa112232015.pdf",20231201081100,https://moj-tribunals-documents-prod.s3.amazonaws.com/decision/pdf_file/52709/AA112232015.pdf,moj-tribunals-documents-prod.s3.amazonaws.com,application/pdf,KYGLDWLLL4TN7B5NO2ICCWGYNXZKLHCE,129161,442195863,AA112232015.pdf,en,PDF
"com,amazonaws,s3,moj-tribunals-documents-prod)/decision/pdf_file/52512/ia190222012.pdf",20230601120201,https://moj-tribunals-documents-prod.s3.amazonaws.com/decision/pdf_file/52512/IA190222012.pdf,moj-tribunals-documents-prod.s3.amazonaws.com,application/pdf,PHXMN4DB3EQ4FEU4BQWTIC6Z4HYWCHEI,134415,338560647,IA190222012.pdf,en,PDF
"com,amazonaws,s3,moj-tribunals-documents-prod)/decision/pdf_file/62285/rp000732016.pdf",20221201151111,https://moj-tribunals-documents-prod.s3.amazonaws.com/decision/pdf_file/62285/RP000732016.pdf,moj-tribunals-documents-prod.s3.amazonaws.com,application/pdf,R4O2BZ3PL2XSAXKPGAGSZSLUXHZ7C63S,100802,321349012,RP000732016.pdf,en,PDF
"com,amazonaws,s3,moj-tribunals-documents-prod)/decision/pdf_file/48297/aa026712013.pdf",20200901151100,https://moj-tribunals-documents-prod.s3.amazonaws.com/decision/pdf_file/48297/AA026712013.pdf,moj-tribunals-documents-prod.s3.amazonaws.com,application/pdf,EGVJKAOQ4Y5ZSWQONCRS6CA7SCIIEBEU,125057,57213623,AA026712013.pdf,en,PDF
"com,amazonaws,s3,moj-tribunals-documents-prod)/decision/pdf_file/55863/pa102292016.pdf",20221201144024,https://moj-tribunals-documents-prod.s3.amazonaws.com/decision/pdf_file/55863/PA102292016.pdf,moj-tribunals-documents-prod.s3.amazonaws.com,application/pdf,LCEOWQSLEOOM6V2X4BWCRXHEZJ5M7I2J,121755,415055786,PA102292016.pdf,en,PDF
"com,amazonaws,s3,moj-tribunals-documents-prod)/decision/pdf_file/58881/pa087442016.pdf",20221201143931,https://moj-tribunals-documents-prod.s3.amazonaws.com/decision/pdf_file/58881/PA087442016.pdf,moj-tribunals-documents-prod.s3.amazonaws.com,application/pdf,S4RBT5FZQ2P56PZ4TOCEYC44HKPDGJT4,96926,388954275,PA087442016.pdf,en,PDF
"com,amazonaws,s3,moj-tribunals-documents-prod)/decision/pdf_file/51414/aa032822015.pdf",20230601111849,https://moj-tribunals-documents-prod.s3.amazonaws.com/decision/pdf_file/51414/AA032822015.pdf,moj-tribunals-documents-prod.s3.amazonaws.com,application/pdf,LEUIXMTV3HKUO434EFKID4NFDJB6B5KJ,79271,46753706,AA032822015.pdf,en,PDF
"uk,gov)/government/uploads/system/uploads/attachment_data/file/257192/a-thematic-review.pdf",20161213033531,https://www.gov.uk/government/uploads/system/uploads/attachment_data/file/257192/a-thematic-review.pdf,www.gov.uk,application/pdf,CDUIOT2W4NSLHSTKDUW3ZRHZBIE3XHYK,94213,42200920,Untitled document,en,PDF
"uk,gov,service,publishing,assets)/government/uploads/system/uploads/attachment_data/file/771648/albania_-_d.a._-_cpin_-_v3.0__december_2018_.pdf",20220423000750,https://assets.publishing.service.gov.uk/government/uploads/system/uploads/attachment_data/file/771648/Albania_-_D.A._-_CPIN_-_v3.0__December_2018_.pdf,assets.publishing.service.gov.uk,application/pdf,L5J3NESEQHOTW55VHWICGEJQ7D7SC2LA,945979,213087227,Albania - D.A. - CPIN - v3.0 (December 2018),en,PDF
"uk,gov,service,publishing,assets)/government/uploads/system/uploads/attachment_data/file/559683/review-of-iraq-security-situation-cig-nov-2015.pdf",20200305225815,https://assets.publishing.service.gov.uk/government/uploads/system/uploads/attachment_data/file/559683/Review-of-Iraq-Security-Situation-CIG-Nov-2015.pdf,assets.publishing.service.gov.uk,application/pdf,JOVYLPLKXV2RCY25RAIUBLDPXXNCX44M,806204,482915418,Review-of-Iraq-Security-Situation-CIG-Nov-2015.pdf,en,PDF
"uk,gov,service,publishing,assets)/government/uploads/system/uploads/attachment_data/file/902835/family-life-_as-a-partner-or-parent_-private-life-and-exceptional-circs-v9.0ext.pdf",20200821123711,https://assets.publishing.service.gov.uk/government/uploads/system/uploads/attachment_data/file/902835/family-life-_as-a-partner-or-parent_-private-life-and-exceptional-circs-v9.0ext.pdf,assets.publishing.service.gov.uk,application/pdf,UYY37PAILKXII6IKDQSIU57W7COHSGQS,706101,25421089,"Family life (as a partner or parent), private life and exceptional circumstances",en,PDF
"uk,gov)/government/uploads/system/uploads/attachment_data/file/619683/turkey_-_sogi_-_cpin_-_v2_0__june_2017_.pdf",20170622011137,https://www.gov.uk/government/uploads/system/uploads/attachment_data/file/619683/Turkey_-_SOGI_-_CPIN_-_v2_0__June_2017_.pdf,www.gov.uk,application/pdf,TMNMSSQA7ZXUAC4SRI7K5QMB4B5PHAOR,339575,94639789,Turkey - SOGI - CPIN - v2.0 (June 2017),en,PDF
"uk,gov)/government/uploads/system/uploads/attachment_data/file/412716/cig_-_eritrea_-_illegal_exit_-_march_2015_-_v1_0.pdf",20150507234536,https://www.gov.uk/government/uploads/system/uploads/attachment_data/file/412716/CIG_-_Eritrea_-_Illegal_Exit_-_March_2015_-_v1_0.pdf,www.gov.uk,application/pdf,MMNXGRGIAOAUQURTL5R633SI6MXCQAIC,269176,76723729,Eritrea: Religious Groups,en,PDF
"uk,gov)/government/uploads/system/uploads/attachment_data/file/430040/cig_egy_background_information_v1_0.pdf",20150710133347,https://www.gov.uk/government/uploads/system/uploads/attachment_data/file/430040/CIG_EGY_Background_information_v1_0.pdf,www.gov.uk,application/pdf,ORJ2QZUDMGE2CAVNVO72XEXK3CFWCEJ5,492968,48020873,CIG_EGY_Background_information_v1_0.pdf,en,PDF
"uk,gov)/government/uploads/system/uploads/attachment_data/file/332884/cig_-_egypt_-_christians.pdf",20160120062519,https://www.gov.uk/government/uploads/system/uploads/attachment_data/file/332884/CIG_-_Egypt_-_Christians.pdf,www.gov.uk,application/pdf,P7KJ7P6OJCIRTPVB2JP2OFRILMJSGUGX,626362,26118463,CIG_-_Egypt_-_Christians.pdf,en,PDF
"uk,gov,independent,icai)/wp-content/uploads/dfids-approach-to-anti-corruption-and-its-impact-on-the-poor-final.pdf",20200401151514,https://icai.independent.gov.uk/wp-content/uploads/DFIDs-Approach-to-Anti-Corruption-and-its-Impact-on-the-Poor-FINAL.pdf,icai.independent.gov.uk,application/pdf,REXL7DHQFSTK7JOMUZQHVNZVGCN4XZE5,1090243,3256232,DFIDs-Approach-to-Anti-Corruption-and-its-Impact-on-the-Poor-FINAL.pdf,en,PDF
"uk,gov,service,publishing,assets)/government/uploads/system/uploads/attachment_data/file/851342/family-life-_as-a-partner-or-parent_-private-life-and-exceptional-circumstances-v5.0-ext.pdf",20200113193130,https://assets.publishing.service.gov.uk/government/uploads/system/uploads/attachment_data/file/851342/family-life-_as-a-partner-or-parent_-private-life-and-exceptional-circumstances-v5.0-ext.pdf,assets.publishing.service.gov.uk,application/pdf,DXP72JHGUCEZUM3FCG4EFD5CPZBJO4TL,650512,239538018,family-life-_as-a-partner-or-parent_-private-life-and-exceptional-circumstances-v5.0-ext.pdf,en,PDF
"uk,gov,service,publishing,assets)/government/uploads/system/uploads/attachment_data/file/889361/family-life-_as-a-partner-or-parent_-private-life-and-exceptional-circumstances-v8.0-gov-uk.pdf",20200616224659,https://assets.publishing.service.gov.uk/government/uploads/system/uploads/attachment_data/file/889361/family-life-_as-a-partner-or-parent_-private-life-and-exceptional-circumstances-v8.0-gov-uk.pdf,assets.publishing.service.gov.uk,application/pdf,IBUGMBGCYVDQHZBZ6QNPLDHTEFH2NLDA,624684,274672517,family-life-_as-a-partner-or-parent_-private-life-and-exceptional-circumstances-v8.0-gov-uk.pdf,en,PDF
"com,amazonaws,s3,moj-tribunals-documents-prod)/decision/pdf_file/47905/aa000582015.pdf",20221201145005,https://moj-tribunals-documents-prod.s3.amazonaws.com/decision/pdf_file/47905/AA000582015.pdf,moj-tribunals-documents-prod.s3.amazonaws.com,application/pdf,RDBMUU36IRBTTJHRZVNZLRBO44PNPBNP,94325,192435688,AA000582015.pdf,en,PDF
"uk,gov,service,publishing,assets)/government/uploads/system/uploads/attachment_data/file/1094740/family_reunion_guidance.pdf",20221106024907,https://assets.publishing.service.gov.uk/government/uploads/system/uploads/attachment_data/file/1094740/Family_Reunion_Guidance.pdf,assets.publishing.service.gov.uk,application/pdf,VQ4HAJKRXLEPQCC47BWQ5OJ45KV3RHOH,369534,57911027,Family reunion.docx,en,PDF
"uk,gov)/government/uploads/system/uploads/attachment_data/file/459631/cig_-_sri_lanka_-_treatment_of_journalists_and_human_rights_activists_-_v1_0.pdf",20160120055802,https://www.gov.uk/government/uploads/system/uploads/attachment_data/file/459631/CIG_-_Sri_Lanka_-_Treatment_of_Journalists_and_Human_Rights_Activists_-_v1_0.pdf,www.gov.uk,application/pdf,63ZKWGIQZIHICKFUZS7SFSQLFQXJLVIY,352573,72068798,CIG_-_Sri_Lanka_-_Treatment_of_Journalists_and_Human_Rights_Activists_-_v1_0.pdf,en,PDF
"com,amazonaws,s3,moj-tribunals-documents-prod)/decision/pdf_file/51511/aa072552015.pdf",20230601120504,https://moj-tribunals-documents-prod.s3.amazonaws.com/decision/pdf_file/51511/AA072552015.pdf,moj-tribunals-documents-prod.s3.amazonaws.com,application/pdf,JJSCF6NQUTCHQI73EWNZK2DMM6PYTFT6,279273,432855237,AA072552015.pdf,en,PDF
"com,amazonaws,s3,moj-tribunals-documents-prod)/decision/pdf_file/69517/hu038992019.pdf",20231201070405,https://moj-tribunals-documents-prod.s3.amazonaws.com/decision/pdf_file/69517/HU038992019.pdf,moj-tribunals-documents-prod.s3.amazonaws.com,application/pdf,I73XSHKVS7ABKIGS372XDYGD4E6NTSIT,99472,310570613,HU038992019.pdf,en,PDF
"uk,gov,service,publishing,assets)/government/uploads/system/uploads/attachment_data/file/1114144/family_reunion.pdf",20230406204350,https://assets.publishing.service.gov.uk/government/uploads/system/uploads/attachment_data/file/1114144/Family_reunion.pdf,assets.publishing.service.gov.uk,application/pdf,6TDJSQOW4JVMO4DWACZAIPIFNWVZPNVV,344748,13851527,Family reunion,en,PDF
"com,amazonaws,s3,moj-tribunals-documents-prod)/decision/pdf_file/61565/pa034592015.pdf",20231201080950,https://moj-tribunals-documents-prod.s3.amazonaws.com/decision/pdf_file/61565/PA034592015.pdf,moj-tribunals-documents-prod.s3.amazonaws.com,application/pdf,JTW7LKRWZKSTYMCF6S6G22FQN4ND6IBV,105550,404717050,PA034592015.pdf,en,PDF
"com,amazonaws,s3,moj-tribunals-documents-prod)/decision/pdf_file/72146/aa134302015.pdf",20221201133351,https://moj-tribunals-documents-prod.s3.amazonaws.com/decision/pdf_file/72146/AA134302015.pdf,moj-tribunals-documents-prod.s3.amazonaws.com,application/pdf,4WB5RKNLJSLWDXQALL2526IPHQRCO3BX,65722,427868760,AA134302015.pdf,en,PDF
"com,amazonaws,s3,moj-tribunals-documents-prod)/decision/pdf_file/48297/aa026712013.pdf",20211201141817,https://moj-tribunals-documents-prod.s3.amazonaws.com/decision/pdf_file/48297/AA026712013.pdf,moj-tribunals-documents-prod.s3.amazonaws.com,application/pdf,EGVJKAOQ4Y5ZSWQONCRS6CA7SCIIEBEU,125053,13095810,AA026712013.pdf,en,PDF
"com,amazonaws,s3,moj-tribunals-documents-prod)/decision/pdf_file/49819/aa012372015.pdf",20231201082306,https://moj-tribunals-documents-prod.s3.amazonaws.com/decision/pdf_file/49819/AA012372015.pdf,moj-tribunals-documents-prod.s3.amazonaws.com,application/pdf,LHGA6TCCJTNQJ3DZ2ZL4P62CB2OUF3VA,95756,311381709,AA012372015.pdf,en,PDF
"uk,gov)/government/uploads/system/uploads/attachment_data/file/501509/statelessness_ai_v2.0__ext_.pdf",20160514161317,https://www.gov.uk/government/uploads/system/uploads/attachment_data/file/501509/Statelessness_AI_v2.0__EXT_.pdf,www.gov.uk,application/pdf,XFPIHYVBIGO3X3QSWV2WFCED6N4UKOSN,275769,53651253,Statelessness_AI_v2.0__EXT_.pdf,en,PDF
"com,amazonaws,s3,moj-tribunals-documents-prod)/decision/pdf_file/44331/aa076712013.pdf",20231201083947,https://moj-tribunals-documents-prod.s3.amazonaws.com/decision/pdf_file/44331/AA076712013.pdf,moj-tribunals-documents-prod.s3.amazonaws.com,application/pdf,DUF27ZMOTXQG53XVSRPFY7QY4DNVOPZE,106660,303158256,AA076712013.pdf,en,PDF
"com,amazonaws,s3,moj-tribunals-documents-prod)/decision/pdf_file/56725/pa076472016.pdf",20231201073640,https://moj-tribunals-documents-prod.s3.amazonaws.com/decision/pdf_file/56725/PA076472016.pdf,moj-tribunals-documents-prod.s3.amazonaws.com,application/pdf,KRNY7HWVDEEGWMB4TEYNA4GRZABIPLNB,115730,352725128,PA076472016.pdf,en,PDF
"uk,gov,service,publishing,assets)/government/uploads/system/uploads/attachment_data/file/913870/family-life-_as-a-partner-or-parent_-private-life-and-exceptional-circs-v10.0ext.pdf",20201013222830,https://assets.publishing.service.gov.uk/government/uploads/system/uploads/attachment_data/file/913870/family-life-_as-a-partner-or-parent_-private-life-and-exceptional-circs-v10.0ext.pdf,assets.publishing.service.gov.uk,application/pdf,OU77NH36GL7AQQ5XFZB6NUHDRSBMS7EN,702026,489659519,"Family life (as a partner or parent), private life and exceptional circumstances",en,PDF
"uk,ac,ref,results2021)/impact/4d427ba1-2b61-46d1-9789-6cbbe68babc4/pdf",20250107162847,https://results2021.ref.ac.uk/impact/4d427ba1-2b61-46d1-9789-6cbbe68babc4/pdf,results2021.ref.ac.uk,application/pdf,W7PCH5NPPRMSLIDR35GQ7VHQDSS3YSZ7,243576,197147376,pdf,en,PDF
"uk,gov,service,publishing,assets)/government/uploads/system/uploads/attachment_data/file/1083404/eea_and_eu_asylum_claims.pdf",20231003202836,https://assets.publishing.service.gov.uk/government/uploads/system/uploads/attachment_data/file/1083404/EEA_and_EU_asylum_claims.pdf,assets.publishing.service.gov.uk,application/pdf,ALZSIZSGRKNO7T3E6WJMINEZ4OMKGGXB,209558,22037862,EEA and EU asylum claims,en,PDF
"com,amazonaws,s3,moj-tribunals-documents-prod)/decision/pdf_file/53215/aa057722015.pdf",20231201080731,https://moj-tribunals-documents-prod.s3.amazonaws.com/decision/pdf_file/53215/AA057722015.pdf,moj-tribunals-documents-prod.s3.amazonaws.com,application/pdf,PPC7V3EIL2ERPRI37RKM2RYMILQK5GAD,114796,334365647,AA057722015.pdf,en,PDF
"com,amazonaws,s3,moj-tribunals-documents-prod)/decision/pdf_file/57401/pa043672016.pdf",20231201073553,https://moj-tribunals-documents-prod.s3.amazonaws.com/decision/pdf_file/57401/PA043672016.pdf,moj-tribunals-documents-prod.s3.amazonaws.com,application/pdf,PZUK6MYCNNMVOHLHEMYCS6R4MWEHDWQZ,114411,328101073,PA043672016.pdf,en,PDF
"uk,gov,service,publishing,assets)/media/62ab08f8d3bf7f0492922420/eea_and_eu_asylum_claims.pdf",20240404145531,https://assets.publishing.service.gov.uk/media/62ab08f8d3bf7f0492922420/EEA_and_EU_asylum_claims.pdf,assets.publishing.service.gov.uk,application/pdf,ALZSIZSGRKNO7T3E6WJMINEZ4OMKGGXB,209582,135581983,EEA and EU asylum claims,en,PDF
"uk,gov,service,publishing,assets)/government/uploads/system/uploads/attachment_data/file/878219/iran_-_military_service_-_cpin_-_v2.0_-_april_2020.pdf",20221117223907,https://assets.publishing.service.gov.uk/government/uploads/system/uploads/attachment_data/file/878219/Iran_-_Military_Service_-_CPIN_-_v2.0_-_April_2020.pdf,assets.publishing.service.gov.uk,application/pdf,F5EPEDJZWVXT4HXMB3FZFXLIZ4UGXE5U,509311,226129098,CPIN Template - November 2019,en,PDF
"uk,gov,service,publishing,assets)/government/uploads/system/uploads/attachment_data/file/566033/review-of-iraq-humanitarian-situation-cig.pdf",20230203090314,https://assets.publishing.service.gov.uk/government/uploads/system/uploads/attachment_data/file/566033/Review-of-Iraq-Humanitarian-Situation-CIG.pdf,assets.publishing.service.gov.uk,application/pdf,HKULF2VVXU4TPH4GXHABCJVBYFYCTN3U,431074,146859203,Review-of-Iraq-Humanitarian-Situation-CIG.pdf,en,PDF
"uk,gov)/government/uploads/system/uploads/attachment_data/file/350090/cig_-_india_-_prison_conditions_-_v1_0.pdf",20160120062700,https://www.gov.uk/government/uploads/system/uploads/attachment_data/file/350090/CIG_-_India_-_Prison_Conditions_-_v1_0.pdf,www.gov.uk,application/pdf,QGWEYTUQ6SJGMI5EGJ6LD6554XJYHACJ,403480,33392020,CIG_-_India_-_Prison_Conditions_-_v1_0.pdf,en,PDF
"com,amazonaws,s3,moj-tribunals-documents-prod)/decision/pdf_file/52787/aa054892011.pdf",20231201080919,https://moj-tribunals-documents-prod.s3.amazonaws.com/decision/pdf_file/52787/AA054892011.pdf,moj-tribunals-documents-prod.s3.amazonaws.com,application/pdf,NPFU7ZQIM5JGN7BVSTZUDLFTOULUUGI5,97514,389300107,AA054892011.pdf,en,PDF
"com,amazonaws,s3,moj-tribunals-documents-prod)/decision/pdf_file/55968/pa047382016.pdf",20200901135758,https://moj-tribunals-documents-prod.s3.amazonaws.com/decision/pdf_file/55968/PA047382016.pdf,moj-tribunals-documents-prod.s3.amazonaws.com,application/pdf,UFRSJVDQANOWS3SLME43KM3MXTBILFOJ,133322,496707364,PA047382016.pdf,en,PDF
"uk,gov,service,publishing,assets)/government/uploads/system/uploads/attachment_data/file/835342/inadmissibility-guidance-v4.0ext.pdf",20200306010918,https://assets.publishing.service.gov.uk/government/uploads/system/uploads/attachment_data/file/835342/Inadmissibility-guidance-v4.0ext.pdf,assets.publishing.service.gov.uk,application/pdf,AMBUMMC35KN5TH2GFBMOBF4ONLSFFNNT,568931,414040706,Inadmissibility-guidance-v4.0ext.pdf,en,PDF
"uk,gov,service,publishing,assets)/government/uploads/system/uploads/attachment_data/file/927259/family-life-_as-a-partner-or-parent_-private-life-and-exceptional-circs-v11ext.pdf",20201228001724,https://assets.publishing.service.gov.uk/government/uploads/system/uploads/attachment_data/file/927259/family-life-_as-a-partner-or-parent_-private-life-and-exceptional-circs-v11ext.pdf,assets.publishing.service.gov.uk,application/pdf,ISPSQON2WWT2PX2MLG4JWTWKQ62NNHZD,662056,146746478,Family life (as a partner or parent) private life and exceptional circumstances,en,PDF
"uk,gov)/government/uploads/system/uploads/attachment_data/file/311943/kuwait_country_information_guidance_2014.pdf",20160120050136,https://www.gov.uk/government/uploads/system/uploads/attachment_data/file/311943/Kuwait_country_information_guidance_2014.pdf,www.gov.uk,application/pdf,RY4Z3XIOO34NHGRKEOA5WZNDQNMMHP5Y,273761,26364182,Kuwait_country_information_guidance_2014.pdf,en,PDF
"com,amazonaws,s3,moj-tribunals-documents-prod)/decision/pdf_file/51226/aa114122014.pdf",20221201133834,https://moj-tribunals-documents-prod.s3.amazonaws.com/decision/pdf_file/51226/AA114122014.pdf,moj-tribunals-documents-prod.s3.amazonaws.com,application/pdf,PH3GNISYI4FZUK3WK26HASCWJDFRLLZS,103484,49690235,AA114122014.pdf,en,PDF
"com,amazonaws,s3,moj-tribunals-documents-prod)/decision/pdf_file/45728/aa093262012___aa082932013.pdf",20211201134002,https://moj-tribunals-documents-prod.s3.amazonaws.com/decision/pdf_file/45728/AA093262012___AA082932013.pdf,moj-tribunals-documents-prod.s3.amazonaws.com,application/pdf,7WPDKWPLRTY3FXFAYRZXB5S5FCL42WDL,129055,372670526,AA093262012___AA082932013.pdf,en,PDF
"uk,gov)/government/uploads/system/uploads/attachment_data/file/478147/iraq_cig_ir_nov_15.pdf",20160120050104,https://www.gov.uk/government/uploads/system/uploads/attachment_data/file/478147/Iraq_CIG_IR_Nov_15.pdf,www.gov.uk,application/pdf,NTQ5JCA4IRXL4SJKOPOCUGCLENFVX2BV,2283989,84515704,CIG Template,en,PDF
"com,amazonaws,s3,moj-tribunals-documents-prod)/decision/pdf_file/67978/pa047752016.pdf",20231201070455,https://moj-tribunals-documents-prod.s3.amazonaws.com/decision/pdf_file/67978/PA047752016.pdf,moj-tribunals-documents-prod.s3.amazonaws.com,application/pdf,5D2UU5PRO3KDBBPEMTMFDE4GDWSFIHK2,156656,338475426,PA047752016.pdf,en,PDF
"org,gsdrc)/wp-content/uploads/2017/08/050-gender-and-conflict-in-ukraine.pdf",20180411141313,http://gsdrc.org/wp-content/uploads/2017/08/050-Gender-and-conflict-in-Ukraine.pdf,gsdrc.org,application/pdf,GCEMBFDBCH6QTESUARHXOOX7KH4I3NCR,386523,275544467,050-Gender-and-conflict-in-Ukraine.pdf,en,PDF
"uk,gov,independent,icai)/wp-content/uploads/dfids-approach-to-anti-corruption-and-its-impact-on-the-poor-final.pdf",20211004160144,https://icai.independent.gov.uk/wp-content/uploads/DFIDs-Approach-to-Anti-Corruption-and-its-Impact-on-the-Poor-FINAL.pdf,icai.independent.gov.uk,application/pdf,REXL7DHQFSTK7JOMUZQHVNZVGCN4XZE5,1090188,15167859,DFIDs-Approach-to-Anti-Corruption-and-its-Impact-on-the-Poor-FINAL.pdf,en,PDF
"uk,gov,service,publishing,assets)/government/uploads/system/uploads/attachment_data/file/752332/ukraine_-_military_service_-_cpin_-_v5.0__october_2018_.pdf",20200105130723,https://assets.publishing.service.gov.uk/government/uploads/system/uploads/attachment_data/file/752332/Ukraine_-_Military_Service_-_CPIN_-_v5.0__October_2018_.pdf,assets.publishing.service.gov.uk,application/pdf,3SGLQKC3DQDEWROQVLATZ7JOJ6E42V6O,803185,258844119,Ukraine - Military Service - CPIN - v5.0 (October 2018),en,PDF
"uk,gov,service,publishing,assets)/government/uploads/system/uploads/attachment_data/file/825243/nigeria_-_fgm_-_cpin_-_v2.0__august_2019_.pdf",20220517190959,https://assets.publishing.service.gov.uk/government/uploads/system/uploads/attachment_data/file/825243/Nigeria_-_FGM_-_CPIN_-_v2.0__August_2019_.pdf,assets.publishing.service.gov.uk,application/pdf,VN25KMSGP4F2GLK7FGCBJFUJUYIGF4VN,1313555,253923154,Nigeria - FGM - CPIN - v2.0 (August 2019),en,PDF
"uk,gov,service,publishing,assets)/media/62554b85e90e0729fef7bb5f/pakistan_sexual_orientation_and_gender_identity_or_expression.pdf",20240107162609,https://assets.publishing.service.gov.uk/media/62554b85e90e0729fef7bb5f/Pakistan_Sexual_orientation_and_gender_identity_or_expression.pdf,assets.publishing.service.gov.uk,application/pdf,CGO6C2NB4HWKEN7OGILJPPBWF3WGDBFZ,534558,63502306,Pakistan: Sexual orientation and gender identity or expression,en,PDF
"com,amazonaws,s3,moj-tribunals-documents-prod)/decision/pdf_file/51132/aa039002015.pdf",20230601121409,https://moj-tribunals-documents-prod.s3.amazonaws.com/decision/pdf_file/51132/AA039002015.pdf,moj-tribunals-documents-prod.s3.amazonaws.com,application/pdf,BDDVSZ2HJDK7YALJL6ANSBTT7EGIP46G,80954,193904484,AA039002015.pdf,en,PDF
"uk,gov,service,publishing,assets)/government/uploads/system/uploads/attachment_data/file/636488/cpin_-_iran_-_forced_marriage_august_2017.pdf",20200206223251,https://assets.publishing.service.gov.uk/government/uploads/system/uploads/attachment_data/file/636488/CPIN_-_Iran_-_Forced_marriage_August_2017.pdf,assets.publishing.service.gov.uk,application/pdf,CTPXTYFXXA67R2Y4ML2VLA3DZMQIQJU6,274647,357326119,CPIN_-_Iran_-_Forced_marriage_August_2017.pdf,en,PDF
"com,amazonaws,s3,moj-tribunals-documents-prod)/decision/pdf_file/54830/pa141122016..pdf",20230601112811,https://moj-tribunals-documents-prod.s3.amazonaws.com/decision/pdf_file/54830/PA141122016..pdf,moj-tribunals-documents-prod.s3.amazonaws.com,application/pdf,QUQFUSYGBIFVHFEYFPQD4EGQKIDZPAGO,84709,326767371,PA141122016..pdf,en,PDF
"uk,gov,service,publishing,assets)/government/uploads/system/uploads/attachment_data/file/1068353/pakistan_sexual_orientation_and_gender_identity_or_expression.pdf",20230906183841,https://assets.publishing.service.gov.uk/government/uploads/system/uploads/attachment_data/file/1068353/Pakistan_Sexual_orientation_and_gender_identity_or_expression.pdf,assets.publishing.service.gov.uk,application/pdf,CGO6C2NB4HWKEN7OGILJPPBWF3WGDBFZ,534578,449069829,Pakistan: Sexual orientation and gender identity or expression,en,PDF
"com,amazonaws,s3,moj-tribunals-documents-prod)/decision/pdf_file/70239/aa135102015.pdf",20221201133339,https://moj-tribunals-documents-prod.s3.amazonaws.com/decision/pdf_file/70239/AA135102015.pdf,moj-tribunals-documents-prod.s3.amazonaws.com,application/pdf,P3ZQP7H7O5RWH25TSB3CLJ5WB4QMT456,104585,421825742,AA135102015.pdf,en,PDF
"com,amazonaws,s3,moj-tribunals-documents-prod)/decision/pdf_file/58120/aa024262014.pdf",20231201073923,https://moj-tribunals-documents-prod.s3.amazonaws.com/decision/pdf_file/58120/AA024262014.pdf,moj-tribunals-documents-prod.s3.amazonaws.com,application/pdf,EZ42YFOQM3B33XB655A3FSYBSPBXKIVC,136487,436846199,AA024262014.pdf,en,PDF
"uk,gov,homeoffice,ukba)/sitecontent/documents/aboutus/reports/unhcrreports/qualityinitiative/unhcrreport4.pdf?view=binary",20091212103928,http://www.ukba.homeoffice.gov.uk/sitecontent/documents/aboutus/reports/unhcrreports/qualityinitiative/unhcrreport4.pdf?view=Binary,www.ukba.homeoffice.gov.uk,application/pdf,LBLBK3R7COKT46NNZD6IDTJUYZWRGOAH,627883,95812946,unhcrreport4.pdf?view=Binary,en,PDF
"com,amazonaws,s3,moj-tribunals-documents-prod)/decision/pdf_file/47256/aa114192012.pdf",20200901145332,https://moj-tribunals-documents-prod.s3.amazonaws.com/decision/pdf_file/47256/AA114192012.pdf,moj-tribunals-documents-prod.s3.amazonaws.com,application/pdf,DAW3JLAJ5M46KHK2A5KALQ2FPXR3B6RY,136814,300107871,AA114192012.pdf,en,PDF
"uk,gov,service,publishing,assets)/government/uploads/system/uploads/attachment_data/file/559681/review-of-iraq-humanitarian-situation-cig-oct-2015.pdf",20230903000619,https://assets.publishing.service.gov.uk/government/uploads/system/uploads/attachment_data/file/559681/Review-of-Iraq-Humanitarian-Situation-CIG-Oct-2015.pdf,assets.publishing.service.gov.uk,application/pdf,HKULF2VVXU4TPH4GXHABCJVBYFYCTN3U,430981,37032385,Review-of-Iraq-Humanitarian-Situation-CIG-Oct-2015.pdf,en,PDF
"com,amazonaws,s3,moj-tribunals-documents-prod)/decision/pdf_file/54713/pa141652016.pdf",20221201150213,https://moj-tribunals-documents-prod.s3.amazonaws.com/decision/pdf_file/54713/PA141652016.pdf,moj-tribunals-documents-prod.s3.amazonaws.com,application/pdf,WX6K7CTX54CK7Q344AB552LWYZX2LPNP,79017,48199382,PA141652016.pdf,en,PDF
"com,amazonaws,s3,moj-tribunals-documents-prod)/decision/pdf_file/57482/pa143772016.pdf",20221201150537,https://moj-tribunals-documents-prod.s3.amazonaws.com/decision/pdf_file/57482/PA143772016.pdf,moj-tribunals-documents-prod.s3.amazonaws.com,application/pdf,N5DQDEFCNURZFE5LT2OK7SP7FNNIS3JI,86444,153812467,PA143772016.pdf,en,PDF
"uk,gov,homeoffice,bia)/sitecontent/documents/aboutus/reports/unhcrreports/qualityinitiative/unhcrreport4.pdf?view=binary",20090804183920,http://www.bia.homeoffice.gov.uk/sitecontent/documents/aboutus/reports/unhcrreports/qualityinitiative/unhcrreport4.pdf?view=Binary,www.bia.homeoffice.gov.uk,application/pdf,LBLBK3R7COKT46NNZD6IDTJUYZWRGOAH,627997,88898528,unhcrreport4.pdf?view=Binary,en,PDF
"uk,gov,homeoffice,ind)/sitecontent/documents/aboutus/reports/unhcrreports/qualityinitiative/unhcrreport4.pdf?view=binary",20090804183612,http://www.ind.homeoffice.gov.uk/sitecontent/documents/aboutus/reports/unhcrreports/qualityinitiative/unhcrreport4.pdf?view=Binary,www.ind.homeoffice.gov.uk,application/pdf,LBLBK3R7COKT46NNZD6IDTJUYZWRGOAH,628016,51877565,unhcrreport4.pdf?view=Binary,en,PDF
"org,gsdrc)/wp-content/uploads/2017/08/050-gender-and-conflict-in-ukraine.pdf",20200518152442,https://gsdrc.org/wp-content/uploads/2017/08/050-Gender-and-conflict-in-Ukraine.pdf,gsdrc.org,application/pdf,GCEMBFDBCH6QTESUARHXOOX7KH4I3NCR,386504,413075724,050-Gender-and-conflict-in-Ukraine.pdf,en,PDF
"uk,gov,service,publishing,assets)/government/uploads/system/uploads/attachment_data/file/870654/ukraine-_military_service-_cpin_-_external_pdf.pdf",20200427093048,https://assets.publishing.service.gov.uk/government/uploads/system/uploads/attachment_data/file/870654/Ukraine-_Military_Service-_CPIN_-_EXTERNAL_PDF.pdf,assets.publishing.service.gov.uk,application/pdf,IMPNJTFQTNEBW7OZCHK3WWL2DMAINTA7,470306,396000900,Ukraine - Military Service - CPIN - v5.0 (October 2018),en,PDF
"uk,gov,service,publishing,assets)/government/uploads/system/uploads/attachment_data/file/903561/inadmissibility-guidance.pdf",20201217234515,https://assets.publishing.service.gov.uk/government/uploads/system/uploads/attachment_data/file/903561/Inadmissibility-guidance.pdf,assets.publishing.service.gov.uk,application/pdf,4WLLJYJOCMUI7MIZ5ZMBRUB3KIOYJGFR,565510,384692920,"Inadmissibility EU grants of asylum, first country of asylum and safe third country concepts",en,PDF
"com,amazonaws,s3,moj-tribunals-documents-prod)/decision/pdf_file/50470/aa030622015.pdf",20230601130848,https://moj-tribunals-documents-prod.s3.amazonaws.com/decision/pdf_file/50470/AA030622015.pdf,moj-tribunals-documents-prod.s3.amazonaws.com,application/pdf,5NPIJJKA67RR5PXHOQRRA56R23IPEEEO,117772,350546177,AA030622015.pdf,en,PDF
"com,amazonaws,s3,moj-tribunals-documents-prod)/decision/pdf_file/57866/pa113182016.pdf",20221201141751,https://moj-tribunals-documents-prod.s3.amazonaws.com/decision/pdf_file/57866/PA113182016.pdf,moj-tribunals-documents-prod.s3.amazonaws.com,application/pdf,KFCOCE2AMTLVO4P7ZPSWFW2MRQWLFMCX,97800,237422582,PA113182016.pdf,en,PDF
"com,amazonaws,s3,moj-tribunals-documents-prod)/decision/pdf_file/55052/pa124042016.pdf",20230601110824,https://moj-tribunals-documents-prod.s3.amazonaws.com/decision/pdf_file/55052/PA124042016.pdf,moj-tribunals-documents-prod.s3.amazonaws.com,application/pdf,RMIKZNACEBRGFPGUAKVOV5WJFCAJZ6YK,119792,266904598,PA124042016.pdf,en,PDF
"uk,gov,service,publishing,assets)/media/5a8055d8e5274a2e87db93a7/a-on-article-1d-and-palestinians-v2_0.pdf",20250604084212,https://assets.publishing.service.gov.uk/media/5a8055d8e5274a2e87db93a7/A-on-Article-1D-and-Palestinians-v2_0.pdf,assets.publishing.service.gov.uk,application/pdf,L53VIVFCFWHQGYUSYT4E2XQ5HN2I4B6C,97704,87124510,A-on-Article-1D-and-Palestinians-v2_0.pdf,en,PDF
"uk,gov,service,publishing,assets)/government/uploads/system/uploads/attachment_data/file/649602/nationality-disputed-unknown-and-other-cases-v6_0.pdf",20220518081147,https://assets.publishing.service.gov.uk/government/uploads/system/uploads/attachment_data/file/649602/Nationality-Disputed-unknown-and-other-cases-v6_0.pdf,assets.publishing.service.gov.uk,application/pdf,55UVQOKD4DJPP66FVV2D7ZDPCW2W4GYJ,123283,27348128,Nationality-Disputed-unknown-and-other-cases-v6_0.pdf,en,PDF
"uk,gov,service,publishing,assets)/media/57a08967e5274a27b200007d/hdq1263.pdf",20200405040624,https://assets.publishing.service.gov.uk/media/57a08967e5274a27b200007d/HDQ1263.pdf,assets.publishing.service.gov.uk,application/pdf,6KJSNHWHYGABSTZX37NWRAKLCTUXLFRO,552171,452922183,HDQ1263.pdf,en,PDF
"com,amazonaws,s3,moj-tribunals-documents-prod)/decision/pdf_file/45592/aa016462014.pdf",20200901134816,https://moj-tribunals-documents-prod.s3.amazonaws.com/decision/pdf_file/45592/AA016462014.pdf,moj-tribunals-documents-prod.s3.amazonaws.com,application/pdf,SZ25C2PYOSWFR7NGLPNKXDI3ZYE7D4I6,171482,356067174,AA016462014.pdf,en,PDF
"uk,gov,service,publishing,assets)/government/uploads/system/uploads/attachment_data/file/559478/review-of-home-office-cigs-on-eritrea-dec-2015.pdf",20230705112445,https://assets.publishing.service.gov.uk/government/uploads/system/uploads/attachment_data/file/559478/Review-of-Home-Office-CIGs-on-Eritrea-Dec-2015.pdf,assets.publishing.service.gov.uk,application/pdf,HF4PQUTBHQWN7MYLMRPPBUHBUVVPA7FI,572954,488738636,Review-of-Home-Office-CIGs-on-Eritrea-Dec-2015.pdf,en,PDF
"com,amazonaws,s3,moj-tribunals-documents-prod)/decision/pdf_file/53547/pa090252016.pdf",20231201075929,https://moj-tribunals-documents-prod.s3.amazonaws.com/decision/pdf_file/53547/PA090252016.pdf,moj-tribunals-documents-prod.s3.amazonaws.com,application/pdf,6EW7SIO2MLE6QPN23LSDK3OEA5EJEIXS,189434,79550502,PA090252016.pdf,en,PDF
"uk,gov,service,publishing,assets)/government/uploads/system/uploads/attachment_data/file/1105210/alb_cpin_domestic_abuse_and_violence_against_women.pdf",20221213232810,https://assets.publishing.service.gov.uk/government/uploads/system/uploads/attachment_data/file/1105210/ALB_CPIN_Domestic_abuse_and_violence_against_women.pdf,assets.publishing.service.gov.uk,application/pdf,ERBA7L4GWMCH3UFYYVNUP3ECEMAR4GLC,578552,171300900,ALB CPIN Domestic abuse and violence against women,en,PDF
"uk,gov)/government/uploads/system/uploads/attachment_data/file/565821/cpin-iran-military-service-v1-october-2016.pdf",20170210015741,https://www.gov.uk/government/uploads/system/uploads/attachment_data/file/565821/CPIN-Iran-Military-Service-v1-October-2016.pdf,www.gov.uk,application/pdf,6XU436C7QUH7UL6ASUVBZKQC7ATQ5SFP,318388,67933724,CPIN - Iran - Military Service - v1.0 (October 2016),en,PDF
"org,gsdrc)/wp-content/uploads/2015/09/hdq1263.pdf",20201201121807,https://gsdrc.org/wp-content/uploads/2015/09/HDQ1263.pdf,gsdrc.org,application/pdf,6KJSNHWHYGABSTZX37NWRAKLCTUXLFRO,551933,40971566,HDQ1263.pdf,en,PDF
"org,gsdrc)/docs/open/gsdrc_confl_anal_iraq.pdf",20211201114146,http://gsdrc.org/docs/open/gsdrc_confl_anal_iraq.pdf,gsdrc.org,application/pdf,4PYXLLVVLUWKCL5454WR6QH7MIG3W4UK,1015988,386969616,gsdrc_confl_anal_iraq.pdf,en,PDF
"uk,gov,service,publishing,assets)/government/uploads/system/uploads/attachment_data/file/631316/an-inspection-of-country-of-origin-information.pdf",20220511082555,https://assets.publishing.service.gov.uk/government/uploads/system/uploads/attachment_data/file/631316/An-Inspection-of-Country-of-Origin-Information.pdf,assets.publishing.service.gov.uk,application/pdf,KLO2SGKNNRCC63YXMSBDIDPUFNTVCX2O,4914895,446301393,An-Inspection-of-Country-of-Origin-Information.pdf,en,PDF
"uk,gov,service,publishing,assets)/media/5a814f52e5274a2e87dbcec5/eritrea-report-iagci-19-may-2015.pdf",20250606071038,https://assets.publishing.service.gov.uk/media/5a814f52e5274a2e87dbcec5/Eritrea-report-IAGCI-19-May-2015.pdf,assets.publishing.service.gov.uk,application/pdf,M4TDCBH56NW2KCQCVIGVMDVCQTKYTIP7,1256688,420842142,Eritrea-report-IAGCI-19-May-2015.pdf,en,PDF
"com,amazonaws,s3,moj-tribunals-documents-prod)/decision/pdf_file/68183/pa022712019.pdf",20231201070842,https://moj-tribunals-documents-prod.s3.amazonaws.com/decision/pdf_file/68183/PA022712019.pdf,moj-tribunals-documents-prod.s3.amazonaws.com,application/pdf,AJFUD6MN24P632MLKEYTVCMBNZNW2ERC,122436,462993017,PA022712019.pdf,en,PDF
"uk,gov,service,publishing,assets)/government/uploads/system/uploads/attachment_data/file/1039000/family_life__as_a_partner_or_parent__private_life_and_exceptional_circumstances.pdf",20220511060735,https://assets.publishing.service.gov.uk/government/uploads/system/uploads/attachment_data/file/1039000/Family_life__as_a_partner_or_parent__private_life_and_exceptional_circumstances.pdf,assets.publishing.service.gov.uk,application/pdf,4EVAVM2TUD7PBCEUTZAR6N76AUPNW3UF,624007,24584020,"Family life (as a partner or parent), private life and exceptional circumstances",en,PDF
"uk,org,christianpersecutionreview)/storage/2019/09/pakistan-bpca-submission.pdf",20230630143050,https://christianpersecutionreview.org.uk/storage/2019/09/Pakistan-BPCA-Submission.pdf,christianpersecutionreview.org.uk,application/pdf,6HIQTI6MQMJZIDESAQPH3DGPRP5WFWG4,327486,173887348,Pakistan-BPCA-Submission.pdf,en,PDF
"com,amazonaws,s3,moj-tribunals-documents-prod)/decision/pdf_file/50871/aa083762015___aa083782015.pdf",20221201141109,https://moj-tribunals-documents-prod.s3.amazonaws.com/decision/pdf_file/50871/AA083762015___AA083782015.pdf,moj-tribunals-documents-prod.s3.amazonaws.com,application/pdf,RNJWBGPNQI3DF7GGSW2G5VC4UBBWHE5I,93529,27705691,AA083762015___AA083782015.pdf,en,PDF
"uk,gov,service,publishing,assets)/government/uploads/system/uploads/attachment_data/file/1150432/clearly_unfounded_claims_-_certification_under_section_94.pdf",20230911200957,https://assets.publishing.service.gov.uk/government/uploads/system/uploads/attachment_data/file/1150432/Clearly_unfounded_claims_-_certification_under_section_94.pdf,assets.publishing.service.gov.uk,application/pdf,MCQMHEGQYMQIH5VON5DKNE2FDOQI7CNC,233013,290354833,Clearly unfounded claims - certification under section 94.docx,en,PDF
"uk,gov,service,publishing,assets)/government/uploads/system/uploads/attachment_data/file/257387/genderissueintheasylum.pdf",20240305031212,https://assets.publishing.service.gov.uk/government/uploads/system/uploads/attachment_data/file/257387/genderissueintheasylum.pdf,assets.publishing.service.gov.uk,application/pdf,DZDFJVBFG7QRFIUBSA65DKDLK2BMM3I2,103861,355789951,Asylum Cases Involving Gender Recognition,en,PDF
"com,amazonaws,s3,moj-tribunals-documents-prod)/decision/pdf_file/49516/aa067802014.pdf",20221201133139,https://moj-tribunals-documents-prod.s3.amazonaws.com/decision/pdf_file/49516/AA067802014.pdf,moj-tribunals-documents-prod.s3.amazonaws.com,application/pdf,OODNYNE3GHUMKTAQJCWNK3TZCV3XRGN2,105444,365433719,AA067802014.pdf,en,PDF
"uk,gov,service,publishing,assets)/media/5a7cd028e5274a2c9a48443a/genderissueintheasylum.pdf",20240307213215,https://assets.publishing.service.gov.uk/media/5a7cd028e5274a2c9a48443a/genderissueintheasylum.pdf,assets.publishing.service.gov.uk,application/pdf,DZDFJVBFG7QRFIUBSA65DKDLK2BMM3I2,103853,458490906,Asylum Cases Involving Gender Recognition,en,PDF
"org,gsdrc)/wp-content/uploads/2017/08/050-gender-and-conflict-in-ukraine.pdf",20211201114331,https://gsdrc.org/wp-content/uploads/2017/08/050-Gender-and-conflict-in-Ukraine.pdf,gsdrc.org,application/pdf,GCEMBFDBCH6QTESUARHXOOX7KH4I3NCR,386501,6344145,050-Gender-and-conflict-in-Ukraine.pdf,en,PDF
"com,amazonaws,s3,moj-tribunals-documents-prod)/decision/pdf_file/54774/pa124522016.pdf",20230601131220,https://moj-tribunals-documents-prod.s3.amazonaws.com/decision/pdf_file/54774/PA124522016.pdf,moj-tribunals-documents-prod.s3.amazonaws.com,application/pdf,4FBPVJY3DV2RVOH5JM3Q2IYT43BFVW77,122594,453581519,PA124522016.pdf,en,PDF
"uk,gov,service,publishing,assets)/government/uploads/system/uploads/attachment_data/file/678301/malawi_-_sogi_-_cpin_-_v3.0__february_2017_.pdf",20200404085443,https://assets.publishing.service.gov.uk/government/uploads/system/uploads/attachment_data/file/678301/Malawi_-_SOGI_-_CPIN_-_v3.0__February_2017_.pdf,assets.publishing.service.gov.uk,application/pdf,5WCRVEPUBSVORZIMMGXBB45MVODDFGC2,354080,378744970,Malawi - SOGI - CPIN - v3.0 (February 2017),en,PDF
"uk,gov,service,publishing,assets)/government/uploads/system/uploads/attachment_data/file/787234/reporting-and-offender-management-v3.0-ext.pdf",20200422153031,https://assets.publishing.service.gov.uk/government/uploads/system/uploads/attachment_data/file/787234/reporting-and-offender-management-v3.0-ext.pdf,assets.publishing.service.gov.uk,application/pdf,LSOLXYYZNSOMBU753B4H7BSBKRR5CVKG,686689,376592197,reporting-and-offender-management-v3.0-ext.pdf,en,PDF
"uk,gov,service,publishing,assets)/media/65f05f41ff11700019615973/china_-_christians_-_cpin_-_v3.0__november_2019_.pdf",20240312213445,https://assets.publishing.service.gov.uk/media/65f05f41ff11700019615973/China_-_Christians_-_CPIN_-_v3.0__November_2019_.pdf,assets.publishing.service.gov.uk,application/pdf,5JIYFS4SFAZEYUJN2EYP5YHWVPQHFUQN,550970,458018729,China - Christians - CPIN - v3.0 (November 2019),en,PDF
"uk,gov)/government/uploads/system/uploads/attachment_data/file/406179/afg_cig_ages_final_15_2_19.pdf",20160514160251,https://www.gov.uk/government/uploads/system/uploads/attachment_data/file/406179/Afg_CIG_AGEs_final_15_2_19.pdf,www.gov.uk,application/pdf,CU6SYXGAQUVIPNLFI2XXYV2SG5XXFK2J,641695,23314303,Afg_CIG_AGEs_final_15_2_19.pdf,en,PDF
"uk,gov,service,publishing,assets)/government/uploads/system/uploads/attachment_data/file/848421/cig-angola-treatment-cabinda-january-2015.pdf",20220228204941,https://assets.publishing.service.gov.uk/government/uploads/system/uploads/attachment_data/file/848421/CIG-Angola-Treatment-Cabinda-January-2015.pdf,assets.publishing.service.gov.uk,application/pdf,PTBQ4DD4DVOVK7OU7BKX5UCQLNCK2VNG,1838898,252287487,CIG-Angola-Treatment-Cabinda-January-2015.pdf,en,PDF
"com,amazonaws,s3,moj-tribunals-documents-prod)/decision/pdf_file/46552/00413_ukut_iac_2015_msm_somalia.pdf",20230601115923,https://moj-tribunals-documents-prod.s3.amazonaws.com/decision/pdf_file/46552/00413_ukut_iac_2015_msm_somalia.pdf,moj-tribunals-documents-prod.s3.amazonaws.com,application/pdf,BO7FD677PQMNFKK3PSCMF6JOZ6QJQ53B,327713,259008287,00413_ukut_iac_2015_msm_somalia.pdf,en,PDF
"uk,gov,service,publishing,assets)/government/uploads/system/uploads/attachment_data/file/559694/review-of-libya-minority-ethnic-groups-cig-oct-2015.pdf",20230603021935,https://assets.publishing.service.gov.uk/government/uploads/system/uploads/attachment_data/file/559694/Review-of-Libya-Minority-Ethnic-Groups-CIG-Oct-2015.pdf,assets.publishing.service.gov.uk,application/pdf,ZO7JYPHCORMJFXGOMQ7VLL4LNUF2FZXS,478870,802057,Review-of-Libya-Minority-Ethnic-Groups-CIG-Oct-2015.pdf,en,PDF
"uk,gov,service,publishing,assets)/media/5dde6e3b40f0b650c03fd845/china_-_christians_-_cpin_-_v3.0__november_2019_.pdf",20240305091321,https://assets.publishing.service.gov.uk/media/5dde6e3b40f0b650c03fd845/China_-_Christians_-_CPIN_-_v3.0__November_2019_.pdf,assets.publishing.service.gov.uk,application/pdf,KACKLO3VIDS7VFV3XIGE2YSPBY2IUFBL,547525,310972486,China - Christians - CPIN - v3.0 (November 2019),en,PDF
"uk,gov,service,publishing,assets)/government/uploads/system/uploads/attachment_data/file/848830/china_-_christians_-_cpin_-_v3.0__november_2019_.pdf",20230801215425,https://assets.publishing.service.gov.uk/government/uploads/system/uploads/attachment_data/file/848830/China_-_Christians_-_CPIN_-_v3.0__November_2019_.pdf,assets.publishing.service.gov.uk,application/pdf,KACKLO3VIDS7VFV3XIGE2YSPBY2IUFBL,547498,449757722,China - Christians - CPIN - v3.0 (November 2019),en,PDF
"uk,gov,service,publishing,assets)/media/5fec9ec88fa8f56afb229735/returns_by_uk_letter.pdf",20250605021856,https://assets.publishing.service.gov.uk/media/5fec9ec88fa8f56afb229735/Returns_by_UK_Letter.pdf,assets.publishing.service.gov.uk,application/pdf,EBPUAOEMQ7ZNPUATWQHCNW7OBJBN6CZY,163612,86215091,Returns by UK Letter,en,PDF
"com,amazonaws,s3,moj-tribunals-documents-prod)/decision/pdf_file/56818/pa044172017.pdf",20221201151802,https://moj-tribunals-documents-prod.s3.amazonaws.com/decision/pdf_file/56818/PA044172017.pdf,moj-tribunals-documents-prod.s3.amazonaws.com,application/pdf,ZABSVDVO3WXZVBOGK2RQBRGTCXGA333A,131382,27500562,PA044172017.pdf,en,PDF
"uk,gov)/government/uploads/system/uploads/attachment_data/file/608565/ukraine_-_military_service_-_cpin_-_v4.pdf",20170425160243,https://www.gov.uk/government/uploads/system/uploads/attachment_data/file/608565/Ukraine_-_Military_Service_-_CPIN_-_v4.pdf,www.gov.uk,application/pdf,B4WOGH6RJ2G2HWZEFBRHOCDR7RK6OAHA,445201,726073,Ukraine - Military Service - CPIN - v4.0 (April 2017),en,PDF
"uk,gov,service,publishing,assets)/government/uploads/system/uploads/attachment_data/file/945192/ukraine_-_military_service_-_cpin_-_v7.0__december_2020_.pdf",20220212073401,https://assets.publishing.service.gov.uk/government/uploads/system/uploads/attachment_data/file/945192/Ukraine_-_Military_Service_-_CPIN_-_v7.0__December_2020_.pdf,assets.publishing.service.gov.uk,application/pdf,QPOWWYIYXDSZC2Q7INTPRNTPHB76PUU6,506772,464682,Ukraine - Military Service - CPIN - v5.0 (October 2018),en,PDF
"com,amazonaws,s3,moj-tribunals-documents-prod)/decision/pdf_file/53718/pa004852015___others.pdf",20200901162800,https://moj-tribunals-documents-prod.s3.amazonaws.com/decision/pdf_file/53718/PA004852015___Others.pdf,moj-tribunals-documents-prod.s3.amazonaws.com,application/pdf,MGEGKXEV3ADMQN4SL5K7YYRK3GLYAC3C,181245,175624357,PA004852015___Others.pdf,en,PDF
"uk,gov,service,publishing,assets)/government/uploads/system/uploads/attachment_data/file/566017/review-of-libya-minority-ethnic-groups-cig.pdf",20230705111354,https://assets.publishing.service.gov.uk/government/uploads/system/uploads/attachment_data/file/566017/Review-of-Libya-Minority-Ethnic-Groups-CIG.pdf,assets.publishing.service.gov.uk,application/pdf,ZO7JYPHCORMJFXGOMQ7VLL4LNUF2FZXS,478853,307523285,Review-of-Libya-Minority-Ethnic-Groups-CIG.pdf,en,PDF
"uk,gov,charity-commission)/registeredcharities/scannedaccounts/ends90/0001076090_ac_20060331_e_c.pdf",20090217201031,http://www.charity-commission.gov.uk/registeredcharities/ScannedAccounts/Ends90/0001076090_AC_20060331_E_C.PDF,www.charity-commission.gov.uk,application/pdf,ND4WK5BLXRPKS73RWKERGH5W4ELODFBV,464523,58923478,0001076090_AC_20060331_E_C.PDF,en,PDF
"uk,gov,homeoffice,ind)/sitecontent/documents/aboutus/reports/unhcrreports/qualityinitiative/unhcrreport3.pdf?view=binary",20090121132347,http://www.ind.homeoffice.gov.uk/sitecontent/documents/aboutus/reports/unhcrreports/qualityinitiative/unhcrreport3.pdf?view=Binary,www.ind.homeoffice.gov.uk,application/pdf,A5WH4A2NYDMJZA2ICWDRKN4MCJ7XYBV4,512779,98211450,unhcrreport3.pdf?view=Binary,en,PDF
"uk,gov,tribunals,decisions,informationrights)/dbfiles/decision/i2060/cox,%20simon%20v%20ico%20and%20the%20home%20office%20(ea.2016.0137).pdf",20231201063204,"https://informationrights.decisions.tribunals.gov.uk/DBFiles/Decision/i2060/Cox,%20Simon%20v%20ICO%20and%20The%20Home%20Office%20(EA.2016.0137).pdf",informationrights.decisions.tribunals.gov.uk,application/pdf,7QWMJOZ3FTSILKIM6U3F4WCJABB2FYZC,119888,315775022,Microsoft Word - 294 050817 - Cox v ICO and The Home Office - DECISION.docx,en,PDF
"uk,gov)/government/uploads/system/uploads/attachment_data/file/410098/asylum_interviews_ai.pdf",20170203210241,https://www.gov.uk/government/uploads/system/uploads/attachment_data/file/410098/Asylum_Interviews_AI.pdf,www.gov.uk,application/pdf,HBN3XJGRZYUEMXI32YMYR4ID42HP6QQD,307735,25657827,Asylum_Interviews_AI.pdf,en,PDF
"uk,gov,homeoffice,bia)/sitecontent/documents/aboutus/reports/unhcrreports/qualityinitiative/unhcrreport3.pdf?view=binary",20090804183911,http://www.bia.homeoffice.gov.uk/sitecontent/documents/aboutus/reports/unhcrreports/qualityinitiative/unhcrreport3.pdf?view=Binary,www.bia.homeoffice.gov.uk,application/pdf,A5WH4A2NYDMJZA2ICWDRKN4MCJ7XYBV4,512840,86555177,unhcrreport3.pdf?view=Binary,en,PDF
"uk,gov,service,publishing,assets)/government/uploads/system/uploads/attachment_data/file/741222/pakistan_-_christians_-_cpin_-_v3.0__september_2018_.pdf",20200105113313,https://assets.publishing.service.gov.uk/government/uploads/system/uploads/attachment_data/file/741222/Pakistan_-_Christians_-_CPIN_-_v3.0__September_2018_.pdf,assets.publishing.service.gov.uk,application/pdf,W4AEDDRFXLXMFWLGKIJKKER7ARLOS7ZT,919207,311864681,Pakistan - Christians - CPIN - v3.0 (September 2018),en,PDF
"com,amazonaws,s3,moj-tribunals-documents-prod)/decision/pdf_file/45728/aa093262012___aa082932013.pdf",20230601125513,https://moj-tribunals-documents-prod.s3.amazonaws.com/decision/pdf_file/45728/AA093262012___AA082932013.pdf,moj-tribunals-documents-prod.s3.amazonaws.com,application/pdf,7WPDKWPLRTY3FXFAYRZXB5S5FCL42WDL,129046,448765029,AA093262012___AA082932013.pdf,en,PDF
"com,amazonaws,s3,moj-tribunals-documents-prod)/decision/pdf_file/63261/pa066932017.pdf",20231201072305,https://moj-tribunals-documents-prod.s3.amazonaws.com/decision/pdf_file/63261/PA066932017.pdf,moj-tribunals-documents-prod.s3.amazonaws.com,application/pdf,YCCDMZJOU7EEO3EDYOIRMXNC5UXJ6R5P,148528,422353354,PA066932017.pdf,en,PDF
"uk,gov,service,publishing,assets)/government/uploads/system/uploads/attachment_data/file/412715/cig_-_eritrea_-_national__incl__military__service_-_march_2015_-_v1_0.pdf",20230821150114,https://assets.publishing.service.gov.uk/government/uploads/system/uploads/attachment_data/file/412715/CIG_-_Eritrea_-_National__incl__Military__Service_-_March_2015_-_v1_0.pdf,assets.publishing.service.gov.uk,application/pdf,NB2QMS6SABXTY3F2WHVDQ5BGBQHEITH6,733207,218077339,Eritrea: Religious Groups,en,PDF
"com,amazonaws,s3,moj-tribunals-documents-prod)/decision/pdf_file/47256/aa114192012.pdf",20211201153151,https://moj-tribunals-documents-prod.s3.amazonaws.com/decision/pdf_file/47256/AA114192012.pdf,moj-tribunals-documents-prod.s3.amazonaws.com,application/pdf,DAW3JLAJ5M46KHK2A5KALQ2FPXR3B6RY,136814,220704511,AA114192012.pdf,en,PDF
"uk,gov,service,publishing,assets)/government/uploads/system/uploads/attachment_data/file/566270/cig_syria_security_and_humanitarian.pdf",20200806104559,https://assets.publishing.service.gov.uk/government/uploads/system/uploads/attachment_data/file/566270/CIG_Syria_security_and_humanitarian.pdf,assets.publishing.service.gov.uk,application/pdf,IFWJOUWBZNNQH52IOYQELJ2HGXBW7T4X,308547,257802291,CIG Template,en,PDF
"uk,gov,service,publishing,assets)/government/uploads/system/uploads/attachment_data/file/565769/cig-ghana-sogi-v1-february-2016.pdf",20200421104348,https://assets.publishing.service.gov.uk/government/uploads/system/uploads/attachment_data/file/565769/CIG-Ghana-SOGI-v1-February-2016.pdf,assets.publishing.service.gov.uk,application/pdf,OQ3CDLVMJF76NO3JEAKR4GMO4IV5APOQ,463226,214222918,CIG Template,en,PDF
"uk,gov,service,publishing,assets)/government/uploads/system/uploads/attachment_data/file/493918/revocation_of_refugee_status_v4_0_ext.pdf",20200322175026,https://assets.publishing.service.gov.uk/government/uploads/system/uploads/attachment_data/file/493918/revocation_of_refugee_status_v4_0_EXT.pdf,assets.publishing.service.gov.uk,application/pdf,VNJ3VPJZ4GKGGVECVWXR3TO7H7CR7RVX,207360,482258066,revocation_of_refugee_status_v4_0_EXT.pdf,en,PDF
"com,amazonaws,s3,moj-tribunals-documents-prod)/decision/pdf_file/49044/da020692013.pdf",20221201140527,https://moj-tribunals-documents-prod.s3.amazonaws.com/decision/pdf_file/49044/DA020692013.pdf,moj-tribunals-documents-prod.s3.amazonaws.com,application/pdf,PPIM6RV3DANZTP76GTG5D3732DD6UMXT,99253,356562192,DA020692013.pdf,en,PDF
"com,amazonaws,s3,moj-tribunals-documents-prod)/decision/pdf_file/54629/pa105902016___pa105942016.pdf",20230601113042,https://moj-tribunals-documents-prod.s3.amazonaws.com/decision/pdf_file/54629/PA105902016___PA105942016.pdf,moj-tribunals-documents-prod.s3.amazonaws.com,application/pdf,XU36D7ELEUHBJ77YJJDVUXTEFRRG7OGE,99847,403909228,PA105902016___PA105942016.pdf,en,PDF
"uk,gov)/government/uploads/system/uploads/attachment_data/file/454717/cig_iran_kurds_august_2015.pdf",20151013002929,https://www.gov.uk/government/uploads/system/uploads/attachment_data/file/454717/cig_iran_kurds_august_2015.pdf,www.gov.uk,application/pdf,43DRDRIJ4WNHPW5HV2MIZ3GYLQUJSP5Z,322817,89499198,CIG Template,en,PDF
"uk,gov,service,publishing,assets)/government/uploads/system/uploads/attachment_data/file/1171199/family_reunion.pdf",20231116210149,https://assets.publishing.service.gov.uk/government/uploads/system/uploads/attachment_data/file/1171199/Family_reunion.pdf,assets.publishing.service.gov.uk,application/pdf,OR6WS27SULS5VLC245SEJN3EVXIO22OF,294228,205702586,Family reunion.docx,en,PDF
"uk,gov,service,publishing,assets)/media/5b9a5283e5274a13a7fd95e4/k4d_hdr__gender_and_conflict_in_ukraine.pdf",20220317002908,https://assets.publishing.service.gov.uk/media/5b9a5283e5274a13a7fd95e4/K4D_HDR__Gender_and_conflict_in_Ukraine.pdf,assets.publishing.service.gov.uk,application/pdf,CBFYS53W7L5VZ4QCNCKMOHXPR6GBUKTO,386831,475654247,K4D_HDR__Gender_and_conflict_in_Ukraine.pdf,en,PDF
"com,amazonaws,s3,moj-tribunals-documents-prod)/decision/pdf_file/52137/aa016982015.pdf",20221201150126,https://moj-tribunals-documents-prod.s3.amazonaws.com/decision/pdf_file/52137/AA016982015.pdf,moj-tribunals-documents-prod.s3.amazonaws.com,application/pdf,AKBOJWMOFRGSBBABX5Y7WT3CJB7QWSJB,78091,24231939,AA016982015.pdf,en,PDF
"com,amazonaws,s3,moj-tribunals-documents-prod)/decision/pdf_file/51824/aa097482013.pdf",20230601112347,https://moj-tribunals-documents-prod.s3.amazonaws.com/decision/pdf_file/51824/AA097482013.pdf,moj-tribunals-documents-prod.s3.amazonaws.com,application/pdf,TDWLH36XYGUHBPJGCOQNPNTJYEQS7QZV,100019,194409981,AA097482013.pdf,en,PDF
"uk,gov)/government/uploads/system/uploads/attachment_data/file/566164/cig_liberia_sexual_orientation_and_gender_identity.pdf",20170207120752,https://www.gov.uk/government/uploads/system/uploads/attachment_data/file/566164/CIG_Liberia_Sexual_Orientation_and_Gender_Identity.pdf,www.gov.uk,application/pdf,FQE7Z7NRFU4AVTDBIX3XKCI63A733A7N,289728,64445207,CIG Template,en,PDF
"uk,gov,service,publishing,assets)/government/uploads/system/uploads/attachment_data/file/614322/inspection-of-country-of-origin-information_november-2016.pdf",20230704131808,https://assets.publishing.service.gov.uk/government/uploads/system/uploads/attachment_data/file/614322/Inspection-of-Country-of-Origin-Information_November-2016.pdf,assets.publishing.service.gov.uk,application/pdf,3T764HLFZ2VENUKYH2ZWUYQUR64XHGKK,1539858,308698843,Inspection-of-Country-of-Origin-Information_November-2016.pdf,en,PDF
"uk,gov,service,publishing,assets)/media/64b5438061adff001301b153/family_reunion.pdf",20240115211104,https://assets.publishing.service.gov.uk/media/64b5438061adff001301b153/Family_reunion.pdf,assets.publishing.service.gov.uk,application/pdf,OR6WS27SULS5VLC245SEJN3EVXIO22OF,294251,488801917,Family reunion.docx,en,PDF
"com,amazonaws,s3,moj-tribunals-documents-prod)/decision/pdf_file/46839/00467_ukut_iac_2015_bm_drc.pdf",20221201134531,https://moj-tribunals-documents-prod.s3.amazonaws.com/decision/pdf_file/46839/00467_ukut_iac_2015_bm_drc.pdf,moj-tribunals-documents-prod.s3.amazonaws.com,application/pdf,RS6O3CU6ONAZCRJ37JAEXBYVJT22G4GD,110743,257520635,00467_ukut_iac_2015_bm_drc.pdf,en,PDF
"uk,gov)/government/uploads/system/uploads/attachment_data/file/257386/gender-issue-in-the-asylum.pdf",20170424033335,https://www.gov.uk/government/uploads/system/uploads/attachment_data/file/257386/gender-issue-in-the-asylum.pdf,www.gov.uk,application/pdf,NNJDCGHU6PQNUBG3RGDOM7T4LA4263EB,108031,51501962,Intro,en,PDF
"uk,gov,service,publishing,assets)/government/uploads/system/uploads/attachment_data/file/1082508/clearly_unfounded_claims_-_certification_under_section_94.pdf",20230413225304,https://assets.publishing.service.gov.uk/government/uploads/system/uploads/attachment_data/file/1082508/Clearly_unfounded_claims_-_certification_under_section_94.pdf,assets.publishing.service.gov.uk,application/pdf,CGHMA5LILKUIVH7YNAU67NLVDBH2F6OB,239477,305892652,Clearly unfounded claims - certification under section 94.docx,en,PDF
"com,amazonaws,s3,moj-tribunals-documents-prod)/decision/pdf_file/54403/pa032692016.pdf",20230601112335,https://moj-tribunals-documents-prod.s3.amazonaws.com/decision/pdf_file/54403/PA032692016.pdf,moj-tribunals-documents-prod.s3.amazonaws.com,application/pdf,7DZ5IBGDAS6EGO44P57MYKXAF47PHUYC,144187,188427187,PA032692016.pdf,en,PDF
"uk,gov,homeoffice,bia)/sitecontent/documents/policyandlaw/modernised/returns/docs-enforced-removals.pdf?view=binary",20110805203618,http://www.bia.homeoffice.gov.uk/sitecontent/documents/policyandlaw/modernised/returns/docs-enforced-removals.pdf?view=Binary,www.bia.homeoffice.gov.uk,application/pdf,7QFQG727IT67CYZEFXZBORWHWKV7WLFU,184278,37257607,Title of product,en,PDF
"uk,gov)/government/uploads/system/uploads/attachment_data/file/447056/iraq_cig_humanitariansituation_v1_1.pdf",20151013005507,https://www.gov.uk/government/uploads/system/uploads/attachment_data/file/447056/Iraq_CIG_Humanitariansituation_v1_1.pdf,www.gov.uk,application/pdf,TWN6VM3TSHUFRW77XGF7PO6ARK6SN7FD,336509,54325271,Iraq_CIG_Humanitariansituation_v1_1.pdf,en,PDF
"uk,gov)/government/uploads/system/uploads/attachment_data/file/607266/cpin_-_turkey_-_gulenists_-_v1.pdf",20170426183833,https://www.gov.uk/government/uploads/system/uploads/attachment_data/file/607266/CPIN_-_Turkey_-_Gulenists_-_v1.pdf,www.gov.uk,application/pdf,T5FQFJX6KU33M2WETT3FLJN6SUIWDBD7,647382,63775955,CPIN - Turkey - Gulenists - v1.0 (DRAFT),en,PDF
"com,amazonaws,s3,moj-tribunals-documents-prod)/decision/pdf_file/48297/aa026712013.pdf",20231201082826,https://moj-tribunals-documents-prod.s3.amazonaws.com/decision/pdf_file/48297/AA026712013.pdf,moj-tribunals-documents-prod.s3.amazonaws.com,application/pdf,EGVJKAOQ4Y5ZSWQONCRS6CA7SCIIEBEU,125056,466414513,AA026712013.pdf,en,PDF
"uk,gov,service,publishing,assets)/government/uploads/system/uploads/attachment_data/file/632457/albania_-_bkgnd_-_cpin_-_v2_0__july_2017_.pdf",20200207080000,https://assets.publishing.service.gov.uk/government/uploads/system/uploads/attachment_data/file/632457/Albania_-_Bkgnd_-_CPIN_-_v2_0__July_2017_.pdf,assets.publishing.service.gov.uk,application/pdf,V4GBTL4HN3YE2EBMLKQY37XXBOHHJNNJ,323296,324569648,Albania - Bkgnd - CPIN - v2.0 (July 2017),en,PDF
"uk,gov,service,publishing,assets)/government/uploads/system/uploads/attachment_data/file/649602/nationality-disputed-unknown-and-other-cases-v6_0.pdf",20230908095920,https://assets.publishing.service.gov.uk/government/uploads/system/uploads/attachment_data/file/649602/Nationality-Disputed-unknown-and-other-cases-v6_0.pdf,assets.publishing.service.gov.uk,application/pdf,55UVQOKD4DJPP66FVV2D7ZDPCW2W4GYJ,123189,60485881,Nationality-Disputed-unknown-and-other-cases-v6_0.pdf,en,PDF
"com,amazonaws,s3,moj-tribunals-documents-prod)/decision/pdf_file/56088/pa054352017.pdf",20221201151637,https://moj-tribunals-documents-prod.s3.amazonaws.com/decision/pdf_file/56088/PA054352017.pdf,moj-tribunals-documents-prod.s3.amazonaws.com,application/pdf,7VA65EZOPYLWBDF7KQLTAY6ANZLQ3BGG,103487,484246357,PA054352017.pdf,en,PDF
"org,gsdrc)/wp-content/uploads/2016/02/fragility_migration_eritrea.pdf",20201201121425,https://gsdrc.org/wp-content/uploads/2016/02/Fragility_Migration_Eritrea.pdf,gsdrc.org,application/pdf,6IIXSGBMTVTO34JC23JQDMZL2VK6NW7L,760583,458555392,Rapid fragility and migration assessment for Eritrea,en,PDF
"uk,gov,service,publishing,assets)/government/uploads/system/uploads/attachment_data/file/626236/ukraine_-_sogi_-_cpin_-_v2_0__july_2017_.pdf",20200427085848,https://assets.publishing.service.gov.uk/government/uploads/system/uploads/attachment_data/file/626236/Ukraine_-_SOGI_-_CPIN_-_v2_0__July_2017_.pdf,assets.publishing.service.gov.uk,application/pdf,TXDUPARLNNUZPCIOL4YJBD2YC77PPAED,370362,293175561,Ukraine - SOGI - CPIN - v2.0 (July 2017),en,PDF
"uk,gov)/government/uploads/system/uploads/attachment_data/file/435919/iraq_cig_humanitariansituation_v1_0.pdf",20150710133448,https://www.gov.uk/government/uploads/system/uploads/attachment_data/file/435919/Iraq_CIG_Humanitariansituation_v1_0.pdf,www.gov.uk,application/pdf,3B3DIFAZTIVC6HRHUHHUYRWTJS2JIQGQ,298264,99534257,Iraq_CIG_Humanitariansituation_v1_0.pdf,en,PDF
"org,gsdrc)/wp-content/uploads/2015/09/hdq1263.pdf",20211201114608,https://gsdrc.org/wp-content/uploads/2015/09/HDQ1263.pdf,gsdrc.org,application/pdf,6KJSNHWHYGABSTZX37NWRAKLCTUXLFRO,551930,158275730,HDQ1263.pdf,en,PDF
"uk,gov,service,publishing,assets)/government/uploads/system/uploads/attachment_data/file/1001416/cig_north_korea_opposition_to_the_regime.pdf",20220527111651,https://assets.publishing.service.gov.uk/government/uploads/system/uploads/attachment_data/file/1001416/CIG_North_Korea_Opposition_to_the_Regime.pdf,assets.publishing.service.gov.uk,application/pdf,VHR7VT3KMPHKE4PSHLPDVG2PKC6WRP7Y,1131292,485016701,CIG - North Korea - Opposition to the Regime - v2.0 (October 2016),en,PDF
"uk,gov,service,publishing,assets)/media/5a82c777ed915d74e3403866/nationality-disputed-unknown-and-other-cases-v6_0.pdf",20240307103020,https://assets.publishing.service.gov.uk/media/5a82c777ed915d74e3403866/Nationality-Disputed-unknown-and-other-cases-v6_0.pdf,assets.publishing.service.gov.uk,application/pdf,55UVQOKD4DJPP66FVV2D7ZDPCW2W4GYJ,123221,297603533,Nationality-Disputed-unknown-and-other-cases-v6_0.pdf,en,PDF
"com,amazonaws,s3,moj-tribunals-documents-prod)/decision/pdf_file/56727/aa047422015.pdf",20221201135603,https://moj-tribunals-documents-prod.s3.amazonaws.com/decision/pdf_file/56727/AA047422015.pdf,moj-tribunals-documents-prod.s3.amazonaws.com,application/pdf,OGPTRCCTZ42MAYAPL5MS6TL2JRALDD6J,146817,78327571,AA047422015.pdf,en,PDF
"uk,gov)/government/uploads/system/uploads/attachment_data/file/565463/cig-albania-trafficking-v5-july-2016.pdf",20161221094131,https://www.gov.uk/government/uploads/system/uploads/attachment_data/file/565463/CIG-Albania-trafficking-v5-July-2016.pdf,www.gov.uk,application/pdf,EW3MNQVDE5K2GNXWKHTPOO3Y43MFOSS2,339932,41364925,CIG - Albania - Trafficking - v5.0 (July 2016),en,PDF
"com,amazonaws,s3,moj-tribunals-documents-prod)/decision/pdf_file/54365/pa018302015.pdf",20211201135209,https://moj-tribunals-documents-prod.s3.amazonaws.com/decision/pdf_file/54365/PA018302015.pdf,moj-tribunals-documents-prod.s3.amazonaws.com,application/pdf,5O3A4RUSCQMGIN52FBVFE2ROE2AWOY3D,184779,64456856,PA018302015.pdf,en,PDF
"com,amazonaws,s3,moj-tribunals-documents-prod)/decision/pdf_file/71818/rp000922015.pdf",20221201133401,https://moj-tribunals-documents-prod.s3.amazonaws.com/decision/pdf_file/71818/RP000922015.pdf,moj-tribunals-documents-prod.s3.amazonaws.com,application/pdf,L3PYW6WJQGJEJDIZSGGF5ZQJLCXMCJDR,99300,431756689,RP000922015.pdf,en,PDF
"org,gsdrc)/wp-content/uploads/2015/06/gsdrc_confl_anal_iraq.pdf",20201201121320,https://gsdrc.org/wp-content/uploads/2015/06/GSDRC_Confl_Anal_Iraq.pdf,gsdrc.org,application/pdf,WXVRE3O2UNBTNRQZI7XYNFA7XGH5VH2C,991945,430979749,GSDRC_Confl_Anal_Iraq.pdf,en,PDF
"uk,gov,service,publishing,assets)/government/uploads/system/uploads/attachment_data/file/597377/humanitarian-protection-v5_0.pdf",20220505023021,https://assets.publishing.service.gov.uk/government/uploads/system/uploads/attachment_data/file/597377/Humanitarian-protection-v5_0.pdf,assets.publishing.service.gov.uk,application/pdf,Z7REQYWKATAIZ4MVDXJRP2BJUTGT7WGI,324882,42156631,Humanitarian-protection-v5_0.pdf,en,PDF
"uk,gov,service,publishing,assets)/government/uploads/system/uploads/attachment_data/file/1073965/inadmissibility_-_safe_third_country_cases.pdf",20220518012319,https://assets.publishing.service.gov.uk/government/uploads/system/uploads/attachment_data/file/1073965/Inadmissibility_-_safe_third_country_cases.pdf,assets.publishing.service.gov.uk,application/pdf,DLUKEZOCBD24TUNQYZPGC7SCXVJPGNE2,278411,354153332,Inadmissibility.docx,en,PDF
"uk,gov,service,publishing,assets)/government/uploads/system/uploads/attachment_data/file/559683/review-of-iraq-security-situation-cig-nov-2015.pdf",20230909084328,https://assets.publishing.service.gov.uk/government/uploads/system/uploads/attachment_data/file/559683/Review-of-Iraq-Security-Situation-CIG-Nov-2015.pdf,assets.publishing.service.gov.uk,application/pdf,JOVYLPLKXV2RCY25RAIUBLDPXXNCX44M,806096,140864355,Review-of-Iraq-Security-Situation-CIG-Nov-2015.pdf,en,PDF
"org,gsdrc)/docs/open/gsdrc_confl_anal_iraq.pdf",20201201121540,http://gsdrc.org/docs/open/gsdrc_confl_anal_iraq.pdf,gsdrc.org,application/pdf,4PYXLLVVLUWKCL5454WR6QH7MIG3W4UK,1015993,483026752,gsdrc_confl_anal_iraq.pdf,en,PDF
"uk,gov,service,publishing,assets)/government/uploads/system/uploads/attachment_data/file/629570/somalia_-_al-shabaab_-_cpin_-_v2_0.pdf",20200208031018,https://assets.publishing.service.gov.uk/government/uploads/system/uploads/attachment_data/file/629570/Somalia_-_Al-Shabaab_-_CPIN_-_v2_0.pdf,assets.publishing.service.gov.uk,application/pdf,T2IGIZLK4OCU7BB3W47N3X3GR5TP7UUM,381128,201260775,Somalia - Al-Shabaab - CPIN - v2.0 (July 2017),en,PDF
"uk,ac,ids,opendocs)/opendocs/bitstream/handle/20.500.12413/13097/k4d_hdr_%20gender%20and%20conflict%20in%20ukraine.pdf?sequence=1",20211201154545,https://opendocs.ids.ac.uk/opendocs/bitstream/handle/20.500.12413/13097/K4D_HDR_%20Gender%20and%20conflict%20in%20Ukraine.pdf?sequence=1,opendocs.ids.ac.uk,application/pdf,CBFYS53W7L5VZ4QCNCKMOHXPR6GBUKTO,386595,375100642,K4D_HDR_%20Gender%20and%20conflict%20in%20Ukraine.pdf?sequence=1,en,PDF
"uk,gov,service,publishing,assets)/government/uploads/system/uploads/attachment_data/file/1149330/family_reunion.pdf",20230412175853,https://assets.publishing.service.gov.uk/government/uploads/system/uploads/attachment_data/file/1149330/Family_reunion.pdf,assets.publishing.service.gov.uk,application/pdf,6UZIENHH7XTKJLWFGICRVVSXTGD3ZU5P,313025,431401789,Family reunion.docx,en,PDF
"uk,gov,service,publishing,assets)/government/uploads/system/uploads/attachment_data/file/1097761/family_life__as_a_partner_or_parent__and_exceptional_circumstances.pdf",20230506112425,https://assets.publishing.service.gov.uk/government/uploads/system/uploads/attachment_data/file/1097761/Family_life__as_a_partner_or_parent__and_exceptional_circumstances.pdf,assets.publishing.service.gov.uk,application/pdf,N7PRROMOQ6WDD36AXTARYG2VHVRI6J7H,581546,260616971,Family life (as a partner or parent) and exceptional circumstances,en,PDF
"uk,gov,service,publishing,assets)/government/uploads/system/uploads/attachment_data/file/1149936/family_reunion.pdf",20230707163246,https://assets.publishing.service.gov.uk/government/uploads/system/uploads/attachment_data/file/1149936/Family_reunion.pdf,assets.publishing.service.gov.uk,application/pdf,ITVDNJLPBSJU7VVOOQNGCIZMWTHS55SS,330524,469561464,Family reunion.docx,en,PDF
"uk,gov)/government/uploads/system/uploads/attachment_data/file/390325/bgd_cig_women_2014_12_22_v01.pdf",20151012234511,https://www.gov.uk/government/uploads/system/uploads/attachment_data/file/390325/bgd_cig_women_2014_12_22_v01.pdf,www.gov.uk,application/pdf,NLGDVDUCRYZCP3NYZZDZXQVF2YAXIBKD,433737,86906133,bgd_cig_women_2014_12_22_v01.pdf,en,PDF
"uk,gov,service,publishing,assets)/government/uploads/system/uploads/attachment_data/file/543882/sexual-orientation-in-asylum-claims-v6.pdf",20230705215135,https://assets.publishing.service.gov.uk/government/uploads/system/uploads/attachment_data/file/543882/Sexual-orientation-in-asylum-claims-v6.pdf,assets.publishing.service.gov.uk,application/pdf,GGMJP5LTDIGXF5QDUJ4LMCL7WAAFZ7EZ,466880,244466622,Sexual-orientation-in-asylum-claims-v6.pdf,en,PDF
"uk,gov,service,publishing,assets)/government/uploads/system/uploads/attachment_data/file/1073781/reporting_and_offender_management.pdf",20220517233618,https://assets.publishing.service.gov.uk/government/uploads/system/uploads/attachment_data/file/1073781/Reporting_and_offender_management.pdf,assets.publishing.service.gov.uk,application/pdf,LC3FR57HYEBARB3IZRLZ544J3CZUH3WI,349612,463924497,Reporting and offender management,en,PDF
"com,amazonaws,s3,moj-tribunals-documents-prod)/decision/pdf_file/45592/aa016462014.pdf",20211201144916,https://moj-tribunals-documents-prod.s3.amazonaws.com/decision/pdf_file/45592/AA016462014.pdf,moj-tribunals-documents-prod.s3.amazonaws.com,application/pdf,SZ25C2PYOSWFR7NGLPNKXDI3ZYE7D4I6,171480,31772856,AA016462014.pdf,en,PDF
"com,amazonaws,s3,moj-tribunals-documents-prod)/decision/pdf_file/56020/pa010122017.pdf",20221201151847,https://moj-tribunals-documents-prod.s3.amazonaws.com/decision/pdf_file/56020/PA010122017.pdf,moj-tribunals-documents-prod.s3.amazonaws.com,application/pdf,YVL6NT55JNDU52AYKJP3PQD7F5HTNTBQ,88403,49727257,PA010122017.pdf,en,PDF
"uk,gov,service,publishing,assets)/media/5a80566640f0b62302692e88/review-of-iraq-security-situation-cig-nov-2015.pdf",20240308070922,https://assets.publishing.service.gov.uk/media/5a80566640f0b62302692e88/Review-of-Iraq-Security-Situation-CIG-Nov-2015.pdf,assets.publishing.service.gov.uk,application/pdf,JOVYLPLKXV2RCY25RAIUBLDPXXNCX44M,806137,402803452,Review-of-Iraq-Security-Situation-CIG-Nov-2015.pdf,en,PDF
"uk,gov,service,publishing,assets)/government/uploads/system/uploads/attachment_data/file/825873/ethiopia__-_oppn_-_cpin_-_v3.0e__august_2019_.pdf",20200510054125,https://assets.publishing.service.gov.uk/government/uploads/system/uploads/attachment_data/file/825873/Ethiopia__-_Oppn_-_CPIN_-_v3.0e__August_2019_.pdf,assets.publishing.service.gov.uk,application/pdf,3BTOREJJSAVQVW55HRZNV2LKP6R7HUMO,1155084,494224810,Ethiopia  - Oppn - CPIN - v3.0 (August 2019),en,PDF
"com,amazonaws,s3,moj-tribunals-documents-prod)/decision/pdf_file/53632/pa138262016.pdf",20221201133821,https://moj-tribunals-documents-prod.s3.amazonaws.com/decision/pdf_file/53632/PA138262016.pdf,moj-tribunals-documents-prod.s3.amazonaws.com,application/pdf,5V45PCZHWOXHMDGHFV74V72OPZYNQVCD,94980,44065911,PA138262016.pdf,en,PDF
"uk,gov,independent,icinspector)/wp-content/uploads/2014/11/iagci-evaluation-of-the-home-offices-cig-report-on-kuwait.pdf",20170803100547,http://icinspector.independent.gov.uk/wp-content/uploads/2014/11/IAGCI-evaluation-of-the-Home-Offices-CIG-Report-on-Kuwait.pdf,icinspector.independent.gov.uk,application/pdf,6A3MQYJ6TCFGMRDGX3AOZXJW22TMCDZ2,192945,15374262,Microsoft Word - Review of the CIG report Bidoon Kuwait.docx,en,PDF
"uk,gov)/government/uploads/system/uploads/attachment_data/file/365456/cig_-_eritrea_-_religious_groups_v1_0.pdf",20160612040841,https://www.gov.uk/government/uploads/system/uploads/attachment_data/file/365456/CIG_-_Eritrea_-_Religious_Groups_v1_0.pdf,www.gov.uk,application/pdf,XPMAVTVGVGPIIHSWRBTDWGVCWY73AV73,447107,67512577,Eritrea: Religious Groups,en,PDF
"uk,gov,service,publishing,assets)/government/uploads/system/uploads/attachment_data/file/509326/victims-of-modern-slavery-frontline-staff-guidance-v3.pdf",20200207211702,https://assets.publishing.service.gov.uk/government/uploads/system/uploads/attachment_data/file/509326/victims-of-modern-slavery-frontline-staff-guidance-v3.pdf,assets.publishing.service.gov.uk,application/pdf,AYHGR47E6BQ3EUHKKRO2VXXXHOFSWCZI,511159,343574793,victims-of-modern-slavery-frontline-staff-guidance-v3.pdf,en,PDF
"uk,gov,service,publishing,assets)/government/uploads/system/uploads/attachment_data/file/623848/iraq_-_sunni__arabs__-_cpin_-_v2_0__june_2017_.pdf",20200104174843,https://assets.publishing.service.gov.uk/government/uploads/system/uploads/attachment_data/file/623848/Iraq_-_Sunni__Arabs__-_CPIN_-_v2_0__June_2017_.pdf,assets.publishing.service.gov.uk,application/pdf,X2MN7HN2HVM4CSDW4SVCXRBL2745FPFB,351737,15697314,Iraq - Sunni (Arabs) - CPIN - v2.0 (June 2017),en,PDF
"com,amazonaws,s3,moj-tribunals-documents-prod)/decision/pdf_file/48145/aa029672014.pdf",20221201140952,https://moj-tribunals-documents-prod.s3.amazonaws.com/decision/pdf_file/48145/AA029672014.pdf,moj-tribunals-documents-prod.s3.amazonaws.com,application/pdf,YA7HJW5PVRUFSV7NN5AARVVJY2ESET3U,166348,491780972,AA029672014.pdf,en,PDF
"com,amazonaws,s3,moj-tribunals-documents-prod)/decision/pdf_file/56981/pa039312017.pdf",20221201141309,https://moj-tribunals-documents-prod.s3.amazonaws.com/decision/pdf_file/56981/PA039312017.pdf,moj-tribunals-documents-prod.s3.amazonaws.com,application/pdf,47LYNXKU55QTIIAU36X2NR45GM4RCUVX,97856,88228028,PA039312017.pdf,en,PDF
"uk,gov,service,publishing,assets)/government/uploads/system/uploads/attachment_data/file/1057119/archived_-_ukraine_military_service_cpin_december_2020.pdf",20220322145955,https://assets.publishing.service.gov.uk/government/uploads/system/uploads/attachment_data/file/1057119/Archived_-_Ukraine_Military_Service_CPIN_December_2020.pdf,assets.publishing.service.gov.uk,application/pdf,NAUAAMNNW6ZJH4GKQASJEV46CW46USJX,1083487,412786010,Ukraine - Military Service - CPIN - v5.0 (October 2018),en,PDF
"com,amazonaws,s3,moj-tribunals-documents-prod)/decision/pdf_file/55000/pa006322017.pdf",20230601113122,https://moj-tribunals-documents-prod.s3.amazonaws.com/decision/pdf_file/55000/PA006322017.pdf,moj-tribunals-documents-prod.s3.amazonaws.com,application/pdf,RGNWYIJ65YYNTCNOXSYUYHZXY3JE4UWW,174849,422694196,PA006322017.pdf,en,PDF
"com,amazonaws,s3,moj-tribunals-documents-prod)/decision/pdf_file/55374/pa030152016.pdf",20221201141958,https://moj-tribunals-documents-prod.s3.amazonaws.com/decision/pdf_file/55374/PA030152016.pdf,moj-tribunals-documents-prod.s3.amazonaws.com,application/pdf,TVW6ZQKVMKG5O7N2GZNXBPCXWS5T7XPW,115185,301783494,PA030152016.pdf,en,PDF
"com,amazonaws,s3,moj-tribunals-documents-prod)/decision/pdf_file/52802/pa026852015.pdf",20221201134732,https://moj-tribunals-documents-prod.s3.amazonaws.com/decision/pdf_file/52802/PA026852015.pdf,moj-tribunals-documents-prod.s3.amazonaws.com,application/pdf,RVZFKBZWZITG5ARBL7ERIHIR3GRUW43I,85609,324239039,PA026852015.pdf,en,PDF
"uk,gov,independent,icai)/wp-content/uploads/dfids-approach-to-anti-corruption-and-its-impact-on-the-poor-final.pdf",20221003093402,https://icai.independent.gov.uk/wp-content/uploads/DFIDs-Approach-to-Anti-Corruption-and-its-Impact-on-the-Poor-FINAL.pdf,icai.independent.gov.uk,application/pdf,REXL7DHQFSTK7JOMUZQHVNZVGCN4XZE5,1090189,127975402,DFIDs-Approach-to-Anti-Corruption-and-its-Impact-on-the-Poor-FINAL.pdf,en,PDF
"org,gsdrc)/wp-content/uploads/2016/02/fragility_migration_eritrea.pdf",20181204204657,http://gsdrc.org/wp-content/uploads/2016/02/Fragility_Migration_Eritrea.pdf,gsdrc.org,application/pdf,6IIXSGBMTVTO34JC23JQDMZL2VK6NW7L,760600,410120074,Rapid fragility and migration assessment for Eritrea,en,PDF
"uk,gov,service,publishing,assets)/government/uploads/system/uploads/attachment_data/file/761740/inspection_of_country_of_origin_information__may_2018..pdf",20200206081543,https://assets.publishing.service.gov.uk/government/uploads/system/uploads/attachment_data/file/761740/Inspection_of_Country_of_Origin_Information__May_2018..pdf,assets.publishing.service.gov.uk,application/pdf,OXGTF57YOO55VJDITUFLRCNBBTI7LPEB,1173103,319707350,Inspection_of_Country_of_Origin_Information__May_2018..pdf,en,PDF
"uk,gov,independent,icinspector)/wp-content/uploads/2016/01/review-of-iraq-security-situation-cig-final-nov-2015.pdf",20170803100536,http://icinspector.independent.gov.uk/wp-content/uploads/2016/01/Review-of-Iraq-Security-Situation-CIG-FINAL-NOV-2015.pdf,icinspector.independent.gov.uk,application/pdf,JOVYLPLKXV2RCY25RAIUBLDPXXNCX44M,805826,68820601,Review-of-Iraq-Security-Situation-CIG-FINAL-NOV-2015.pdf,en,PDF
"uk,gov,service,publishing,assets)/government/uploads/system/uploads/attachment_data/file/565982/iagci-review-of-the-home-offices-china-country-information-and-guidance.pdf",20230705114033,https://assets.publishing.service.gov.uk/government/uploads/system/uploads/attachment_data/file/565982/IAGCI-Review-of-the-Home-Offices-China-Country-Information-and-Guidance.pdf,assets.publishing.service.gov.uk,application/pdf,LHIWPIDXNX7UW6EAKS22XQCEFANVOSMA,617107,304769492,IAGCI-Review-of-the-Home-Offices-China-Country-Information-and-Guidance.pdf,en,PDF
"uk,gov,service,publishing,assets)/media/57a089ef40f0b652dd000494/gsdrc_confl_anal_iraq.pdf",20220316191314,https://assets.publishing.service.gov.uk/media/57a089ef40f0b652dd000494/GSDRC_Confl_Anal_Iraq.pdf,assets.publishing.service.gov.uk,application/pdf,WXVRE3O2UNBTNRQZI7XYNFA7XGH5VH2C,992225,338440300,GSDRC_Confl_Anal_Iraq.pdf,en,PDF
"uk,gov,independent,icinspector)/wp-content/uploads/2014/11/iagci-review-on-lgbti-cois-response.pdf",20170803100545,http://icinspector.independent.gov.uk/wp-content/uploads/2014/11/IAGCI-Review-on-LGBTI-COIS-Response.pdf,icinspector.independent.gov.uk,application/pdf,DOAQ5YXWF5FRVM3WDIION7IC7WWEV65L,834142,7024314,IAGCI-Review-on-LGBTI-COIS-Response.pdf,en,PDF
"uk,gov,service,publishing,assets)/media/61028b7ee90e0703af00179f/china-_non_christian_religious_groups_-_v2.0__july_2021.pdf",20240309045959,https://assets.publishing.service.gov.uk/media/61028b7ee90e0703af00179f/China-_Non_Christian_religious_groups_-_V2.0__July_2021.pdf,assets.publishing.service.gov.uk,application/pdf,NXJ3MXT4EKKC3AZ4LQL7NFLKOWTCY6G6,528179,102845309,CPIN Template - January 2020,en,PDF
"uk,gov,service,publishing,assets)/government/uploads/system/uploads/attachment_data/file/1007296/china-_non_christian_religious_groups_-_v2.0__july_2021.pdf",20230801215230,https://assets.publishing.service.gov.uk/government/uploads/system/uploads/attachment_data/file/1007296/China-_Non_Christian_religious_groups_-_V2.0__July_2021.pdf,assets.publishing.service.gov.uk,application/pdf,NXJ3MXT4EKKC3AZ4LQL7NFLKOWTCY6G6,528154,317473691,CPIN Template - January 2020,en,PDF
"uk,gov)/government/uploads/system/uploads/attachment_data/file/566672/cpin-drc-po-lopps-v1-november-2016.pdf",20161220182623,https://www.gov.uk/government/uploads/system/uploads/attachment_data/file/566672/CPIN-DRC-Po-lOpps-v1-November-2016.pdf,www.gov.uk,application/pdf,5EBRGDWSXE4XPN4G43AWURAPTHVGNSMB,328690,82046229,CIG Template,en,PDF
"com,amazonaws,s3,moj-tribunals-documents-prod)/decision/pdf_file/55968/pa047382016.pdf",20230601115045,https://moj-tribunals-documents-prod.s3.amazonaws.com/decision/pdf_file/55968/PA047382016.pdf,moj-tribunals-documents-prod.s3.amazonaws.com,application/pdf,UFRSJVDQANOWS3SLME43KM3MXTBILFOJ,133328,5872473,PA047382016.pdf,en,PDF
"uk,gov)/government/uploads/system/uploads/attachment_data/file/424173/iraq_cig_security_nc.pdf",20151013005509,https://www.gov.uk/government/uploads/system/uploads/attachment_data/file/424173/Iraq_CIG_security_NC.pdf,www.gov.uk,application/pdf,VN52XPCU2O2KJJA2EKTHAT7KZL4ZF3TP,1117307,31118454,Iraq_CIG_security_NC.pdf,en,PDF
"uk,gov,service,publishing,assets)/government/uploads/system/uploads/attachment_data/file/1111985/inspection_report_on_country_of_origin_information__afghanistan_and_china_june_2022.pdf",20231109225125,https://assets.publishing.service.gov.uk/government/uploads/system/uploads/attachment_data/file/1111985/Inspection_Report_on_Country_of_Origin_Information__Afghanistan_and_China_June_2022.pdf,assets.publishing.service.gov.uk,application/pdf,GDAP56FD2FAYZJRZ2Y6NBDWCMBTOPWGO,1225440,498398972,Inpection of Country of Origin Information,en,PDF
"org,gsdrc)/wp-content/uploads/2015/06/gsdrc_confl_anal_iraq.pdf",20180411143400,http://gsdrc.org/wp-content/uploads/2015/06/GSDRC_Confl_Anal_Iraq.pdf,gsdrc.org,application/pdf,WXVRE3O2UNBTNRQZI7XYNFA7XGH5VH2C,991953,166832562,GSDRC_Confl_Anal_Iraq.pdf,en,PDF
"uk,gov,service,publishing,assets)/media/5ddd09bbed915d01a13d4bfa/cig-mali-security-situation-in-northern-mali-v1-april-2016.pdf",20240416184354,https://assets.publishing.service.gov.uk/media/5ddd09bbed915d01a13d4bfa/CIG-Mali-Security-situation-in-northern-Mali-v1-April-2016.pdf,assets.publishing.service.gov.uk,application/pdf,YEEWMB5OHCUGOHPC4GRKDZOOS2453KQO,2031249,492476436,CIG Template,en,PDF
"com,amazonaws,s3,moj-tribunals-documents-prod)/decision/pdf_file/61431/aa050492015___aa050512015.pdf",20231201081221,https://moj-tribunals-documents-prod.s3.amazonaws.com/decision/pdf_file/61431/AA050492015___AA050512015.pdf,moj-tribunals-documents-prod.s3.amazonaws.com,application/pdf,R3KX4FXE5YKUAMAHUKV2QVXV4YDA4GRC,228933,484179659,AA050492015___AA050512015.pdf,en,PDF
"uk,gov,service,publishing,assets)/media/5a82a6c8ed915d74e3402dfd/an-inspection-of-country-of-origin-information.pdf",20240305074906,https://assets.publishing.service.gov.uk/media/5a82a6c8ed915d74e3402dfd/An-Inspection-of-Country-of-Origin-Information.pdf,assets.publishing.service.gov.uk,application/pdf,KLO2SGKNNRCC63YXMSBDIDPUFNTVCX2O,4914844,179291920,An-Inspection-of-Country-of-Origin-Information.pdf,en,PDF
"uk,gov,service,publishing,assets)/media/634fa8698fa8f5346c39bb6e/inspection_report_on_country_of_origin_information__afghanistan_and_china_june_2022.pdf",20240305075023,https://assets.publishing.service.gov.uk/media/634fa8698fa8f5346c39bb6e/Inspection_Report_on_Country_of_Origin_Information__Afghanistan_and_China_June_2022.pdf,assets.publishing.service.gov.uk,application/pdf,GDAP56FD2FAYZJRZ2Y6NBDWCMBTOPWGO,1225464,364359596,Inpection of Country of Origin Information,en,PDF
"uk,gov,service,publishing,assets)/government/uploads/system/uploads/attachment_data/file/631316/an-inspection-of-country-of-origin-information.pdf",20230603101059,https://assets.publishing.service.gov.uk/government/uploads/system/uploads/attachment_data/file/631316/An-Inspection-of-Country-of-Origin-Information.pdf,assets.publishing.service.gov.uk,application/pdf,KLO2SGKNNRCC63YXMSBDIDPUFNTVCX2O,4914842,189280501,An-Inspection-of-Country-of-Origin-Information.pdf,en,PDF
"uk,gov,independent,icai)/wp-content/uploads/dfids-approach-to-anti-corruption-and-its-impact-on-the-poor-final.pdf",20170404152530,http://icai.independent.gov.uk/wp-content/uploads/DFIDs-Approach-to-Anti-Corruption-and-its-Impact-on-the-Poor-FINAL.pdf,icai.independent.gov.uk,application/pdf,REXL7DHQFSTK7JOMUZQHVNZVGCN4XZE5,1089987,43214024,DFIDs-Approach-to-Anti-Corruption-and-its-Impact-on-the-Poor-FINAL.pdf,en,PDF
"uk,gov,service,publishing,assets)/government/uploads/system/uploads/attachment_data/file/732019/turkey_-_pkk_-_cpin_-_v3.0__august_2018_.pdf",20200107052415,https://assets.publishing.service.gov.uk/government/uploads/system/uploads/attachment_data/file/732019/Turkey_-_PKK_-_CPIN_-_v3.0__August_2018_.pdf,assets.publishing.service.gov.uk,application/pdf,GINMRCYKA2CRC5G6FXBV6IAUXSOIHT4W,991422,455891780,Turkey - PKK - CPIN - v3.0 (August 2018),en,PDF
"uk,gov)/government/uploads/system/uploads/attachment_data/file/485922/cig_liberia_sexual_orientation_and_gender_identity_v1_0.pdf",20161124181847,https://www.gov.uk/government/uploads/system/uploads/attachment_data/file/485922/CIG_Liberia_Sexual_Orientation_and_Gender_Identity_v1_0.pdf,www.gov.uk,application/pdf,FQE7Z7NRFU4AVTDBIX3XKCI63A733A7N,289738,47241382,CIG Template,en,PDF
"uk,gov,service,publishing,assets)/government/uploads/system/uploads/attachment_data/file/257192/a-thematic-review.pdf",20230911201640,https://assets.publishing.service.gov.uk/government/uploads/system/uploads/attachment_data/file/257192/a-thematic-review.pdf,assets.publishing.service.gov.uk,application/pdf,CDUIOT2W4NSLHSTKDUW3ZRHZBIE3XHYK,94330,496705508,Untitled document,en,PDF
"uk,gov,service,publishing,assets)/government/uploads/system/uploads/attachment_data/file/848425/cig-mali-security-situation-in-northern-mali-v1-april-2016.pdf",20230927155818,https://assets.publishing.service.gov.uk/government/uploads/system/uploads/attachment_data/file/848425/CIG-Mali-Security-situation-in-northern-Mali-v1-April-2016.pdf,assets.publishing.service.gov.uk,application/pdf,YEEWMB5OHCUGOHPC4GRKDZOOS2453KQO,2031229,389861906,CIG Template,en,PDF
"uk,gov,service,publishing,assets)/government/uploads/system/uploads/attachment_data/file/561815/icibi-inspection-of-family-reunion-applications-january-to-may-2016.pdf",20200405213713,https://assets.publishing.service.gov.uk/government/uploads/system/uploads/attachment_data/file/561815/ICIBI-inspection-of-family-reunion-applications-January-to-May-2016.pdf,assets.publishing.service.gov.uk,application/pdf,SMGEXTIS3TN4PU6AAYLCYNY4TPVDK7T2,611981,437500173,ICIBI-inspection-of-family-reunion-applications-January-to-May-2016.pdf,en,PDF
"uk,org,capitalmass)/perch/resources/files/jrs-uk-out-in-the-cold-homelessness-among-destitute-refugees-in-london.pdf",20230221122109,https://www.capitalmass.org.uk/perch/resources/files/jrs-uk-out-in-the-cold-homelessness-among-destitute-refugees-in-london.pdf,www.capitalmass.org.uk,application/pdf,YIPSPINVGVCASUCF2APSGARP4GTXBXGH,965863,1501405662,jrs-uk-out-in-the-cold-homelessness-among-destitute-refugees-in-london.pdf,en,PDF
"uk,gov)/government/uploads/system/uploads/attachment_data/file/364128/cig_zimbabwe_political_opposition_v1_0.pdf",20141210193751,https://www.gov.uk/government/uploads/system/uploads/attachment_data/file/364128/CIG_Zimbabwe_Political_Opposition_v1_0.pdf,www.gov.uk,application/pdf,DBD33CHWPMVNUIMPBFMZ7523FZZNLUOG,682096,10595361,CIG_Zimbabwe_Political_Opposition_v1_0.pdf,en,PDF
"com,amazonaws,s3,moj-tribunals-documents-prod)/decision/pdf_file/49137/aa028162012.pdf",20221201145501,https://moj-tribunals-documents-prod.s3.amazonaws.com/decision/pdf_file/49137/AA028162012.pdf,moj-tribunals-documents-prod.s3.amazonaws.com,application/pdf,3OWM3D5JQRJQRDBJGY3WVZA7HXXLPROV,99981,329810659,AA028162012.pdf,en,PDF
"org,gsdrc)/wp-content/uploads/2016/02/fragility_migration_eritrea.pdf",20211201115313,https://gsdrc.org/wp-content/uploads/2016/02/Fragility_Migration_Eritrea.pdf,gsdrc.org,application/pdf,6IIXSGBMTVTO34JC23JQDMZL2VK6NW7L,760581,288562537,Rapid fragility and migration assessment for Eritrea,en,PDF
"com,amazonaws,s3,moj-tribunals-documents-prod)/decision/pdf_file/52490/aa110272013.pdf",20221201150856,https://moj-tribunals-documents-prod.s3.amazonaws.com/decision/pdf_file/52490/AA110272013.pdf,moj-tribunals-documents-prod.s3.amazonaws.com,application/pdf,QPVIUJZ3NU55VQLHT2K53BBT2DVHTAKV,107827,250227901,AA110272013.pdf,en,PDF
"uk,ac,ref,results2021)/environment/statements/unit/8a89be23-674b-42c8-b352-664bf0892014",20240105082248,https://results2021.ref.ac.uk/environment/statements/unit/8a89be23-674b-42c8-b352-664bf0892014,results2021.ref.ac.uk,application/pdf,AHBV26KEQX3UGDAYDWOIJIV2TQY6C4N6,230503,479098978,Microsoft Word - 10007144 UEL REF5b UOA21 Sociology.docx,en,PDF
"uk,gov,service,publishing,assets)/government/uploads/system/uploads/attachment_data/file/848421/cig-angola-treatment-cabinda-january-2015.pdf",20230818201153,https://assets.publishing.service.gov.uk/government/uploads/system/uploads/attachment_data/file/848421/CIG-Angola-Treatment-Cabinda-January-2015.pdf,assets.publishing.service.gov.uk,application/pdf,PTBQ4DD4DVOVK7OU7BKX5UCQLNCK2VNG,1838794,254979903,CIG-Angola-Treatment-Cabinda-January-2015.pdf,en,PDF
"uk,gov,service,publishing,assets)/government/uploads/system/uploads/attachment_data/file/919794/reporting-and-offender-management-v3.0-ext.pdf",20220312103252,https://assets.publishing.service.gov.uk/government/uploads/system/uploads/attachment_data/file/919794/reporting-and-offender-management-v3.0-ext.pdf,assets.publishing.service.gov.uk,application/pdf,YYACW5RMPQ75PQKQBODOUUTI5ULROP3T,688354,97751807,Reporting and offender management,en,PDF
"uk,gov,service,publishing,assets)/media/5ddd081aed915d0199f56fb2/cig-angola-treatment-cabinda-january-2015.pdf",20240307155856,https://assets.publishing.service.gov.uk/media/5ddd081aed915d0199f56fb2/CIG-Angola-Treatment-Cabinda-January-2015.pdf,assets.publishing.service.gov.uk,application/pdf,PTBQ4DD4DVOVK7OU7BKX5UCQLNCK2VNG,1838827,59811897,CIG-Angola-Treatment-Cabinda-January-2015.pdf,en,PDF
"uk,gov)/government/uploads/system/uploads/attachment_data/file/565828/cig-iran-illegal-exit-v4-july-2016.pdf",20170429004811,https://www.gov.uk/government/uploads/system/uploads/attachment_data/file/565828/CIG-Iran-Illegal-Exit-v4-July-2016.pdf,www.gov.uk,application/pdf,PAIA2SIHGLG7EUTQ7W3Y3VPQ76KUG2SS,250577,72960897,CIG - Iran - Illegal Exit - v4.0 - July 2016,en,PDF
"uk,gov,homeoffice,ukba)/sitecontent/documents/policyandlaw/modernised/returns/docs-enforced-removals.pdf?view=binary",20121209025709,http://www.ukba.homeoffice.gov.uk/sitecontent/documents/policyandlaw/modernised/returns/docs-enforced-removals.pdf?view=Binary,www.ukba.homeoffice.gov.uk,application/pdf,XZE47BJADXCSUPVTU523JC52PEZVMZOG,380982,90274974,Title of product,en,PDF
"uk,gov,independent,icinspector)/wp-content/uploads/2017/07/an-inspection-of-country-of-origin-information.pdf",20170803100532,http://icinspector.independent.gov.uk/wp-content/uploads/2017/07/An-Inspection-of-Country-of-Origin-Information.pdf,icinspector.independent.gov.uk,application/pdf,KLO2SGKNNRCC63YXMSBDIDPUFNTVCX2O,4914626,40304179,An-Inspection-of-Country-of-Origin-Information.pdf,en,PDF
"uk,gov)/government/uploads/system/uploads/attachment_data/file/565855/cig-iraq-return-internal-relocation-v3-august-2016.pdf",20161220182441,https://www.gov.uk/government/uploads/system/uploads/attachment_data/file/565855/CIG-Iraq-Return-Internal-Relocation-v3-August-2016.pdf,www.gov.uk,application/pdf,6EORUMI62AVMYMASPW6EDUI4FCPEOA3L,1169961,59308222,CIG - Iraq - Internal Relocation - v3.0 (DRAFT),en,PDF
"uk,gov,service,publishing,assets)/media/5a804d9840f0b62302692b4b/review-of-iraq-humanitarian-situation-cig.pdf",20250109180654,https://assets.publishing.service.gov.uk/media/5a804d9840f0b62302692b4b/Review-of-Iraq-Humanitarian-Situation-CIG.pdf,assets.publishing.service.gov.uk,application/pdf,HKULF2VVXU4TPH4GXHABCJVBYFYCTN3U,431013,217794518,Review-of-Iraq-Humanitarian-Situation-CIG.pdf,en,PDF
"uk,gov,homeoffice,ind)/sitecontent/documents/policyandlaw/modernised/returns/docs-enforced-removals.pdf?view=binary",20120407141025,http://www.ind.homeoffice.gov.uk/sitecontent/documents/policyandlaw/modernised/returns/docs-enforced-removals.pdf?view=Binary,www.ind.homeoffice.gov.uk,application/pdf,DFLDDSLWCOGFP3HRSXYATYAPPDCGR3KF,383517,36091237,Title of product,en,PDF
"uk,gov)/government/uploads/system/uploads/attachment_data/file/587068/libya_-_security_-_v2.pdf",20170428051316,https://www.gov.uk/government/uploads/system/uploads/attachment_data/file/587068/Libya_-_Security_-_v2.pdf,www.gov.uk,application/pdf,RAUSSO2OXRS7QZBCD3DPRCDNSWKBIWRT,654917,39999474,CPIN - Libya - Security Situation - v2.0 (DRAFT),en,PDF
"uk,gov,service,publishing,assets)/government/uploads/system/uploads/attachment_data/file/878626/screening-and-routing-v5.0ext.pdf",20201218053206,https://assets.publishing.service.gov.uk/government/uploads/system/uploads/attachment_data/file/878626/screening-and-routing-v5.0ext.pdf,assets.publishing.service.gov.uk,application/pdf,HDYHNIERTHARWCDNR2L6XEKVS533NO53,599773,308225357,screening-and-routing-v5.0ext.pdf,en,PDF
"uk,gov,service,publishing,assets)/government/uploads/system/uploads/attachment_data/file/695864/vietnam_-_ethnic_and_religious_groups_-_cpin_v2.0_ex.pdf",20220113182209,https://assets.publishing.service.gov.uk/government/uploads/system/uploads/attachment_data/file/695864/Vietnam_-_Ethnic_and_Religious_groups_-_CPIN_v2.0_ex.pdf,assets.publishing.service.gov.uk,application/pdf,LCGSXE5NUPZSUQTZMZOWNBDSS567H52D,624771,216714387,vietnam - ethnic and religious groups,en,PDF
"uk,gov,service,publishing,assets)/government/uploads/system/uploads/attachment_data/file/852483/screening-and-routing-v4.0-ext.pdf",20200113192040,https://assets.publishing.service.gov.uk/government/uploads/system/uploads/attachment_data/file/852483/screening-and-routing-v4.0-ext.pdf,assets.publishing.service.gov.uk,application/pdf,ZGRKBR5LM4BYTS4VQM2WLHUFG4SRUG6R,619156,45020114,screening-and-routing-v4.0-ext.pdf,en,PDF
"uk,gov,service,publishing,assets)/government/uploads/system/uploads/attachment_data/file/848976/user-guide-immigration-statistics.pdf",20200207052558,https://assets.publishing.service.gov.uk/government/uploads/system/uploads/attachment_data/file/848976/user-guide-immigration-statistics.pdf,assets.publishing.service.gov.uk,application/pdf,JTWMP42GXKET3T5F6XWZ3YLWFVDVCVC3,1284250,439078509,Home Office immigration statistics: user guide,en,PDF
"uk,gov,service,publishing,assets)/media/5a80489aed915d74e622d8da/home-office-response-to-iagci-review-uganda-sexual-orientation-and-gender-identity-cig.pdf",20250606070627,https://assets.publishing.service.gov.uk/media/5a80489aed915d74e622d8da/Home-Office-Response-to-IAGCI-Review-Uganda-Sexual-Orientation-and-Gender-Identity-CIG.pdf,assets.publishing.service.gov.uk,application/pdf,MPGW6IW2ZVPKNBI4RYCV2NYZRYRDJCFK,117822,322448187,"HO Response to IAGCI Review: Somalia CIG, April 2014",en,PDF
"uk,gov,service,publishing,assets)/government/uploads/system/uploads/attachment_data/file/886393/user-guide-immigration-statistics.pdf",20200820042759,https://assets.publishing.service.gov.uk/government/uploads/system/uploads/attachment_data/file/886393/user-guide-immigration-statistics.pdf,assets.publishing.service.gov.uk,application/pdf,UP4BWWNNYK6Q56WRB4VQHHWG5QJDLU6I,1404792,176889103,Home Office immigration statistics: user guide,en,PDF
"uk,gov)/government/uploads/system/uploads/attachment_data/file/414224/cig_som_clans_and_mgs_march_2015.pdf",20150517042431,https://www.gov.uk/government/uploads/system/uploads/attachment_data/file/414224/CIG_SOM_Clans_and_MGs_March_2015.pdf,www.gov.uk,application/pdf,ELDIFFAI2F64QSAQPAG64H6SWP3QIFOE,429239,20312567,CIG_SOM_Clans_and_MGs_March_2015.pdf,en,PDF
"uk,gov)/government/uploads/system/uploads/attachment_data/file/459588/cig_-_china_-_background.pdf",20151013000631,https://www.gov.uk/government/uploads/system/uploads/attachment_data/file/459588/CIG_-_China_-_Background.pdf,www.gov.uk,application/pdf,GOJHVGG6LTXE3THKDHFBMI3QQN4F6EJ6,338033,44859697,CIG_-_China_-_Background.pdf,en,PDF
"org,gsdrc)/wp-content/uploads/2017/08/050-gender-and-conflict-in-ukraine.pdf",20230901111106,https://gsdrc.org/wp-content/uploads/2017/08/050-Gender-and-conflict-in-Ukraine.pdf,gsdrc.org,application/pdf,GCEMBFDBCH6QTESUARHXOOX7KH4I3NCR,386564,421095486,050-Gender-and-conflict-in-Ukraine.pdf,en,PDF
"uk,gov)/government/uploads/system/uploads/attachment_data/file/565755/cig-ethiopia-eritreans-of-mixed-eritrean-ethiopian-nationality-v1-august-2016.pdf",20170207115856,https://www.gov.uk/government/uploads/system/uploads/attachment_data/file/565755/CIG-Ethiopia-Eritreans-of-mixed-Eritrean-Ethiopian-nationality-v1-August-2016.pdf,www.gov.uk,application/pdf,EZ6JQR7PIWJPZWLL36WABUWAEXWSRUVH,259986,55806906,CIG-Ethiopia-Eritreans-of-mixed-Eritrean-Ethiopian-nationality-v1-August-2016.pdf,en,PDF
"uk,gov)/government/uploads/system/uploads/attachment_data/file/566175/cig_-_libya_-_prison_conditions.pdf",20170203082448,https://www.gov.uk/government/uploads/system/uploads/attachment_data/file/566175/CIG_-_Libya_-_Prison_Conditions.pdf,www.gov.uk,application/pdf,ZKGYXGIMQT4QOPTJSFVOQMMAEKPQDVTK,441958,1893366,CIG_-_Libya_-_Prison_Conditions.pdf,en,PDF
"uk,gov)/government/uploads/system/uploads/attachment_data/file/565479/cig-angola-treatment-cabinda-january-2015.pdf",20170207115749,https://www.gov.uk/government/uploads/system/uploads/attachment_data/file/565479/CIG-Angola-Treatment-Cabinda-January-2015.pdf,www.gov.uk,application/pdf,P5OOQ7PEBGZLQDA4QDB2TY7XBATMWSJE,638603,1732225,CIG-Angola-Treatment-Cabinda-January-2015.pdf,en,PDF
"uk,gov)/government/uploads/system/uploads/attachment_data/file/566176/cig__libya__actual_or_perceived_supporters_of_col__gaddafi.pdf",20170203082450,https://www.gov.uk/government/uploads/system/uploads/attachment_data/file/566176/CIG__Libya__Actual_or_perceived_supporters_of_Col__Gaddafi.pdf,www.gov.uk,application/pdf,4R6O3CK52QCKV3VHP3C2AOJJ2GCDDJ5R,458449,5497769,CIG__Libya__Actual_or_perceived_supporters_of_Col__Gaddafi.pdf,en,PDF
"uk,gov,service,publishing,assets)/media/5a801bbfe5274a2e8ab4e3bb/review-of-iraq-humanitarian-situation-cig-oct-2015.pdf",20250606070927,https://assets.publishing.service.gov.uk/media/5a801bbfe5274a2e8ab4e3bb/Review-of-Iraq-Humanitarian-Situation-CIG-Oct-2015.pdf,assets.publishing.service.gov.uk,application/pdf,HKULF2VVXU4TPH4GXHABCJVBYFYCTN3U,431019,263871652,Review-of-Iraq-Humanitarian-Situation-CIG-Oct-2015.pdf,en,PDF
"uk,gov)/government/uploads/system/uploads/attachment_data/file/566173/cig_-_libya_-_women.pdf",20170210015656,https://www.gov.uk/government/uploads/system/uploads/attachment_data/file/566173/CIG_-_Libya_-_Women.pdf,www.gov.uk,application/pdf,UOQ6LZ6PFHWJPBDM4PM4Z4XIHN4K5OHR,451594,55887873,CIG_-_Libya_-_Women.pdf,en,PDF
"uk,gov)/government/uploads/system/uploads/attachment_data/file/565764/cig-gambia-sexual-orientation-v1-january-2016.pdf",20170210015827,https://www.gov.uk/government/uploads/system/uploads/attachment_data/file/565764/CIG-Gambia-Sexual-orientation-v1-January-2016.pdf,www.gov.uk,application/pdf,FBL4VVCLF5O4W6XZN5NKWKOK3O66J473,312083,76151462,CIG Template,en,PDF
"uk,gov,service,publishing,assets)/government/uploads/system/uploads/attachment_data/file/869309/user-guide-immigration-statistics.pdf",20200322220937,https://assets.publishing.service.gov.uk/government/uploads/system/uploads/attachment_data/file/869309/user-guide-immigration-statistics.pdf,assets.publishing.service.gov.uk,application/pdf,PGVL5SNQ2ZNL4U3QUUXIDXJCSRA566EX,1891710,29143745,User Guide to Home Office Immigration Statistics,en,PDF
"uk,gov)/government/uploads/system/uploads/attachment_data/file/565765/cig-gambia-opposition-to-the-government-v1-december-2015.pdf",20170207115903,https://www.gov.uk/government/uploads/system/uploads/attachment_data/file/565765/CIG-Gambia-Opposition-to-the-Government-v1-December-2015.pdf,www.gov.uk,application/pdf,O4BWCME6V2X7BMVZJ73K6I3UCQSJFDUY,234073,5283603,CIG-Gambia-Opposition-to-the-Government-v1-December-2015.pdf,en,PDF
"org,gsdrc)/wp-content/uploads/2015/06/gsdrc_confl_anal_iraq.pdf",20220403201842,https://gsdrc.org/wp-content/uploads/2015/06/GSDRC_Confl_Anal_Iraq.pdf,gsdrc.org,application/pdf,WXVRE3O2UNBTNRQZI7XYNFA7XGH5VH2C,991941,384912398,GSDRC_Confl_Anal_Iraq.pdf,en,PDF
"uk,gov,service,publishing,assets)/government/uploads/system/uploads/attachment_data/file/1148732/child_staying_with_or_joining_non-parent_relative__protection_.pdf",20231204115254,https://assets.publishing.service.gov.uk/government/uploads/system/uploads/attachment_data/file/1148732/Child_staying_with_or_joining_non-parent_relative__protection_.pdf,assets.publishing.service.gov.uk,application/pdf,Z6DCPLWVAFOCQIYG7BCY326GOGHDDQQA,251992,18580808,Child staying with or joining non-parent relative (protection),en,PDF
"uk,gov,service,publishing,assets)/media/642c2144ddf8ad000cac0d2e/child_staying_with_or_joining_non-parent_relative__protection_.pdf",20240106132045,https://assets.publishing.service.gov.uk/media/642c2144ddf8ad000cac0d2e/Child_staying_with_or_joining_non-parent_relative__protection_.pdf,assets.publishing.service.gov.uk,application/pdf,Z6DCPLWVAFOCQIYG7BCY326GOGHDDQQA,251980,262193765,Child staying with or joining non-parent relative (protection),en,PDF
"uk,gov,service,publishing,assets)/government/uploads/system/uploads/attachment_data/file/566068/ho-response-to-iagci-review-eritrea.pdf",20230803121802,https://assets.publishing.service.gov.uk/government/uploads/system/uploads/attachment_data/file/566068/HO-response-to-IAGCI-review-Eritrea.pdf,assets.publishing.service.gov.uk,application/pdf,BFTXWW5NHVWYOSXX3R7JLJ7FDUWOOU3V,334030,292476650,"HO Response to IAGCI Review: Somalia CIG, April 2014",en,PDF
"com,amazonaws,s3,moj-tribunals-documents-prod)/decision/pdf_file/47256/aa114192012.pdf",20230601130331,https://moj-tribunals-documents-prod.s3.amazonaws.com/decision/pdf_file/47256/AA114192012.pdf,moj-tribunals-documents-prod.s3.amazonaws.com,application/pdf,DAW3JLAJ5M46KHK2A5KALQ2FPXR3B6RY,136818,196502109,AA114192012.pdf,en,PDF
"uk,gov,service,publishing,assets)/media/5a80be9d40f0b62305b8ce81/ho-response-to-iagci-review-eritrea.pdf",20240308070137,https://assets.publishing.service.gov.uk/media/5a80be9d40f0b62305b8ce81/HO-response-to-IAGCI-review-Eritrea.pdf,assets.publishing.service.gov.uk,application/pdf,BFTXWW5NHVWYOSXX3R7JLJ7FDUWOOU3V,334061,343405812,"HO Response to IAGCI Review: Somalia CIG, April 2014",en,PDF
"uk,gov,service,publishing,assets)/media/5a81a6f6ed915d74e33ff5c5/review-of-home-office-cigs-on-eritrea-dec-2015.pdf",20250606073022,https://assets.publishing.service.gov.uk/media/5a81a6f6ed915d74e33ff5c5/Review-of-Home-Office-CIGs-on-Eritrea-Dec-2015.pdf,assets.publishing.service.gov.uk,application/pdf,HF4PQUTBHQWN7MYLMRPPBUHBUVVPA7FI,572995,14715952,Review-of-Home-Office-CIGs-on-Eritrea-Dec-2015.pdf,en,PDF
"uk,gov,service,publishing,assets)/government/uploads/system/uploads/attachment_data/file/412716/cig_-_eritrea_-_illegal_exit_-_march_2015_-_v1_0.pdf",20241024144908,https://assets.publishing.service.gov.uk/government/uploads/system/uploads/attachment_data/file/412716/CIG_-_Eritrea_-_Illegal_Exit_-_March_2015_-_v1_0.pdf,assets.publishing.service.gov.uk,application/pdf,MMNXGRGIAOAUQURTL5R633SI6MXCQAIC,269409,12217695,Eritrea: Religious Groups,en,PDF
"uk,gov,service,publishing,assets)/media/5b9a5283e5274a13a7fd95e4/k4d_hdr__gender_and_conflict_in_ukraine.pdf",20240308055629,https://assets.publishing.service.gov.uk/media/5b9a5283e5274a13a7fd95e4/K4D_HDR__Gender_and_conflict_in_Ukraine.pdf,assets.publishing.service.gov.uk,application/pdf,CBFYS53W7L5VZ4QCNCKMOHXPR6GBUKTO,386771,219595865,K4D_HDR__Gender_and_conflict_in_Ukraine.pdf,en,PDF
"com,amazonaws,s3,moj-tribunals-documents-prod)/decision/pdf_file/52709/aa112232015.pdf",20221201150217,https://moj-tribunals-documents-prod.s3.amazonaws.com/decision/pdf_file/52709/AA112232015.pdf,moj-tribunals-documents-prod.s3.amazonaws.com,application/pdf,KYGLDWLLL4TN7B5NO2ICCWGYNXZKLHCE,129157,50227262,AA112232015.pdf,en,PDF
"uk,gov)/government/uploads/system/uploads/attachment_data/file/517057/cig_-_mali_-_security_situation_in_northern_mali.pdf",20160517202558,https://www.gov.uk/government/uploads/system/uploads/attachment_data/file/517057/CIG_-_Mali_-_Security_situation_in_northern_Mali.pdf,www.gov.uk,application/pdf,GNKPSF4AENEQC6SLDAIW6FVBDH6DERHS,820729,35747137,CIG Template,en,PDF
"com,amazonaws,s3,moj-tribunals-documents-prod)/decision/pdf_file/53678/pa022602016.pdf",20221201133645,https://moj-tribunals-documents-prod.s3.amazonaws.com/decision/pdf_file/53678/PA022602016.pdf,moj-tribunals-documents-prod.s3.amazonaws.com,application/pdf,QJPY53LRIO4YN3FGLW3GUA4XRDHUOUHE,93207,499996076,PA022602016.pdf,en,PDF
"com,amazonaws,s3,moj-tribunals-documents-prod)/decision/pdf_file/51756/aa022572015.pdf",20221201134743,https://moj-tribunals-documents-prod.s3.amazonaws.com/decision/pdf_file/51756/AA022572015.pdf,moj-tribunals-documents-prod.s3.amazonaws.com,application/pdf,LZDM3AKJTYQFQIETZYQEIUD366SSIZU7,125739,329848491,AA022572015.pdf,en,PDF
"uk,gov)/government/uploads/system/uploads/attachment_data/file/381425/cig_-_iran_-_baha_is_-_2014-11-28_v_1.pdf",20160120043536,https://www.gov.uk/government/uploads/system/uploads/attachment_data/file/381425/CIG_-_Iran_-_Baha_is_-_2014-11-28_v_1.pdf,www.gov.uk,application/pdf,33EIJ5GSYG4YQ6QVXASHI2PGI2XK5O55,450044,30005114,CIG_-_Iran_-_Baha_is_-_2014-11-28_v_1.pdf,en,PDF
"uk,gov)/government/uploads/system/uploads/attachment_data/file/539352/cig_-_iran_-_illegal_exit_-_v4_0_-_july_2016.pdf",20160811040554,https://www.gov.uk/government/uploads/system/uploads/attachment_data/file/539352/CIG_-_Iran_-_Illegal_Exit_-_v4_0_-_July_2016.pdf,www.gov.uk,application/pdf,PAIA2SIHGLG7EUTQ7W3Y3VPQ76KUG2SS,250582,43337938,CIG - Iran - Illegal Exit - v4.0 - July 2016,en,PDF
"org,gsdrc)/wp-content/uploads/2015/09/hdq1263.pdf",20230901111422,https://gsdrc.org/wp-content/uploads/2015/09/HDQ1263.pdf,gsdrc.org,application/pdf,6KJSNHWHYGABSTZX37NWRAKLCTUXLFRO,551979,474044545,HDQ1263.pdf,en,PDF
"uk,gov,service,publishing,assets)/media/57a08967e5274a27b200007d/hdq1263.pdf",20240207053043,https://assets.publishing.service.gov.uk/media/57a08967e5274a27b200007d/HDQ1263.pdf,assets.publishing.service.gov.uk,application/pdf,6KJSNHWHYGABSTZX37NWRAKLCTUXLFRO,552115,31953191,HDQ1263.pdf,en,PDF
"com,amazonaws,s3,moj-tribunals-documents-prod)/decision/pdf_file/52512/ia190222012.pdf",20221201151107,https://moj-tribunals-documents-prod.s3.amazonaws.com/decision/pdf_file/52512/IA190222012.pdf,moj-tribunals-documents-prod.s3.amazonaws.com,application/pdf,PHXMN4DB3EQ4FEU4BQWTIC6Z4HYWCHEI,134411,319133923,IA190222012.pdf,en,PDF
"com,amazonaws,s3,moj-tribunals-documents-prod)/decision/pdf_file/54365/pa018302015.pdf",20231201080116,https://moj-tribunals-documents-prod.s3.amazonaws.com/decision/pdf_file/54365/PA018302015.pdf,moj-tribunals-documents-prod.s3.amazonaws.com,application/pdf,5O3A4RUSCQMGIN52FBVFE2ROE2AWOY3D,184775,136705383,PA018302015.pdf,en,PDF
"uk,gov,service,publishing,assets)/government/uploads/system/uploads/attachment_data/file/1001416/cig_north_korea_opposition_to_the_regime.pdf",20231111083443,https://assets.publishing.service.gov.uk/government/uploads/system/uploads/attachment_data/file/1001416/CIG_North_Korea_Opposition_to_the_Regime.pdf,assets.publishing.service.gov.uk,application/pdf,VHR7VT3KMPHKE4PSHLPDVG2PKC6WRP7Y,1131231,29179134,CIG - North Korea - Opposition to the Regime - v2.0 (October 2016),en,PDF
"uk,gov,service,publishing,assets)/media/57a0895de5274a31e0000038/fragility_migration_eritrea.pdf",20220203065836,https://assets.publishing.service.gov.uk/media/57a0895de5274a31e0000038/Fragility_Migration_Eritrea.pdf,assets.publishing.service.gov.uk,application/pdf,6IIXSGBMTVTO34JC23JQDMZL2VK6NW7L,760860,52968112,Rapid fragility and migration assessment for Eritrea,en,PDF
"uk,gov)/government/uploads/system/uploads/attachment_data/file/363406/albania_ogn_v14_0__october_2014.pdf",20150710111645,https://www.gov.uk/government/uploads/system/uploads/attachment_data/file/363406/Albania_OGN_v14_0__October_2014.pdf,www.gov.uk,application/pdf,DXR7XBHPFGJZPORMFPCNGUNQCQ6ALAQB,262630,48223908,Albania_OGN_v14_0__October_2014.pdf,en,PDF
"uk,gov)/government/uploads/system/uploads/attachment_data/file/566159/cig-mali-security-situation-in-northern-mali-v1-april-2016.pdf",20161221094142,https://www.gov.uk/government/uploads/system/uploads/attachment_data/file/566159/CIG-Mali-Security-situation-in-northern-Mali-v1-April-2016.pdf,www.gov.uk,application/pdf,GNKPSF4AENEQC6SLDAIW6FVBDH6DERHS,820740,43330481,CIG Template,en,PDF
"com,amazonaws,s3,moj-tribunals-documents-prod)/decision/pdf_file/55093/pa105102016.pdf",20221201141213,https://moj-tribunals-documents-prod.s3.amazonaws.com/decision/pdf_file/55093/PA105102016.pdf,moj-tribunals-documents-prod.s3.amazonaws.com,application/pdf,YD6CKB5PK53DARQEDQMEPZ3WWQQM4EQ4,120809,59989398,PA105102016.pdf,en,PDF
"com,amazonaws,s3,moj-tribunals-documents-prod)/decision/pdf_file/45592/aa016462014.pdf",20221201145726,https://moj-tribunals-documents-prod.s3.amazonaws.com/decision/pdf_file/45592/AA016462014.pdf,moj-tribunals-documents-prod.s3.amazonaws.com,application/pdf,SZ25C2PYOSWFR7NGLPNKXDI3ZYE7D4I6,171478,405995430,AA016462014.pdf,en,PDF
"uk,gov,service,publishing,assets)/government/uploads/system/uploads/attachment_data/file/397778/assessing_credibility_and_refugee_status_v9_0.pdf",20220518052048,https://assets.publishing.service.gov.uk/government/uploads/system/uploads/attachment_data/file/397778/ASSESSING_CREDIBILITY_AND_REFUGEE_STATUS_V9_0.pdf,assets.publishing.service.gov.uk,application/pdf,DPJQP5EEA3WLB5T5JOHO2W46GEER7TKC,402264,360567227,ASSESSING_CREDIBILITY_AND_REFUGEE_STATUS_V9_0.pdf,en,PDF
"uk,gov,independent,icinspector)/wp-content/uploads/2016/01/ho-response-to-iagci-review-eritrea-dec-2015.pdf",20170803100547,http://icinspector.independent.gov.uk/wp-content/uploads/2016/01/HO-response-to-IAGCI-review-Eritrea-Dec-2015.pdf,icinspector.independent.gov.uk,application/pdf,BFTXWW5NHVWYOSXX3R7JLJ7FDUWOOU3V,333732,18105364,"HO Response to IAGCI Review: Somalia CIG, April 2014",en,PDF
"uk,gov,service,publishing,assets)/government/uploads/system/uploads/attachment_data/file/1094740/family_reunion_guidance.pdf",20220923034022,https://assets.publishing.service.gov.uk/government/uploads/system/uploads/attachment_data/file/1094740/Family_Reunion_Guidance.pdf,assets.publishing.service.gov.uk,application/pdf,VQ4HAJKRXLEPQCC47BWQ5OJ45KV3RHOH,369535,273241309,Family reunion.docx,en,PDF
"uk,gov)/government/uploads/system/uploads/attachment_data/file/565781/cig-india-lgbt-claims-july-2014.pdf",20170207115924,https://www.gov.uk/government/uploads/system/uploads/attachment_data/file/565781/CIG-India-LGBT-claims-July-2014.pdf,www.gov.uk,application/pdf,LSWYMARP4WEBQJFUOHRB56JE5NSAPCOL,308431,57462603,CIG-India-LGBT-claims-July-2014.pdf,en,PDF
"uk,gov,service,publishing,assets)/media/60ed5465e90e0764ce8266c8/cig_north_korea_opposition_to_the_regime.pdf",20240416201640,https://assets.publishing.service.gov.uk/media/60ed5465e90e0764ce8266c8/CIG_North_Korea_Opposition_to_the_Regime.pdf,assets.publishing.service.gov.uk,application/pdf,VHR7VT3KMPHKE4PSHLPDVG2PKC6WRP7Y,1131239,90205921,CIG - North Korea - Opposition to the Regime - v2.0 (October 2016),en,PDF
"org,gsdrc)/wp-content/uploads/2017/08/050-gender-and-conflict-in-ukraine.pdf",20171207154427,http://www.gsdrc.org/wp-content/uploads/2017/08/050-Gender-and-conflict-in-Ukraine.pdf,www.gsdrc.org,application/pdf,GCEMBFDBCH6QTESUARHXOOX7KH4I3NCR,386443,41783588,050-Gender-and-conflict-in-Ukraine.pdf,en,PDF
"uk,gov,service,publishing,assets)/media/5e6b69fce90e070acd195b52/turkey_-_peoples_democratic_party__hdp_-_external.pdf",20231019172039,https://assets.publishing.service.gov.uk/media/5e6b69fce90e070acd195b52/Turkey_-_Peoples_Democratic_Party__HDP_-_EXTERNAL.pdf,assets.publishing.service.gov.uk,application/pdf,CIU3MYNTHMDU574FVY3SSNXSBPDA5ZKM,685945,204800235,CPIN Template 2018 - v3,en,PDF
"uk,gov,service,publishing,assets)/government/uploads/system/uploads/attachment_data/file/872473/turkey_-_peoples_democratic_party__hdp_-_external.pdf",20230909163619,https://assets.publishing.service.gov.uk/government/uploads/system/uploads/attachment_data/file/872473/Turkey_-_Peoples_Democratic_Party__HDP_-_EXTERNAL.pdf,assets.publishing.service.gov.uk,application/pdf,CIU3MYNTHMDU574FVY3SSNXSBPDA5ZKM,685962,217209736,CPIN Template 2018 - v3,en,PDF
"uk,gov)/government/uploads/system/uploads/attachment_data/file/444483/cig_-_jamaica_-_women_-_v1_0.pdf",20160514164249,https://www.gov.uk/government/uploads/system/uploads/attachment_data/file/444483/CIG_-_Jamaica_-_Women_-_v1_0.pdf,www.gov.uk,application/pdf,TI3QKHBS5SBMEL5UZJDTBRCORO6Y3FF2,316061,8835317,CIG_-_Jamaica_-_Women_-_v1_0.pdf,en,PDF
"uk,gov)/government/uploads/system/uploads/attachment_data/file/351357/cig_-_libya_-_prison_conditions_-_v1.pdf",20160120044322,https://www.gov.uk/government/uploads/system/uploads/attachment_data/file/351357/CIG_-_Libya_-_Prison_Conditions_-_v1.pdf,www.gov.uk,application/pdf,ZKGYXGIMQT4QOPTJSFVOQMMAEKPQDVTK,441956,57199115,CIG_-_Libya_-_Prison_Conditions_-_v1.pdf,en,PDF
"uk,gov)/government/uploads/system/uploads/attachment_data/file/489450/gambia_sexual_orientation_jan_2016__2016_01_05.pdf",20160120043726,https://www.gov.uk/government/uploads/system/uploads/attachment_data/file/489450/Gambia_Sexual_orientation_Jan_2016__2016_01_05.pdf,www.gov.uk,application/pdf,FBL4VVCLF5O4W6XZN5NKWKOK3O66J473,312074,22678709,CIG Template,en,PDF
"uk,gov,service,publishing,assets)/government/uploads/system/uploads/attachment_data/file/1114144/family_reunion.pdf",20230406204350,https://assets.publishing.service.gov.uk/government/uploads/system/uploads/attachment_data/file/1114144/Family_reunion.pdf,assets.publishing.service.gov.uk,application/pdf,6TDJSQOW4JVMO4DWACZAIPIFNWVZPNVV,344748,13851527,Family reunion,en,PDF
"uk,gov,service,publishing,assets)/government/uploads/system/uploads/attachment_data/file/738856/turkey_-_military_service_-_cpin_-_v2.0__september_2018_.pdf",20220510225404,https://assets.publishing.service.gov.uk/government/uploads/system/uploads/attachment_data/file/738856/Turkey_-_Military_service_-_CPIN_-_v2.0__September_2018_.pdf,assets.publishing.service.gov.uk,application/pdf,N2WD7FFDV6OWB5D4SNJMI6JED4N636XS,878868,483658217,Turkey - Military service - CPIN - v2.0 (September 2018),en,PDF
"com,amazonaws,s3,moj-tribunals-documents-prod)/decision/pdf_file/53718/pa004852015___others.pdf",20231201075236,https://moj-tribunals-documents-prod.s3.amazonaws.com/decision/pdf_file/53718/PA004852015___Others.pdf,moj-tribunals-documents-prod.s3.amazonaws.com,application/pdf,MGEGKXEV3ADMQN4SL5K7YYRK3GLYAC3C,181247,359142537,PA004852015___Others.pdf,en,PDF
"uk,gov,service,publishing,assets)/government/uploads/system/uploads/attachment_data/file/1084315/inadmissibility.pdf",20231114211718,https://assets.publishing.service.gov.uk/government/uploads/system/uploads/attachment_data/file/1084315/Inadmissibility.pdf,assets.publishing.service.gov.uk,application/pdf,U4WBAIOBNMTUYJ3JCQD7MMVLEZ5242GH,288748,147196037,Inadmissibility.docx,en,PDF
"uk,gov,service,publishing,assets)/government/uploads/system/uploads/attachment_data/file/878219/iran_-_military_service_-_cpin_-_v2.0_-_april_2020.pdf",20221005062134,https://assets.publishing.service.gov.uk/government/uploads/system/uploads/attachment_data/file/878219/Iran_-_Military_Service_-_CPIN_-_v2.0_-_April_2020.pdf,assets.publishing.service.gov.uk,application/pdf,F5EPEDJZWVXT4HXMB3FZFXLIZ4UGXE5U,509298,200588234,CPIN Template - November 2019,en,PDF
"uk,gov,service,publishing,assets)/media/62b1ab86e90e0765d7559bd7/inadmissibility.pdf",20231211211146,https://assets.publishing.service.gov.uk/media/62b1ab86e90e0765d7559bd7/Inadmissibility.pdf,assets.publishing.service.gov.uk,application/pdf,U4WBAIOBNMTUYJ3JCQD7MMVLEZ5242GH,288731,41010299,Inadmissibility.docx,en,PDF
"uk,gov)/government/uploads/system/uploads/attachment_data/file/346430/cig__libya__actual_or_perceived_supporters_of_col__gaddafi__19_august_2014.pdf",20161124181858,https://www.gov.uk/government/uploads/system/uploads/attachment_data/file/346430/CIG__Libya__Actual_or_perceived_supporters_of_Col__Gaddafi__19_August_2014.pdf,www.gov.uk,application/pdf,4R6O3CK52QCKV3VHP3C2AOJJ2GCDDJ5R,458457,90639396,CIG__Libya__Actual_or_perceived_supporters_of_Col__Gaddafi__19_August_2014.pdf,en,PDF
"uk,gov)/government/uploads/system/uploads/attachment_data/file/485910/cig_gambia_opposition_to_the_government_dec_2015.pdf",20160811054044,https://www.gov.uk/government/uploads/system/uploads/attachment_data/file/485910/CIG_Gambia_Opposition_to_the_Government_Dec_2015.pdf,www.gov.uk,application/pdf,O4BWCME6V2X7BMVZJ73K6I3UCQSJFDUY,234067,9382899,CIG_Gambia_Opposition_to_the_Government_Dec_2015.pdf,en,PDF
"uk,gov)/government/uploads/system/uploads/attachment_data/file/397283/treatmentofcabindans.pdf",20160514150934,https://www.gov.uk/government/uploads/system/uploads/attachment_data/file/397283/TreatmentofCabindans.pdf,www.gov.uk,application/pdf,P5OOQ7PEBGZLQDA4QDB2TY7XBATMWSJE,638585,45967195,TreatmentofCabindans.pdf,en,PDF
"uk,gov)/government/uploads/system/uploads/attachment_data/file/381421/bgd_cig_background_2014_11_28_v1_0.pdf",20141215200358,https://www.gov.uk/government/uploads/system/uploads/attachment_data/file/381421/BGD_CIG_Background_2014_11_28_v1_0.pdf,www.gov.uk,application/pdf,QLSCGQ2LVI6JRW6Q53CPQOOCOF2RM44H,435449,71084520,BGD_CIG_Background_2014_11_28_v1_0.pdf,en,PDF
"uk,gov,service,publishing,assets)/media/654d049b5d60950011bec8bc/clearly+unfounded+claims+-+certification+under+section+94.pdf",20250604190218,https://assets.publishing.service.gov.uk/media/654d049b5d60950011bec8bc/Clearly+unfounded+claims+-+certification+under+section+94.pdf,assets.publishing.service.gov.uk,application/pdf,YULUY37I7TA7YJCZ4VZIANFPL2YTMIQ4,238027,435190871,Clearly unfounded claims - certification under section 94.docx,en,PDF
"uk,gov)/government/uploads/system/uploads/attachment_data/file/401489/public_certification_guidance.pdf",20150208135855,https://www.gov.uk/government/uploads/system/uploads/attachment_data/file/401489/Public_certification_guidance.pdf,www.gov.uk,application/pdf,QDIBTOILNBSRFGVFTER5SPVUWXLSNHXA,403436,24083084,Public_certification_guidance.pdf,en,PDF
"uk,gov,service,publishing,assets)/government/uploads/system/uploads/attachment_data/file/941969/inspection_of_country_of_origin_information_thematic_report_on_sexual_orientation_and_gender_identity_or_expression.pdf",20240126112557,https://assets.publishing.service.gov.uk/government/uploads/system/uploads/attachment_data/file/941969/Inspection_of_Country_of_Origin_Information_Thematic_Report_on_Sexual_Orientation_and_Gender_Identity_or_Expression.pdf,assets.publishing.service.gov.uk,application/pdf,RE7RMUPAL7UMNVNEI4RWGZ5FNRH45EHH,6144986,420421130,Inspection of Country of Origin Information: Thematic Report,en,PDF
"uk,gov,service,publishing,assets)/media/5fcf6546d3bf7f5d08464cfc/inspection_of_country_of_origin_information_thematic_report_on_sexual_orientation_and_gender_identity_or_expression.pdf",20240107125813,https://assets.publishing.service.gov.uk/media/5fcf6546d3bf7f5d08464cfc/Inspection_of_Country_of_Origin_Information_Thematic_Report_on_Sexual_Orientation_and_Gender_Identity_or_Expression.pdf,assets.publishing.service.gov.uk,application/pdf,RE7RMUPAL7UMNVNEI4RWGZ5FNRH45EHH,6144931,104783066,Inspection of Country of Origin Information: Thematic Report,en,PDF
"com,amazonaws,s3,moj-tribunals-documents-prod)/decision/pdf_file/44331/aa076712013.pdf",20221201155151,https://moj-tribunals-documents-prod.s3.amazonaws.com/decision/pdf_file/44331/AA076712013.pdf,moj-tribunals-documents-prod.s3.amazonaws.com,application/pdf,DUF27ZMOTXQG53XVSRPFY7QY4DNVOPZE,106662,41289608,AA076712013.pdf,en,PDF
"com,amazonaws,s3,moj-tribunals-documents-prod)/decision/pdf_file/53215/aa057722015.pdf",20230601112821,https://moj-tribunals-documents-prod.s3.amazonaws.com/decision/pdf_file/53215/AA057722015.pdf,moj-tribunals-documents-prod.s3.amazonaws.com,application/pdf,PPC7V3EIL2ERPRI37RKM2RYMILQK5GAD,114796,332626870,AA057722015.pdf,en,PDF
"uk,gov,service,publishing,assets)/government/uploads/system/uploads/attachment_data/file/1083404/eea_and_eu_asylum_claims.pdf",20230705215103,https://assets.publishing.service.gov.uk/government/uploads/system/uploads/attachment_data/file/1083404/EEA_and_EU_asylum_claims.pdf,assets.publishing.service.gov.uk,application/pdf,ALZSIZSGRKNO7T3E6WJMINEZ4OMKGGXB,209557,211892302,EEA and EU asylum claims,en,PDF
"uk,gov,service,publishing,assets)/government/uploads/system/uploads/attachment_data/file/912239/user-guide-immigration-statistics.pdf",20201124071943,https://assets.publishing.service.gov.uk/government/uploads/system/uploads/attachment_data/file/912239/user-guide-immigration-statistics.pdf,assets.publishing.service.gov.uk,application/pdf,UHTSPFFVIWRBRRXQF5WSFZKWAT4Y6TKY,25415422,499313852,Home Office immigration statistics: user guide,hu,PDF
"com,amazonaws,s3,moj-tribunals-documents-prod)/decision/pdf_file/56725/pa076472016.pdf",20221201133235,https://moj-tribunals-documents-prod.s3.amazonaws.com/decision/pdf_file/56725/PA076472016.pdf,moj-tribunals-documents-prod.s3.amazonaws.com,application/pdf,KRNY7HWVDEEGWMB4TEYNA4GRZABIPLNB,115730,389256227,PA076472016.pdf,en,PDF
"uk,gov,service,publishing,assets)/government/uploads/system/uploads/attachment_data/file/809931/inspection_of_country_of_origin_information_2019._burma__iraq_and_zimbabwe.pdf",20240126112728,https://assets.publishing.service.gov.uk/government/uploads/system/uploads/attachment_data/file/809931/Inspection_of_Country_of_Origin_Information_2019._Burma__Iraq_and_Zimbabwe.pdf,assets.publishing.service.gov.uk,application/pdf,A5CQD7JSTQ5QROQAQH4F7NXNGWX77NFI,885282,115663361,Inspection_of_Country_of_Origin_Information_2019._Burma__Iraq_and_Zimbabwe.pdf,en,PDF
"com,amazonaws,s3,moj-tribunals-documents-prod)/decision/pdf_file/51511/aa072552015.pdf",20221201144323,https://moj-tribunals-documents-prod.s3.amazonaws.com/decision/pdf_file/51511/AA072552015.pdf,moj-tribunals-documents-prod.s3.amazonaws.com,application/pdf,JJSCF6NQUTCHQI73EWNZK2DMM6PYTFT6,279270,492884,AA072552015.pdf,en,PDF
"uk,gov,homeoffice,ukba)/sitecontent/documents/aboutus/workingwithus/chief-insp/a-thematic-review",20130126183424,http://www.ukba.homeoffice.gov.uk/sitecontent/documents/aboutus/workingwithus/chief-insp/a-thematic-review,www.ukba.homeoffice.gov.uk,application/pdf,CDUIOT2W4NSLHSTKDUW3ZRHZBIE3XHYK,93910,32354805,Untitled document,en,PDF
"com,amazonaws,s3,moj-tribunals-documents-prod)/decision/pdf_file/52787/aa054892011.pdf",20221201134836,https://moj-tribunals-documents-prod.s3.amazonaws.com/decision/pdf_file/52787/AA054892011.pdf,moj-tribunals-documents-prod.s3.amazonaws.com,application/pdf,NPFU7ZQIM5JGN7BVSTZUDLFTOULUUGI5,97512,355392344,AA054892011.pdf,en,PDF
"uk,gov,service,publishing,assets)/media/5d090b1bed915d42fabe4dbc/inspection_of_country_of_origin_information_2019._burma__iraq_and_zimbabwe.pdf",20240308145132,https://assets.publishing.service.gov.uk/media/5d090b1bed915d42fabe4dbc/Inspection_of_Country_of_Origin_Information_2019._Burma__Iraq_and_Zimbabwe.pdf,assets.publishing.service.gov.uk,application/pdf,A5CQD7JSTQ5QROQAQH4F7NXNGWX77NFI,885261,136545885,Inspection_of_Country_of_Origin_Information_2019._Burma__Iraq_and_Zimbabwe.pdf,en,PDF
"uk,gov)/government/uploads/system/uploads/attachment_data/file/566215/cig_north_korea_opposition_to_the_regime.pdf",20170426183935,https://www.gov.uk/government/uploads/system/uploads/attachment_data/file/566215/CIG_North_Korea_Opposition_to_the_Regime.pdf,www.gov.uk,application/pdf,GIAW3MZVME4CHNF47FHSXYDML26ZQ7US,431017,74773772,CIG - North Korea - Opposition to the Regime - v2.0 (October 2016),en,PDF
"uk,gov)/government/uploads/system/uploads/attachment_data/file/565834/cig-iran-prison-conditions-v1-february-2016.pdf",20170207115950,https://www.gov.uk/government/uploads/system/uploads/attachment_data/file/565834/CIG-Iran-Prison-Conditions-v1-February-2016.pdf,www.gov.uk,application/pdf,X2RBU4MMMSNOWGCPAWRB4CG5ABUPMAI2,299652,7024439,CIG Template,en,PDF
"com,amazonaws,s3,moj-tribunals-documents-prod)/decision/pdf_file/49819/aa012372015.pdf",20221201135427,https://moj-tribunals-documents-prod.s3.amazonaws.com/decision/pdf_file/49819/AA012372015.pdf,moj-tribunals-documents-prod.s3.amazonaws.com,application/pdf,LHGA6TCCJTNQJ3DZ2ZL4P62CB2OUF3VA,95758,29663596,AA012372015.pdf,en,PDF
"uk,gov)/government/uploads/system/uploads/attachment_data/file/565823/cpin-iran-journalists-and-internet-based-media-v2-october-2016.pdf",20170429004804,https://www.gov.uk/government/uploads/system/uploads/attachment_data/file/565823/CPIN-Iran-Journalists-and-internet-based-media-v2-October-2016.pdf,www.gov.uk,application/pdf,5A6LN5I33MAOGCGF23JSN4QHQWS3MP7B,360750,71845843,CPIN - Iran - Journalists and Bloggers - v2.0 (October 2016),en,PDF
"uk,gov)/government/uploads/system/uploads/attachment_data/file/257462/assessing-age.pdf",20170424022236,https://www.gov.uk/government/uploads/system/uploads/attachment_data/file/257462/assessing-age.pdf,www.gov.uk,application/pdf,TFODIVUKXWSROLMCNTKJVEVV4WXGETC5,99092,93343497,                                           Assessing age ,en,PDF
"uk,gov,homeoffice,ociukba)/files/race-monitor-annual-reports/irn-ann-rpt-0304.pdf",20100408115747,http://www.ociukba.homeoffice.gov.uk/files/race-monitor-annual-reports/irn-ann-rpt-0304.pdf,www.ociukba.homeoffice.gov.uk,application/pdf,IV24IFNZYP43IMZQIB26JSDK3JEQ7HOO,171563,75157186,irn-ann-rpt-0304.pdf,en,PDF
"uk,gov,service,publishing,assets)/media/5a7598aa40f0b67b3d5c7bb1/inspection-of-country-of-origin-information_november-2016.pdf",20250604093926,https://assets.publishing.service.gov.uk/media/5a7598aa40f0b67b3d5c7bb1/Inspection-of-Country-of-Origin-Information_November-2016.pdf,assets.publishing.service.gov.uk,application/pdf,3T764HLFZ2VENUKYH2ZWUYQUR64XHGKK,1539897,101641015,Inspection-of-Country-of-Origin-Information_November-2016.pdf,en,PDF
"uk,gov)/government/uploads/system/uploads/attachment_data/file/565824/cig-iran-sogi-v2-september-2016.pdf",20161220182455,https://www.gov.uk/government/uploads/system/uploads/attachment_data/file/565824/CIG-Iran-SOGI-v2-September-2016.pdf,www.gov.uk,application/pdf,QPCCBAN6A65PIMQ7S6LWS3FDMTPV22F3,330508,63425867,CIG - Iran - SOGI - v2.0 (September 2016),en,PDF
"uk,gov,service,publishing,assets)/government/uploads/system/uploads/attachment_data/file/967262/screening-and-routing-v6.0ext.pdf",20220317101005,https://assets.publishing.service.gov.uk/government/uploads/system/uploads/attachment_data/file/967262/screening-and-routing-v6.0ext.pdf,assets.publishing.service.gov.uk,application/pdf,CGUL54K3KQMQOR7KCLLNNC5IC25FTHM3,614227,364486551,Asylum screening and routing,en,PDF
"com,amazonaws,s3,moj-tribunals-documents-prod)/decision/pdf_file/67978/pa047752016.pdf",20221201133518,https://moj-tribunals-documents-prod.s3.amazonaws.com/decision/pdf_file/67978/PA047752016.pdf,moj-tribunals-documents-prod.s3.amazonaws.com,application/pdf,5D2UU5PRO3KDBBPEMTMFDE4GDWSFIHK2,156659,463190836,PA047752016.pdf,en,PDF
"uk,gov)/government/uploads/system/uploads/attachment_data/file/565629/cig-egypt-muslim-brotherhood-v2-august-2016.pdf",20161220182609,https://www.gov.uk/government/uploads/system/uploads/attachment_data/file/565629/CIG-Egypt-Muslim-Brotherhood-v2-August-2016.pdf,www.gov.uk,application/pdf,5MCTVDERLFKM25R2QZLTXMHK7B65CWBP,279015,78424156,CIG - Egypt - Muslim Brotherhood - v2.0 (August 2016),en,PDF
"uk,gov,service,publishing,assets)/media/5a82a5d9e5274a2e87dc2437/sri_lanka_ffm_report__11-23_july_2016_.pdf",20240108033522,https://assets.publishing.service.gov.uk/media/5a82a5d9e5274a2e87dc2437/Sri_Lanka_FFM_Report__11-23_July_2016_.pdf,assets.publishing.service.gov.uk,application/pdf,ZKYHAFMMOWJETHQDQH6MFHLT2SMWAT3Q,2724169,210310138,Sri Lanka FFM Report (11-23 July 2016),en,PDF
"uk,gov,service,publishing,assets)/government/uploads/system/uploads/attachment_data/file/605479/sri_lanka_ffm_report__11-23_july_2016_.pdf",20240305135426,https://assets.publishing.service.gov.uk/government/uploads/system/uploads/attachment_data/file/605479/Sri_Lanka_FFM_Report__11-23_July_2016_.pdf,assets.publishing.service.gov.uk,application/pdf,ZKYHAFMMOWJETHQDQH6MFHLT2SMWAT3Q,2724223,280942688,Sri Lanka FFM Report (11-23 July 2016),en,PDF
"com,amazonaws,s3,moj-tribunals-documents-prod)/decision/pdf_file/50470/aa030622015.pdf",20221201150945,https://moj-tribunals-documents-prod.s3.amazonaws.com/decision/pdf_file/50470/AA030622015.pdf,moj-tribunals-documents-prod.s3.amazonaws.com,application/pdf,5NPIJJKA67RR5PXHOQRRA56R23IPEEEO,117770,276853307,AA030622015.pdf,en,PDF
"uk,gov,service,publishing,assets)/media/5a74d45a40f0b65f61322919/review-of-libya-minority-ethnic-groups-cig.pdf",20250606070623,https://assets.publishing.service.gov.uk/media/5a74d45a40f0b65f61322919/Review-of-Libya-Minority-Ethnic-Groups-CIG.pdf,assets.publishing.service.gov.uk,application/pdf,ZO7JYPHCORMJFXGOMQ7VLL4LNUF2FZXS,478893,319087674,Review-of-Libya-Minority-Ethnic-Groups-CIG.pdf,en,PDF
"uk,gov,service,publishing,assets)/government/uploads/system/uploads/attachment_data/file/1130228/reporting_and_offender_management.pdf",20231103012259,https://assets.publishing.service.gov.uk/government/uploads/system/uploads/attachment_data/file/1130228/Reporting_and_offender_management.pdf,assets.publishing.service.gov.uk,application/pdf,R67YJ662CQQ3NCQSBOYI6YEAKS5G74A7,346903,486058024,Reporting and offender management,en,PDF
"uk,gov,service,publishing,assets)/media/63c940c2e90e070721fafe28/reporting_and_offender_management.pdf",20240108005354,https://assets.publishing.service.gov.uk/media/63c940c2e90e070721fafe28/Reporting_and_offender_management.pdf,assets.publishing.service.gov.uk,application/pdf,R67YJ662CQQ3NCQSBOYI6YEAKS5G74A7,346883,479661050,Reporting and offender management,en,PDF
"uk,gov,service,publishing,assets)/government/uploads/system/uploads/attachment_data/file/412715/cig_-_eritrea_-_national__incl__military__service_-_march_2015_-_v1_0.pdf",20241024144749,https://assets.publishing.service.gov.uk/government/uploads/system/uploads/attachment_data/file/412715/CIG_-_Eritrea_-_National__incl__Military__Service_-_March_2015_-_v1_0.pdf,assets.publishing.service.gov.uk,application/pdf,NB2QMS6SABXTY3F2WHVDQ5BGBQHEITH6,733246,111350637,Eritrea: Religious Groups,en,PDF
"uk,gov,service,publishing,assets)/government/uploads/system/uploads/attachment_data/file/1087311/reporting_and_offender_management.pdf",20230105025759,https://assets.publishing.service.gov.uk/government/uploads/system/uploads/attachment_data/file/1087311/Reporting_and_offender_management.pdf,assets.publishing.service.gov.uk,application/pdf,T5IYWS6G5HUZAMVNKSWL5BNVSWLH5X2G,357227,360034004,Reporting and offender management,en,PDF
"uk,gov,service,publishing,assets)/government/uploads/system/uploads/attachment_data/file/547330/investigation-into-the-handling-of-asylum-claims_oct_2014.pdf",20220203095525,https://assets.publishing.service.gov.uk/government/uploads/system/uploads/attachment_data/file/547330/Investigation-into-the-Handling-of-Asylum-Claims_Oct_2014.pdf,assets.publishing.service.gov.uk,application/pdf,QVGXXXPNCOK3WYYZDE6ASM3LAQKXBSWW,345159,400691066,An Investigation into the Home Office’s Handling of Asylum Claims Made on the Grounds of Sexual Orientation,en,PDF
"uk,gov)/government/uploads/system/uploads/attachment_data/file/565836/cig-iran-christians-and-christian-converts-v2-december-2015.pdf",20170210015803,https://www.gov.uk/government/uploads/system/uploads/attachment_data/file/565836/CIG-Iran-Christians-and-Christian-Converts-v2-December-2015.pdf,www.gov.uk,application/pdf,32NN4RSWQDQWLHFQ73ET3O4HTTLZQ4T2,409469,71623759,CIG Template,en,PDF
"uk,gov)/government/uploads/system/uploads/attachment_data/file/503719/cig_-_turkey_-_women.pdf",20160811051940,https://www.gov.uk/government/uploads/system/uploads/attachment_data/file/503719/CIG_-_Turkey_-_Women.pdf,www.gov.uk,application/pdf,5WZBGTSAXNLUUKEX4RW3EFZW5ICEM2WE,465260,46599395,CIG Template,en,PDF
"uk,gov,service,publishing,assets)/government/uploads/system/uploads/attachment_data/file/1068353/pakistan_sexual_orientation_and_gender_identity_or_expression.pdf",20230906183841,https://assets.publishing.service.gov.uk/government/uploads/system/uploads/attachment_data/file/1068353/Pakistan_Sexual_orientation_and_gender_identity_or_expression.pdf,assets.publishing.service.gov.uk,application/pdf,CGO6C2NB4HWKEN7OGILJPPBWF3WGDBFZ,534578,449069829,Pakistan: Sexual orientation and gender identity or expression,en,PDF
"uk,gov,service,publishing,assets)/media/65a940c594c997000daeba3a/reporting+and+offender+management.pdf",20240229224930,https://assets.publishing.service.gov.uk/media/65a940c594c997000daeba3a/Reporting+and+offender+management.pdf,assets.publishing.service.gov.uk,application/pdf,UREBJYFG2UK4WJ5OOGZEE6CMC6UJJO7Z,404890,379863261,Reporting and offender management,en,PDF
"uk,gov,service,publishing,assets)/government/uploads/system/uploads/attachment_data/file/543882/sexual-orientation-in-asylum-claims-v6.pdf",20241223173838,https://assets.publishing.service.gov.uk/government/uploads/system/uploads/attachment_data/file/543882/Sexual-orientation-in-asylum-claims-v6.pdf,assets.publishing.service.gov.uk,application/pdf,GGMJP5LTDIGXF5QDUJ4LMCL7WAAFZ7EZ,466925,184327973,Sexual-orientation-in-asylum-claims-v6.pdf,en,PDF
"uk,gov,service,publishing,assets)/media/5a817b6ded915d74e6232810/review-of-libya-minority-ethnic-groups-cig-oct-2015.pdf",20250306042940,https://assets.publishing.service.gov.uk/media/5a817b6ded915d74e6232810/Review-of-Libya-Minority-Ethnic-Groups-CIG-Oct-2015.pdf,assets.publishing.service.gov.uk,application/pdf,ZO7JYPHCORMJFXGOMQ7VLL4LNUF2FZXS,478902,274541212,Review-of-Libya-Minority-Ethnic-Groups-CIG-Oct-2015.pdf,en,PDF
"uk,gov,service,publishing,assets)/government/uploads/system/uploads/attachment_data/file/965290/iran-women-early_and_forced_marriage-cpin.v3.0_february_2021_.pdf",20220426210255,https://assets.publishing.service.gov.uk/government/uploads/system/uploads/attachment_data/file/965290/Iran-Women-Early_and_forced_marriage-CPIN.v3.0_February_2021_.pdf,assets.publishing.service.gov.uk,application/pdf,E33VZ6VXC5RMZFOJWXWD6XDFM35J75W6,554917,98952438,Iran-Women-Early and forced marriage-CPIN,en,PDF
"uk,gov,service,publishing,assets)/government/uploads/system/uploads/attachment_data/file/1158829/private_life.pdf",20240206224237,https://assets.publishing.service.gov.uk/government/uploads/system/uploads/attachment_data/file/1158829/Private_life.pdf,assets.publishing.service.gov.uk,application/pdf,CWD4CG5WT4CZWIJOJ3KOI74CUSBE6XXT,345210,446644904,Private life,en,PDF
"uk,gov)/government/uploads/system/uploads/attachment_data/file/558260/cig_north_korea_opposition_to_the_regime_v2_0__october_2016_.pdf",20161124181902,https://www.gov.uk/government/uploads/system/uploads/attachment_data/file/558260/CIG_North_Korea_Opposition_to_the_Regime_v2_0__October_2016_.pdf,www.gov.uk,application/pdf,GIAW3MZVME4CHNF47FHSXYDML26ZQ7US,431033,49808084,CIG - North Korea - Opposition to the Regime - v2.0 (October 2016),en,PDF
"uk,gov,service,publishing,assets)/media/57a08967e5274a27b200007d/hdq1263.pdf",20160817080939,https://assets.publishing.service.gov.uk/media/57a08967e5274a27b200007d/HDQ1263.pdf,assets.publishing.service.gov.uk,application/pdf,6KJSNHWHYGABSTZX37NWRAKLCTUXLFRO,551974,1653464,HDQ1263.pdf,en,PDF
"uk,gov)/government/uploads/system/uploads/attachment_data/file/565619/cig-drc-returns-v1.1-september-2015.pdf",20170207115828,https://www.gov.uk/government/uploads/system/uploads/attachment_data/file/565619/CIG-DRC-returns-v1.1-September-2015.pdf,www.gov.uk,application/pdf,OOPQMKZ6JZXQTTZVE2JFQDSKTQF6BBLN,540811,54772270,CIG,en,PDF
"uk,gov,service,publishing,assets)/government/uploads/system/uploads/attachment_data/file/857567/drc_-_cpin_-_uas_-_v4_-_final.pdf",20230506154110,https://assets.publishing.service.gov.uk/government/uploads/system/uploads/attachment_data/file/857567/DRC_-_CPIN_-_UAS_-_v4_-_final.pdf,assets.publishing.service.gov.uk,application/pdf,M6HFTNMCPY5JVI76XVKK26TLTUJWLBJN,1050989,361131542,CPIN Template 2018 - v3,en,PDF
"uk,gov,service,publishing,assets)/government/uploads/system/uploads/attachment_data/file/738856/turkey_-_military_service_-_cpin_-_v2.0__september_2018_.pdf",20230803152638,https://assets.publishing.service.gov.uk/government/uploads/system/uploads/attachment_data/file/738856/Turkey_-_Military_service_-_CPIN_-_v2.0__September_2018_.pdf,assets.publishing.service.gov.uk,application/pdf,N2WD7FFDV6OWB5D4SNJMI6JED4N636XS,878732,315495650,Turkey - Military service - CPIN - v2.0 (September 2018),en,PDF
"uk,gov,service,publishing,assets)/media/5b914fc2e5274a423f2be273/turkey_-_military_service_-_cpin_-_v2.0__september_2018_.pdf",20231019172041,https://assets.publishing.service.gov.uk/media/5b914fc2e5274a423f2be273/Turkey_-_Military_service_-_CPIN_-_v2.0__September_2018_.pdf,assets.publishing.service.gov.uk,application/pdf,N2WD7FFDV6OWB5D4SNJMI6JED4N636XS,878723,208718940,Turkey - Military service - CPIN - v2.0 (September 2018),en,PDF
"uk,gov,service,publishing,assets)/government/uploads/system/uploads/attachment_data/file/1083717/private_life.pdf",20230505235225,https://assets.publishing.service.gov.uk/government/uploads/system/uploads/attachment_data/file/1083717/Private_life.pdf,assets.publishing.service.gov.uk,application/pdf,IHHJ2KQFTXFNIBLYN453IHQ7IEEQBHS3,348288,134251726,Private life,en,PDF
"uk,gov,service,publishing,assets)/government/uploads/system/uploads/attachment_data/file/1105210/alb_cpin_domestic_abuse_and_violence_against_women.pdf",20221117212107,https://assets.publishing.service.gov.uk/government/uploads/system/uploads/attachment_data/file/1105210/ALB_CPIN_Domestic_abuse_and_violence_against_women.pdf,assets.publishing.service.gov.uk,application/pdf,ERBA7L4GWMCH3UFYYVNUP3ECEMAR4GLC,578552,224774153,ALB CPIN Domestic abuse and violence against women,en,PDF
"uk,gov,service,publishing,assets)/media/662b67df6963baceeb225266/inadmissibility.pdf",20240502104303,https://assets.publishing.service.gov.uk/media/662b67df6963baceeb225266/Inadmissibility.pdf,assets.publishing.service.gov.uk,application/pdf,B6OSBLAUX5TXGXB6KZB5YYPIE45U7FGV,393539,358833915,Inadmissibility.docx,en,PDF
"com,amazonaws,s3,moj-tribunals-documents-prod)/decision/pdf_file/55052/pa124042016.pdf",20221201151630,https://moj-tribunals-documents-prod.s3.amazonaws.com/decision/pdf_file/55052/PA124042016.pdf,moj-tribunals-documents-prod.s3.amazonaws.com,application/pdf,RMIKZNACEBRGFPGUAKVOV5WJFCAJZ6YK,119792,480789282,PA124042016.pdf,en,PDF
"uk,gov,service,publishing,assets)/media/646ddd3cab40bf0010196963/private_life.pdf",20240108053350,https://assets.publishing.service.gov.uk/media/646ddd3cab40bf0010196963/Private_life.pdf,assets.publishing.service.gov.uk,application/pdf,CWD4CG5WT4CZWIJOJ3KOI74CUSBE6XXT,345161,114619147,Private life,en,PDF
"uk,gov,service,publishing,assets)/media/65ce3eec4239310011b7b8a6/family_life__as_a_partner_or_parent__and_exceptional_circumstances.pdf",20240307083647,https://assets.publishing.service.gov.uk/media/65ce3eec4239310011b7b8a6/Family_life__as_a_partner_or_parent__and_exceptional_circumstances.pdf,assets.publishing.service.gov.uk,application/pdf,FZKBVOYFJ77ZPTAMAZVFBJZJ7GE2U3PV,566742,196828351,Family life (as a partner or parent) and exceptional circumstances,en,PDF
"com,amazonaws,s3,moj-tribunals-documents-prod)/decision/pdf_file/54774/pa124522016.pdf",20221201141926,https://moj-tribunals-documents-prod.s3.amazonaws.com/decision/pdf_file/54774/PA124522016.pdf,moj-tribunals-documents-prod.s3.amazonaws.com,application/pdf,4FBPVJY3DV2RVOH5JM3Q2IYT43BFVW77,122594,284753593,PA124522016.pdf,en,PDF
"uk,gov,service,publishing,assets)/media/6464f2b8d3231e000c32db8a/family_life__as_a_partner_or_parent__and_exceptional_circumstances.pdf",20240106124154,https://assets.publishing.service.gov.uk/media/6464f2b8d3231e000c32db8a/Family_life__as_a_partner_or_parent__and_exceptional_circumstances.pdf,assets.publishing.service.gov.uk,application/pdf,QNSU3MMRNUG2PBI6RADYXGOHMFV6AIUC,528598,102300383,Family life (as a partner or parent) and exceptional circumstances,en,PDF
"uk,gov,service,publishing,assets)/media/57a0895de5274a31e0000038/fragility_migration_eritrea.pdf",20240206090909,https://assets.publishing.service.gov.uk/media/57a0895de5274a31e0000038/Fragility_Migration_Eritrea.pdf,assets.publishing.service.gov.uk,application/pdf,6IIXSGBMTVTO34JC23JQDMZL2VK6NW7L,760781,303732964,Rapid fragility and migration assessment for Eritrea,en,PDF
"uk,ac,ref,results2021)/impact/b44e1b6e-2216-4b8f-b0c0-3fe52e280256/pdf",20250107162935,https://results2021.ref.ac.uk/impact/b44e1b6e-2216-4b8f-b0c0-3fe52e280256/pdf,results2021.ref.ac.uk,application/pdf,HG4LQUUVD3426N53N3P3CIEGHUMAZ766,231921,212350898,pdf,en,PDF
"uk,gov)/government/uploads/system/uploads/attachment_data/file/566264/sri_lanka_sexual_orientation_and_gender_identity.pdf",20161220182242,https://www.gov.uk/government/uploads/system/uploads/attachment_data/file/566264/sri_lanka_sexual_orientation_and_gender_identity.pdf,www.gov.uk,application/pdf,WWUFCMM23HTR24T5LIB3D4DOEENRH4XU,349486,34012255,CIG Template,en,PDF
"org,gsdrc)/wp-content/uploads/2016/02/fragility_migration_eritrea.pdf",20230901111423,https://gsdrc.org/wp-content/uploads/2016/02/Fragility_Migration_Eritrea.pdf,gsdrc.org,application/pdf,6IIXSGBMTVTO34JC23JQDMZL2VK6NW7L,760634,475239454,Rapid fragility and migration assessment for Eritrea,en,PDF
"org,gsdrc)/wp-content/uploads/2015/06/gsdrc_confl_anal_iraq.pdf",20230901105321,https://gsdrc.org/wp-content/uploads/2015/06/GSDRC_Confl_Anal_Iraq.pdf,gsdrc.org,application/pdf,WXVRE3O2UNBTNRQZI7XYNFA7XGH5VH2C,991989,234121398,GSDRC_Confl_Anal_Iraq.pdf,en,PDF
"uk,gov,service,publishing,assets)/government/uploads/system/uploads/attachment_data/file/1157461/family_life__as_a_partner_or_parent__and_exceptional_circumstances.pdf",20230807222518,https://assets.publishing.service.gov.uk/government/uploads/system/uploads/attachment_data/file/1157461/Family_life__as_a_partner_or_parent__and_exceptional_circumstances.pdf,assets.publishing.service.gov.uk,application/pdf,QNSU3MMRNUG2PBI6RADYXGOHMFV6AIUC,528603,352662714,Family life (as a partner or parent) and exceptional circumstances,en,PDF
"uk,gov)/government/uploads/system/uploads/attachment_data/file/380634/north_korea_ogn_v_8_25_june_2013__update_26_november_2014_.pdf",20141210193440,https://www.gov.uk/government/uploads/system/uploads/attachment_data/file/380634/North_Korea_OGN_v_8_25_June_2013__update_26_November_2014_.pdf,www.gov.uk,application/pdf,2YL4ZVOXKAAIFTFZ3SPW6OHDTGE6YZSX,240994,777,North_Korea_OGN_v_8_25_June_2013__update_26_November_2014_.pdf,en,PDF
"uk,gov,service,publishing,assets)/media/664b1883993111924d9d37c7/family+life+_as+a+partner+or+parent_+and+exceptional+circumstances.pdf",20240521173712,https://assets.publishing.service.gov.uk/media/664b1883993111924d9d37c7/Family+life+_as+a+partner+or+parent_+and+exceptional+circumstances.pdf,assets.publishing.service.gov.uk,application/pdf,KFZ5OEMTNKN64335TRDCG77IPI2RQEIA,531684,286988010,Family life (as a partner or parent) and exceptional circumstances,en,PDF
"uk,gov,service,publishing,assets)/government/uploads/system/uploads/attachment_data/file/428551/implementing_substantive_asylum_decisions_v11_0.pdf",20230909160113,https://assets.publishing.service.gov.uk/government/uploads/system/uploads/attachment_data/file/428551/Implementing_Substantive_Asylum_Decisions_v11_0.pdf,assets.publishing.service.gov.uk,application/pdf,75GNTP3TNKZW5VJKK4DJJU4UHLZJSQBE,437012,235413127,Implementing_Substantive_Asylum_Decisions_v11_0.pdf,en,PDF
"uk,gov,service,publishing,assets)/government/uploads/system/uploads/attachment_data/file/1086316/revocation_of_protection_status.pdf",20231026201603,https://assets.publishing.service.gov.uk/government/uploads/system/uploads/attachment_data/file/1086316/Revocation_of_protection_status.pdf,assets.publishing.service.gov.uk,application/pdf,ARPEAO3BGEAJWH3D5ASUAHS5CYHGPQY3,377360,462752888,Revocation of protection status,en,PDF
"uk,gov,service,publishing,assets)/media/57a089ef40f0b652dd000494/gsdrc_confl_anal_iraq.pdf",20240308113319,https://assets.publishing.service.gov.uk/media/57a089ef40f0b652dd000494/GSDRC_Confl_Anal_Iraq.pdf,assets.publishing.service.gov.uk,application/pdf,WXVRE3O2UNBTNRQZI7XYNFA7XGH5VH2C,992177,128112861,GSDRC_Confl_Anal_Iraq.pdf,en,PDF
"uk,gov)/government/uploads/system/uploads/attachment_data/file/435251/cig_nig_fear_of_boko_haram_v1_0.pdf",20151013000847,https://www.gov.uk/government/uploads/system/uploads/attachment_data/file/435251/CIG_NIG_Fear_of_Boko_Haram_v1_0.pdf,www.gov.uk,application/pdf,V4RWWNCDUQEUHZARNTZLZLTQ6S6KJP7Y,409413,51519114,CIG_NIG_Fear_of_Boko_Haram_v1_0.pdf,en,PDF
"uk,gov,service,publishing,assets)/media/5a80e427ed915d74e623108d/implementing_substantive_asylum_decisions_v11_0.pdf",20231003203051,https://assets.publishing.service.gov.uk/media/5a80e427ed915d74e623108d/Implementing_Substantive_Asylum_Decisions_v11_0.pdf,assets.publishing.service.gov.uk,application/pdf,75GNTP3TNKZW5VJKK4DJJU4UHLZJSQBE,436999,351061729,Implementing_Substantive_Asylum_Decisions_v11_0.pdf,en,PDF
"uk,gov,service,publishing,assets)/government/uploads/system/uploads/attachment_data/file/257387/genderissueintheasylum.pdf",20230903003454,https://assets.publishing.service.gov.uk/government/uploads/system/uploads/attachment_data/file/257387/genderissueintheasylum.pdf,assets.publishing.service.gov.uk,application/pdf,DZDFJVBFG7QRFIUBSA65DKDLK2BMM3I2,103824,368308559,Asylum Cases Involving Gender Recognition,en,PDF
"uk,gov,service,publishing,assets)/media/5a7c06a640f0b645ba3c63d9/a-thematic-review.pdf",20250605110218,https://assets.publishing.service.gov.uk/media/5a7c06a640f0b645ba3c63d9/a-thematic-review.pdf,assets.publishing.service.gov.uk,application/pdf,CDUIOT2W4NSLHSTKDUW3ZRHZBIE3XHYK,94358,469901150,Untitled document,en,PDF
"uk,gov,service,publishing,assets)/media/5a804b17ed915d74e622d9dc/sexual-orientation-in-asylum-claims-v6.pdf",20250605113349,https://assets.publishing.service.gov.uk/media/5a804b17ed915d74e622d9dc/Sexual-orientation-in-asylum-claims-v6.pdf,assets.publishing.service.gov.uk,application/pdf,GGMJP5LTDIGXF5QDUJ4LMCL7WAAFZ7EZ,466920,6909974,Sexual-orientation-in-asylum-claims-v6.pdf,en,PDF
"uk,gov,service,publishing,assets)/media/62baf2bae90e0721ca676fae/revocation_of_protection_status.pdf",20240207185219,https://assets.publishing.service.gov.uk/media/62baf2bae90e0721ca676fae/Revocation_of_protection_status.pdf,assets.publishing.service.gov.uk,application/pdf,ARPEAO3BGEAJWH3D5ASUAHS5CYHGPQY3,377397,348145882,Revocation of protection status,en,PDF
"uk,ac,ref,results2021)/impact/90b69631-1de9-4681-b633-e39b87578872/pdf",20250311191749,https://results2021.ref.ac.uk/impact/90b69631-1de9-4681-b633-e39b87578872/pdf,results2021.ref.ac.uk,application/pdf,2DNRYDSRESCCTQP5Z3JTL5WKNEDYTZMZ,328720,354343596,pdf,en,PDF
"uk,gov)/government/uploads/system/uploads/attachment_data/file/565457/cig-afghanistan-prison-conditions-v1-september-2015.pdf",20161221094123,https://www.gov.uk/government/uploads/system/uploads/attachment_data/file/565457/CIG-Afghanistan-Prison-Conditions-v1-September-2015.pdf,www.gov.uk,application/pdf,GRDWDJJB7CCJBS62KKWSQZKG7JMPMJV6,361261,40359073,CIG Template,en,PDF
"uk,gov)/government/uploads/system/uploads/attachment_data/file/481555/cig_-_iran-_christians_and_christian_converts.pdf",20160617033714,https://www.gov.uk/government/uploads/system/uploads/attachment_data/file/481555/CIG_-_Iran-_Christians_and_Christian_Converts.pdf,www.gov.uk,application/pdf,32NN4RSWQDQWLHFQ73ET3O4HTTLZQ4T2,409457,96677380,CIG Template,en,PDF
"uk,gov)/government/uploads/system/uploads/attachment_data/file/565881/cig-kenya-sexual-orientation-and-gender-identity-march-2016-v1.pdf",20170210015705,https://www.gov.uk/government/uploads/system/uploads/attachment_data/file/565881/CIG-Kenya-Sexual-Orientation-and-Gender-Identity-March-2016-v1.pdf,www.gov.uk,application/pdf,YWQIKF43LO4XYS4NBPW5ZQCCSSPO5CFB,364656,57731763,CIG Template,en,PDF
"uk,gov)/government/uploads/system/uploads/attachment_data/file/565868/cig-jamaica-organised-criminal-gangs-v1-july-2015.pdf",20170201014204,https://www.gov.uk/government/uploads/system/uploads/attachment_data/file/565868/CIG-Jamaica-Organised-Criminal-Gangs-v1-July-2015.pdf,www.gov.uk,application/pdf,K7QDURQPBCS56BNJ43RSW7JU6X2S6MFC,421393,81939522,CIG-Jamaica-Organised-Criminal-Gangs-v1-July-2015.pdf,en,PDF
"com,amazonaws,s3,moj-tribunals-documents-prod)/decision/pdf_file/46552/00413_ukut_iac_2015_msm_somalia.pdf",20221201141023,https://moj-tribunals-documents-prod.s3.amazonaws.com/decision/pdf_file/46552/00413_ukut_iac_2015_msm_somalia.pdf,moj-tribunals-documents-prod.s3.amazonaws.com,application/pdf,BO7FD677PQMNFKK3PSCMF6JOZ6QJQ53B,327713,6374959,00413_ukut_iac_2015_msm_somalia.pdf,en,PDF
"uk,gov)/government/uploads/system/uploads/attachment_data/file/378499/cig_iran_sogi_2014_11_25_v10.pdf",20151013002934,https://www.gov.uk/government/uploads/system/uploads/attachment_data/file/378499/cig_iran_sogi_2014_11_25_v10.pdf,www.gov.uk,application/pdf,IECGXZ52VFLRXB3XKXAZSJEIVVYHLYGE,493260,3139494,cig_iran_sogi_2014_11_25_v10.pdf,en,PDF
"uk,gov)/government/uploads/system/uploads/attachment_data/file/459597/drc_cig_returns_v1_1.pdf",20160120055920,https://www.gov.uk/government/uploads/system/uploads/attachment_data/file/459597/DRC_CIG_returns_v1_1.pdf,www.gov.uk,application/pdf,OOPQMKZ6JZXQTTZVE2JFQDSKTQF6BBLN,540796,76149865,CIG,en,PDF
"uk,gov,charitycommission)/scannedaccounts/ends90/0001076090_ac_20060331_e_c.pdf",20110122093220,http://www.charitycommission.gov.uk/ScannedAccounts/Ends90/0001076090_AC_20060331_E_C.PDF,www.charitycommission.gov.uk,application/pdf,ND4WK5BLXRPKS73RWKERGH5W4ELODFBV,464516,45583720,0001076090_AC_20060331_E_C.PDF,en,PDF
"com,amazonaws,s3,moj-tribunals-documents-prod)/decision/pdf_file/74728/hu014682018___hu014752018.pdf",20231201065422,https://moj-tribunals-documents-prod.s3.amazonaws.com/decision/pdf_file/74728/HU014682018___HU014752018.pdf,moj-tribunals-documents-prod.s3.amazonaws.com,application/pdf,5JMHYCAMPGWVV4K4EA2WUWKHEQ6IY2EF,257988,492867649,HU014682018___HU014752018.pdf,en,PDF
"uk,co,antislaverycommissioner)/media/1263/vulnerability-to-human-trafficking-albania.pdf",20230910191236,https://www.antislaverycommissioner.co.uk/media/1263/vulnerability-to-human-trafficking-albania.pdf,www.antislaverycommissioner.co.uk,application/pdf,U5EF5EUVOYCNEXDD2YH2DQZ7Z6TSEGHZ,388280,171267573,vulnerability-to-human-trafficking-albania.pdf,en,PDF
"uk,gov,service,publishing,assets)/government/uploads/system/uploads/attachment_data/file/655451/bangladesh_ffm_report.pdf",20220422194914,https://assets.publishing.service.gov.uk/government/uploads/system/uploads/attachment_data/file/655451/Bangladesh_FFM_report.pdf,assets.publishing.service.gov.uk,application/pdf,DR3K5JXJLTF6PKGIR775XC2EDIFYSCC4,1052736,340530985,Bangladesh FFM report,en,PDF
"uk,gov,service,publishing,assets)/government/uploads/system/uploads/attachment_data/file/648341/ukraine_-_crm__dnsk__lhsk_-_cpin_-_v3.0__september_2017_.pdf",20220201011005,https://assets.publishing.service.gov.uk/government/uploads/system/uploads/attachment_data/file/648341/Ukraine_-_Crm__Dnsk__Lhsk_-_CPIN_-_v3.0__September_2017_.pdf,assets.publishing.service.gov.uk,application/pdf,W6CZWCNUR5T5X7LI77IB4DWY4KN2AFSI,669926,118743800,"Ukraine - Crm, Dnsk, Lhsk - CPIN - v3.0 (September 2017)",en,PDF
"uk,co,antislaverycommissioner)/media/1057/victims-of-modern-slavery-frontline-staff-guidance-v3.pdf",20230910191248,https://www.antislaverycommissioner.co.uk/media/1057/victims-of-modern-slavery-frontline-staff-guidance-v3.pdf,www.antislaverycommissioner.co.uk,application/pdf,AYHGR47E6BQ3EUHKKRO2VXXXHOFSWCZI,510835,220586852,victims-of-modern-slavery-frontline-staff-guidance-v3.pdf,en,PDF
"uk,gov,service,publishing,assets)/media/5a7f715e40f0b6230268f865/iagci-review-of-the-home-offices-china-country-information-and-guidance.pdf",20250606073628,https://assets.publishing.service.gov.uk/media/5a7f715e40f0b6230268f865/IAGCI-Review-of-the-Home-Offices-China-Country-Information-and-Guidance.pdf,assets.publishing.service.gov.uk,application/pdf,LHIWPIDXNX7UW6EAKS22XQCEFANVOSMA,617142,329263347,IAGCI-Review-of-the-Home-Offices-China-Country-Information-and-Guidance.pdf,en,PDF
"uk,gov,service,publishing,assets)/government/uploads/system/uploads/attachment_data/file/848830/china_-_christians_-_cpin_-_v3.0__november_2019_.pdf",20230704100515,https://assets.publishing.service.gov.uk/government/uploads/system/uploads/attachment_data/file/848830/China_-_Christians_-_CPIN_-_v3.0__November_2019_.pdf,assets.publishing.service.gov.uk,application/pdf,KACKLO3VIDS7VFV3XIGE2YSPBY2IUFBL,547495,8713703,China - Christians - CPIN - v3.0 (November 2019),en,PDF
"uk,gov)/government/uploads/system/uploads/attachment_data/file/566218/cig_drk_opposition_to_the_regime.pdf",20161220182338,https://www.gov.uk/government/uploads/system/uploads/attachment_data/file/566218/CIG_DRK_opposition_to_the_Regime.pdf,www.gov.uk,application/pdf,KAMUAYX7M3OEQXIPP5PGAFCBZM2JVVSI,377960,45992885,CIG.Democratic People's Republic of Korea [North Korea].Opposition to the Regime.v.1.0xx,en,PDF
"uk,gov)/government/uploads/system/uploads/attachment_data/file/546992/cig_syria_security_and_humanitarian.pdf",20161124181933,https://www.gov.uk/government/uploads/system/uploads/attachment_data/file/546992/CIG_Syria_security_and_humanitarian.pdf,www.gov.uk,application/pdf,IFWJOUWBZNNQH52IOYQELJ2HGXBW7T4X,308254,50080815,CIG Template,en,PDF
"uk,gov)/government/uploads/system/uploads/attachment_data/file/565769/cig-ghana-sogi-v1-february-2016.pdf",20170426142237,https://www.gov.uk/government/uploads/system/uploads/attachment_data/file/565769/CIG-Ghana-SOGI-v1-February-2016.pdf,www.gov.uk,application/pdf,OQ3CDLVMJF76NO3JEAKR4GMO4IV5APOQ,462996,80050984,CIG Template,en,PDF
"uk,gov,service,publishing,assets)/government/uploads/system/uploads/attachment_data/file/761740/inspection_of_country_of_origin_information__may_2018..pdf",20240126111844,https://assets.publishing.service.gov.uk/government/uploads/system/uploads/attachment_data/file/761740/Inspection_of_Country_of_Origin_Information__May_2018..pdf,assets.publishing.service.gov.uk,application/pdf,OXGTF57YOO55VJDITUFLRCNBBTI7LPEB,1173030,51346926,Inspection_of_Country_of_Origin_Information__May_2018..pdf,en,PDF
"uk,gov,service,publishing,assets)/media/5a80dd0640f0b62305b8d936/investigation-into-the-handling-of-asylum-claims_oct_2014.pdf",20240308134725,https://assets.publishing.service.gov.uk/media/5a80dd0640f0b62305b8d936/Investigation-into-the-Handling-of-Asylum-Claims_Oct_2014.pdf,assets.publishing.service.gov.uk,application/pdf,QVGXXXPNCOK3WYYZDE6ASM3LAQKXBSWW,345080,169070321,An Investigation into the Home Office’s Handling of Asylum Claims Made on the Grounds of Sexual Orientation,en,PDF
"uk,gov,service,publishing,assets)/government/uploads/system/uploads/attachment_data/file/547330/investigation-into-the-handling-of-asylum-claims_oct_2014.pdf",20230630032144,https://assets.publishing.service.gov.uk/government/uploads/system/uploads/attachment_data/file/547330/Investigation-into-the-Handling-of-Asylum-Claims_Oct_2014.pdf,assets.publishing.service.gov.uk,application/pdf,QVGXXXPNCOK3WYYZDE6ASM3LAQKXBSWW,345043,11916876,An Investigation into the Home Office’s Handling of Asylum Claims Made on the Grounds of Sexual Orientation,en,PDF
"uk,gov)/government/uploads/system/uploads/attachment_data/file/257387/genderissueintheasylum.pdf",20150710225645,https://www.gov.uk/government/uploads/system/uploads/attachment_data/file/257387/genderissueintheasylum.pdf,www.gov.uk,application/pdf,DZDFJVBFG7QRFIUBSA65DKDLK2BMM3I2,103575,72943640,Asylum Cases Involving Gender Recognition,en,PDF
"uk,gov,service,publishing,assets)/media/5c079df840f0b6705f11cf31/inspection_of_country_of_origin_information__may_2018..pdf",20240131203809,https://assets.publishing.service.gov.uk/media/5c079df840f0b6705f11cf31/Inspection_of_Country_of_Origin_Information__May_2018..pdf,assets.publishing.service.gov.uk,application/pdf,OXGTF57YOO55VJDITUFLRCNBBTI7LPEB,1173019,233094117,Inspection_of_Country_of_Origin_Information__May_2018..pdf,en,PDF
"com,amazonaws,s3,moj-tribunals-documents-prod)/decision/pdf_file/45728/aa093262012___aa082932013.pdf",20221201134603,https://moj-tribunals-documents-prod.s3.amazonaws.com/decision/pdf_file/45728/AA093262012___AA082932013.pdf,moj-tribunals-documents-prod.s3.amazonaws.com,application/pdf,7WPDKWPLRTY3FXFAYRZXB5S5FCL42WDL,129047,274505520,AA093262012___AA082932013.pdf,en,PDF
"uk,gov)/government/uploads/system/uploads/attachment_data/file/444481/cig_-_jamaica_-_organised_criminal_gangs_-_v1_0.pdf",20160120062306,https://www.gov.uk/government/uploads/system/uploads/attachment_data/file/444481/CIG_-_Jamaica_-_Organised_Criminal_Gangs_-_v1_0.pdf,www.gov.uk,application/pdf,K7QDURQPBCS56BNJ43RSW7JU6X2S6MFC,421393,44494768,CIG_-_Jamaica_-_Organised_Criminal_Gangs_-_v1_0.pdf,en,PDF
"uk,co,antislaverycommissioner)/media/1264/vulnerability-to-human-trafficking-nigeria.pdf",20231007145713,https://www.antislaverycommissioner.co.uk/media/1264/vulnerability-to-human-trafficking-nigeria.pdf,www.antislaverycommissioner.co.uk,application/pdf,OGAPLYCUSOYBRYSEQ7PQ4JXG5NPYYOKG,455791,364181727,vulnerability-to-human-trafficking-nigeria.pdf,en,PDF
"uk,gov)/government/uploads/system/uploads/attachment_data/file/277120/2014_02_03_kuwaiti_bidoon.pdf",20140328235725,https://www.gov.uk/government/uploads/system/uploads/attachment_data/file/277120/2014_02_03_Kuwaiti_bidoon.pdf,www.gov.uk,application/pdf,RY4Z3XIOO34NHGRKEOA5WZNDQNMMHP5Y,273671,80983343,2014_02_03_Kuwaiti_bidoon.pdf,en,PDF
"com,amazonaws,s3,moj-tribunals-documents-prod)/decision/pdf_file/54403/pa032692016.pdf",20230601112335,https://moj-tribunals-documents-prod.s3.amazonaws.com/decision/pdf_file/54403/PA032692016.pdf,moj-tribunals-documents-prod.s3.amazonaws.com,application/pdf,7DZ5IBGDAS6EGO44P57MYKXAF47PHUYC,144187,188427187,PA032692016.pdf,en,PDF
"uk,gov,charitycommission)/accounts/ends90/0001076090_ac_20060331_e_c.pdf",20110919090535,https://www.charitycommission.gov.uk/Accounts/Ends90/0001076090_AC_20060331_E_C.PDF,www.charitycommission.gov.uk,application/pdf,ND4WK5BLXRPKS73RWKERGH5W4ELODFBV,464508,48799595,0001076090_AC_20060331_E_C.PDF,en,PDF
"uk,gov)/government/uploads/system/uploads/attachment_data/file/566196/nga_cig_sogi.pdf",20161220182352,https://www.gov.uk/government/uploads/system/uploads/attachment_data/file/566196/NGA_CIG_SOGI.pdf,www.gov.uk,application/pdf,7HJQWYRKUYD4E4UAGRCKPR24K6DBNJJZ,926496,48441890,NGA_CIG_SOGI.pdf,en,PDF
"uk,gov)/government/uploads/system/uploads/attachment_data/file/406240/afghanistan_ogn_v11.pdf",20150607193524,https://www.gov.uk/government/uploads/system/uploads/attachment_data/file/406240/Afghanistan_OGN_v11.pdf,www.gov.uk,application/pdf,6YCFS76FJGSVJUCONBN6FXPVTVE3NGJ5,661103,59975810,Afghanistan_OGN_v11.pdf,en,PDF
"org,gsdrc)/docs/open/gsdrc_confl_anal_iraq.pdf",20171207163418,http://www.gsdrc.org/docs/open/gsdrc_confl_anal_iraq.pdf,www.gsdrc.org,application/pdf,4PYXLLVVLUWKCL5454WR6QH7MIG3W4UK,1015989,7241531,gsdrc_confl_anal_iraq.pdf,en,PDF
"uk,gov)/government/uploads/system/uploads/attachment_data/file/622258/pakistan_-_background_-_cpin_-_v2_0__june_2017_.pdf",20170627202048,https://www.gov.uk/government/uploads/system/uploads/attachment_data/file/622258/Pakistan_-_Background_-_CPIN_-_v2_0__June_2017_.pdf,www.gov.uk,application/pdf,MHWFG5UM7JSDLXVJCZFQ3OJSAVBBVY7R,483131,12224361,Pakistan - Background - CPIN - v2.0 (June 2017),en,PDF
"uk,gov)/government/uploads/system/uploads/attachment_data/file/565869/cig-jamaica-sogi-v1-july-2015.pdf",20170201014206,https://www.gov.uk/government/uploads/system/uploads/attachment_data/file/565869/CIG-Jamaica-SOGI-v1-July-2015.pdf,www.gov.uk,application/pdf,XJVKLYR24JBKLDTKDE2GD2ZXNWZSMWMU,442968,46940825,CIG-Jamaica-SOGI-v1-July-2015.pdf,en,PDF
"org,gsdrc)/wp-content/uploads/2016/02/fragility_migration_eritrea.pdf",20171207163341,http://www.gsdrc.org/wp-content/uploads/2016/02/Fragility_Migration_Eritrea.pdf,www.gsdrc.org,application/pdf,6IIXSGBMTVTO34JC23JQDMZL2VK6NW7L,760521,1116905,Rapid fragility and migration assessment for Eritrea,en,PDF
"uk,gov)/government/uploads/system/uploads/attachment_data/file/566776/cig_-_yemen_-_security_and_humanitarian_situation.pdf",20170207034443,https://www.gov.uk/government/uploads/system/uploads/attachment_data/file/566776/CIG_-_Yemen_-_Security_and_Humanitarian_Situation.pdf,www.gov.uk,application/pdf,PURKQH3NKE7OEENB35UHC3X6Y2265MFM,444003,16360579,CIG Template,en,PDF
"org,gsdrc)/wp-content/uploads/2015/06/gsdrc_confl_anal_iraq.pdf",20171207161642,http://www.gsdrc.org/wp-content/uploads/2015/06/GSDRC_Confl_Anal_Iraq.pdf,www.gsdrc.org,application/pdf,WXVRE3O2UNBTNRQZI7XYNFA7XGH5VH2C,991901,40149864,GSDRC_Confl_Anal_Iraq.pdf,en,PDF
"uk,gov,charitycommission)/accounts/ends90/0001076090_ac_20060331_e_c.pdf",20110920113706,http://www.charitycommission.gov.uk/Accounts/Ends90/0001076090_AC_20060331_E_C.PDF,www.charitycommission.gov.uk,application/pdf,ND4WK5BLXRPKS73RWKERGH5W4ELODFBV,464507,33861295,0001076090_AC_20060331_E_C.PDF,en,PDF
"uk,gov,service,publishing,assets)/government/uploads/system/uploads/attachment_data/file/1171199/family_reunion.pdf",20230920200046,https://assets.publishing.service.gov.uk/government/uploads/system/uploads/attachment_data/file/1171199/Family_reunion.pdf,assets.publishing.service.gov.uk,application/pdf,OR6WS27SULS5VLC245SEJN3EVXIO22OF,294229,327221331,Family reunion.docx,en,PDF
"uk,gov)/government/uploads/system/uploads/attachment_data/file/493918/revocation_of_refugee_status_v4_0_ext.pdf",20160811054011,https://www.gov.uk/government/uploads/system/uploads/attachment_data/file/493918/revocation_of_refugee_status_v4_0_EXT.pdf,www.gov.uk,application/pdf,VNJ3VPJZ4GKGGVECVWXR3TO7H7CR7RVX,207090,8702511,revocation_of_refugee_status_v4_0_EXT.pdf,en,PDF
"uk,gov,service,publishing,assets)/government/uploads/system/uploads/attachment_data/file/561815/icibi-inspection-of-family-reunion-applications-january-to-may-2016.pdf",20240126112114,https://assets.publishing.service.gov.uk/government/uploads/system/uploads/attachment_data/file/561815/ICIBI-inspection-of-family-reunion-applications-January-to-May-2016.pdf,assets.publishing.service.gov.uk,application/pdf,SMGEXTIS3TN4PU6AAYLCYNY4TPVDK7T2,611919,103014442,ICIBI-inspection-of-family-reunion-applications-January-to-May-2016.pdf,en,PDF
"uk,gov,service,publishing,assets)/media/6181249de90e07197f18fe39/afg_cpin_unaccompanied_children.pdf",20240107225805,https://assets.publishing.service.gov.uk/media/6181249de90e07197f18fe39/AFG_CPIN_Unaccompanied_children.pdf,assets.publishing.service.gov.uk,application/pdf,BSX3B7HUI6SRKZKBZMUXMUNKTQTGPOCN,547665,228305413,AFG CPIN Unaccompanied children,en,PDF
"uk,gov,service,publishing,assets)/government/uploads/system/uploads/attachment_data/file/1030389/afg_cpin_unaccompanied_children.pdf",20230803234513,https://assets.publishing.service.gov.uk/government/uploads/system/uploads/attachment_data/file/1030389/AFG_CPIN_Unaccompanied_children.pdf,assets.publishing.service.gov.uk,application/pdf,BSX3B7HUI6SRKZKBZMUXMUNKTQTGPOCN,547679,331822656,AFG CPIN Unaccompanied children,en,PDF
"uk,gov,service,publishing,assets)/media/5a80df8fed915d74e33fce52/icibi-inspection-of-family-reunion-applications-january-to-may-2016.pdf",20240107071153,https://assets.publishing.service.gov.uk/media/5a80df8fed915d74e33fce52/ICIBI-inspection-of-family-reunion-applications-January-to-May-2016.pdf,assets.publishing.service.gov.uk,application/pdf,SMGEXTIS3TN4PU6AAYLCYNY4TPVDK7T2,611877,284563856,ICIBI-inspection-of-family-reunion-applications-January-to-May-2016.pdf,en,PDF
"uk,gov,service,publishing,assets)/government/uploads/system/uploads/attachment_data/file/566267/sudan_project.pdf",20240305133946,https://assets.publishing.service.gov.uk/government/uploads/system/uploads/attachment_data/file/566267/Sudan_project.pdf,assets.publishing.service.gov.uk,application/pdf,IVEPTLHU536T3CRLCXSEFYNO3GWJQNY4,1830879,178520203,Sudan_project.pdf,en,PDF
"uk,gov,service,publishing,assets)/media/5a80955f40f0b623026945ab/sudan_project.pdf",20240117225844,https://assets.publishing.service.gov.uk/media/5a80955f40f0b623026945ab/Sudan_project.pdf,assets.publishing.service.gov.uk,application/pdf,IVEPTLHU536T3CRLCXSEFYNO3GWJQNY4,1830871,8781261,Sudan_project.pdf,en,PDF
"uk,gov)/government/uploads/system/uploads/attachment_data/file/592556/user-guide-immigration-statistics.pdf",20170425011209,https://www.gov.uk/government/uploads/system/uploads/attachment_data/file/592556/user-guide-immigration-statistics.pdf,www.gov.uk,application/pdf,F7LEYO6AJKSJIYLSCAAOJ2A7N7P2NXUU,1303973,71668691,Home Office immigration statistics: user guide,en,PDF
"com,amazonaws,s3,moj-tribunals-documents-prod)/decision/pdf_file/48297/aa026712013.pdf",20221201152113,https://moj-tribunals-documents-prod.s3.amazonaws.com/decision/pdf_file/48297/AA026712013.pdf,moj-tribunals-documents-prod.s3.amazonaws.com,application/pdf,EGVJKAOQ4Y5ZSWQONCRS6CA7SCIIEBEU,125054,123245542,AA026712013.pdf,en,PDF
"uk,gov,service,publishing,assets)/government/uploads/system/uploads/attachment_data/file/1149330/family_reunion.pdf",20230412175853,https://assets.publishing.service.gov.uk/government/uploads/system/uploads/attachment_data/file/1149330/Family_reunion.pdf,assets.publishing.service.gov.uk,application/pdf,6UZIENHH7XTKJLWFGICRVVSXTGD3ZU5P,313025,431401789,Family reunion.docx,en,PDF
"uk,gov)/government/uploads/system/uploads/attachment_data/file/515894/cig_-_yemen_-_security_and_humanitarian_situation_april_2016.pdf",20161124182022,https://www.gov.uk/government/uploads/system/uploads/attachment_data/file/515894/CIG_-_Yemen_-_Security_and_Humanitarian_Situation_April_2016.pdf,www.gov.uk,application/pdf,PURKQH3NKE7OEENB35UHC3X6Y2265MFM,444009,54083232,CIG Template,en,PDF
"uk,gov)/government/uploads/system/uploads/attachment_data/file/413856/cig_albania_blood_feuds_v_2_0.pdf",20160120055906,https://www.gov.uk/government/uploads/system/uploads/attachment_data/file/413856/CIG_Albania_Blood_feuds_v_2_0.pdf,www.gov.uk,application/pdf,P2HXO7RYNND5T42ANTDZFGAA42O7UCNO,809533,74406662,CIG_Albania_Blood_feuds_v_2_0.pdf,en,PDF
"uk,gov)/government/uploads/system/uploads/attachment_data/file/565464/cig-albania-blood-feuds-v2-july-2016.pdf",20161221094133,https://www.gov.uk/government/uploads/system/uploads/attachment_data/file/565464/CIG-Albania-Blood-feuds-v2-July-2016.pdf,www.gov.uk,application/pdf,34EDD6D53WL4UJ734BHAPPUFLXNVBPQ2,688993,41704857,CIG Template,en,PDF
"uk,gov)/government/uploads/system/uploads/attachment_data/file/536225/cig_-_albania_-_blood_feuds_-_v2_0_-_july_2016.pdf",20160811040449,https://www.gov.uk/government/uploads/system/uploads/attachment_data/file/536225/CIG_-_Albania_-_Blood_feuds_-_v2_0_-_July_2016.pdf,www.gov.uk,application/pdf,34EDD6D53WL4UJ734BHAPPUFLXNVBPQ2,688994,46049681,CIG Template,en,PDF
"uk,gov)/government/uploads/system/uploads/attachment_data/file/405974/cig_libya_-_minority_ethnic_groups_v_1.pdf",20160120044317,https://www.gov.uk/government/uploads/system/uploads/attachment_data/file/405974/CIG_Libya_-_Minority_Ethnic_Groups_v_1.pdf,www.gov.uk,application/pdf,MAFVJNDGFZWFMXDYZ4IA3QOWX4QE4HKD,517179,56681936,CIG_Libya_-_Minority_Ethnic_Groups_v_1.pdf,en,PDF
"uk,gov)/government/uploads/system/uploads/attachment_data/file/565478/cig-algeria-sogi-v1-february-2016.pdf",20170426190201,https://www.gov.uk/government/uploads/system/uploads/attachment_data/file/565478/CIG-Algeria-SOGI-v1-February-2016.pdf,www.gov.uk,application/pdf,WDAOSYRVVIKN7YG57ZIHWSOK4XGU3YEB,491017,56573765,CIG Template,en,PDF
"uk,gov)/government/uploads/system/uploads/attachment_data/file/566269/cig_-_sudan_-_sur_place_activity.pdf",20170207120123,https://www.gov.uk/government/uploads/system/uploads/attachment_data/file/566269/CIG_-_Sudan_-_Sur_Place_Activity.pdf,www.gov.uk,application/pdf,XWCJJMPY3BJXM6X4CPROJI3JPTDRJI5K,469102,67676584,CIG - Sudan - Sur Place Activity - v2.0 (August 2016),en,PDF
"uk,gov,service,publishing,assets)/government/uploads/system/uploads/attachment_data/file/649602/nationality-disputed-unknown-and-other-cases-v6_0.pdf",20230903174328,https://assets.publishing.service.gov.uk/government/uploads/system/uploads/attachment_data/file/649602/Nationality-Disputed-unknown-and-other-cases-v6_0.pdf,assets.publishing.service.gov.uk,application/pdf,55UVQOKD4DJPP66FVV2D7ZDPCW2W4GYJ,123186,301621506,Nationality-Disputed-unknown-and-other-cases-v6_0.pdf,en,PDF
"uk,gov,service,publishing,assets)/government/uploads/system/uploads/attachment_data/file/559683/review-of-iraq-security-situation-cig-nov-2015.pdf",20230903000622,https://assets.publishing.service.gov.uk/government/uploads/system/uploads/attachment_data/file/559683/Review-of-Iraq-Security-Situation-CIG-Nov-2015.pdf,assets.publishing.service.gov.uk,application/pdf,JOVYLPLKXV2RCY25RAIUBLDPXXNCX44M,806097,38646132,Review-of-Iraq-Security-Situation-CIG-Nov-2015.pdf,en,PDF
"uk,gov,homeoffice,bia)/sitecontent/documents/aboutus/reports/unhcrreports/qualityinitiative/unhcr-report-6?view=binary",20091212030846,http://www.bia.homeoffice.gov.uk/sitecontent/documents/aboutus/reports/unhcrreports/qualityinitiative/unhcr-report-6?view=Binary,www.bia.homeoffice.gov.uk,application/pdf,HOOX5ZMV74U7XLE3A3B2FH4K3UAAVZYP,467958,36465314,Microsoft Word - Sixth Report Final.doc,en,PDF
"uk,gov,homeoffice,bia)/sitecontent/documents/aboutus/reports/unhcrreports/qualityinitiative/unhcr-report-6?view=binary",20091207110847,http://bia.homeoffice.gov.uk/sitecontent/documents/aboutus/reports/unhcrreports/qualityinitiative/unhcr-report-6?view=Binary,bia.homeoffice.gov.uk,application/pdf,HOOX5ZMV74U7XLE3A3B2FH4K3UAAVZYP,468063,7795246,Microsoft Word - Sixth Report Final.doc,en,PDF
"uk,gov)/government/uploads/system/uploads/attachment_data/file/572699/user-guide-immigration-statistics.pdf",20170203205048,https://www.gov.uk/government/uploads/system/uploads/attachment_data/file/572699/user-guide-immigration-statistics.pdf,www.gov.uk,application/pdf,QPYK6YBM7ZGEGCO3O74IQGUVSJAB5FEP,1361968,40909640,Home Office immigration statistics: user guide,en,PDF
"uk,gov,service,publishing,assets)/government/uploads/system/uploads/attachment_data/file/1149936/family_reunion.pdf",20230705035138,https://assets.publishing.service.gov.uk/government/uploads/system/uploads/attachment_data/file/1149936/Family_reunion.pdf,assets.publishing.service.gov.uk,application/pdf,ITVDNJLPBSJU7VVOOQNGCIZMWTHS55SS,330522,380195634,Family reunion.docx,en,PDF
"uk,gov,service,publishing,assets)/media/57a0895de5274a31e0000038/fragility_migration_eritrea.pdf",20160817051727,https://assets.publishing.service.gov.uk/media/57a0895de5274a31e0000038/Fragility_Migration_Eritrea.pdf,assets.publishing.service.gov.uk,application/pdf,6IIXSGBMTVTO34JC23JQDMZL2VK6NW7L,760636,754,Rapid fragility and migration assessment for Eritrea,en,PDF
"uk,gov)/government/uploads/system/uploads/attachment_data/file/444482/cig_-_jamaica_-_sogi_-_v1_0.pdf",20160514164247,https://www.gov.uk/government/uploads/system/uploads/attachment_data/file/444482/CIG_-_Jamaica_-_SOGI_-_v1_0.pdf,www.gov.uk,application/pdf,XJVKLYR24JBKLDTKDE2GD2ZXNWZSMWMU,442965,93919260,CIG_-_Jamaica_-_SOGI_-_v1_0.pdf,en,PDF
"uk,gov,service,publishing,assets)/media/6626463dd706f962eca7e57d/screening+and+routing.pdf",20240502121543,https://assets.publishing.service.gov.uk/media/6626463dd706f962eca7e57d/Screening+and+routing.pdf,assets.publishing.service.gov.uk,application/pdf,TTWP44EQR3C37C4N2VST2PSH724VKBPD,604154,455112974,Screening and routing,en,PDF
"uk,gov,service,publishing,assets)/government/uploads/system/uploads/attachment_data/file/1134648/screening_and_routing.pdf",20230816085748,https://assets.publishing.service.gov.uk/government/uploads/system/uploads/attachment_data/file/1134648/Screening_and_routing.pdf,assets.publishing.service.gov.uk,application/pdf,FKZ4ULRAGIE5NFNG3T7DA3R5T6SSIUU6,580074,7457221,Screening and routing.docx,en,PDF
"uk,gov,service,publishing,assets)/government/uploads/system/uploads/attachment_data/file/1083699/screening_and_routing.pdf",20230104233423,https://assets.publishing.service.gov.uk/government/uploads/system/uploads/attachment_data/file/1083699/Screening_and_routing.pdf,assets.publishing.service.gov.uk,application/pdf,3MWORYXWNPJLF3ZAKBDRAW6KDSTFJGJD,600711,399446032,Screening and routing.docx,en,PDF
"uk,gov,service,publishing,assets)/government/uploads/system/uploads/attachment_data/file/1127902/screening_and_routing.pdf",20230203033440,https://assets.publishing.service.gov.uk/government/uploads/system/uploads/attachment_data/file/1127902/Screening_and_routing.pdf,assets.publishing.service.gov.uk,application/pdf,CXVWHLPJCJHQKU2FRGUWYNIKZQPCLL2V,626740,145040073,Screening and routing.docx,en,PDF
"uk,gov)/government/uploads/system/uploads/attachment_data/file/320118/cig-report-china.pdf",20150710133326,https://www.gov.uk/government/uploads/system/uploads/attachment_data/file/320118/cig-report-china.pdf,www.gov.uk,application/pdf,Z6TVZUMAOEPPJHX3RGCDDV4UZZRJBH7R,296447,89053002,cig-report-china.pdf,en,PDF
"uk,gov,service,publishing,assets)/government/uploads/system/uploads/attachment_data/file/1186083/screening+and+routing.pdf",20231103012047,https://assets.publishing.service.gov.uk/government/uploads/system/uploads/attachment_data/file/1186083/Screening+and+routing.pdf,assets.publishing.service.gov.uk,application/pdf,4BRNGGNSLOOURVVOOSHCHPNLRKTYBEXP,644374,413754081,Screening and routing,en,PDF
"uk,gov,service,publishing,assets)/media/65e07b012f2b3b001c7cd773/inspection_report_on_home_office_country_of_origin_information_-_thematic_report_on_the_coverage_of_statelessness__february_2023.pdf",20240304191147,https://assets.publishing.service.gov.uk/media/65e07b012f2b3b001c7cd773/Inspection_report_on_Home_Office_country_of_origin_information_-_Thematic_report_on_the_coverage_of_statelessness__February_2023.pdf,assets.publishing.service.gov.uk,application/pdf,S5QFKCJ5JKVVCFQUM7BFW7UMJAPROX5W,814006,495060255,Inspection report on Home Office country of origin information,en,PDF
"uk,gov,service,publishing,assets)/media/658d830a579941001035a6e4/screening+and+routing.pdf",20240201164950,https://assets.publishing.service.gov.uk/media/658d830a579941001035a6e4/Screening+and+routing.pdf,assets.publishing.service.gov.uk,application/pdf,EWXWVDT3MODMWBNZOQ6HQUQASE4OSHPN,645147,251877237,Screening and routing,en,PDF
"uk,gov,service,publishing,assets)/government/uploads/system/uploads/attachment_data/file/1097761/family_life__as_a_partner_or_parent__and_exceptional_circumstances.pdf",20230506112425,https://assets.publishing.service.gov.uk/government/uploads/system/uploads/attachment_data/file/1097761/Family_life__as_a_partner_or_parent__and_exceptional_circumstances.pdf,assets.publishing.service.gov.uk,application/pdf,N7PRROMOQ6WDD36AXTARYG2VHVRI6J7H,581546,260616971,Family life (as a partner or parent) and exceptional circumstances,en,PDF
"uk,gov)/government/uploads/system/uploads/attachment_data/file/566263/sri_lanka_-_tamil_separatism.pdf",20170207120113,https://www.gov.uk/government/uploads/system/uploads/attachment_data/file/566263/Sri_Lanka_-_Tamil_Separatism.pdf,www.gov.uk,application/pdf,KLEVYICRUQ6RURMLSPZDFTXRQHTIVFAT,503568,12750041,CIG Template,en,PDF
"uk,gov,independent,icinspector)/wp-content/uploads/2014/10/investigation-into-the-handling-of-asylum-claims-final-web.pdf",20170803100528,http://icinspector.independent.gov.uk/wp-content/uploads/2014/10/Investigation-into-the-Handling-of-Asylum-Claims-Final-Web.pdf,icinspector.independent.gov.uk,application/pdf,QVGXXXPNCOK3WYYZDE6ASM3LAQKXBSWW,344753,18342906,An Investigation into the Home Office’s Handling of Asylum Claims Made on the Grounds of Sexual Orientation,en,PDF
"uk,gov)/government/uploads/system/uploads/attachment_data/file/566222/cig_-_opt_-_security_and_humanitarian.pdf",20170429011132,https://www.gov.uk/government/uploads/system/uploads/attachment_data/file/566222/CIG_-_OPT_-_Security_and_Humanitarian.pdf,www.gov.uk,application/pdf,H4VZRIYWN7GR6JW2KMDGVA6T7YLACLMR,435868,45607198,CIG_-_OPT_-_Security_and_Humanitarian.pdf,en,PDF
"uk,gov,homeoffice,bia)/sitecontent/documents/policyandlaw/asylumprocessguidance/specialcases/guidance/processingasylumapplication1.pdf?view=binary",20090121145533,http://www.bia.homeoffice.gov.uk/sitecontent/documents/policyandlaw/asylumprocessguidance/specialcases/guidance/processingasylumapplication1.pdf?view=Binary,www.bia.homeoffice.gov.uk,application/pdf,WHFDOJMJ6W2KMUERRLYYNLL3X55ZDTQG,203272,57016560,Microsoft Word - Document in BIA Webmaster request form5.doc,en,PDF
"uk,gov)/government/uploads/system/uploads/attachment_data/file/565827/cig-iran-background-information-v3-july-2016.pdf",20170210015747,https://www.gov.uk/government/uploads/system/uploads/attachment_data/file/565827/CIG-Iran-Background-Information-v3-July-2016.pdf,www.gov.uk,application/pdf,4Q5A2DEDDCQTWYIXGKHKPQAUJZB4J24K,423782,69006744,CIG - IRN - Background Information - v3.0 - July 2016,en,PDF
"uk,gov)/government/uploads/system/uploads/attachment_data/file/509326/victims-of-modern-slavery-frontline-staff-guidance-v3.pdf",20161129095144,https://www.gov.uk/government/uploads/system/uploads/attachment_data/file/509326/victims-of-modern-slavery-frontline-staff-guidance-v3.pdf,www.gov.uk,application/pdf,AYHGR47E6BQ3EUHKKRO2VXXXHOFSWCZI,510951,59808737,victims-of-modern-slavery-frontline-staff-guidance-v3.pdf,en,PDF
"uk,gov,service,publishing,assets)/government/uploads/system/uploads/attachment_data/file/1007296/china-_non_christian_religious_groups_-_v2.0__july_2021.pdf",20230704100748,https://assets.publishing.service.gov.uk/government/uploads/system/uploads/attachment_data/file/1007296/China-_Non_Christian_religious_groups_-_V2.0__July_2021.pdf,assets.publishing.service.gov.uk,application/pdf,NXJ3MXT4EKKC3AZ4LQL7NFLKOWTCY6G6,528155,207251852,CPIN Template - January 2020,en,PDF
"uk,gov)/government/uploads/system/uploads/attachment_data/file/502098/cig_algeria_sogi.pdf",20160514161306,https://www.gov.uk/government/uploads/system/uploads/attachment_data/file/502098/CIG_Algeria_SOGI.pdf,www.gov.uk,application/pdf,WDAOSYRVVIKN7YG57ZIHWSOK4XGU3YEB,490985,53215967,CIG Template,en,PDF
"uk,gov,independent,icai)/wp-content/uploads/dfids-approach-to-anti-corruption-and-its-impact-on-the-poor-final.pdf",20221003093402,https://icai.independent.gov.uk/wp-content/uploads/DFIDs-Approach-to-Anti-Corruption-and-its-Impact-on-the-Poor-FINAL.pdf,icai.independent.gov.uk,application/pdf,REXL7DHQFSTK7JOMUZQHVNZVGCN4XZE5,1090189,127975402,DFIDs-Approach-to-Anti-Corruption-and-its-Impact-on-the-Poor-FINAL.pdf,en,PDF
"com,amazonaws,s3,moj-tribunals-documents-prod)/decision/pdf_file/55968/pa047382016.pdf",20221201141751,https://moj-tribunals-documents-prod.s3.amazonaws.com/decision/pdf_file/55968/PA047382016.pdf,moj-tribunals-documents-prod.s3.amazonaws.com,application/pdf,UFRSJVDQANOWS3SLME43KM3MXTBILFOJ,133329,237521392,PA047382016.pdf,en,PDF
"uk,gov,service,publishing,assets)/government/uploads/system/uploads/attachment_data/file/848425/cig-mali-security-situation-in-northern-mali-v1-april-2016.pdf",20230821225151,https://assets.publishing.service.gov.uk/government/uploads/system/uploads/attachment_data/file/848425/CIG-Mali-Security-situation-in-northern-Mali-v1-April-2016.pdf,assets.publishing.service.gov.uk,application/pdf,YEEWMB5OHCUGOHPC4GRKDZOOS2453KQO,2031229,138974155,CIG Template,en,PDF
"uk,gov)/government/uploads/system/uploads/attachment_data/file/348268/cig_sri_lanka_tamil_separatism_v1_0e.pdf",20160120055804,https://www.gov.uk/government/uploads/system/uploads/attachment_data/file/348268/CIG_Sri_Lanka_Tamil_Separatism_v1_0e.pdf,www.gov.uk,application/pdf,QASZHYOXL5OLSMMYVNAQ55SXILACVG3T,707827,31653367,CIG_Sri_Lanka_Tamil_Separatism_v1_0e.pdf,en,PDF
"uk,gov,homeoffice,ukba)/sitecontent/documents/policyandlaw/asylumpolicyinstructions/apis/genderissueintheasylum.pdf?view=binary",20131002074835,http://www.ukba.homeoffice.gov.uk/sitecontent/documents/policyandlaw/asylumpolicyinstructions/apis/genderissueintheasylum.pdf?view=Binary,www.ukba.homeoffice.gov.uk,application/pdf,DZDFJVBFG7QRFIUBSA65DKDLK2BMM3I2,103432,54009367,Asylum Cases Involving Gender Recognition,en,PDF
"uk,gov,service,publishing,assets)/government/uploads/system/uploads/attachment_data/file/1111985/inspection_report_on_country_of_origin_information__afghanistan_and_china_june_2022.pdf",20230903183842,https://assets.publishing.service.gov.uk/government/uploads/system/uploads/attachment_data/file/1111985/Inspection_Report_on_Country_of_Origin_Information__Afghanistan_and_China_June_2022.pdf,assets.publishing.service.gov.uk,application/pdf,GDAP56FD2FAYZJRZ2Y6NBDWCMBTOPWGO,1225439,188835003,Inpection of Country of Origin Information,en,PDF
"uk,gov,homeoffice,ukba)/sitecontent/documents/policyandlaw/asylumprocessguidance/specialcases/guidance/processingasylumapplication1.pdf?view=binary",20090806213453,http://www.ukba.homeoffice.gov.uk/sitecontent/documents/policyandlaw/asylumprocessguidance/specialcases/guidance/processingasylumapplication1.pdf?view=Binary,www.ukba.homeoffice.gov.uk,application/pdf,5626TQ6YFAS4X32DC55RO6QFLBE4HDJS,213438,67017491,APPU Guidance,en,PDF
"uk,gov,service,publishing,assets)/media/662f995787bdbae4ab19ad58/ind_cpin_religious_minorities_and_scheduled_castes_and_tribes.pdf",20240502174814,https://assets.publishing.service.gov.uk/media/662f995787bdbae4ab19ad58/IND_CPIN_Religious_minorities_and_Scheduled_Castes_and_Tribes.pdf,assets.publishing.service.gov.uk,application/pdf,AMFU4YIKU6TYTKSBHKNHVWO5TGDEBAFE,925099,186358608,IND CPIN Religious minorities and Scheduled Castes and Tribes,en,PDF
"uk,gov,service,publishing,assets)/government/uploads/system/uploads/attachment_data/file/631316/an-inspection-of-country-of-origin-information.pdf",20230705131319,https://assets.publishing.service.gov.uk/government/uploads/system/uploads/attachment_data/file/631316/An-Inspection-of-Country-of-Origin-Information.pdf,assets.publishing.service.gov.uk,application/pdf,KLO2SGKNNRCC63YXMSBDIDPUFNTVCX2O,4914837,53057953,An-Inspection-of-Country-of-Origin-Information.pdf,en,PDF
"uk,gov,homeoffice,ind)/sitecontent/documents/aboutus/reports/unhcrreports/qualityinitiative/unhcr-report-5?view=binary",20091207115031,http://www.ind.homeoffice.gov.uk/sitecontent/documents/aboutus/reports/unhcrreports/qualityinitiative/unhcr-report-5?view=Binary,www.ind.homeoffice.gov.uk,application/pdf,F3GNHAAJFPQISELCVNZBXNQ2NYJIPEJH,423434,40568613,unhcr-report-5?view=Binary,en,PDF
"uk,gov,service,publishing,assets)/media/5a81f5a9e5274a2e8ab56c0e/bangladesh_ffm_report.pdf",20240123190846,https://assets.publishing.service.gov.uk/media/5a81f5a9e5274a2e8ab56c0e/Bangladesh_FFM_report.pdf,assets.publishing.service.gov.uk,application/pdf,DR3K5JXJLTF6PKGIR775XC2EDIFYSCC4,1052664,55510929,Bangladesh FFM report,en,PDF
"uk,police,college,library)/docs/slavery_and_trafficking_survivor_care_standards_2018.pdf",20230405153021,https://library.college.police.uk/docs/Slavery_and_trafficking_survivor_care_standards_2018.pdf,library.college.police.uk,application/pdf,M5HHYWDPU4GZS23BEZCLK27VX6PAJVM2,765631,400251426,Slavery_and_trafficking_survivor_care_standards_2018.pdf,en,PDF
"uk,gov,homeoffice,bia)/sitecontent/documents/aboutus/reports/unhcrreports/qualityinitiative/unhcr-report-5?view=binary",20091212030850,http://www.bia.homeoffice.gov.uk/sitecontent/documents/aboutus/reports/unhcrreports/qualityinitiative/unhcr-report-5?view=Binary,www.bia.homeoffice.gov.uk,application/pdf,F3GNHAAJFPQISELCVNZBXNQ2NYJIPEJH,423431,36933272,unhcr-report-5?view=Binary,en,PDF
"uk,gov,homeoffice,bia)/sitecontent/documents/aboutus/reports/unhcrreports/qualityinitiative/unhcr-report-5?view=binary",20091207110851,http://bia.homeoffice.gov.uk/sitecontent/documents/aboutus/reports/unhcrreports/qualityinitiative/unhcr-report-5?view=Binary,bia.homeoffice.gov.uk,application/pdf,F3GNHAAJFPQISELCVNZBXNQ2NYJIPEJH,423568,20037094,unhcr-report-5?view=Binary,en,PDF
"uk,gov)/government/uploads/system/uploads/attachment_data/file/257397/sexual-orientation-gender-ident.pdf",20141212182434,https://www.gov.uk/government/uploads/system/uploads/attachment_data/file/257397/sexual-orientation-gender-ident.pdf,www.gov.uk,application/pdf,ANWRDIDXWINUYVAMRNBELYXQYE27JBI2,102198,81321316,SEXUAL ORIENTATION AND GENDER IDENTITY IN THE ASYLUM CLAIM,en,PDF
"uk,co,antislaverycommissioner)/media/1235/slavery-and-trafficking-survivor-care-standards.pdf",20231007145347,https://www.antislaverycommissioner.co.uk/media/1235/slavery-and-trafficking-survivor-care-standards.pdf,www.antislaverycommissioner.co.uk,application/pdf,LGX2TI36FYP6WJSSVZCEDGMWQ762ZQSB,979068,48153740,HTF Care Standards v2.indd,en,PDF
"uk,gov,service,publishing,assets)/government/uploads/system/uploads/attachment_data/file/655451/bangladesh_ffm_report.pdf",20240305135447,https://assets.publishing.service.gov.uk/government/uploads/system/uploads/attachment_data/file/655451/Bangladesh_FFM_report.pdf,assets.publishing.service.gov.uk,application/pdf,DR3K5JXJLTF6PKGIR775XC2EDIFYSCC4,1052672,340617508,Bangladesh FFM report,en,PDF
"uk,gov,service,publishing,assets)/government/uploads/system/uploads/attachment_data/file/848421/cig-angola-treatment-cabinda-january-2015.pdf",20230903081853,https://assets.publishing.service.gov.uk/government/uploads/system/uploads/attachment_data/file/848421/CIG-Angola-Treatment-Cabinda-January-2015.pdf,assets.publishing.service.gov.uk,application/pdf,PTBQ4DD4DVOVK7OU7BKX5UCQLNCK2VNG,1838794,282471579,CIG-Angola-Treatment-Cabinda-January-2015.pdf,en,PDF
"uk,gov)/government/uploads/system/uploads/attachment_data/file/566267/sudan_project.pdf",20170627202117,https://www.gov.uk/government/uploads/system/uploads/attachment_data/file/566267/Sudan_project.pdf,www.gov.uk,application/pdf,IVEPTLHU536T3CRLCXSEFYNO3GWJQNY4,1830692,18997198,Sudan_project.pdf,en,PDF
"za,co,whatworks)/documents/publications/94-what-works-mid-term-evaluation-final-april-2017/file",20230808120632,https://www.whatworks.co.za/documents/publications/94-what-works-mid-term-evaluation-final-april-2017/file,www.whatworks.co.za,application/pdf,IMCCYTCC6T5OT2CZMKDQGW2OFUI3U37R,4575645,495051554,file,en,PDF
"uk,gov,service,publishing,assets)/media/66a1219849b9c0597fdb044d/eea+and+eu+asylum+claims.pdf",20250606082159,https://assets.publishing.service.gov.uk/media/66a1219849b9c0597fdb044d/EEA+and+EU+asylum+claims.pdf,assets.publishing.service.gov.uk,application/pdf,TEN5QP3EILGMTCRU4N7Q6H3APOXJNUIE,205244,185207259,EEA and EU asylum claims,en,PDF
"uk,gov,service,publishing,assets)/media/62554b85e90e0729fef7bb5f/pakistan_sexual_orientation_and_gender_identity_or_expression.pdf",20250508204524,https://assets.publishing.service.gov.uk/media/62554b85e90e0729fef7bb5f/Pakistan_Sexual_orientation_and_gender_identity_or_expression.pdf,assets.publishing.service.gov.uk,application/pdf,CGO6C2NB4HWKEN7OGILJPPBWF3WGDBFZ,534600,80683039,Pakistan: Sexual orientation and gender identity or expression,en,PDF
"uk,gov)/government/uploads/system/uploads/attachment_data/file/375421/cig_albania_minority_ethnic_groups.pdf",20150517042443,https://www.gov.uk/government/uploads/system/uploads/attachment_data/file/375421/CIG_Albania_Minority_ethnic_groups.pdf,www.gov.uk,application/pdf,R464KAPJYC4AIRFNJF6KHT72FRT3264Z,407937,23305855,CIG_Albania_Minority_ethnic_groups.pdf,en,PDF
"uk,gov,service,publishing,assets)/government/uploads/system/uploads/attachment_data/file/566068/ho-response-to-iagci-review-eritrea.pdf",20230705111649,https://assets.publishing.service.gov.uk/government/uploads/system/uploads/attachment_data/file/566068/HO-response-to-IAGCI-review-Eritrea.pdf,assets.publishing.service.gov.uk,application/pdf,BFTXWW5NHVWYOSXX3R7JLJ7FDUWOOU3V,334030,325368077,"HO Response to IAGCI Review: Somalia CIG, April 2014",en,PDF
"com,amazonaws,s3,moj-tribunals-documents-prod)/decision/pdf_file/47256/aa114192012.pdf",20221201145124,https://moj-tribunals-documents-prod.s3.amazonaws.com/decision/pdf_file/47256/AA114192012.pdf,moj-tribunals-documents-prod.s3.amazonaws.com,application/pdf,DAW3JLAJ5M46KHK2A5KALQ2FPXR3B6RY,136817,225546312,AA114192012.pdf,en,PDF
"uk,gov,service,publishing,assets)/government/uploads/system/uploads/attachment_data/file/1148732/child_staying_with_or_joining_non-parent_relative__protection_.pdf",20230705033310,https://assets.publishing.service.gov.uk/government/uploads/system/uploads/attachment_data/file/1148732/Child_staying_with_or_joining_non-parent_relative__protection_.pdf,assets.publishing.service.gov.uk,application/pdf,Z6DCPLWVAFOCQIYG7BCY326GOGHDDQQA,251993,17958471,Child staying with or joining non-parent relative (protection),en,PDF
"uk,gov,service,publishing,assets)/media/5b9a5283e5274a13a7fd95e4/k4d_hdr__gender_and_conflict_in_ukraine.pdf",20230705012204,https://assets.publishing.service.gov.uk/media/5b9a5283e5274a13a7fd95e4/K4D_HDR__Gender_and_conflict_in_Ukraine.pdf,assets.publishing.service.gov.uk,application/pdf,CBFYS53W7L5VZ4QCNCKMOHXPR6GBUKTO,386732,153578804,K4D_HDR__Gender_and_conflict_in_Ukraine.pdf,en,PDF
"uk,gov)/government/uploads/system/uploads/attachment_data/file/378501/cig_iran_background_2014_11_25_v10.pdf",20150607194540,https://www.gov.uk/government/uploads/system/uploads/attachment_data/file/378501/cig_iran_background_2014_11_25_v10.pdf,www.gov.uk,application/pdf,4YOA63OWJZVXJGDDTZDTO5UJWVUBUCXB,449624,87412101,cig_iran_background_2014_11_25_v10.pdf,en,PDF
"uk,gov)/government/uploads/system/uploads/attachment_data/file/332640/india_cig_lgbt_claims_2014_07_18.pdf",20151013013124,https://www.gov.uk/government/uploads/system/uploads/attachment_data/file/332640/India_CIG_LGBT_claims_2014_07_18.pdf,www.gov.uk,application/pdf,LSWYMARP4WEBQJFUOHRB56JE5NSAPCOL,308408,27109323,India_CIG_LGBT_claims_2014_07_18.pdf,en,PDF
"uk,gov)/government/uploads/system/uploads/attachment_data/file/390956/final.cig.iraq.internalmovement.technicalobstacles.pdf",20151013005512,https://www.gov.uk/government/uploads/system/uploads/attachment_data/file/390956/FINAL.CIG.Iraq.internalmovement.technicalobstacles.pdf,www.gov.uk,application/pdf,SIMCIMOSMIPST56JDIQRI3NX2KTCM5JQ,2168110,22544810,FINAL.CIG.Iraq.internalmovement.technicalobstacles.pdf,en,PDF
"com,amazonaws,s3,moj-tribunals-documents-prod)/decision/pdf_file/45592/aa016462014.pdf",20221201145726,https://moj-tribunals-documents-prod.s3.amazonaws.com/decision/pdf_file/45592/AA016462014.pdf,moj-tribunals-documents-prod.s3.amazonaws.com,application/pdf,SZ25C2PYOSWFR7NGLPNKXDI3ZYE7D4I6,171478,405995430,AA016462014.pdf,en,PDF
"org,gsdrc)/wp-content/uploads/2015/09/hdq1263.pdf",20221201131658,https://gsdrc.org/wp-content/uploads/2015/09/HDQ1263.pdf,gsdrc.org,application/pdf,6KJSNHWHYGABSTZX37NWRAKLCTUXLFRO,551933,303351245,HDQ1263.pdf,en,PDF
"uk,gov,service,publishing,assets)/government/uploads/system/uploads/attachment_data/file/1001416/cig_north_korea_opposition_to_the_regime.pdf",20230620185959,https://assets.publishing.service.gov.uk/government/uploads/system/uploads/attachment_data/file/1001416/CIG_North_Korea_Opposition_to_the_Regime.pdf,assets.publishing.service.gov.uk,application/pdf,VHR7VT3KMPHKE4PSHLPDVG2PKC6WRP7Y,1131227,192533785,CIG - North Korea - Opposition to the Regime - v2.0 (October 2016),en,PDF
"uk,gov,service,publishing,assets)/media/62ab08f8d3bf7f0492922420/eea_and_eu_asylum_claims.pdf",20240703203228,https://assets.publishing.service.gov.uk/media/62ab08f8d3bf7f0492922420/EEA_and_EU_asylum_claims.pdf,assets.publishing.service.gov.uk,application/pdf,ALZSIZSGRKNO7T3E6WJMINEZ4OMKGGXB,209586,69288149,EEA and EU asylum claims,en,PDF
"uk,gov,service,publishing,assets)/media/57a08967e5274a27b200007d/hdq1263.pdf",20230705104319,https://assets.publishing.service.gov.uk/media/57a08967e5274a27b200007d/HDQ1263.pdf,assets.publishing.service.gov.uk,application/pdf,6KJSNHWHYGABSTZX37NWRAKLCTUXLFRO,552080,427453371,HDQ1263.pdf,en,PDF
"uk,gov,service,publishing,assets)/government/uploads/system/uploads/attachment_data/file/872473/turkey_-_peoples_democratic_party__hdp_-_external.pdf",20230903030307,https://assets.publishing.service.gov.uk/government/uploads/system/uploads/attachment_data/file/872473/Turkey_-_Peoples_Democratic_Party__HDP_-_EXTERNAL.pdf,assets.publishing.service.gov.uk,application/pdf,CIU3MYNTHMDU574FVY3SSNXSBPDA5ZKM,685956,41892994,CPIN Template 2018 - v3,en,PDF
"uk,gov,service,publishing,assets)/government/uploads/system/uploads/attachment_data/file/1084315/inadmissibility.pdf",20230705171601,https://assets.publishing.service.gov.uk/government/uploads/system/uploads/attachment_data/file/1084315/Inadmissibility.pdf,assets.publishing.service.gov.uk,application/pdf,U4WBAIOBNMTUYJ3JCQD7MMVLEZ5242GH,288749,244791482,Inadmissibility.docx,en,PDF
"uk,gov,service,publishing,assets)/government/uploads/system/uploads/attachment_data/file/257387/genderissueintheasylum.pdf",20250507145508,https://assets.publishing.service.gov.uk/government/uploads/system/uploads/attachment_data/file/257387/genderissueintheasylum.pdf,assets.publishing.service.gov.uk,application/pdf,DZDFJVBFG7QRFIUBSA65DKDLK2BMM3I2,103865,435055647,Asylum Cases Involving Gender Recognition,en,PDF
"uk,gov,service,publishing,assets)/government/uploads/system/uploads/attachment_data/file/941969/inspection_of_country_of_origin_information_thematic_report_on_sexual_orientation_and_gender_identity_or_expression.pdf",20230705074921,https://assets.publishing.service.gov.uk/government/uploads/system/uploads/attachment_data/file/941969/Inspection_of_Country_of_Origin_Information_Thematic_Report_on_Sexual_Orientation_and_Gender_Identity_or_Expression.pdf,assets.publishing.service.gov.uk,application/pdf,RE7RMUPAL7UMNVNEI4RWGZ5FNRH45EHH,6144933,211521280,Inspection of Country of Origin Information: Thematic Report,en,PDF
"uk,gov)/government/uploads/system/uploads/attachment_data/file/565637/report-of-uk-ffm-to-eritrea-7-20-february-2016.pdf",20170207115849,https://www.gov.uk/government/uploads/system/uploads/attachment_data/file/565637/Report-of-UK-FFM-to-Eritrea-7-20-February-2016.pdf,www.gov.uk,application/pdf,QV5MSGYRB2IPN7CHGDAECTK4BOH5WB6F,3051433,27648044,"Report of UK FFM to Eritrea, 7-20 February 2016",en,PDF
"uk,gov)/government/uploads/system/uploads/attachment_data/file/385793/cig_-_iran_-_christians_-december_-_2014_v1.pdf",20150407152348,https://www.gov.uk/government/uploads/system/uploads/attachment_data/file/385793/CIG_-_Iran_-_Christians_-December_-_2014_v1.pdf,www.gov.uk,application/pdf,4XXNN7FNFSBZJNL57FLBP6356TRA7R4I,483192,87460775,CIG_-_Iran_-_Christians_-December_-_2014_v1.pdf,en,PDF
"uk,gov)/government/uploads/system/uploads/attachment_data/file/459605/cig_albania_trafficking_v_4_0.pdf",20151208203422,https://www.gov.uk/government/uploads/system/uploads/attachment_data/file/459605/CIG_Albania_Trafficking_v_4_0.pdf,www.gov.uk,application/pdf,7VSWB2BTOL6PPYCWY5JRWA24UW2E4YN7,456654,89742415,CIG_Albania_Trafficking_v_4_0.pdf,en,PDF
"uk,gov)/government/uploads/system/uploads/attachment_data/file/443891/cig_albania_trafficking_2015_07_09.pdf",20150710111638,https://www.gov.uk/government/uploads/system/uploads/attachment_data/file/443891/CIG_Albania_Trafficking_2015_07_09.pdf,www.gov.uk,application/pdf,N4YICGE5LYR63GGMDEGDYP7GDUI5FR5P,445755,46319132,CIG.Albania Trafficking 09 07 2015,en,PDF
"uk,gov)/government/uploads/system/uploads/attachment_data/file/359384/cig_albania_trafficking_2014_09_19_v_2_0.pdf",20150205145459,https://www.gov.uk/government/uploads/system/uploads/attachment_data/file/359384/CIG_Albania_Trafficking_2014_09_19_v_2_0.pdf,www.gov.uk,application/pdf,6HSQXPD5FL23SMXEMKWFGHUWIK2D7KDT,445013,92823343,CIG_Albania_Trafficking_2014_09_19_v_2_0.pdf,en,PDF
"uk,gov)/government/uploads/system/uploads/attachment_data/file/347518/iraq_ogn_31_december-_22_august_2014.pdf",20150607191008,https://www.gov.uk/government/uploads/system/uploads/attachment_data/file/347518/Iraq_OGN_31_December-_22_August_2014.pdf,www.gov.uk,application/pdf,YSEX2GFYBUTJT62UH5NL5YPSR43AWU2T,692666,32932282,Iraq_OGN_31_December-_22_August_2014.pdf,en,PDF
"uk,gov,service,publishing,assets)/media/5a7cd028e5274a2c9a48443a/genderissueintheasylum.pdf",20250606064553,https://assets.publishing.service.gov.uk/media/5a7cd028e5274a2c9a48443a/genderissueintheasylum.pdf,assets.publishing.service.gov.uk,application/pdf,DZDFJVBFG7QRFIUBSA65DKDLK2BMM3I2,103856,33183319,Asylum Cases Involving Gender Recognition,en,PDF
"uk,gov,service,publishing,assets)/government/uploads/system/uploads/attachment_data/file/809931/inspection_of_country_of_origin_information_2019._burma__iraq_and_zimbabwe.pdf",20230704195251,https://assets.publishing.service.gov.uk/government/uploads/system/uploads/attachment_data/file/809931/Inspection_of_Country_of_Origin_Information_2019._Burma__Iraq_and_Zimbabwe.pdf,assets.publishing.service.gov.uk,application/pdf,A5CQD7JSTQ5QROQAQH4F7NXNGWX77NFI,885240,124424717,Inspection_of_Country_of_Origin_Information_2019._Burma__Iraq_and_Zimbabwe.pdf,en,PDF
"uk,gov)/government/uploads/system/uploads/attachment_data/file/388629/cig_-_syria_-_security_situation_-_2014-12-16_-_v1_r.pdf",20150205045015,https://www.gov.uk/government/uploads/system/uploads/attachment_data/file/388629/CIG_-_Syria_-_Security_Situation_-_2014-12-16_-_v1_r.pdf,www.gov.uk,application/pdf,6PJ5NQU6NS6SBEPPKTFXI5YACLWE3BIN,504668,6712703,CIG_-_Syria_-_Security_Situation_-_2014-12-16_-_v1_r.pdf,en,PDF
"uk,gov)/government/uploads/system/uploads/attachment_data/file/461305/sri_lanka_sexual_orientation_and_gender_identity_v1_0.pdf",20151208203701,https://www.gov.uk/government/uploads/system/uploads/attachment_data/file/461305/sri_lanka_sexual_orientation_and_gender_identity_v1_0.pdf,www.gov.uk,application/pdf,WWUFCMM23HTR24T5LIB3D4DOEENRH4XU,349501,2449314,CIG Template,en,PDF
"uk,gov,service,publishing,assets)/media/5a80566640f0b62302692e88/review-of-iraq-security-situation-cig-nov-2015.pdf",20250606070927,https://assets.publishing.service.gov.uk/media/5a80566640f0b62302692e88/Review-of-Iraq-Security-Situation-CIG-Nov-2015.pdf,assets.publishing.service.gov.uk,application/pdf,JOVYLPLKXV2RCY25RAIUBLDPXXNCX44M,806145,264673254,Review-of-Iraq-Security-Situation-CIG-Nov-2015.pdf,en,PDF
"uk,gov)/government/uploads/system/uploads/attachment_data/file/380630/cig_drk_opposition_to_the_regime_v_1_0.pdf",20151208203638,https://www.gov.uk/government/uploads/system/uploads/attachment_data/file/380630/CIG_DRK_opposition_to_the_Regime_v_1_0.pdf,www.gov.uk,application/pdf,KAMUAYX7M3OEQXIPP5PGAFCBZM2JVVSI,377966,1642017,CIG.Democratic People's Republic of Korea [North Korea].Opposition to the Regime.v.1.0xx,en,PDF
"uk,gov,service,publishing,assets)/government/uploads/system/uploads/attachment_data/file/1087311/reporting_and_offender_management.pdf",20230105025759,https://assets.publishing.service.gov.uk/government/uploads/system/uploads/attachment_data/file/1087311/Reporting_and_offender_management.pdf,assets.publishing.service.gov.uk,application/pdf,T5IYWS6G5HUZAMVNKSWL5BNVSWLH5X2G,357227,360034004,Reporting and offender management,en,PDF
"uk,gov)/government/uploads/system/uploads/attachment_data/file/442477/drc_cig_returns_v1_0.pdf",20150710133335,https://www.gov.uk/government/uploads/system/uploads/attachment_data/file/442477/DRC_CIG_returns_v1_0.pdf,www.gov.uk,application/pdf,52TWQNYWJHYQKJVDSDZFTJBDBD77I7AX,502886,47031535,CIG,en,PDF
"uk,gov)/government/uploads/system/uploads/attachment_data/file/275239/human_trafficking.pdf",20150611011203,https://www.gov.uk/government/uploads/system/uploads/attachment_data/file/275239/Human_trafficking.pdf,www.gov.uk,application/pdf,ZF3ZDGR34HL5LAGQD33YPX5YVEOY6GI6,425833,84052105,Human trafficking,en,PDF
"uk,gov,service,publishing,assets)/government/uploads/system/uploads/attachment_data/file/1130228/reporting_and_offender_management.pdf",20230705123553,https://assets.publishing.service.gov.uk/government/uploads/system/uploads/attachment_data/file/1130228/Reporting_and_offender_management.pdf,assets.publishing.service.gov.uk,application/pdf,R67YJ662CQQ3NCQSBOYI6YEAKS5G74A7,346906,508307,Reporting and offender management,en,PDF
"uk,gov,service,publishing,assets)/media/64b5438061adff001301b153/family_reunion.pdf",20250405202702,https://assets.publishing.service.gov.uk/media/64b5438061adff001301b153/Family_reunion.pdf,assets.publishing.service.gov.uk,application/pdf,OR6WS27SULS5VLC245SEJN3EVXIO22OF,294262,442851602,Family reunion.docx,en,PDF
"uk,gov,service,publishing,assets)/government/uploads/system/uploads/attachment_data/file/1171199/family_reunion.pdf",20241223171739,https://assets.publishing.service.gov.uk/government/uploads/system/uploads/attachment_data/file/1171199/Family_reunion.pdf,assets.publishing.service.gov.uk,application/pdf,OR6WS27SULS5VLC245SEJN3EVXIO22OF,294268,194732847,Family reunion.docx,en,PDF
"uk,gov,homeoffice,ind)/sitecontent/documents/policyandlaw/asylumpolicyinstructions/apis/sexual-orientation-gender-ident?view=binary",20110922211102,http://www.ind.homeoffice.gov.uk/sitecontent/documents/policyandlaw/asylumpolicyinstructions/apis/sexual-orientation-gender-ident?view=Binary,www.ind.homeoffice.gov.uk,application/pdf,ANWRDIDXWINUYVAMRNBELYXQYE27JBI2,101983,60884052,SEXUAL ORIENTATION AND GENDER IDENTITY IN THE ASYLUM CLAIM,en,PDF
"uk,gov,service,publishing,assets)/government/uploads/system/uploads/attachment_data/file/605479/sri_lanka_ffm_report__11-23_july_2016_.pdf",20230705115624,https://assets.publishing.service.gov.uk/government/uploads/system/uploads/attachment_data/file/605479/Sri_Lanka_FFM_Report__11-23_July_2016_.pdf,assets.publishing.service.gov.uk,application/pdf,ZKYHAFMMOWJETHQDQH6MFHLT2SMWAT3Q,2724175,343576023,Sri Lanka FFM Report (11-23 July 2016),en,PDF
"uk,gov,service,publishing,assets)/media/671a59cab31c669e899c1477/nationality-disputed-unknown-and-other-cases-v7.0-no-deal-ext.pdf",20250604175047,https://assets.publishing.service.gov.uk/media/671a59cab31c669e899c1477/nationality-disputed-unknown-and-other-cases-v7.0-no-deal-ext.pdf,assets.publishing.service.gov.uk,application/pdf,5J2VKZFHHRJGLTWE56HO4A2ZAAGR7NGP,243009,230234518,Nationality disputed uknown and other cases,en,PDF
"uk,gov,service,publishing,assets)/media/5a82c777ed915d74e3403866/nationality-disputed-unknown-and-other-cases-v6_0.pdf",20241006143944,https://assets.publishing.service.gov.uk/media/5a82c777ed915d74e3403866/Nationality-Disputed-unknown-and-other-cases-v6_0.pdf,assets.publishing.service.gov.uk,application/pdf,55UVQOKD4DJPP66FVV2D7ZDPCW2W4GYJ,123215,429734592,Nationality-Disputed-unknown-and-other-cases-v6_0.pdf,en,PDF
"uk,gov)/government/uploads/system/uploads/attachment_data/file/444273/cig_-_china_-_one_child_policy_-_v1_0.pdf",20151013000635,https://www.gov.uk/government/uploads/system/uploads/attachment_data/file/444273/CIG_-_China_-_One_Child_Policy_-_v1_0.pdf,www.gov.uk,application/pdf,2IYOGWIALHE6YZZKSHUE5L76JKXYCVUP,367167,25102755,CIG_-_China_-_One_Child_Policy_-_v1_0.pdf,en,PDF
"uk,gov,homeoffice,ukba)/sitecontent/documents/policyandlaw/asylumpolicyinstructions/apis/sexual-orientation-gender-ident?view=binary",20121104052154,http://www.ukba.homeoffice.gov.uk/sitecontent/documents/policyandlaw/asylumpolicyinstructions/apis/sexual-orientation-gender-ident?view=Binary,www.ukba.homeoffice.gov.uk,application/pdf,ANWRDIDXWINUYVAMRNBELYXQYE27JBI2,101982,76887145,SEXUAL ORIENTATION AND GENDER IDENTITY IN THE ASYLUM CLAIM,en,PDF
"uk,gov,homeoffice,bia)/sitecontent/documents/policyandlaw/asylumpolicyinstructions/apis/sexual-orientation-gender-ident?view=binary",20121011194010,http://www.bia.homeoffice.gov.uk/sitecontent/documents/policyandlaw/asylumpolicyinstructions/apis/sexual-orientation-gender-ident?view=Binary,www.bia.homeoffice.gov.uk,application/pdf,ANWRDIDXWINUYVAMRNBELYXQYE27JBI2,101980,98982132,SEXUAL ORIENTATION AND GENDER IDENTITY IN THE ASYLUM CLAIM,en,PDF
"uk,gov,homeoffice,ukba)/sitecontent/documents/aboutus/reports/unhcrreports/qualityinitiative/unhcrreport3.pdf?view=binary",20081230114552,http://www.ukba.homeoffice.gov.uk/sitecontent/documents/aboutus/reports/unhcrreports/qualityinitiative/unhcrreport3.pdf?view=Binary,www.ukba.homeoffice.gov.uk,application/pdf,A5WH4A2NYDMJZA2ICWDRKN4MCJ7XYBV4,512752,29570164,unhcrreport3.pdf?view=Binary,en,PDF
"uk,gov)/government/uploads/system/uploads/attachment_data/file/347269/cig_iraq_security_situation_v2_0.pdf",20150512161345,https://www.gov.uk/government/uploads/system/uploads/attachment_data/file/347269/CIG_Iraq_security_situation_v2_0.pdf,www.gov.uk,application/pdf,4FEPT32PIKYKAAPCMTC64IZVIO2G37WV,1912734,14427149,CIG_Iraq_security_situation_v2_0.pdf,en,PDF
"uk,gov,service,publishing,assets)/media/5ddd09bbed915d01a13d4bfa/cig-mali-security-situation-in-northern-mali-v1-april-2016.pdf",20250520111358,https://assets.publishing.service.gov.uk/media/5ddd09bbed915d01a13d4bfa/CIG-Mali-Security-situation-in-northern-Mali-v1-April-2016.pdf,assets.publishing.service.gov.uk,application/pdf,YEEWMB5OHCUGOHPC4GRKDZOOS2453KQO,2031250,392222052,CIG Template,en,PDF
"uk,gov,tribunals,decisions,informationrights)/dbfiles/decision/i2060/cox,%20simon%20v%20ico%20and%20the%20home%20office%20(ea.2016.0137).pdf",20241206065551,"https://informationrights.decisions.tribunals.gov.uk/DBFiles/Decision/i2060/Cox,%20Simon%20v%20ICO%20and%20The%20Home%20Office%20(EA.2016.0137).pdf",informationrights.decisions.tribunals.gov.uk,application/pdf,7QWMJOZ3FTSILKIM6U3F4WCJABB2FYZC,120203,278194349,Microsoft Word - 294 050817 - Cox v ICO and The Home Office - DECISION.docx,en,PDF
"uk,gov)/government/uploads/system/uploads/attachment_data/file/414681/nga_cig_sogi_15_3_19_v_1_0.pdf",20151013000852,https://www.gov.uk/government/uploads/system/uploads/attachment_data/file/414681/NGA_CIG_SOGI_15_3_19_v_1_0.pdf,www.gov.uk,application/pdf,7HJQWYRKUYD4E4UAGRCKPR24K6DBNJJZ,926494,36853804,NGA_CIG_SOGI_15_3_19_v_1_0.pdf,en,PDF
"uk,gov,service,publishing,assets)/government/uploads/system/uploads/attachment_data/file/738856/turkey_-_military_service_-_cpin_-_v2.0__september_2018_.pdf",20230705205302,https://assets.publishing.service.gov.uk/government/uploads/system/uploads/attachment_data/file/738856/Turkey_-_Military_service_-_CPIN_-_v2.0__September_2018_.pdf,assets.publishing.service.gov.uk,application/pdf,N2WD7FFDV6OWB5D4SNJMI6JED4N636XS,878739,61635571,Turkey - Military service - CPIN - v2.0 (September 2018),en,PDF
"uk,gov,service,publishing,assets)/government/uploads/system/uploads/attachment_data/file/1158829/private_life.pdf",20230705151808,https://assets.publishing.service.gov.uk/government/uploads/system/uploads/attachment_data/file/1158829/Private_life.pdf,assets.publishing.service.gov.uk,application/pdf,CWD4CG5WT4CZWIJOJ3KOI74CUSBE6XXT,345169,489723312,Private life,en,PDF
"uk,gov)/government/uploads/system/uploads/attachment_data/file/365623/egy_mb_cig__ukgov_v1_0.pdf",20141222064213,https://www.gov.uk/government/uploads/system/uploads/attachment_data/file/365623/EGY_MB_CIG__UKGOV_v1_0.pdf,www.gov.uk,application/pdf,H7U2W2VIP6G66HX735BMPDHGGSLH7UXR,367108,58774157,EGY_MB_CIG__UKGOV_v1_0.pdf,en,PDF
"uk,gov)/government/uploads/system/uploads/attachment_data/file/362260/cig_-_iran_-_journalists_and_bloggers_-9_october_2014.pdf",20141215200346,https://www.gov.uk/government/uploads/system/uploads/attachment_data/file/362260/CIG_-_Iran_-_Journalists_and_Bloggers_-9_October_2014.pdf,www.gov.uk,application/pdf,BWB7PSVASBFTPXE4WGIWJD4L3XVUEXMG,479915,21426202,CIG_-_Iran_-_Journalists_and_Bloggers_-9_October_2014.pdf,en,PDF
"uk,gov)/government/uploads/system/uploads/attachment_data/file/390329/cig_somalia_security_situation_v20.pdf",20151013013659,https://www.gov.uk/government/uploads/system/uploads/attachment_data/file/390329/cig_somalia_security_situation_v20.pdf,www.gov.uk,application/pdf,KGGW6C4DQOLPTUG67XDL2XRIODGZ3WXR,519242,43753192,cig_somalia_security_situation_v20.pdf,en,PDF
"uk,gov)/government/uploads/system/uploads/attachment_data/file/362008/cig_-_libya_-_women_-__october_8_2014.pdf",20141211180709,https://www.gov.uk/government/uploads/system/uploads/attachment_data/file/362008/CIG_-_Libya_-_Women_-__October_8_2014.pdf,www.gov.uk,application/pdf,UOQ6LZ6PFHWJPBDM4PM4Z4XIHN4K5OHR,451497,93231087,CIG_-_Libya_-_Women_-__October_8_2014.pdf,en,PDF
"uk,gov,service,publishing,assets)/government/uploads/system/uploads/attachment_data/file/1083717/private_life.pdf",20230505235225,https://assets.publishing.service.gov.uk/government/uploads/system/uploads/attachment_data/file/1083717/Private_life.pdf,assets.publishing.service.gov.uk,application/pdf,IHHJ2KQFTXFNIBLYN453IHQ7IEEQBHS3,348288,134251726,Private life,en,PDF
"uk,gov,service,publishing,assets)/government/uploads/system/uploads/attachment_data/file/857567/drc_-_cpin_-_uas_-_v4_-_final.pdf",20230506154110,https://assets.publishing.service.gov.uk/government/uploads/system/uploads/attachment_data/file/857567/DRC_-_CPIN_-_UAS_-_v4_-_final.pdf,assets.publishing.service.gov.uk,application/pdf,M6HFTNMCPY5JVI76XVKK26TLTUJWLBJN,1050989,361131542,CPIN Template 2018 - v3,en,PDF
"uk,gov)/government/uploads/system/uploads/attachment_data/file/363355/cig_albania_sexual_orientation_and_gender_identity_2014_10_13.pdf",20150512162959,https://www.gov.uk/government/uploads/system/uploads/attachment_data/file/363355/CIG_Albania_Sexual_orientation_and_gender_identity_2014_10_13.pdf,www.gov.uk,application/pdf,ZYVCVOHGRL6IO4QJVKM5DERHMRVKUNLK,566364,78000239,CIG_Albania_Sexual_orientation_and_gender_identity_2014_10_13.pdf,en,PDF
"uk,gov,homeoffice,ind)/sitecontent/documents/policyandlaw/asylumpolicyinstructions/apis/genderissueintheasylum.pdf?view=binary",20111208142201,http://www.ind.homeoffice.gov.uk/sitecontent/documents/policyandlaw/asylumpolicyinstructions/apis/genderissueintheasylum.pdf?view=Binary,www.ind.homeoffice.gov.uk,application/pdf,DZDFJVBFG7QRFIUBSA65DKDLK2BMM3I2,103431,26998138,Asylum Cases Involving Gender Recognition,en,PDF
"uk,gov,service,publishing,assets)/government/uploads/system/uploads/attachment_data/file/1157461/family_life__as_a_partner_or_parent__and_exceptional_circumstances.pdf",20230903035033,https://assets.publishing.service.gov.uk/government/uploads/system/uploads/attachment_data/file/1157461/Family_life__as_a_partner_or_parent__and_exceptional_circumstances.pdf,assets.publishing.service.gov.uk,application/pdf,QNSU3MMRNUG2PBI6RADYXGOHMFV6AIUC,528607,105598511,Family life (as a partner or parent) and exceptional circumstances,en,PDF
"uk,gov)/government/uploads/system/uploads/attachment_data/file/383690/china_ogn_v_12_october_2013_updated_december_2014.pdf",20150710133329,https://www.gov.uk/government/uploads/system/uploads/attachment_data/file/383690/China_OGN_v_12_October_2013_Updated_December_2014.pdf,www.gov.uk,application/pdf,Z6PZCHZ7V4UPXPFJ3IPM4ZERAGQASCKO,494984,46536551,China_OGN_v_12_October_2013_Updated_December_2014.pdf,en,PDF
"org,gsdrc)/wp-content/uploads/2015/06/gsdrc_confl_anal_iraq.pdf",20221201125921,https://gsdrc.org/wp-content/uploads/2015/06/GSDRC_Confl_Anal_Iraq.pdf,gsdrc.org,application/pdf,WXVRE3O2UNBTNRQZI7XYNFA7XGH5VH2C,991937,228701810,GSDRC_Confl_Anal_Iraq.pdf,en,PDF
"uk,gov,service,publishing,assets)/media/57a089ef40f0b652dd000494/gsdrc_confl_anal_iraq.pdf",20230705054225,https://assets.publishing.service.gov.uk/media/57a089ef40f0b652dd000494/GSDRC_Confl_Anal_Iraq.pdf,assets.publishing.service.gov.uk,application/pdf,WXVRE3O2UNBTNRQZI7XYNFA7XGH5VH2C,992127,249834006,GSDRC_Confl_Anal_Iraq.pdf,en,PDF
"uk,gov,service,publishing,assets)/government/uploads/system/uploads/attachment_data/file/1086316/revocation_of_protection_status.pdf",20230903144847,https://assets.publishing.service.gov.uk/government/uploads/system/uploads/attachment_data/file/1086316/Revocation_of_protection_status.pdf,assets.publishing.service.gov.uk,application/pdf,ARPEAO3BGEAJWH3D5ASUAHS5CYHGPQY3,377361,21599200,Revocation of protection status,en,PDF
"uk,gov)/government/uploads/system/uploads/attachment_data/file/450834/victims_of_modern_slavery_frontline_staff_guidance_v2_0_ext.pdf",20151013003239,https://www.gov.uk/government/uploads/system/uploads/attachment_data/file/450834/Victims_of_modern_slavery_frontline_staff_guidance_v2_0_ext.pdf,www.gov.uk,application/pdf,GTGPOJF4XJDNEHPQ36F43PGVOQ6KV2DM,447524,98459995,Victims_of_modern_slavery_frontline_staff_guidance_v2_0_ext.pdf,en,PDF
"org,gsdrc)/wp-content/uploads/2016/02/fragility_migration_eritrea.pdf",20221201131210,https://gsdrc.org/wp-content/uploads/2016/02/Fragility_Migration_Eritrea.pdf,gsdrc.org,application/pdf,6IIXSGBMTVTO34JC23JQDMZL2VK6NW7L,760583,280960777,Rapid fragility and migration assessment for Eritrea,en,PDF
"uk,gov,service,publishing,assets)/government/uploads/system/uploads/attachment_data/file/428551/implementing_substantive_asylum_decisions_v11_0.pdf",20230903061042,https://assets.publishing.service.gov.uk/government/uploads/system/uploads/attachment_data/file/428551/Implementing_Substantive_Asylum_Decisions_v11_0.pdf,assets.publishing.service.gov.uk,application/pdf,75GNTP3TNKZW5VJKK4DJJU4UHLZJSQBE,437008,291253754,Implementing_Substantive_Asylum_Decisions_v11_0.pdf,en,PDF
"uk,gov,service,publishing,assets)/media/634fa8698fa8f5346c39bb6e/inspection_report_on_country_of_origin_information__afghanistan_and_china_june_2022.pdf",20250605051537,https://assets.publishing.service.gov.uk/media/634fa8698fa8f5346c39bb6e/Inspection_Report_on_Country_of_Origin_Information__Afghanistan_and_China_June_2022.pdf,assets.publishing.service.gov.uk,application/pdf,GDAP56FD2FAYZJRZ2Y6NBDWCMBTOPWGO,1225471,397798864,Inpection of Country of Origin Information,en,PDF
"uk,ac,ref,results2021)/environment/statements/unit/8a89be23-674b-42c8-b352-664bf0892014",20250311191832,https://results2021.ref.ac.uk/environment/statements/unit/8a89be23-674b-42c8-b352-664bf0892014,results2021.ref.ac.uk,application/pdf,AHBV26KEQX3UGDAYDWOIJIV2TQY6C4N6,230477,365284481,Microsoft Word - 10007144 UEL REF5b UOA21 Sociology.docx,en,PDF
"uk,gov,homeoffice,ind)/sitecontent/documents/policyandlaw/asylumpolicyinstructions/apis/gender-issue-in-the-asylum.pdf?view=binary",20110922211043,http://www.ind.homeoffice.gov.uk/sitecontent/documents/policyandlaw/asylumpolicyinstructions/apis/gender-issue-in-the-asylum.pdf?view=Binary,www.ind.homeoffice.gov.uk,application/pdf,NNJDCGHU6PQNUBG3RGDOM7T4LA4263EB,107753,58679767,Intro,en,PDF
"uk,gov,independent,icai)/wp-content/uploads/dfids-approach-to-anti-corruption-and-its-impact-on-the-poor-final.pdf",20240906053450,https://icai.independent.gov.uk/wp-content/uploads/DFIDs-Approach-to-Anti-Corruption-and-its-Impact-on-the-Poor-FINAL.pdf,icai.independent.gov.uk,application/pdf,REXL7DHQFSTK7JOMUZQHVNZVGCN4XZE5,1090187,225603802,DFIDs-Approach-to-Anti-Corruption-and-its-Impact-on-the-Poor-FINAL.pdf,en,PDF
"uk,gov,service,publishing,assets)/media/57a0895de5274a31e0000038/fragility_migration_eritrea.pdf",20230705122627,https://assets.publishing.service.gov.uk/media/57a0895de5274a31e0000038/Fragility_Migration_Eritrea.pdf,assets.publishing.service.gov.uk,application/pdf,6IIXSGBMTVTO34JC23JQDMZL2VK6NW7L,760747,49186051,Rapid fragility and migration assessment for Eritrea,en,PDF
"uk,gov,homeoffice,bia)/sitecontent/documents/policyandlaw/asylumpolicyinstructions/apis/genderissueintheasylum.pdf?view=binary",20121011194230,http://www.bia.homeoffice.gov.uk/sitecontent/documents/policyandlaw/asylumpolicyinstructions/apis/genderissueintheasylum.pdf?view=Binary,www.bia.homeoffice.gov.uk,application/pdf,DZDFJVBFG7QRFIUBSA65DKDLK2BMM3I2,103438,45473505,Asylum Cases Involving Gender Recognition,en,PDF
"uk,gov,homeoffice,ind)/6353/aboutus/qi_third_report.pdf",20070221120000,http://www.ind.homeoffice.gov.uk/6353/aboutus/QI_Third_Report.pdf,www.ind.homeoffice.gov.uk,application/pdf,2FJPMXH3ON42QA5QMC4TNFGBUS6I5X4B,510935,102479110,QI_Third_Report.pdf,en,PDF
"uk,gov,service,publishing,assets)/media/5a82a6c8ed915d74e3402dfd/an-inspection-of-country-of-origin-information.pdf",20250605060358,https://assets.publishing.service.gov.uk/media/5a82a6c8ed915d74e3402dfd/An-Inspection-of-Country-of-Origin-Information.pdf,assets.publishing.service.gov.uk,application/pdf,KLO2SGKNNRCC63YXMSBDIDPUFNTVCX2O,4914848,323295775,An-Inspection-of-Country-of-Origin-Information.pdf,en,PDF
"uk,gov,homeoffice,ukba)/sitecontent/documents/policyandlaw/asylumpolicyinstructions/apis/gender-issue-in-the-asylum.pdf?view=binary",20120807173826,http://www.ukba.homeoffice.gov.uk/sitecontent/documents/policyandlaw/asylumpolicyinstructions/apis/gender-issue-in-the-asylum.pdf?view=Binary,www.ukba.homeoffice.gov.uk,application/pdf,NNJDCGHU6PQNUBG3RGDOM7T4LA4263EB,107748,76172330,Intro,en,PDF
"uk,co,antislaverycommissioner)/media/1057/victims-of-modern-slavery-frontline-staff-guidance-v3.pdf",20230910191248,https://www.antislaverycommissioner.co.uk/media/1057/victims-of-modern-slavery-frontline-staff-guidance-v3.pdf,www.antislaverycommissioner.co.uk,application/pdf,AYHGR47E6BQ3EUHKKRO2VXXXHOFSWCZI,510835,220586852,victims-of-modern-slavery-frontline-staff-guidance-v3.pdf,en,PDF
"uk,gov)/government/uploads/system/uploads/attachment_data/file/428551/implementing_substantive_asylum_decisions_v11_0.pdf",20151212094148,https://www.gov.uk/government/uploads/system/uploads/attachment_data/file/428551/Implementing_Substantive_Asylum_Decisions_v11_0.pdf,www.gov.uk,application/pdf,75GNTP3TNKZW5VJKK4DJJU4UHLZJSQBE,436845,32757820,Implementing_Substantive_Asylum_Decisions_v11_0.pdf,en,PDF
"uk,co,antislaverycommissioner)/media/1263/vulnerability-to-human-trafficking-albania.pdf",20230910191236,https://www.antislaverycommissioner.co.uk/media/1263/vulnerability-to-human-trafficking-albania.pdf,www.antislaverycommissioner.co.uk,application/pdf,U5EF5EUVOYCNEXDD2YH2DQZ7Z6TSEGHZ,388280,171267573,vulnerability-to-human-trafficking-albania.pdf,en,PDF
"uk,gov,homeoffice,bia)/sitecontent/documents/policyandlaw/asylumpolicyinstructions/apis/gender-issue-in-the-asylum.pdf?view=binary",20121207021509,http://www.bia.homeoffice.gov.uk/sitecontent/documents/policyandlaw/asylumpolicyinstructions/apis/gender-issue-in-the-asylum.pdf?view=Binary,www.bia.homeoffice.gov.uk,application/pdf,NNJDCGHU6PQNUBG3RGDOM7T4LA4263EB,107742,70334320,Intro,en,PDF
"uk,gov,service,publishing,assets)/media/672c9913eee595f5288bdbb6/gurkhas+and+hong+kong+military+unit+veterans+discharged+before+1+july+1997+and+their+family+members.pdf",20250606052723,https://assets.publishing.service.gov.uk/media/672c9913eee595f5288bdbb6/Gurkhas+and+Hong+Kong+military+unit+veterans+discharged+before+1+July+1997+and+their+family+members.pdf,assets.publishing.service.gov.uk,application/pdf,HBIDYGCDDEKZ2XYRH4HFPHVJ4F3BG5XW,262483,444260835,Gurkhas and Hong Kong military unit veterans discharged before 1 July 1997 and their family members,en,PDF
"uk,gov,service,publishing,assets)/government/uploads/system/uploads/attachment_data/file/547330/investigation-into-the-handling-of-asylum-claims_oct_2014.pdf",20230704130317,https://assets.publishing.service.gov.uk/government/uploads/system/uploads/attachment_data/file/547330/Investigation-into-the-Handling-of-Asylum-Claims_Oct_2014.pdf,assets.publishing.service.gov.uk,application/pdf,QVGXXXPNCOK3WYYZDE6ASM3LAQKXBSWW,345045,90482204,An Investigation into the Home Office’s Handling of Asylum Claims Made on the Grounds of Sexual Orientation,en,PDF
"uk,gov,service,publishing,assets)/government/uploads/system/uploads/attachment_data/file/761740/inspection_of_country_of_origin_information__may_2018..pdf",20230911200535,https://assets.publishing.service.gov.uk/government/uploads/system/uploads/attachment_data/file/761740/Inspection_of_Country_of_Origin_Information__May_2018..pdf,assets.publishing.service.gov.uk,application/pdf,OXGTF57YOO55VJDITUFLRCNBBTI7LPEB,1172984,242472072,Inspection_of_Country_of_Origin_Information__May_2018..pdf,en,PDF
"uk,gov)/government/uploads/system/uploads/attachment_data/file/406161/implementing_substantive_asylum_decisions_v10_final.pdf",20150406232747,https://www.gov.uk/government/uploads/system/uploads/attachment_data/file/406161/implementing_substantive_asylum_decisions_v10_final.pdf,www.gov.uk,application/pdf,M6O3DENMA2I45UYMHILZYOJSG5KXWFKB,470373,86769278,implementing_substantive_asylum_decisions_v10_final.pdf,en,PDF
"uk,co,antislaverycommissioner)/media/1264/vulnerability-to-human-trafficking-nigeria.pdf",20230910191238,https://www.antislaverycommissioner.co.uk/media/1264/vulnerability-to-human-trafficking-nigeria.pdf,www.antislaverycommissioner.co.uk,application/pdf,OGAPLYCUSOYBRYSEQ7PQ4JXG5NPYYOKG,455794,172284121,vulnerability-to-human-trafficking-nigeria.pdf,en,PDF
"org,gsdrc)/wp-content/uploads/2015/09/hdq1263.pdf",20250304071950,https://gsdrc.org/wp-content/uploads/2015/09/HDQ1263.pdf,gsdrc.org,application/pdf,6KJSNHWHYGABSTZX37NWRAKLCTUXLFRO,551911,420954064,HDQ1263.pdf,en,PDF
"uk,gov)/government/uploads/system/uploads/attachment_data/file/438759/cig_-_opt_-_security_and_humanitarian_-_v1_0.pdf",20150710133604,https://www.gov.uk/government/uploads/system/uploads/attachment_data/file/438759/CIG_-_OPT_-_Security_and_Humanitarian_-_v1_0.pdf,www.gov.uk,application/pdf,H4VZRIYWN7GR6JW2KMDGVA6T7YLACLMR,435764,8979889,CIG_-_OPT_-_Security_and_Humanitarian_-_v1_0.pdf,en,PDF
"uk,gov,service,publishing,assets)/media/61028b7ee90e0703af00179f/china-_non_christian_religious_groups_-_v2.0__july_2021.pdf",20250425211828,https://assets.publishing.service.gov.uk/media/61028b7ee90e0703af00179f/China-_Non_Christian_religious_groups_-_V2.0__July_2021.pdf,assets.publishing.service.gov.uk,application/pdf,NXJ3MXT4EKKC3AZ4LQL7NFLKOWTCY6G6,528182,34405176,CPIN Template - January 2020,en,PDF
"uk,gov,service,publishing,assets)/media/642c2144ddf8ad000cac0d2e/child_staying_with_or_joining_non-parent_relative__protection_.pdf",20241104091214,https://assets.publishing.service.gov.uk/media/642c2144ddf8ad000cac0d2e/Child_staying_with_or_joining_non-parent_relative__protection_.pdf,assets.publishing.service.gov.uk,application/pdf,Z6DCPLWVAFOCQIYG7BCY326GOGHDDQQA,252025,261905245,Child staying with or joining non-parent relative (protection),en,PDF
"uk,gov)/government/uploads/system/uploads/attachment_data/file/397778/assessing_credibility_and_refugee_status_v9_0.pdf",20150507235115,https://www.gov.uk/government/uploads/system/uploads/attachment_data/file/397778/ASSESSING_CREDIBILITY_AND_REFUGEE_STATUS_V9_0.pdf,www.gov.uk,application/pdf,DPJQP5EEA3WLB5T5JOHO2W46GEER7TKC,401899,2964387,ASSESSING_CREDIBILITY_AND_REFUGEE_STATUS_V9_0.pdf,en,PDF
"uk,gov,service,publishing,assets)/government/uploads/system/uploads/attachment_data/file/561815/icibi-inspection-of-family-reunion-applications-january-to-may-2016.pdf",20230705045451,https://assets.publishing.service.gov.uk/government/uploads/system/uploads/attachment_data/file/561815/ICIBI-inspection-of-family-reunion-applications-January-to-May-2016.pdf,assets.publishing.service.gov.uk,application/pdf,SMGEXTIS3TN4PU6AAYLCYNY4TPVDK7T2,611882,210292101,ICIBI-inspection-of-family-reunion-applications-January-to-May-2016.pdf,en,PDF
"uk,gov,service,publishing,assets)/government/uploads/system/uploads/attachment_data/file/1030389/afg_cpin_unaccompanied_children.pdf",20230920204618,https://assets.publishing.service.gov.uk/government/uploads/system/uploads/attachment_data/file/1030389/AFG_CPIN_Unaccompanied_children.pdf,assets.publishing.service.gov.uk,application/pdf,BSX3B7HUI6SRKZKBZMUXMUNKTQTGPOCN,547682,332719437,AFG CPIN Unaccompanied children,en,PDF
"uk,ac,ref,results2021)/environment/statements/unit/bc8ca5aa-0756-471f-89f4-c9e5ba993a57",20250311191740,https://results2021.ref.ac.uk/environment/statements/unit/bc8ca5aa-0756-471f-89f4-c9e5ba993a57,results2021.ref.ac.uk,application/pdf,MD2HMP5AY2CC7Y5FPANOXFR3TMTQLSXW,339660,351487111,bc8ca5aa-0756-471f-89f4-c9e5ba993a57,en,PDF
"uk,gov,service,publishing,assets)/media/5a80be9d40f0b62305b8ce81/ho-response-to-iagci-review-eritrea.pdf",20250606071333,https://assets.publishing.service.gov.uk/media/5a80be9d40f0b62305b8ce81/HO-response-to-IAGCI-review-Eritrea.pdf,assets.publishing.service.gov.uk,application/pdf,BFTXWW5NHVWYOSXX3R7JLJ7FDUWOOU3V,334060,270982719,"HO Response to IAGCI Review: Somalia CIG, April 2014",en,PDF
"uk,gov,service,publishing,assets)/government/uploads/system/uploads/attachment_data/file/566267/sudan_project.pdf",20230920204620,https://assets.publishing.service.gov.uk/government/uploads/system/uploads/attachment_data/file/566267/Sudan_project.pdf,assets.publishing.service.gov.uk,application/pdf,IVEPTLHU536T3CRLCXSEFYNO3GWJQNY4,1830828,337124915,Sudan_project.pdf,en,PDF
"uk,gov,service,publishing,assets)/media/5ddd081aed915d0199f56fb2/cig-angola-treatment-cabinda-january-2015.pdf",20250507111714,https://assets.publishing.service.gov.uk/media/5ddd081aed915d0199f56fb2/CIG-Angola-Treatment-Cabinda-January-2015.pdf,assets.publishing.service.gov.uk,application/pdf,PTBQ4DD4DVOVK7OU7BKX5UCQLNCK2VNG,1838825,231022874,CIG-Angola-Treatment-Cabinda-January-2015.pdf,en,PDF
"uk,gov,homeoffice,ind)/ind/en/home/0/reports/second_annual_report.maincontent.0002.file.tmp/jp543%20(annual%20report%202003%20final).pdf",20050302001909,http://www.ind.homeoffice.gov.uk/ind/en/home/0/reports/second_annual_report.Maincontent.0002.file.tmp/JP543%20(Annual%20Report%202003%20final).pdf,www.ind.homeoffice.gov.uk,application/pdf,XCTUX3EPV6NFC53S5ZTWRLPTCDLGTCBA,289324,48042759,Annual Report 2003/4   first draft,en,PDF
"uk,gov,service,publishing,assets)/government/uploads/system/uploads/attachment_data/file/1127902/screening_and_routing.pdf",20230118162618,https://assets.publishing.service.gov.uk/government/uploads/system/uploads/attachment_data/file/1127902/Screening_and_routing.pdf,assets.publishing.service.gov.uk,application/pdf,CXVWHLPJCJHQKU2FRGUWYNIKZQPCLL2V,626721,47270138,Screening and routing.docx,en,PDF
"uk,gov,service,publishing,assets)/government/uploads/system/uploads/attachment_data/file/1083699/screening_and_routing.pdf",20230104233423,https://assets.publishing.service.gov.uk/government/uploads/system/uploads/attachment_data/file/1083699/Screening_and_routing.pdf,assets.publishing.service.gov.uk,application/pdf,3MWORYXWNPJLF3ZAKBDRAW6KDSTFJGJD,600711,399446032,Screening and routing.docx,en,PDF
"uk,gov,service,publishing,assets)/government/uploads/system/uploads/attachment_data/file/1134648/screening_and_routing.pdf",20230903094308,https://assets.publishing.service.gov.uk/government/uploads/system/uploads/attachment_data/file/1134648/Screening_and_routing.pdf,assets.publishing.service.gov.uk,application/pdf,FKZ4ULRAGIE5NFNG3T7DA3R5T6SSIUU6,580074,111220562,Screening and routing.docx,en,PDF
"uk,gov,service,publishing,assets)/media/5fcf6546d3bf7f5d08464cfc/inspection_of_country_of_origin_information_thematic_report_on_sexual_orientation_and_gender_identity_or_expression.pdf",20250605041742,https://assets.publishing.service.gov.uk/media/5fcf6546d3bf7f5d08464cfc/Inspection_of_Country_of_Origin_Information_Thematic_Report_on_Sexual_Orientation_and_Gender_Identity_or_Expression.pdf,assets.publishing.service.gov.uk,application/pdf,RE7RMUPAL7UMNVNEI4RWGZ5FNRH45EHH,6144977,86267596,Inspection of Country of Origin Information: Thematic Report,en,PDF
"uk,gov,service,publishing,assets)/media/5b9a5283e5274a13a7fd95e4/k4d_hdr__gender_and_conflict_in_ukraine.pdf",20250508100826,https://assets.publishing.service.gov.uk/media/5b9a5283e5274a13a7fd95e4/K4D_HDR__Gender_and_conflict_in_Ukraine.pdf,assets.publishing.service.gov.uk,application/pdf,CBFYS53W7L5VZ4QCNCKMOHXPR6GBUKTO,386773,87588748,K4D_HDR__Gender_and_conflict_in_Ukraine.pdf,en,PDF
"uk,gov,service,publishing,assets)/media/57a08967e5274a27b200007d/hdq1263.pdf",20250605060605,https://assets.publishing.service.gov.uk/media/57a08967e5274a27b200007d/HDQ1263.pdf,assets.publishing.service.gov.uk,application/pdf,6KJSNHWHYGABSTZX37NWRAKLCTUXLFRO,552113,337745344,HDQ1263.pdf,en,PDF
"uk,co,antislaverycommissioner)/media/1235/slavery-and-trafficking-survivor-care-standards.pdf",20230910193249,https://www.antislaverycommissioner.co.uk/media/1235/slavery-and-trafficking-survivor-care-standards.pdf,www.antislaverycommissioner.co.uk,application/pdf,LGX2TI36FYP6WJSSVZCEDGMWQ762ZQSB,979070,263342794,HTF Care Standards v2.indd,en,PDF
"uk,gov,service,publishing,assets)/government/uploads/system/uploads/attachment_data/file/809931/inspection_of_country_of_origin_information_2019._burma__iraq_and_zimbabwe.pdf",20241212174507,https://assets.publishing.service.gov.uk/government/uploads/system/uploads/attachment_data/file/809931/Inspection_of_Country_of_Origin_Information_2019._Burma__Iraq_and_Zimbabwe.pdf,assets.publishing.service.gov.uk,application/pdf,A5CQD7JSTQ5QROQAQH4F7NXNGWX77NFI,885276,392486801,Inspection_of_Country_of_Origin_Information_2019._Burma__Iraq_and_Zimbabwe.pdf,en,PDF
"uk,police,college,library)/docs/slavery_and_trafficking_survivor_care_standards_2018.pdf",20230405153021,https://library.college.police.uk/docs/Slavery_and_trafficking_survivor_care_standards_2018.pdf,library.college.police.uk,application/pdf,M5HHYWDPU4GZS23BEZCLK27VX6PAJVM2,765631,400251426,Slavery_and_trafficking_survivor_care_standards_2018.pdf,en,PDF
"uk,gov,service,publishing,assets)/media/646ddd3cab40bf0010196963/private_life.pdf",20241008215240,https://assets.publishing.service.gov.uk/media/646ddd3cab40bf0010196963/Private_life.pdf,assets.publishing.service.gov.uk,application/pdf,CWD4CG5WT4CZWIJOJ3KOI74CUSBE6XXT,345196,218075470,Private life,en,PDF
"uk,gov,homeoffice,bia)/sitecontent/documents/policyandlaw/asylumprocessguidance/specialcases/guidance/assessing-age?view=binary",20110922165313,http://www.bia.homeoffice.gov.uk/sitecontent/documents/policyandlaw/asylumprocessguidance/specialcases/guidance/assessing-age?view=Binary,www.bia.homeoffice.gov.uk,application/pdf,TFODIVUKXWSROLMCNTKJVEVV4WXGETC5,98858,11392649,                                           Assessing age ,en,PDF
"uk,gov)/government/uploads/system/uploads/attachment_data/file/310221/somalia_country_info_guidance_2014.pdf",20150205023117,https://www.gov.uk/government/uploads/system/uploads/attachment_data/file/310221/Somalia_Country_info_guidance_2014.pdf,www.gov.uk,application/pdf,OY4BJ3PGMMDHPTXKETALN6P3VPSGY2KK,1018954,46468001,Somalia_Country_info_guidance_2014.pdf,en,PDF
"uk,gov,service,publishing,assets)/media/60ed5465e90e0764ce8266c8/cig_north_korea_opposition_to_the_regime.pdf",20250616093649,https://assets.publishing.service.gov.uk/media/60ed5465e90e0764ce8266c8/CIG_North_Korea_Opposition_to_the_Regime.pdf,assets.publishing.service.gov.uk,application/pdf,VHR7VT3KMPHKE4PSHLPDVG2PKC6WRP7Y,1131246,92393459,CIG - North Korea - Opposition to the Regime - v2.0 (October 2016),en,PDF
"org,gsdrc)/wp-content/uploads/2016/02/fragility_migration_eritrea.pdf",20250304070639,https://gsdrc.org/wp-content/uploads/2016/02/Fragility_Migration_Eritrea.pdf,gsdrc.org,application/pdf,6IIXSGBMTVTO34JC23JQDMZL2VK6NW7L,760554,164266894,Rapid fragility and migration assessment for Eritrea,en,PDF
"uk,gov,service,publishing,assets)/government/uploads/system/uploads/attachment_data/file/941969/inspection_of_country_of_origin_information_thematic_report_on_sexual_orientation_and_gender_identity_or_expression.pdf",20241223175858,https://assets.publishing.service.gov.uk/government/uploads/system/uploads/attachment_data/file/941969/Inspection_of_Country_of_Origin_Information_Thematic_Report_on_Sexual_Orientation_and_Gender_Identity_or_Expression.pdf,assets.publishing.service.gov.uk,application/pdf,RE7RMUPAL7UMNVNEI4RWGZ5FNRH45EHH,6144981,222317157,Inspection of Country of Origin Information: Thematic Report,en,PDF
"za,co,whatworks)/documents/publications/94-what-works-mid-term-evaluation-final-april-2017/file",20230808120632,https://www.whatworks.co.za/documents/publications/94-what-works-mid-term-evaluation-final-april-2017/file,www.whatworks.co.za,application/pdf,IMCCYTCC6T5OT2CZMKDQGW2OFUI3U37R,4575645,495051554,file,en,PDF
"uk,gov,service,publishing,assets)/government/uploads/system/uploads/attachment_data/file/655451/bangladesh_ffm_report.pdf",20230920174023,https://assets.publishing.service.gov.uk/government/uploads/system/uploads/attachment_data/file/655451/Bangladesh_FFM_report.pdf,assets.publishing.service.gov.uk,application/pdf,DR3K5JXJLTF6PKGIR775XC2EDIFYSCC4,1052625,150104264,Bangladesh FFM report,en,PDF
"uk,gov)/government/uploads/system/uploads/attachment_data/file/310175/uganda_country_info_claims_based_on_sexual_orientation.pdf",20140801063031,https://www.gov.uk/government/uploads/system/uploads/attachment_data/file/310175/Uganda_country_info_claims_based_on_sexual_orientation.pdf,www.gov.uk,application/pdf,QINQBGLF3LOLGXGJCIRR6UUYBKPLKQBI,874119,9737079,Uganda_country_info_claims_based_on_sexual_orientation.pdf,en,PDF
"uk,gov,service,publishing,assets)/media/5a82a5d9e5274a2e87dc2437/sri_lanka_ffm_report__11-23_july_2016_.pdf",20241118223533,https://assets.publishing.service.gov.uk/media/5a82a5d9e5274a2e87dc2437/Sri_Lanka_FFM_Report__11-23_July_2016_.pdf,assets.publishing.service.gov.uk,application/pdf,ZKYHAFMMOWJETHQDQH6MFHLT2SMWAT3Q,2724217,50649216,Sri Lanka FFM Report (11-23 July 2016),en,PDF
"uk,gov,homeoffice,ukba)/sitecontent/documents/policyandlaw/asylumprocessguidance/specialcases/guidance/assessing-age?view=binary",20121004020129,http://www.ukba.homeoffice.gov.uk/sitecontent/documents/policyandlaw/asylumprocessguidance/specialcases/guidance/assessing-age?view=Binary,www.ukba.homeoffice.gov.uk,application/pdf,TFODIVUKXWSROLMCNTKJVEVV4WXGETC5,98828,51373290,                                           Assessing age ,en,PDF
"uk,gov)/government/uploads/system/uploads/attachment_data/file/346274/cig_uganda_sogi_2014_8_20_v2_0.pdf",20141210193649,https://www.gov.uk/government/uploads/system/uploads/attachment_data/file/346274/CIG_Uganda_SOGI_2014_8_20_v2_0.pdf,www.gov.uk,application/pdf,NZL2DTKTU4Y3QUYXQ5G45CSEXYECTPWF,420878,8986411,CIG_Uganda_SOGI_2014_8_20_v2_0.pdf,en,PDF
"uk,gov,service,publishing,assets)/media/5d090b1bed915d42fabe4dbc/inspection_of_country_of_origin_information_2019._burma__iraq_and_zimbabwe.pdf",20250606002836,https://assets.publishing.service.gov.uk/media/5d090b1bed915d42fabe4dbc/Inspection_of_Country_of_Origin_Information_2019._Burma__Iraq_and_Zimbabwe.pdf,assets.publishing.service.gov.uk,application/pdf,A5CQD7JSTQ5QROQAQH4F7NXNGWX77NFI,885263,385290204,Inspection_of_Country_of_Origin_Information_2019._Burma__Iraq_and_Zimbabwe.pdf,en,PDF
"uk,gov,service,publishing,assets)/media/67975f80e0edc3fbb06062e5/revocation+of+protection+status.pdf",20250605173352,https://assets.publishing.service.gov.uk/media/67975f80e0edc3fbb06062e5/Revocation+of+protection+status.pdf,assets.publishing.service.gov.uk,application/pdf,TURU2YHUKKACFOL2TYMVKNV3FDUPO66B,391421,134935739,Revocation of protection status,en,PDF
"uk,gov,service,publishing,assets)/government/uploads/system/uploads/attachment_data/file/605479/sri_lanka_ffm_report__11-23_july_2016_.pdf",20240606192228,https://assets.publishing.service.gov.uk/government/uploads/system/uploads/attachment_data/file/605479/Sri_Lanka_FFM_Report__11-23_July_2016_.pdf,assets.publishing.service.gov.uk,application/pdf,ZKYHAFMMOWJETHQDQH6MFHLT2SMWAT3Q,2724226,378106434,Sri Lanka FFM Report (11-23 July 2016),en,PDF
"uk,gov,service,publishing,assets)/media/5c079df840f0b6705f11cf31/inspection_of_country_of_origin_information__may_2018..pdf",20250606045449,https://assets.publishing.service.gov.uk/media/5c079df840f0b6705f11cf31/Inspection_of_Country_of_Origin_Information__May_2018..pdf,assets.publishing.service.gov.uk,application/pdf,OXGTF57YOO55VJDITUFLRCNBBTI7LPEB,1173020,322736550,Inspection_of_Country_of_Origin_Information__May_2018..pdf,en,PDF
"uk,gov,service,publishing,assets)/media/66bb55fe49b9c0597fdb0ec9/inadmissibility.pdf",20250508045321,https://assets.publishing.service.gov.uk/media/66bb55fe49b9c0597fdb0ec9/Inadmissibility.pdf,assets.publishing.service.gov.uk,application/pdf,Q5XMMUIVET6YLR2SDP3EPOVCWRB62JY3,329917,152200581,Inadmissibility,en,PDF
"uk,gov,service,publishing,assets)/media/681a074134321d7b2d873a9f/private_life.pdf",20250507171002,https://assets.publishing.service.gov.uk/media/681a074134321d7b2d873a9f/Private_life.pdf,assets.publishing.service.gov.uk,application/pdf,LJNXHH24ADB2H6YOWD46WOIODD4IYKSF,370399,80317561,Private life,en,PDF
"uk,gov,service,publishing,assets)/media/57a089ef40f0b652dd000494/gsdrc_confl_anal_iraq.pdf",20250604215020,https://assets.publishing.service.gov.uk/media/57a089ef40f0b652dd000494/GSDRC_Confl_Anal_Iraq.pdf,assets.publishing.service.gov.uk,application/pdf,WXVRE3O2UNBTNRQZI7XYNFA7XGH5VH2C,992181,203827753,GSDRC_Confl_Anal_Iraq.pdf,en,PDF
"uk,gov,homeoffice,ind)/sitecontent/documents/policyandlaw/modernised/cross-cut/protecting-vulnerable/04-victimstrafficking?view=binary",20120808051313,http://www.ind.homeoffice.gov.uk/sitecontent/documents/policyandlaw/modernised/cross-cut/protecting-vulnerable/04-victimstrafficking?view=Binary,www.ind.homeoffice.gov.uk,application/pdf,K3SYXFIQNCUPJLOK4FFFOFAYXNRPDQJX,453602,94924376,Human trafficking,en,PDF
"uk,gov,homeoffice,bia)/sitecontent/documents/policyandlaw/modernised/cross-cut/protecting-vulnerable/04-victimstrafficking?view=binary",20120808030912,http://www.bia.homeoffice.gov.uk/sitecontent/documents/policyandlaw/modernised/cross-cut/protecting-vulnerable/04-victimstrafficking?view=Binary,www.bia.homeoffice.gov.uk,application/pdf,K3SYXFIQNCUPJLOK4FFFOFAYXNRPDQJX,453612,27691024,Human trafficking,en,PDF
"uk,gov,service,publishing,assets)/media/65a940c594c997000daeba3a/reporting+and+offender+management.pdf",20250417190007,https://assets.publishing.service.gov.uk/media/65a940c594c997000daeba3a/Reporting+and+offender+management.pdf,assets.publishing.service.gov.uk,application/pdf,UREBJYFG2UK4WJ5OOGZEE6CMC6UJJO7Z,404893,188357302,Reporting and offender management,en,PDF
"uk,gov,service,publishing,assets)/media/662b67df6963baceeb225266/inadmissibility.pdf",20240805025137,https://assets.publishing.service.gov.uk/media/662b67df6963baceeb225266/Inadmissibility.pdf,assets.publishing.service.gov.uk,application/pdf,B6OSBLAUX5TXGXB6KZB5YYPIE45U7FGV,393539,244220366,Inadmissibility.docx,en,PDF
"uk,gov,independent,icinspector)/wp-content/uploads/2010/03/irm_anuual_report_0304.pdf",20121003185547,http://icinspector.independent.gov.uk/wp-content/uploads/2010/03/IRM_Anuual_Report_0304.pdf,icinspector.independent.gov.uk,application/pdf,IV24IFNZYP43IMZQIB26JSDK3JEQ7HOO,171546,6644578,IRM_Anuual_Report_0304.pdf,en,PDF
"uk,gov,service,publishing,assets)/media/57a0895de5274a31e0000038/fragility_migration_eritrea.pdf",20250605022735,https://assets.publishing.service.gov.uk/media/57a0895de5274a31e0000038/Fragility_Migration_Eritrea.pdf,assets.publishing.service.gov.uk,application/pdf,6IIXSGBMTVTO34JC23JQDMZL2VK6NW7L,760798,134120161,Rapid fragility and migration assessment for Eritrea,en,PDF
"uk,gov,service,publishing,assets)/media/67123db69cd657734653d7c8/private+life.pdf",20250414203333,https://assets.publishing.service.gov.uk/media/67123db69cd657734653d7c8/Private+life.pdf,assets.publishing.service.gov.uk,application/pdf,OZ3QH767TC2GQR6MUAHGFSZWQMF2SAC5,348560,167377524,Private life,en,PDF
"uk,gov,service,publishing,assets)/media/62baf2bae90e0721ca676fae/revocation_of_protection_status.pdf",20250109002944,https://assets.publishing.service.gov.uk/media/62baf2bae90e0721ca676fae/Revocation_of_protection_status.pdf,assets.publishing.service.gov.uk,application/pdf,ARPEAO3BGEAJWH3D5ASUAHS5CYHGPQY3,377400,457535674,Revocation of protection status,en,PDF
"org,gsdrc)/wp-content/uploads/2015/06/gsdrc_confl_anal_iraq.pdf",20250304071953,https://gsdrc.org/wp-content/uploads/2015/06/GSDRC_Confl_Anal_Iraq.pdf,gsdrc.org,application/pdf,WXVRE3O2UNBTNRQZI7XYNFA7XGH5VH2C,991924,426912354,GSDRC_Confl_Anal_Iraq.pdf,en,PDF
"org,gsdrc)/docs/open/gsdrc_confl_anal_iraq.pdf",20250304072429,https://gsdrc.org/docs/open/gsdrc_confl_anal_iraq.pdf,gsdrc.org,application/pdf,4PYXLLVVLUWKCL5454WR6QH7MIG3W4UK,1016018,54010931,gsdrc_confl_anal_iraq.pdf,en,PDF
"uk,co,antislaverycommissioner)/media/oh2by0i1/victims-of-modern-slavery-frontline-staff-guidance-v3.pdf",20241004044553,https://www.antislaverycommissioner.co.uk/media/oh2by0i1/victims-of-modern-slavery-frontline-staff-guidance-v3.pdf,www.antislaverycommissioner.co.uk,application/pdf,AYHGR47E6BQ3EUHKKRO2VXXXHOFSWCZI,510907,43457576,victims-of-modern-slavery-frontline-staff-guidance-v3.pdf,en,PDF
"uk,gov)/government/uploads/system/uploads/attachment_data/file/349539/afghanistan_ogn_v12.pdf",20141211180340,https://www.gov.uk/government/uploads/system/uploads/attachment_data/file/349539/Afghanistan_OGN_v12.pdf,www.gov.uk,application/pdf,ZIM5X6PJYDKLADDAYXARZ77FFEMWFYTG,857803,82227389,Afghanistan_OGN_v12.pdf,en,PDF
"uk,gov,service,publishing,assets)/media/664b1883993111924d9d37c7/family+life+_as+a+partner+or+parent_+and+exceptional+circumstances.pdf",20250617210738,https://assets.publishing.service.gov.uk/media/664b1883993111924d9d37c7/Family+life+_as+a+partner+or+parent_+and+exceptional+circumstances.pdf,assets.publishing.service.gov.uk,application/pdf,KFZ5OEMTNKN64335TRDCG77IPI2RQEIA,531681,200241391,Family life (as a partner or parent) and exceptional circumstances,en,PDF
"uk,gov,service,publishing,assets)/media/5a80dd0640f0b62305b8d936/investigation-into-the-handling-of-asylum-claims_oct_2014.pdf",20250605135724,https://assets.publishing.service.gov.uk/media/5a80dd0640f0b62305b8d936/Investigation-into-the-Handling-of-Asylum-Claims_Oct_2014.pdf,assets.publishing.service.gov.uk,application/pdf,QVGXXXPNCOK3WYYZDE6ASM3LAQKXBSWW,345085,401557689,An Investigation into the Home Office’s Handling of Asylum Claims Made on the Grounds of Sexual Orientation,en,PDF
"uk,gov,service,publishing,assets)/media/6181249de90e07197f18fe39/afg_cpin_unaccompanied_children.pdf",20241103060733,https://assets.publishing.service.gov.uk/media/6181249de90e07197f18fe39/AFG_CPIN_Unaccompanied_children.pdf,assets.publishing.service.gov.uk,application/pdf,BSX3B7HUI6SRKZKBZMUXMUNKTQTGPOCN,547711,340178214,AFG CPIN Unaccompanied children,en,PDF
"uk,co,antislaverycommissioner)/media/1vfofis2/vulnerability-to-human-trafficking-nigeria.pdf",20241004044624,https://www.antislaverycommissioner.co.uk/media/1vfofis2/vulnerability-to-human-trafficking-nigeria.pdf,www.antislaverycommissioner.co.uk,application/pdf,OGAPLYCUSOYBRYSEQ7PQ4JXG5NPYYOKG,455889,275291482,vulnerability-to-human-trafficking-nigeria.pdf,en,PDF
"uk,gov,service,publishing,assets)/government/uploads/system/uploads/attachment_data/file/1158829/private_life.pdf",20241005192537,https://assets.publishing.service.gov.uk/government/uploads/system/uploads/attachment_data/file/1158829/Private_life.pdf,assets.publishing.service.gov.uk,application/pdf,CWD4CG5WT4CZWIJOJ3KOI74CUSBE6XXT,345210,282774936,Private life,en,PDF
"uk,co,antislaverycommissioner)/media/1f1jnypt/vulnerability-to-human-trafficking-albania.pdf",20241004044637,https://www.antislaverycommissioner.co.uk/media/1f1jnypt/vulnerability-to-human-trafficking-albania.pdf,www.antislaverycommissioner.co.uk,application/pdf,U5EF5EUVOYCNEXDD2YH2DQZ7Z6TSEGHZ,388346,356774494,vulnerability-to-human-trafficking-albania.pdf,en,PDF
"uk,gov,service,publishing,assets)/government/uploads/system/uploads/attachment_data/file/761740/inspection_of_country_of_origin_information__may_2018..pdf",20241223175040,https://assets.publishing.service.gov.uk/government/uploads/system/uploads/attachment_data/file/761740/Inspection_of_Country_of_Origin_Information__May_2018..pdf,assets.publishing.service.gov.uk,application/pdf,OXGTF57YOO55VJDITUFLRCNBBTI7LPEB,1173030,125974648,Inspection_of_Country_of_Origin_Information__May_2018..pdf,en,PDF
"uk,gov,service,publishing,assets)/media/6626463dd706f962eca7e57d/screening+and+routing.pdf",20240702210556,https://assets.publishing.service.gov.uk/media/6626463dd706f962eca7e57d/Screening+and+routing.pdf,assets.publishing.service.gov.uk,application/pdf,TTWP44EQR3C37C4N2VST2PSH724VKBPD,604154,119337043,Screening and routing,en,PDF
"uk,gov,service,publishing,assets)/government/uploads/system/uploads/attachment_data/file/566267/sudan_project.pdf",20240709144551,https://assets.publishing.service.gov.uk/government/uploads/system/uploads/attachment_data/file/566267/Sudan_project.pdf,assets.publishing.service.gov.uk,application/pdf,IVEPTLHU536T3CRLCXSEFYNO3GWJQNY4,1830879,66971839,Sudan_project.pdf,en,PDF
"uk,gov,service,publishing,assets)/government/uploads/system/uploads/attachment_data/file/561815/icibi-inspection-of-family-reunion-applications-january-to-may-2016.pdf",20241223173927,https://assets.publishing.service.gov.uk/government/uploads/system/uploads/attachment_data/file/561815/ICIBI-inspection-of-family-reunion-applications-January-to-May-2016.pdf,assets.publishing.service.gov.uk,application/pdf,SMGEXTIS3TN4PU6AAYLCYNY4TPVDK7T2,611927,56540771,ICIBI-inspection-of-family-reunion-applications-January-to-May-2016.pdf,en,PDF
"uk,gov,service,publishing,assets)/media/5a80955f40f0b623026945ab/sudan_project.pdf",20240608000515,https://assets.publishing.service.gov.uk/media/5a80955f40f0b623026945ab/Sudan_project.pdf,assets.publishing.service.gov.uk,application/pdf,IVEPTLHU536T3CRLCXSEFYNO3GWJQNY4,1830873,97184839,Sudan_project.pdf,en,PDF
"uk,gov,service,publishing,assets)/media/65e07b012f2b3b001c7cd773/inspection_report_on_home_office_country_of_origin_information_-_thematic_report_on_the_coverage_of_statelessness__february_2023.pdf",20250605073954,https://assets.publishing.service.gov.uk/media/65e07b012f2b3b001c7cd773/Inspection_report_on_Home_Office_country_of_origin_information_-_Thematic_report_on_the_coverage_of_statelessness__February_2023.pdf,assets.publishing.service.gov.uk,application/pdf,S5QFKCJ5JKVVCFQUM7BFW7UMJAPROX5W,814016,372936273,Inspection report on Home Office country of origin information,en,PDF
"uk,gov,service,publishing,assets)/media/662f995787bdbae4ab19ad58/ind_cpin_religious_minorities_and_scheduled_castes_and_tribes.pdf",20250606052159,https://assets.publishing.service.gov.uk/media/662f995787bdbae4ab19ad58/IND_CPIN_Religious_minorities_and_Scheduled_Castes_and_Tribes.pdf,assets.publishing.service.gov.uk,application/pdf,AMFU4YIKU6TYTKSBHKNHVWO5TGDEBAFE,925102,146323078,IND CPIN Religious minorities and Scheduled Castes and Tribes,en,PDF
"uk,gov,service,publishing,assets)/media/66a0e95e49b9c0597fdb03dd/screening+and+routing.pdf",20250604145658,https://assets.publishing.service.gov.uk/media/66a0e95e49b9c0597fdb03dd/Screening+and+routing.pdf,assets.publishing.service.gov.uk,application/pdf,KZM5LPZXFXX7DFGOEUIHDEMD4LUWQNEH,602044,31796523,Screening and routing,en,PDF
"uk,gov,service,publishing,assets)/media/5a80df8fed915d74e33fce52/icibi-inspection-of-family-reunion-applications-january-to-may-2016.pdf",20250605174851,https://assets.publishing.service.gov.uk/media/5a80df8fed915d74e33fce52/ICIBI-inspection-of-family-reunion-applications-January-to-May-2016.pdf,assets.publishing.service.gov.uk,application/pdf,SMGEXTIS3TN4PU6AAYLCYNY4TPVDK7T2,611919,336817476,ICIBI-inspection-of-family-reunion-applications-January-to-May-2016.pdf,en,PDF
"uk,gov,service,publishing,assets)/media/5a81f5a9e5274a2e8ab56c0e/bangladesh_ffm_report.pdf",20241204204423,https://assets.publishing.service.gov.uk/media/5a81f5a9e5274a2e8ab56c0e/Bangladesh_FFM_report.pdf,assets.publishing.service.gov.uk,application/pdf,DR3K5JXJLTF6PKGIR775XC2EDIFYSCC4,1052676,279700856,Bangladesh FFM report,en,PDF
"uk,co,antislaverycommissioner)/media/jepc2bvd/slavery-and-trafficking-survivor-care-standards.pdf",20250404043346,https://www.antislaverycommissioner.co.uk/media/jepc2bvd/slavery-and-trafficking-survivor-care-standards.pdf,www.antislaverycommissioner.co.uk,application/pdf,LGX2TI36FYP6WJSSVZCEDGMWQ762ZQSB,979239,7179142,HTF Care Standards v2.indd,en,PDF
"uk,gov,service,publishing,assets)/government/uploads/system/uploads/attachment_data/file/655451/bangladesh_ffm_report.pdf",20240907145414,https://assets.publishing.service.gov.uk/government/uploads/system/uploads/attachment_data/file/655451/Bangladesh_FFM_report.pdf,assets.publishing.service.gov.uk,application/pdf,DR3K5JXJLTF6PKGIR775XC2EDIFYSCC4,1052682,239208438,Bangladesh FFM report,en,PDF
"uk,gov,homeoffice,ukba)/sitecontent/documents/policyandlaw/asylumprocessguidance/specialcases/guidance/processingasylumapplication1.pdf?view=binary",20081230130032,http://www.ukba.homeoffice.gov.uk/sitecontent/documents/policyandlaw/asylumprocessguidance/specialcases/guidance/processingasylumapplication1.pdf?view=Binary,www.ukba.homeoffice.gov.uk,application/pdf,WHFDOJMJ6W2KMUERRLYYNLL3X55ZDTQG,203275,61603471,Microsoft Word - Document in BIA Webmaster request form5.doc,en,PDF
"uk,gov,homeoffice,bia)/sitecontent/documents/policyandlaw/asylumprocessguidance/specialcases/guidance/processingasylumapplication1.pdf?view=binary",20081023104417,http://www.bia.homeoffice.gov.uk/sitecontent/documents/policyandlaw/asylumprocessguidance/specialcases/guidance/processingasylumapplication1.pdf?view=Binary,www.bia.homeoffice.gov.uk,application/pdf,QZOJTO2PYY2K53SZEST26VI33GKDH5JA,145353,70132167,Microsoft Word - Processing_Asylum_Applications_From_Children.doc,en,PDF
