urlKey,timestamp,url,host,mime,digest,length,offset,textTitle,language,mimeHuman
"uk,gov,service,publishing,assets)/government/uploads/system/uploads/attachment_data/file/975719/kuwait_-_bidoons_-_cpin_v3.0_-_april_2021_-_ext.pdf",20240104142540,https://assets.publishing.service.gov.uk/government/uploads/system/uploads/attachment_data/file/975719/Kuwait_-_Bidoons_-_CPIN_v3.0_-_April_2021_-_ext.pdf,assets.publishing.service.gov.uk,application/pdf,4JT5XVC7NUOCK4DTFWHC6F63CSST35MR,536033,274021308,Country policy and information note: Kuwait: Bidoons,en,PDF
"uk,gov,service,publishing,assets)/media/6065c235e90e074e4f4da26d/kuwait_-_bidoons_-_cpin_v3.0_-_april_2021_-_ext.pdf",20231111061351,https://assets.publishing.service.gov.uk/media/6065c235e90e074e4f4da26d/Kuwait_-_Bidoons_-_CPIN_v3.0_-_April_2021_-_ext.pdf,assets.publishing.service.gov.uk,application/pdf,4JT5XVC7NUOCK4DTFWHC6F63CSST35MR,536020,305215,Country policy and information note: Kuwait: Bidoons,en,PDF
"uk,gov,service,publishing,assets)/media/6593f73d579941001035a764/egy+cpin+christians.pdf",20240106192010,https://assets.publishing.service.gov.uk/media/6593f73d579941001035a764/EGY+CPIN+Christians.pdf,assets.publishing.service.gov.uk,application/pdf,UJFEPZMFPKIQ57ZT4D6RPOHLSD7275FP,747341,99200236,Country Policy and Information Note - Egypt: Christians,en,PDF
"uk,gov,service,publishing,assets)/government/uploads/system/uploads/attachment_data/file/979215/russia_-_jehovah_s_witnesses_-_cpin_-_v.1.0__april_2021_.pdf",20230802152629,https://assets.publishing.service.gov.uk/government/uploads/system/uploads/attachment_data/file/979215/Russia_-_Jehovah_s_Witnesses_-_CPIN_-_v.1.0__April_2021_.pdf,assets.publishing.service.gov.uk,application/pdf,UMDHK3ALJJP4WYBC37T4VYEW7MB33NY3,518853,42940997,Country Policy and Information Note - Russia: Jehovah's Witnesses,en,PDF
"uk,gov,service,publishing,assets)/media/607fec4cd3bf7f0139670b25/russia_-_jehovah_s_witnesses_-_cpin_-_v.1.0__april_2021_.pdf",20240118215719,https://assets.publishing.service.gov.uk/media/607fec4cd3bf7f0139670b25/Russia_-_Jehovah_s_Witnesses_-_CPIN_-_v.1.0__April_2021_.pdf,assets.publishing.service.gov.uk,application/pdf,UMDHK3ALJJP4WYBC37T4VYEW7MB33NY3,518885,159201931,Country Policy and Information Note - Russia: Jehovah's Witnesses,en,PDF
"uk,gov,service,publishing,assets)/media/63ac54dbd3bf7f7c16ba2cde/slv_cpin_gangs.pdf",20231221231140,https://assets.publishing.service.gov.uk/media/63ac54dbd3bf7f7c16ba2cde/SLV_CPIN_Gangs.pdf,assets.publishing.service.gov.uk,application/pdf,O6AAA6GUDPBRJHDGNS7P7BVXUPSNQDDP,1553832,52200331,Country policy and information note: El Salvador: gangs ,en,PDF
"uk,gov,service,publishing,assets)/media/5fa954168fa8f5788c2a45a5/somalia-_al_shabaab_-_cpin_-_v3.0e.pdf",20240308095315,https://assets.publishing.service.gov.uk/media/5fa954168fa8f5788c2a45a5/Somalia-_Al_Shabaab_-_CPIN_-_V3.0e.pdf,assets.publishing.service.gov.uk,application/pdf,KOVMBUYZTRV54WLYD3T3YCSIMLFSJB3Y,1642121,101491112,Country Policy and Information Note. Somalia: Al Shabaab,en,PDF
"uk,gov,service,publishing,assets)/government/uploads/system/uploads/attachment_data/file/1120932/cpin_egypt_military_service.pdf",20230406051838,https://assets.publishing.service.gov.uk/government/uploads/system/uploads/attachment_data/file/1120932/CPIN_Egypt_military_service.pdf,assets.publishing.service.gov.uk,application/pdf,LKVRGTIONLUOT2INUVJNCTRWGIB3YE3W,920823,398465465,"Country policy and information note: Eygpt, military service",en,PDF
"uk,gov,service,publishing,assets)/media/65fb1797703c42001a58f0ff/alb+cpin+human+trafficking.pdf",20240522213831,https://assets.publishing.service.gov.uk/media/65fb1797703c42001a58f0ff/ALB+CPIN+Human+trafficking.pdf,assets.publishing.service.gov.uk,application/pdf,CAWI6SPT4IXESXBFYLNOBTYZCAKUXPLL,1498901,472349628,Country Policy and Information Note: Albania: Human trafficking,en,PDF
"uk,gov,service,publishing,assets)/government/uploads/system/uploads/attachment_data/file/1121092/irn_cpin_military_service.pdf",20231204015332,https://assets.publishing.service.gov.uk/government/uploads/system/uploads/attachment_data/file/1121092/IRN_CPIN_military_service.pdf,assets.publishing.service.gov.uk,application/pdf,H4JCECQKAM7NZO6HUY2PCLH43D3KEEUB,342805,384360678,Country Policy and Information Note: Iran: Military service,en,PDF
"uk,gov,service,publishing,assets)/media/6568b3812ee693001360cba8/chn+cpin+falun+gong.pdf",20240107153542,https://assets.publishing.service.gov.uk/media/6568b3812ee693001360cba8/CHN+CPIN+Falun+Gong.pdf,assets.publishing.service.gov.uk,application/pdf,4DOSGCNV3BGY5GFNETX5SXCEQ2VDMPMG,572064,256916228,"Country Policy and Information Note, China: Falun Gong",en,PDF
"uk,gov,service,publishing,assets)/media/6437dfa6f4d4200012d4a1a2/pak_cpin_internal_relocation_april_2023.pdf",20231221230755,https://assets.publishing.service.gov.uk/media/6437dfa6f4d4200012d4a1a2/PAK_CPIN_Internal_relocation_April_2023.pdf,assets.publishing.service.gov.uk,application/pdf,BVD7T2JEDC3VLDHEAG65UYNHXPUF2XNX,195525,226249679,Country Policy and Information Note: Pakistan: Internal relocation,en,PDF
"uk,gov,service,publishing,assets)/government/uploads/system/uploads/attachment_data/file/1135644/alb_cpin_human_trafficking.pdf",20231102215843,https://assets.publishing.service.gov.uk/government/uploads/system/uploads/attachment_data/file/1135644/ALB_CPIN_Human_trafficking.pdf,assets.publishing.service.gov.uk,application/pdf,J7P5WIUG6YBHHULCFDD7SVVKAKQ2NOYA,1500973,116368639,Country Policy and Information Note - Albania: Human trafficking,en,PDF
"uk,gov,service,publishing,assets)/media/63875670e90e07656c9c8497/irn_cpin_military_service.pdf",20240207165653,https://assets.publishing.service.gov.uk/media/63875670e90e07656c9c8497/IRN_CPIN_military_service.pdf,assets.publishing.service.gov.uk,application/pdf,H4JCECQKAM7NZO6HUY2PCLH43D3KEEUB,342837,304438174,Country Policy and Information Note: Iran: Military service,en,PDF
"uk,gov,service,publishing,assets)/government/uploads/system/uploads/attachment_data/file/1150070/pak_cpin_internal_relocation_april_2023.pdf",20231102220532,https://assets.publishing.service.gov.uk/government/uploads/system/uploads/attachment_data/file/1150070/PAK_CPIN_Internal_relocation_April_2023.pdf,assets.publishing.service.gov.uk,application/pdf,BVD7T2JEDC3VLDHEAG65UYNHXPUF2XNX,195547,451408889,Country Policy and Information Note: Pakistan: Internal relocation,en,PDF
"uk,gov,service,publishing,assets)/media/63e517d1d3bf7f05b586f855/alb_cpin_human_trafficking.pdf",20240106235726,https://assets.publishing.service.gov.uk/media/63e517d1d3bf7f05b586f855/ALB_CPIN_Human_trafficking.pdf,assets.publishing.service.gov.uk,application/pdf,J7P5WIUG6YBHHULCFDD7SVVKAKQ2NOYA,1500961,171077117,Country Policy and Information Note - Albania: Human trafficking,en,PDF
"uk,gov,service,publishing,assets)/government/uploads/system/uploads/attachment_data/file/1126858/slv_cpin_gangs.pdf",20231102223841,https://assets.publishing.service.gov.uk/government/uploads/system/uploads/attachment_data/file/1126858/SLV_CPIN_Gangs.pdf,assets.publishing.service.gov.uk,application/pdf,O6AAA6GUDPBRJHDGNS7P7BVXUPSNQDDP,1553850,234803329,Country policy and information note: El Salvador: gangs ,en,PDF
"uk,gov,service,publishing,assets)/government/uploads/system/uploads/attachment_data/file/933800/somalia-_al_shabaab_-_cpin_-_v3.0e.pdf",20240416114736,https://assets.publishing.service.gov.uk/government/uploads/system/uploads/attachment_data/file/933800/Somalia-_Al_Shabaab_-_CPIN_-_V3.0e.pdf,assets.publishing.service.gov.uk,application/pdf,KOVMBUYZTRV54WLYD3T3YCSIMLFSJB3Y,1642136,157796548,Country Policy and Information Note. Somalia: Al Shabaab,en,PDF
"uk,gov,service,publishing,assets)/government/uploads/system/uploads/attachment_data/file/979250/afghanistan-unaccompanied_children-cpin-v2.0_april_2021_.pdf",20210813154507,https://assets.publishing.service.gov.uk/government/uploads/system/uploads/attachment_data/file/979250/Afghanistan-unaccompanied_children-CPIN-v2.0_April_2021_.pdf,assets.publishing.service.gov.uk,application/pdf,73QEUYULH2H4VW3PQJ2452PQQTS4QVJP,759041,39452489,Country Policy and Information Note – Afghanistan: Unaccompanied children,en,PDF
"uk,gov,service,publishing,assets)/government/uploads/system/uploads/attachment_data/file/975719/kuwait_-_bidoons_-_cpin_v3.0_-_april_2021_-_ext.pdf",20220315234812,https://assets.publishing.service.gov.uk/government/uploads/system/uploads/attachment_data/file/975719/Kuwait_-_Bidoons_-_CPIN_v3.0_-_April_2021_-_ext.pdf,assets.publishing.service.gov.uk,application/pdf,4JT5XVC7NUOCK4DTFWHC6F63CSST35MR,536139,192390258,Country policy and information note: Kuwait: Bidoons,en,PDF
"uk,gov,service,publishing,assets)/government/uploads/system/uploads/attachment_data/file/886754/alb_-_mental_health_-_cpin_-_v1.0_may_2020.pdf",20200706022254,https://assets.publishing.service.gov.uk/government/uploads/system/uploads/attachment_data/file/886754/ALB_-_Mental_Health_-_CPIN_-_V1.0_May_2020.pdf,assets.publishing.service.gov.uk,application/pdf,TJ5QPVKXKXDPGGPB7BVYAEN2NWDX3PMD,355518,74959250,Country policy and information note: Mental health,en,PDF
"uk,gov,service,publishing,assets)/government/uploads/system/uploads/attachment_data/file/975719/kuwait_-_bidoons_-_cpin_v3.0_-_april_2021_-_ext.pdf",20230705212259,https://assets.publishing.service.gov.uk/government/uploads/system/uploads/attachment_data/file/975719/Kuwait_-_Bidoons_-_CPIN_v3.0_-_April_2021_-_ext.pdf,assets.publishing.service.gov.uk,application/pdf,4JT5XVC7NUOCK4DTFWHC6F63CSST35MR,536031,230123642,Country policy and information note: Kuwait: Bidoons,en,PDF
"uk,gov,service,publishing,assets)/government/uploads/system/uploads/attachment_data/file/1126811/alb_cpin_actors_of_protection.pdf",20231102220254,https://assets.publishing.service.gov.uk/government/uploads/system/uploads/attachment_data/file/1126811/ALB_CPIN_Actors_of_Protection.pdf,assets.publishing.service.gov.uk,application/pdf,XB2UMXGQI4J57YFZ7CKYJCIH6U7JRG6G,304003,338256102,Country policy and information note: Albania: Actors of Protection,en,PDF
"uk,gov,service,publishing,assets)/government/uploads/system/uploads/attachment_data/file/1103634/lka_cpin_tamil_separatism.pdf",20230405192657,https://assets.publishing.service.gov.uk/government/uploads/system/uploads/attachment_data/file/1103634/LKA_CPIN_Tamil_Separatism.pdf,assets.publishing.service.gov.uk,application/pdf,EBYYZOWWPE4W2CDIRZGVW4XQZNL4IYV5,442541,479214949,Country Policy and Information Note: Sri Lanka: Tamil Separatism,en,PDF
"uk,gov,service,publishing,assets)/media/5f6a1908e90e073fd0f864f9/eth_-_cpin_-_bn_aop_-_v1.0e.pdf",20240105145208,https://assets.publishing.service.gov.uk/media/5f6a1908e90e073fd0f864f9/ETH_-_CPIN_-_BN_AoP_-_V1.0e.pdf,assets.publishing.service.gov.uk,application/pdf,2YPMNZIL43JAUQN6IEOJVVW77DKYNH47,341694,82665657,Country Policy and Information Note Ethipia: Actors of protection,en,PDF
"uk,gov,service,publishing,assets)/media/63ac245ad3bf7f7c1534fdfc/alb_cpin_actors_of_protection.pdf",20240106231909,https://assets.publishing.service.gov.uk/media/63ac245ad3bf7f7c1534fdfc/ALB_CPIN_Actors_of_Protection.pdf,assets.publishing.service.gov.uk,application/pdf,XB2UMXGQI4J57YFZ7CKYJCIH6U7JRG6G,303993,385968695,Country policy and information note: Albania: Actors of Protection,en,PDF
"uk,gov,service,publishing,assets)/government/uploads/system/uploads/attachment_data/file/901405/egypt__opposition_to_state_cpin.pdf",20221105181049,https://assets.publishing.service.gov.uk/government/uploads/system/uploads/attachment_data/file/901405/Egypt__Opposition_to_state_CPIN.pdf,assets.publishing.service.gov.uk,application/pdf,N6VE5NGYWRN6CQ7L6TPAJTHWOZSYWSOA,701016,498747981,Country Policy and Information Note - Egypt: Opposition to state,en,PDF
"uk,gov,service,publishing,assets)/government/uploads/system/uploads/attachment_data/file/920200/eth_-_cpin_-_bn_aop_-_v1.0e.pdf",20230814220757,https://assets.publishing.service.gov.uk/government/uploads/system/uploads/attachment_data/file/920200/ETH_-_CPIN_-_BN_AoP_-_V1.0e.pdf,assets.publishing.service.gov.uk,application/pdf,2YPMNZIL43JAUQN6IEOJVVW77DKYNH47,341701,384789822,Country Policy and Information Note Ethipia: Actors of protection,en,PDF
"uk,gov,service,publishing,assets)/government/uploads/system/uploads/attachment_data/file/1150001/pak_cpin_actors_of_protection_april_2023.pdf",20230515191522,https://assets.publishing.service.gov.uk/government/uploads/system/uploads/attachment_data/file/1150001/PAK_CPIN_actors_of_protection_April_2023.pdf,assets.publishing.service.gov.uk,application/pdf,TMORW2YMSQU7SKTVUVFMXP446PQP4D3M,429942,414037837,Country Policy and Information Note: Pakistan: actors of protection,en,PDF
"uk,gov,service,publishing,assets)/government/uploads/system/uploads/attachment_data/file/979215/russia_-_jehovah_s_witnesses_-_cpin_-_v.1.0__april_2021_.pdf",20220317004640,https://assets.publishing.service.gov.uk/government/uploads/system/uploads/attachment_data/file/979215/Russia_-_Jehovah_s_Witnesses_-_CPIN_-_v.1.0__April_2021_.pdf,assets.publishing.service.gov.uk,application/pdf,UMDHK3ALJJP4WYBC37T4VYEW7MB33NY3,518961,3273863,Country Policy and Information Note - Russia: Jehovah's Witnesses,en,PDF
"uk,gov,service,publishing,assets)/government/uploads/system/uploads/attachment_data/file/933800/somalia-_al_shabaab_-_cpin_-_v3.0e.pdf",20220216205326,https://assets.publishing.service.gov.uk/government/uploads/system/uploads/attachment_data/file/933800/Somalia-_Al_Shabaab_-_CPIN_-_V3.0e.pdf,assets.publishing.service.gov.uk,application/pdf,KOVMBUYZTRV54WLYD3T3YCSIMLFSJB3Y,1642214,40522066,Country Policy and Information Note. Somalia: Al Shabaab,en,PDF
"uk,gov,service,publishing,assets)/media/6593f73d579941001035a764/egy+cpin+christians.pdf",20250616163354,https://assets.publishing.service.gov.uk/media/6593f73d579941001035a764/EGY+CPIN+Christians.pdf,assets.publishing.service.gov.uk,application/pdf,UJFEPZMFPKIQ57ZT4D6RPOHLSD7275FP,747405,450900040,Country Policy and Information Note - Egypt: Christians,en,PDF
"uk,gov,service,publishing,assets)/media/6065c235e90e074e4f4da26d/kuwait_-_bidoons_-_cpin_v3.0_-_april_2021_-_ext.pdf",20240804185355,https://assets.publishing.service.gov.uk/media/6065c235e90e074e4f4da26d/Kuwait_-_Bidoons_-_CPIN_v3.0_-_April_2021_-_ext.pdf,assets.publishing.service.gov.uk,application/pdf,4JT5XVC7NUOCK4DTFWHC6F63CSST35MR,536061,354730527,Country policy and information note: Kuwait: Bidoons,en,PDF
"uk,gov,service,publishing,assets)/government/uploads/system/uploads/attachment_data/file/975719/kuwait_-_bidoons_-_cpin_v3.0_-_april_2021_-_ext.pdf",20240709153445,https://assets.publishing.service.gov.uk/government/uploads/system/uploads/attachment_data/file/975719/Kuwait_-_Bidoons_-_CPIN_v3.0_-_April_2021_-_ext.pdf,assets.publishing.service.gov.uk,application/pdf,4JT5XVC7NUOCK4DTFWHC6F63CSST35MR,536077,218469744,Country policy and information note: Kuwait: Bidoons,en,PDF
"uk,gov,service,publishing,assets)/government/uploads/system/uploads/attachment_data/file/1107072/irn_cpin_christians_and_christian_converts.pdf",20231007054444,https://assets.publishing.service.gov.uk/government/uploads/system/uploads/attachment_data/file/1107072/IRN_CPIN_Christians_and_Christian_converts.pdf,assets.publishing.service.gov.uk,application/pdf,T5ROZ26HZDJFHNRTC5S4BT7NQH6FSEHD,630409,149406244,Country Policy and Information Note: Iran: Christians and Christian converts,en,PDF
"uk,gov,service,publishing,assets)/government/uploads/system/uploads/attachment_data/file/977569/zimbabwe_-_medical_-_cpin_-_v2.0_-_gov.uk.pdf",20240107133749,https://assets.publishing.service.gov.uk/government/uploads/system/uploads/attachment_data/file/977569/Zimbabwe_-_Medical_-_CPIN_-_v2.0_-_GOV.UK.pdf,assets.publishing.service.gov.uk,application/pdf,HLVWFSE5D5IJG2XNV7XA522HXK2U4L4T,408596,408536667,Country Policy and Information Note: Zimbabwe: Medical treatment and healthcare,en,PDF
"uk,gov,service,publishing,assets)/government/uploads/system/uploads/attachment_data/file/979377/cpin_-_turkey_-_medical_and_healthcare._final._april_2021.pdf",20230814221150,https://assets.publishing.service.gov.uk/government/uploads/system/uploads/attachment_data/file/979377/CPIN_-_Turkey_-_Medical_and_healthcare._FINAL._APRIL_2021.pdf,assets.publishing.service.gov.uk,application/pdf,DXTDY2LJGGTYO2EHK7NJ7RNU6OO35BBH,455633,226919599,Country Policy and Information Note – Turkey: Medical and healthcare provision,en,PDF
"uk,gov,service,publishing,assets)/media/633318488fa8f51d21dbbf85/irn_cpin_christians_and_christian_converts.pdf",20240305084816,https://assets.publishing.service.gov.uk/media/633318488fa8f51d21dbbf85/IRN_CPIN_Christians_and_Christian_converts.pdf,assets.publishing.service.gov.uk,application/pdf,T5ROZ26HZDJFHNRTC5S4BT7NQH6FSEHD,630433,293940510,Country Policy and Information Note: Iran: Christians and Christian converts,en,PDF
"uk,gov,service,publishing,assets)/government/uploads/system/uploads/attachment_data/file/924029/pakistan_medical_and_healthcare_issues_-_cpin.pdf",20230906183632,https://assets.publishing.service.gov.uk/government/uploads/system/uploads/attachment_data/file/924029/Pakistan_Medical_and_Healthcare_issues_-_CPIN.pdf,assets.publishing.service.gov.uk,application/pdf,Y7VFONZA4GS76U66R3SODYV2AOOWU3HP,528378,247404654,Country Policy and Information Note Pakistan: Medical and healthcare provisions,en,PDF
"uk,gov,service,publishing,assets)/government/uploads/system/uploads/attachment_data/file/979215/russia_-_jehovah_s_witnesses_-_cpin_-_v.1.0__april_2021_.pdf",20230920204918,https://assets.publishing.service.gov.uk/government/uploads/system/uploads/attachment_data/file/979215/Russia_-_Jehovah_s_Witnesses_-_CPIN_-_v.1.0__April_2021_.pdf,assets.publishing.service.gov.uk,application/pdf,UMDHK3ALJJP4WYBC37T4VYEW7MB33NY3,518848,234551361,Country Policy and Information Note - Russia: Jehovah's Witnesses,en,PDF
"uk,gov,service,publishing,assets)/media/5f7af242e90e070dde709cce/pakistan_medical_and_healthcare_issues_-_cpin.pdf",20231111064316,https://assets.publishing.service.gov.uk/media/5f7af242e90e070dde709cce/Pakistan_Medical_and_Healthcare_issues_-_CPIN.pdf,assets.publishing.service.gov.uk,application/pdf,Y7VFONZA4GS76U66R3SODYV2AOOWU3HP,528359,187683536,Country Policy and Information Note Pakistan: Medical and healthcare provisions,en,PDF
"uk,gov,service,publishing,assets)/media/60802e1bd3bf7f013b4534b0/cpin_-_turkey_-_medical_and_healthcare._final._april_2021.pdf",20240229220538,https://assets.publishing.service.gov.uk/media/60802e1bd3bf7f013b4534b0/CPIN_-_Turkey_-_Medical_and_healthcare._FINAL._APRIL_2021.pdf,assets.publishing.service.gov.uk,application/pdf,DXTDY2LJGGTYO2EHK7NJ7RNU6OO35BBH,455657,224078704,Country Policy and Information Note – Turkey: Medical and healthcare provision,en,PDF
"uk,gov,service,publishing,assets)/government/uploads/system/uploads/attachment_data/file/1135644/alb_cpin_human_trafficking.pdf",20230705034037,https://assets.publishing.service.gov.uk/government/uploads/system/uploads/attachment_data/file/1135644/ALB_CPIN_Human_trafficking.pdf,assets.publishing.service.gov.uk,application/pdf,J7P5WIUG6YBHHULCFDD7SVVKAKQ2NOYA,1500970,208510954,Country Policy and Information Note - Albania: Human trafficking,en,PDF
"uk,gov,service,publishing,assets)/government/uploads/system/uploads/attachment_data/file/1121092/irn_cpin_military_service.pdf",20230705034427,https://assets.publishing.service.gov.uk/government/uploads/system/uploads/attachment_data/file/1121092/IRN_CPIN_military_service.pdf,assets.publishing.service.gov.uk,application/pdf,H4JCECQKAM7NZO6HUY2PCLH43D3KEEUB,342811,112651768,Country Policy and Information Note: Iran: Military service,en,PDF
"uk,gov,service,publishing,assets)/media/60742210d3bf7f4009d3ec11/zimbabwe_-_medical_-_cpin_-_v2.0_-_gov.uk.pdf",20231219212020,https://assets.publishing.service.gov.uk/media/60742210d3bf7f4009d3ec11/Zimbabwe_-_Medical_-_CPIN_-_v2.0_-_GOV.UK.pdf,assets.publishing.service.gov.uk,application/pdf,HLVWFSE5D5IJG2XNV7XA522HXK2U4L4T,408581,1132942,Country Policy and Information Note: Zimbabwe: Medical treatment and healthcare,en,PDF
"uk,gov,service,publishing,assets)/government/uploads/system/uploads/attachment_data/file/1120932/cpin_egypt_military_service.pdf",20230406051838,https://assets.publishing.service.gov.uk/government/uploads/system/uploads/attachment_data/file/1120932/CPIN_Egypt_military_service.pdf,assets.publishing.service.gov.uk,application/pdf,LKVRGTIONLUOT2INUVJNCTRWGIB3YE3W,920823,398465465,"Country policy and information note: Eygpt, military service",en,PDF
"uk,gov,service,publishing,assets)/government/uploads/system/uploads/attachment_data/file/1126858/slv_cpin_gangs.pdf",20230920204001,https://assets.publishing.service.gov.uk/government/uploads/system/uploads/attachment_data/file/1126858/SLV_CPIN_Gangs.pdf,assets.publishing.service.gov.uk,application/pdf,O6AAA6GUDPBRJHDGNS7P7BVXUPSNQDDP,1553855,259760218,Country policy and information note: El Salvador: gangs ,en,PDF
"uk,gov,service,publishing,assets)/government/uploads/system/uploads/attachment_data/file/1150070/pak_cpin_internal_relocation_april_2023.pdf",20230906183838,https://assets.publishing.service.gov.uk/government/uploads/system/uploads/attachment_data/file/1150070/PAK_CPIN_Internal_relocation_April_2023.pdf,assets.publishing.service.gov.uk,application/pdf,BVD7T2JEDC3VLDHEAG65UYNHXPUF2XNX,195547,441710000,Country Policy and Information Note: Pakistan: Internal relocation,en,PDF
"uk,gov,service,publishing,assets)/government/uploads/system/uploads/attachment_data/file/933800/somalia-_al_shabaab_-_cpin_-_v3.0e.pdf",20230706040854,https://assets.publishing.service.gov.uk/government/uploads/system/uploads/attachment_data/file/933800/Somalia-_Al_Shabaab_-_CPIN_-_V3.0e.pdf,assets.publishing.service.gov.uk,application/pdf,KOVMBUYZTRV54WLYD3T3YCSIMLFSJB3Y,1642079,134152111,Country Policy and Information Note. Somalia: Al Shabaab,en,PDF
"uk,gov,service,publishing,assets)/government/uploads/system/uploads/attachment_data/file/900975/cpin_-_ethiopia_-_opposition_to_the_government.pdf",20211008012929,https://assets.publishing.service.gov.uk/government/uploads/system/uploads/attachment_data/file/900975/CPIN_-_Ethiopia_-_Opposition_to_the_government.pdf,assets.publishing.service.gov.uk,application/pdf,66B3LKMZSZEDFBXGAGPUXQRJPGHH3CES,1478470,39486597,Country policy and information note Ethiopia: Opposition to the government,en,PDF
"uk,gov,service,publishing,assets)/media/5fa954168fa8f5788c2a45a5/somalia-_al_shabaab_-_cpin_-_v3.0e.pdf",20240607162211,https://assets.publishing.service.gov.uk/media/5fa954168fa8f5788c2a45a5/Somalia-_Al_Shabaab_-_CPIN_-_V3.0e.pdf,assets.publishing.service.gov.uk,application/pdf,KOVMBUYZTRV54WLYD3T3YCSIMLFSJB3Y,1642125,359231651,Country Policy and Information Note. Somalia: Al Shabaab,en,PDF
"uk,gov,service,publishing,assets)/media/607fec4cd3bf7f0139670b25/russia_-_jehovah_s_witnesses_-_cpin_-_v.1.0__april_2021_.pdf",20240804200134,https://assets.publishing.service.gov.uk/media/607fec4cd3bf7f0139670b25/Russia_-_Jehovah_s_Witnesses_-_CPIN_-_v.1.0__April_2021_.pdf,assets.publishing.service.gov.uk,application/pdf,UMDHK3ALJJP4WYBC37T4VYEW7MB33NY3,518885,12803639,Country Policy and Information Note - Russia: Jehovah's Witnesses,en,PDF
"uk,gov,service,publishing,assets)/government/uploads/system/uploads/attachment_data/file/920200/eth_-_cpin_-_bn_aop_-_v1.0e.pdf",20220510203601,https://assets.publishing.service.gov.uk/government/uploads/system/uploads/attachment_data/file/920200/ETH_-_CPIN_-_BN_AoP_-_V1.0e.pdf,assets.publishing.service.gov.uk,application/pdf,2YPMNZIL43JAUQN6IEOJVVW77DKYNH47,341809,311237815,Country Policy and Information Note Ethipia: Actors of protection,en,PDF
"uk,gov,service,publishing,assets)/media/6568b3812ee693001360cba8/chn+cpin+falun+gong.pdf",20250425211825,https://assets.publishing.service.gov.uk/media/6568b3812ee693001360cba8/CHN+CPIN+Falun+Gong.pdf,assets.publishing.service.gov.uk,application/pdf,4DOSGCNV3BGY5GFNETX5SXCEQ2VDMPMG,572111,23427601,"Country Policy and Information Note, China: Falun Gong",en,PDF
"uk,gov,service,publishing,assets)/media/65fb1797703c42001a58f0ff/alb+cpin+human+trafficking.pdf",20240703023947,https://assets.publishing.service.gov.uk/media/65fb1797703c42001a58f0ff/ALB+CPIN+Human+trafficking.pdf,assets.publishing.service.gov.uk,application/pdf,CAWI6SPT4IXESXBFYLNOBTYZCAKUXPLL,1498907,316109251,Country Policy and Information Note: Albania: Human trafficking,en,PDF
"uk,gov,service,publishing,assets)/media/63875670e90e07656c9c8497/irn_cpin_military_service.pdf",20250606080829,https://assets.publishing.service.gov.uk/media/63875670e90e07656c9c8497/IRN_CPIN_military_service.pdf,assets.publishing.service.gov.uk,application/pdf,H4JCECQKAM7NZO6HUY2PCLH43D3KEEUB,342839,311029243,Country Policy and Information Note: Iran: Military service,en,PDF
"uk,gov,service,publishing,assets)/government/uploads/system/uploads/attachment_data/file/1150070/pak_cpin_internal_relocation_april_2023.pdf",20240607222756,https://assets.publishing.service.gov.uk/government/uploads/system/uploads/attachment_data/file/1150070/PAK_CPIN_Internal_relocation_April_2023.pdf,assets.publishing.service.gov.uk,application/pdf,BVD7T2JEDC3VLDHEAG65UYNHXPUF2XNX,195590,174186626,Country Policy and Information Note: Pakistan: Internal relocation,en,PDF
"uk,gov,service,publishing,assets)/government/uploads/system/uploads/attachment_data/file/1126858/slv_cpin_gangs.pdf",20250604130746,https://assets.publishing.service.gov.uk/government/uploads/system/uploads/attachment_data/file/1126858/SLV_CPIN_Gangs.pdf,assets.publishing.service.gov.uk,application/pdf,O6AAA6GUDPBRJHDGNS7P7BVXUPSNQDDP,1553911,271808711,Country policy and information note: El Salvador: gangs ,en,PDF
"uk,gov,service,publishing,assets)/government/uploads/system/uploads/attachment_data/file/1118623/pak_cpin_women_fearing_gender-based_violence.pdf",20231204053431,https://assets.publishing.service.gov.uk/government/uploads/system/uploads/attachment_data/file/1118623/PAK_CPIN_women_fearing_gender-based_violence.pdf,assets.publishing.service.gov.uk,application/pdf,AVX735PVT66AZLXY5O2ZWS4PKCO6GL64,3416267,179863794,Country Policy and Information Note: Pakistan: Women fearing gender-based violence ,en,PDF
"uk,gov,service,publishing,assets)/media/63872908d3bf7f7ebd14c157/ind_cpin_women_fearing_gender-based_violence.pdf",20231218182809,https://assets.publishing.service.gov.uk/media/63872908d3bf7f7ebd14c157/IND_CPIN_Women_fearing_gender-based_violence.pdf,assets.publishing.service.gov.uk,application/pdf,A5E45SKPLDM5G4FH6TABVD7U2E5HGAY2,587966,56120118,Country policy and information note: India - Women fearing gender-based violence,en,PDF
"uk,gov,service,publishing,assets)/media/62e94a668fa8f5033896888d/jam_cpin_fear_of_organised_criminal_groups__ocgs__july_2022.pdf",20240107191845,https://assets.publishing.service.gov.uk/media/62e94a668fa8f5033896888d/JAM_CPIN_Fear_of_organised_criminal_groups__OCGs__July_2022.pdf,assets.publishing.service.gov.uk,application/pdf,HMAKZLDW7FZJGCFHCKQHXIDTEH5WFRSC,987079,468524098,Country Policy and Information Note: Jamaica: Fear of organised criminal groups ,en,PDF
"uk,gov,service,publishing,assets)/government/uploads/system/uploads/attachment_data/file/920196/eth_-_cpin-__bn_ir_-_v2.0e.pdf",20230814220657,https://assets.publishing.service.gov.uk/government/uploads/system/uploads/attachment_data/file/920196/ETH_-_CPIN-__BN_IR_-_V2.0e.pdf,assets.publishing.service.gov.uk,application/pdf,64J4MN2GKIXID76SFWAL4JZ5SUAYOT44,1013807,278183469,"Country Policy and Information Note Ethiopia: Background information, including internal relocation",en,PDF
"uk,gov,service,publishing,assets)/media/637666ebd3bf7f720702898c/pak_cpin_women_fearing_gender-based_violence.pdf",20240107162654,https://assets.publishing.service.gov.uk/media/637666ebd3bf7f720702898c/PAK_CPIN_women_fearing_gender-based_violence.pdf,assets.publishing.service.gov.uk,application/pdf,AVX735PVT66AZLXY5O2ZWS4PKCO6GL64,3416254,134496813,Country Policy and Information Note: Pakistan: Women fearing gender-based violence ,en,PDF
"uk,gov,service,publishing,assets)/government/uploads/system/uploads/attachment_data/file/1120998/ind_cpin_women_fearing_gender-based_violence.pdf",20230816184353,https://assets.publishing.service.gov.uk/government/uploads/system/uploads/attachment_data/file/1120998/IND_CPIN_Women_fearing_gender-based_violence.pdf,assets.publishing.service.gov.uk,application/pdf,A5E45SKPLDM5G4FH6TABVD7U2E5HGAY2,587981,375115142,Country policy and information note: India - Women fearing gender-based violence,en,PDF
"uk,gov,service,publishing,assets)/media/5f6a187fd3bf7f723e21c169/eth_-_cpin-__bn_ir_-_v2.0e.pdf",20240201222836,https://assets.publishing.service.gov.uk/media/5f6a187fd3bf7f723e21c169/ETH_-_CPIN-__BN_IR_-_V2.0e.pdf,assets.publishing.service.gov.uk,application/pdf,64J4MN2GKIXID76SFWAL4JZ5SUAYOT44,1013846,460292600,"Country Policy and Information Note Ethiopia: Background information, including internal relocation",en,PDF
"uk,gov,service,publishing,assets)/government/uploads/system/uploads/attachment_data/file/1095987/jam_cpin_fear_of_organised_criminal_groups__ocgs__july_2022.pdf",20231024202818,https://assets.publishing.service.gov.uk/government/uploads/system/uploads/attachment_data/file/1095987/JAM_CPIN_Fear_of_organised_criminal_groups__OCGs__July_2022.pdf,assets.publishing.service.gov.uk,application/pdf,HMAKZLDW7FZJGCFHCKQHXIDTEH5WFRSC,987090,301957078,Country Policy and Information Note: Jamaica: Fear of organised criminal groups ,en,PDF
"uk,gov,service,publishing,assets)/government/uploads/system/uploads/attachment_data/file/933800/somalia-_al_shabaab_-_cpin_-_v3.0e.pdf",20240709160140,https://assets.publishing.service.gov.uk/government/uploads/system/uploads/attachment_data/file/933800/Somalia-_Al_Shabaab_-_CPIN_-_V3.0e.pdf,assets.publishing.service.gov.uk,application/pdf,KOVMBUYZTRV54WLYD3T3YCSIMLFSJB3Y,1642136,184670160,Country Policy and Information Note. Somalia: Al Shabaab,en,PDF
"uk,gov,service,publishing,assets)/media/63ac54dbd3bf7f7c16ba2cde/slv_cpin_gangs.pdf",20250423202855,https://assets.publishing.service.gov.uk/media/63ac54dbd3bf7f7c16ba2cde/SLV_CPIN_Gangs.pdf,assets.publishing.service.gov.uk,application/pdf,O6AAA6GUDPBRJHDGNS7P7BVXUPSNQDDP,1553893,415532578,Country policy and information note: El Salvador: gangs ,en,PDF
"uk,gov,service,publishing,assets)/government/uploads/system/uploads/attachment_data/file/901405/egypt__opposition_to_state_cpin.pdf",20221005203320,https://assets.publishing.service.gov.uk/government/uploads/system/uploads/attachment_data/file/901405/Egypt__Opposition_to_state_CPIN.pdf,assets.publishing.service.gov.uk,application/pdf,N6VE5NGYWRN6CQ7L6TPAJTHWOZSYWSOA,701014,95915569,Country Policy and Information Note - Egypt: Opposition to state,en,PDF
"uk,gov,service,publishing,assets)/government/uploads/system/uploads/attachment_data/file/1103634/lka_cpin_tamil_separatism.pdf",20230405192657,https://assets.publishing.service.gov.uk/government/uploads/system/uploads/attachment_data/file/1103634/LKA_CPIN_Tamil_Separatism.pdf,assets.publishing.service.gov.uk,application/pdf,EBYYZOWWPE4W2CDIRZGVW4XQZNL4IYV5,442541,479214949,Country Policy and Information Note: Sri Lanka: Tamil Separatism,en,PDF
"uk,gov,service,publishing,assets)/government/uploads/system/uploads/attachment_data/file/920200/eth_-_cpin_-_bn_aop_-_v1.0e.pdf",20230906183600,https://assets.publishing.service.gov.uk/government/uploads/system/uploads/attachment_data/file/920200/ETH_-_CPIN_-_BN_AoP_-_V1.0e.pdf,assets.publishing.service.gov.uk,application/pdf,2YPMNZIL43JAUQN6IEOJVVW77DKYNH47,341702,205557479,Country Policy and Information Note Ethipia: Actors of protection,en,PDF
"uk,gov,service,publishing,assets)/government/uploads/system/uploads/attachment_data/file/1150001/pak_cpin_actors_of_protection_april_2023.pdf",20230515191522,https://assets.publishing.service.gov.uk/government/uploads/system/uploads/attachment_data/file/1150001/PAK_CPIN_actors_of_protection_April_2023.pdf,assets.publishing.service.gov.uk,application/pdf,TMORW2YMSQU7SKTVUVFMXP446PQP4D3M,429942,414037837,Country Policy and Information Note: Pakistan: actors of protection,en,PDF
"uk,gov,service,publishing,assets)/government/uploads/system/uploads/attachment_data/file/1126811/alb_cpin_actors_of_protection.pdf",20230705180807,https://assets.publishing.service.gov.uk/government/uploads/system/uploads/attachment_data/file/1126811/ALB_CPIN_Actors_of_Protection.pdf,assets.publishing.service.gov.uk,application/pdf,XB2UMXGQI4J57YFZ7CKYJCIH6U7JRG6G,304000,90384974,Country policy and information note: Albania: Actors of Protection,en,PDF
"uk,gov,service,publishing,assets)/government/uploads/system/uploads/attachment_data/file/977569/zimbabwe_-_medical_-_cpin_-_v2.0_-_gov.uk.pdf",20220425234906,https://assets.publishing.service.gov.uk/government/uploads/system/uploads/attachment_data/file/977569/Zimbabwe_-_Medical_-_CPIN_-_v2.0_-_GOV.UK.pdf,assets.publishing.service.gov.uk,application/pdf,HLVWFSE5D5IJG2XNV7XA522HXK2U4L4T,408708,463325279,Country Policy and Information Note: Zimbabwe: Medical treatment and healthcare,en,PDF
"uk,gov,service,publishing,assets)/government/uploads/system/uploads/attachment_data/file/924029/pakistan_medical_and_healthcare_issues_-_cpin.pdf",20220326085128,https://assets.publishing.service.gov.uk/government/uploads/system/uploads/attachment_data/file/924029/Pakistan_Medical_and_Healthcare_issues_-_CPIN.pdf,assets.publishing.service.gov.uk,application/pdf,Y7VFONZA4GS76U66R3SODYV2AOOWU3HP,528492,109937396,Country Policy and Information Note Pakistan: Medical and healthcare provisions,en,PDF
"uk,gov,service,publishing,assets)/media/60338cb18fa8f5432c277bf5/country_policy_and_information_note_actors_of_protection__el_salvador__february_2021.pdf",20240104220221,https://assets.publishing.service.gov.uk/media/60338cb18fa8f5432c277bf5/Country_policy_and_information_note_actors_of_protection__El_Salvador__February_2021.pdf,assets.publishing.service.gov.uk,application/pdf,VHRLFGH3BUHKY6IWBTJEPSUN5VYPQTXC,599326,383794097,"Country policy and information note: actors of protection, El Salvador, February 2021",en,PDF
"uk,gov,service,publishing,assets)/government/uploads/system/uploads/attachment_data/file/963236/country_policy_and_information_note_actors_of_protection__el_salvador__february_2021.pdf",20230810225958,https://assets.publishing.service.gov.uk/government/uploads/system/uploads/attachment_data/file/963236/Country_policy_and_information_note_actors_of_protection__El_Salvador__February_2021.pdf,assets.publishing.service.gov.uk,application/pdf,VHRLFGH3BUHKY6IWBTJEPSUN5VYPQTXC,599336,38669746,"Country policy and information note: actors of protection, El Salvador, February 2021",en,PDF
"uk,gov,service,publishing,assets)/media/63ac245ad3bf7f7c1534fdfc/alb_cpin_actors_of_protection.pdf",20250206005147,https://assets.publishing.service.gov.uk/media/63ac245ad3bf7f7c1534fdfc/ALB_CPIN_Actors_of_Protection.pdf,assets.publishing.service.gov.uk,application/pdf,XB2UMXGQI4J57YFZ7CKYJCIH6U7JRG6G,304037,11098654,Country policy and information note: Albania: Actors of Protection,en,PDF
"uk,gov,service,publishing,assets)/government/uploads/system/uploads/attachment_data/file/1107072/irn_cpin_christians_and_christian_converts.pdf",20230705034428,https://assets.publishing.service.gov.uk/government/uploads/system/uploads/attachment_data/file/1107072/IRN_CPIN_Christians_and_Christian_converts.pdf,assets.publishing.service.gov.uk,application/pdf,T5ROZ26HZDJFHNRTC5S4BT7NQH6FSEHD,630409,113605078,Country Policy and Information Note: Iran: Christians and Christian converts,en,PDF
"uk,gov,service,publishing,assets)/government/uploads/system/uploads/attachment_data/file/979377/cpin_-_turkey_-_medical_and_healthcare._final._april_2021.pdf",20230705205033,https://assets.publishing.service.gov.uk/government/uploads/system/uploads/attachment_data/file/979377/CPIN_-_Turkey_-_Medical_and_healthcare._FINAL._APRIL_2021.pdf,assets.publishing.service.gov.uk,application/pdf,DXTDY2LJGGTYO2EHK7NJ7RNU6OO35BBH,455630,32226094,Country Policy and Information Note – Turkey: Medical and healthcare provision,en,PDF
"uk,gov,service,publishing,assets)/government/uploads/system/uploads/attachment_data/file/924029/pakistan_medical_and_healthcare_issues_-_cpin.pdf",20230906183632,https://assets.publishing.service.gov.uk/government/uploads/system/uploads/attachment_data/file/924029/Pakistan_Medical_and_Healthcare_issues_-_CPIN.pdf,assets.publishing.service.gov.uk,application/pdf,Y7VFONZA4GS76U66R3SODYV2AOOWU3HP,528378,247404654,Country Policy and Information Note Pakistan: Medical and healthcare provisions,en,PDF
"uk,gov,service,publishing,assets)/government/uploads/system/uploads/attachment_data/file/977569/zimbabwe_-_medical_-_cpin_-_v2.0_-_gov.uk.pdf",20230903011126,https://assets.publishing.service.gov.uk/government/uploads/system/uploads/attachment_data/file/977569/Zimbabwe_-_Medical_-_CPIN_-_v2.0_-_GOV.UK.pdf,assets.publishing.service.gov.uk,application/pdf,HLVWFSE5D5IJG2XNV7XA522HXK2U4L4T,408598,404403291,Country Policy and Information Note: Zimbabwe: Medical treatment and healthcare,en,PDF
"uk,gov,service,publishing,assets)/government/uploads/system/uploads/attachment_data/file/977569/zimbabwe_-_medical_-_cpin_-_v2.0_-_gov.uk.pdf",20250604185044,https://assets.publishing.service.gov.uk/government/uploads/system/uploads/attachment_data/file/977569/Zimbabwe_-_Medical_-_CPIN_-_v2.0_-_GOV.UK.pdf,assets.publishing.service.gov.uk,application/pdf,HLVWFSE5D5IJG2XNV7XA522HXK2U4L4T,408658,135977200,Country Policy and Information Note: Zimbabwe: Medical treatment and healthcare,en,PDF
"uk,gov,service,publishing,assets)/media/633318488fa8f51d21dbbf85/irn_cpin_christians_and_christian_converts.pdf",20250606081057,https://assets.publishing.service.gov.uk/media/633318488fa8f51d21dbbf85/IRN_CPIN_Christians_and_Christian_converts.pdf,assets.publishing.service.gov.uk,application/pdf,T5ROZ26HZDJFHNRTC5S4BT7NQH6FSEHD,630435,294895364,Country Policy and Information Note: Iran: Christians and Christian converts,en,PDF
"uk,gov,service,publishing,assets)/media/5f05846ed3bf7f2bf33fa273/malaysia_-_sogie-_cpin_-_v1.0_june_2020_.pdf",20240309091649,https://assets.publishing.service.gov.uk/media/5f05846ed3bf7f2bf33fa273/Malaysia_-_SOGIE-_CPIN_-_V1.0_JUNE_2020_.pdf,assets.publishing.service.gov.uk,application/pdf,IEKGRNOV3457OFMEIXH32EJBUFDFWXVO,578810,240617506,Country Policy and Information Note Malaysia: Sexual orientation and gender identity or expression ,en,PDF
"uk,gov,service,publishing,assets)/media/63ac2de3d3bf7f7c10a77e3e/alb_cpin_sexual_orientation_and_gender_identity_and_expression.pdf",20240305084745,https://assets.publishing.service.gov.uk/media/63ac2de3d3bf7f7c10a77e3e/ALB_CPIN_Sexual_orientation_and_gender_identity_and_expression.pdf,assets.publishing.service.gov.uk,application/pdf,GSUTSUOE2AXPHJCSHVYXDLFOZGZF32TN,471398,263759637,Country policy and information note: Albania: Sexual orientation and gender identity and expression,en,PDF
"uk,gov,service,publishing,assets)/government/uploads/system/uploads/attachment_data/file/1126830/alb_cpin_sexual_orientation_and_gender_identity_and_expression.pdf",20231102215845,https://assets.publishing.service.gov.uk/government/uploads/system/uploads/attachment_data/file/1126830/ALB_CPIN_Sexual_orientation_and_gender_identity_and_expression.pdf,assets.publishing.service.gov.uk,application/pdf,GSUTSUOE2AXPHJCSHVYXDLFOZGZF32TN,471380,118783492,Country policy and information note: Albania: Sexual orientation and gender identity and expression,en,PDF
"uk,gov,service,publishing,assets)/government/uploads/system/uploads/attachment_data/file/898433/malaysia_-_sogie-_cpin_-_v1.0_june_2020_.pdf",20230804005154,https://assets.publishing.service.gov.uk/government/uploads/system/uploads/attachment_data/file/898433/Malaysia_-_SOGIE-_CPIN_-_V1.0_JUNE_2020_.pdf,assets.publishing.service.gov.uk,application/pdf,IEKGRNOV3457OFMEIXH32EJBUFDFWXVO,578773,443692840,Country Policy and Information Note Malaysia: Sexual orientation and gender identity or expression ,en,PDF
"uk,gov,service,publishing,assets)/media/60742210d3bf7f4009d3ec11/zimbabwe_-_medical_-_cpin_-_v2.0_-_gov.uk.pdf",20250508193950,https://assets.publishing.service.gov.uk/media/60742210d3bf7f4009d3ec11/Zimbabwe_-_Medical_-_CPIN_-_v2.0_-_GOV.UK.pdf,assets.publishing.service.gov.uk,application/pdf,HLVWFSE5D5IJG2XNV7XA522HXK2U4L4T,408638,266895056,Country Policy and Information Note: Zimbabwe: Medical treatment and healthcare,en,PDF
"uk,gov,service,publishing,assets)/media/5f7af242e90e070dde709cce/pakistan_medical_and_healthcare_issues_-_cpin.pdf",20240703092426,https://assets.publishing.service.gov.uk/media/5f7af242e90e070dde709cce/Pakistan_Medical_and_Healthcare_issues_-_CPIN.pdf,assets.publishing.service.gov.uk,application/pdf,Y7VFONZA4GS76U66R3SODYV2AOOWU3HP,528415,207049522,Country Policy and Information Note Pakistan: Medical and healthcare provisions,en,PDF
"uk,gov,service,publishing,assets)/media/60802e1bd3bf7f013b4534b0/cpin_-_turkey_-_medical_and_healthcare._final._april_2021.pdf",20240726231132,https://assets.publishing.service.gov.uk/media/60802e1bd3bf7f013b4534b0/CPIN_-_Turkey_-_Medical_and_healthcare._FINAL._APRIL_2021.pdf,assets.publishing.service.gov.uk,application/pdf,DXTDY2LJGGTYO2EHK7NJ7RNU6OO35BBH,455666,12140713,Country Policy and Information Note – Turkey: Medical and healthcare provision,en,PDF
"uk,gov,service,publishing,assets)/government/uploads/system/uploads/attachment_data/file/963236/country_policy_and_information_note_actors_of_protection__el_salvador__february_2021.pdf",20220505041730,https://assets.publishing.service.gov.uk/government/uploads/system/uploads/attachment_data/file/963236/Country_policy_and_information_note_actors_of_protection__El_Salvador__February_2021.pdf,assets.publishing.service.gov.uk,application/pdf,VHRLFGH3BUHKY6IWBTJEPSUN5VYPQTXC,599422,41853728,"Country policy and information note: actors of protection, El Salvador, February 2021",en,PDF
"uk,gov,service,publishing,assets)/government/uploads/system/uploads/attachment_data/file/1120998/ind_cpin_women_fearing_gender-based_violence.pdf",20230705113128,https://assets.publishing.service.gov.uk/government/uploads/system/uploads/attachment_data/file/1120998/IND_CPIN_Women_fearing_gender-based_violence.pdf,assets.publishing.service.gov.uk,application/pdf,A5E45SKPLDM5G4FH6TABVD7U2E5HGAY2,587984,244621402,Country policy and information note: India - Women fearing gender-based violence,en,PDF
"uk,gov,service,publishing,assets)/government/uploads/system/uploads/attachment_data/file/920196/eth_-_cpin-__bn_ir_-_v2.0e.pdf",20230906183754,https://assets.publishing.service.gov.uk/government/uploads/system/uploads/attachment_data/file/920196/ETH_-_CPIN-__BN_IR_-_V2.0e.pdf,assets.publishing.service.gov.uk,application/pdf,64J4MN2GKIXID76SFWAL4JZ5SUAYOT44,1013807,351388505,"Country Policy and Information Note Ethiopia: Background information, including internal relocation",en,PDF
"uk,gov,service,publishing,assets)/government/uploads/system/uploads/attachment_data/file/1095987/jam_cpin_fear_of_organised_criminal_groups__ocgs__july_2022.pdf",20230920203753,https://assets.publishing.service.gov.uk/government/uploads/system/uploads/attachment_data/file/1095987/JAM_CPIN_Fear_of_organised_criminal_groups__OCGs__July_2022.pdf,assets.publishing.service.gov.uk,application/pdf,HMAKZLDW7FZJGCFHCKQHXIDTEH5WFRSC,987090,59791798,Country Policy and Information Note: Jamaica: Fear of organised criminal groups ,en,PDF
"uk,gov,service,publishing,assets)/government/uploads/system/uploads/attachment_data/file/1118623/pak_cpin_women_fearing_gender-based_violence.pdf",20230906183911,https://assets.publishing.service.gov.uk/government/uploads/system/uploads/attachment_data/file/1118623/PAK_CPIN_women_fearing_gender-based_violence.pdf,assets.publishing.service.gov.uk,application/pdf,AVX735PVT66AZLXY5O2ZWS4PKCO6GL64,3416275,616,Country Policy and Information Note: Pakistan: Women fearing gender-based violence ,en,PDF
"uk,gov,service,publishing,assets)/media/62e94a668fa8f5033896888d/jam_cpin_fear_of_organised_criminal_groups__ocgs__july_2022.pdf",20250618204542,https://assets.publishing.service.gov.uk/media/62e94a668fa8f5033896888d/JAM_CPIN_Fear_of_organised_criminal_groups__OCGs__July_2022.pdf,assets.publishing.service.gov.uk,application/pdf,HMAKZLDW7FZJGCFHCKQHXIDTEH5WFRSC,987124,390315390,Country Policy and Information Note: Jamaica: Fear of organised criminal groups ,en,PDF
"uk,gov,service,publishing,assets)/media/63872908d3bf7f7ebd14c157/ind_cpin_women_fearing_gender-based_violence.pdf",20250508035208,https://assets.publishing.service.gov.uk/media/63872908d3bf7f7ebd14c157/IND_CPIN_Women_fearing_gender-based_violence.pdf,assets.publishing.service.gov.uk,application/pdf,A5E45SKPLDM5G4FH6TABVD7U2E5HGAY2,588019,314086628,Country policy and information note: India - Women fearing gender-based violence,en,PDF
"uk,gov,service,publishing,assets)/media/673499bf0b168c11ea823017/col+cpin+armed+groups+and+criminal+gangs.pdf",20250605204036,https://assets.publishing.service.gov.uk/media/673499bf0b168c11ea823017/COL+CPIN+Armed+groups+and+criminal+gangs.pdf,assets.publishing.service.gov.uk,application/pdf,YAQM6ZXQI74HMBR46YJ3DTGNBSH45NYN,2800787,168442976,Country Policy and Information Note: Colombia: Armed Groups and Criminal Gangs,it,PDF
"uk,gov,service,publishing,assets)/media/637666ebd3bf7f720702898c/pak_cpin_women_fearing_gender-based_violence.pdf",20250613201011,https://assets.publishing.service.gov.uk/media/637666ebd3bf7f720702898c/PAK_CPIN_women_fearing_gender-based_violence.pdf,assets.publishing.service.gov.uk,application/pdf,AVX735PVT66AZLXY5O2ZWS4PKCO6GL64,3416296,220802048,Country Policy and Information Note: Pakistan: Women fearing gender-based violence ,en,PDF
"uk,gov,service,publishing,assets)/government/uploads/system/uploads/attachment_data/file/963236/country_policy_and_information_note_actors_of_protection__el_salvador__february_2021.pdf",20230920204119,https://assets.publishing.service.gov.uk/government/uploads/system/uploads/attachment_data/file/963236/Country_policy_and_information_note_actors_of_protection__El_Salvador__February_2021.pdf,assets.publishing.service.gov.uk,application/pdf,VHRLFGH3BUHKY6IWBTJEPSUN5VYPQTXC,599337,367507661,"Country policy and information note: actors of protection, El Salvador, February 2021",en,PDF
"uk,gov,service,publishing,assets)/government/uploads/system/uploads/attachment_data/file/898433/malaysia_-_sogie-_cpin_-_v1.0_june_2020_.pdf",20220423054358,https://assets.publishing.service.gov.uk/government/uploads/system/uploads/attachment_data/file/898433/Malaysia_-_SOGIE-_CPIN_-_V1.0_JUNE_2020_.pdf,assets.publishing.service.gov.uk,application/pdf,IEKGRNOV3457OFMEIXH32EJBUFDFWXVO,578881,453312807,Country Policy and Information Note Malaysia: Sexual orientation and gender identity or expression ,en,PDF
"uk,gov,service,publishing,assets)/media/60338cb18fa8f5432c277bf5/country_policy_and_information_note_actors_of_protection__el_salvador__february_2021.pdf",20240813223113,https://assets.publishing.service.gov.uk/media/60338cb18fa8f5432c277bf5/Country_policy_and_information_note_actors_of_protection__El_Salvador__February_2021.pdf,assets.publishing.service.gov.uk,application/pdf,VHRLFGH3BUHKY6IWBTJEPSUN5VYPQTXC,599359,396148702,"Country policy and information note: actors of protection, El Salvador, February 2021",en,PDF
"uk,gov,service,publishing,assets)/government/uploads/system/uploads/attachment_data/file/898433/malaysia_-_sogie-_cpin_-_v1.0_june_2020_.pdf",20230706081616,https://assets.publishing.service.gov.uk/government/uploads/system/uploads/attachment_data/file/898433/Malaysia_-_SOGIE-_CPIN_-_V1.0_JUNE_2020_.pdf,assets.publishing.service.gov.uk,application/pdf,IEKGRNOV3457OFMEIXH32EJBUFDFWXVO,578775,385990968,Country Policy and Information Note Malaysia: Sexual orientation and gender identity or expression ,en,PDF
"uk,gov,service,publishing,assets)/government/uploads/system/uploads/attachment_data/file/1126830/alb_cpin_sexual_orientation_and_gender_identity_and_expression.pdf",20230705181236,https://assets.publishing.service.gov.uk/government/uploads/system/uploads/attachment_data/file/1126830/ALB_CPIN_Sexual_orientation_and_gender_identity_and_expression.pdf,assets.publishing.service.gov.uk,application/pdf,GSUTSUOE2AXPHJCSHVYXDLFOZGZF32TN,471380,216449129,Country policy and information note: Albania: Sexual orientation and gender identity and expression,en,PDF
"uk,gov,service,publishing,assets)/media/5f05846ed3bf7f2bf33fa273/malaysia_-_sogie-_cpin_-_v1.0_june_2020_.pdf",20240608002437,https://assets.publishing.service.gov.uk/media/5f05846ed3bf7f2bf33fa273/Malaysia_-_SOGIE-_CPIN_-_V1.0_JUNE_2020_.pdf,assets.publishing.service.gov.uk,application/pdf,IEKGRNOV3457OFMEIXH32EJBUFDFWXVO,578803,258084026,Country Policy and Information Note Malaysia: Sexual orientation and gender identity or expression ,en,PDF
"uk,gov,service,publishing,assets)/media/63ac2de3d3bf7f7c10a77e3e/alb_cpin_sexual_orientation_and_gender_identity_and_expression.pdf",20250606022724,https://assets.publishing.service.gov.uk/media/63ac2de3d3bf7f7c10a77e3e/ALB_CPIN_Sexual_orientation_and_gender_identity_and_expression.pdf,assets.publishing.service.gov.uk,application/pdf,GSUTSUOE2AXPHJCSHVYXDLFOZGZF32TN,471401,320526469,Country policy and information note: Albania: Sexual orientation and gender identity and expression,en,PDF
"com,amazonaws,s3,moj-tribunals-documents-prod)/decision/pdf_file/63161/pa105792017.pdf",20191202222356,https://moj-tribunals-documents-prod.s3.amazonaws.com/decision/pdf_file/63161/PA105792017.pdf,moj-tribunals-documents-prod.s3.amazonaws.com,application/pdf,LXMOI3P64EWQOL7BSAVSU3TBANKZ5VY3,78142,450263203,PA105792017.pdf,en,PDF
"com,amazonaws,s3,moj-tribunals-documents-prod)/decision/pdf_file/58326/pa123432016.pdf",20191202193822,https://moj-tribunals-documents-prod.s3.amazonaws.com/decision/pdf_file/58326/PA123432016.pdf,moj-tribunals-documents-prod.s3.amazonaws.com,application/pdf,7OZN2G5UIMHMGHHOE65PPRABK3HISMQT,78100,325064210,PA123432016.pdf,en,PDF
"uk,gov,service,publishing,assets)/government/uploads/system/uploads/attachment_data/file/801735/ukraine-background-note-v1.0-may-2019.pdf",20210921172533,https://assets.publishing.service.gov.uk/government/uploads/system/uploads/attachment_data/file/801735/Ukraine-Background-Note-v1.0-May-2019.pdf,assets.publishing.service.gov.uk,application/pdf,D5HENHWFI6A7NV7F4W3DIBINVGQEXDSG,716972,231268927,Ukraine - Background MkII - v1.0 (April 2019),en,PDF
"com,amazonaws,s3,moj-tribunals-documents-prod)/decision/pdf_file/63901/pa033902017.pdf",20191202192937,https://moj-tribunals-documents-prod.s3.amazonaws.com/decision/pdf_file/63901/PA033902017.pdf,moj-tribunals-documents-prod.s3.amazonaws.com,application/pdf,6VHLTL6XPJ7NI7JMVNDOLAOWIDM2YAPJ,62774,247695041,PA033902017.pdf,en,PDF
"com,amazonaws,s3,moj-tribunals-documents-prod)/decision/pdf_file/68040/hu164492017.pdf",20231201070736,https://moj-tribunals-documents-prod.s3.amazonaws.com/decision/pdf_file/68040/HU164492017.pdf,moj-tribunals-documents-prod.s3.amazonaws.com,application/pdf,E77JFTLULV3CVA3XER6CAU3TNA4I6T7N,85582,426483332,HU164492017.pdf,en,PDF
"uk,gov,service,publishing,assets)/government/uploads/system/uploads/attachment_data/file/600396/gambia_-_oppn_to_the_govt_-_cpin_-_v1_0__december_2015_re-issued_march_2017_.pdf",20210518114934,https://assets.publishing.service.gov.uk/government/uploads/system/uploads/attachment_data/file/600396/Gambia_-_Oppn_to_the_Govt_-_CPIN_-_v1_0__December_2015_Re-issued_March_2017_.pdf,assets.publishing.service.gov.uk,application/pdf,7UNEFGWN77LMGDURT22TXMCV7YKWTKFW,246820,67675840,"Gambia - Oppn to the Govt - CPIN - v1.0 (December 2015, Re-issued March 2017)",en,PDF
"com,amazonaws,s3,moj-tribunals-documents-prod)/decision/pdf_file/65111/pa129972018.pdf",20191202194957,https://moj-tribunals-documents-prod.s3.amazonaws.com/decision/pdf_file/65111/PA129972018.pdf,moj-tribunals-documents-prod.s3.amazonaws.com,application/pdf,FBDYIGMEEWIZHBYVDGD5KMQFCYQRPFKX,66374,433104574,PA129972018.pdf,en,PDF
"uk,gov,service,publishing,assets)/government/uploads/system/uploads/attachment_data/file/982312/turkey-background-cpin-v4.0-_april_2021_.pdf",20210503065006,https://assets.publishing.service.gov.uk/government/uploads/system/uploads/attachment_data/file/982312/turkey-background-cpin-v4.0-_April_2021_.pdf,assets.publishing.service.gov.uk,application/pdf,IJIENZWXFKLRQWLHEGUWJLQTGVWU2HIJ,464140,221356150,Turkey Background Note,en,PDF
"uk,gov,service,publishing,assets)/government/uploads/system/uploads/attachment_data/file/992406/cpin_turkey_bn_v5.0__june_2021_.pdf",20211005022922,https://assets.publishing.service.gov.uk/government/uploads/system/uploads/attachment_data/file/992406/CPIN_Turkey_BN_v5.0__June_2021_.pdf,assets.publishing.service.gov.uk,application/pdf,DBLMN5YNND4WBRVTYGLRPHL2FHWFEPOI,472351,357148239,Turkey - Background - CPIN ,en,PDF
"com,amazonaws,s3,moj-tribunals-documents-prod)/decision/pdf_file/63441/pa053702018.pdf",20191202171521,https://moj-tribunals-documents-prod.s3.amazonaws.com/decision/pdf_file/63441/PA053702018.pdf,moj-tribunals-documents-prod.s3.amazonaws.com,application/pdf,3IJ47IIWMDTRCKTZRS4IOW7CW57WZZ5H,72714,480569276,PA053702018.pdf,en,PDF
"com,amazonaws,s3,moj-tribunals-documents-prod)/decision/pdf_file/62879/pa062602016.pdf",20191202174821,https://moj-tribunals-documents-prod.s3.amazonaws.com/decision/pdf_file/62879/PA062602016.pdf,moj-tribunals-documents-prod.s3.amazonaws.com,application/pdf,VR6YIPJH6MAAJD22OV7RFN6SBJB75VDA,113209,301554002,PA062602016.pdf,en,PDF
"com,amazonaws,s3,moj-tribunals-documents-prod)/decision/pdf_file/67254/pa017932019.pdf",20191202221731,https://moj-tribunals-documents-prod.s3.amazonaws.com/decision/pdf_file/67254/PA017932019.pdf,moj-tribunals-documents-prod.s3.amazonaws.com,application/pdf,SPRDCZTSGIVQWEHJXUMD5GVFE7HBITKD,45491,383282291,PA017932019.pdf,en,PDF
"com,amazonaws,s3,moj-tribunals-documents-prod)/decision/pdf_file/64339/pa027812018.pdf",20191202180522,https://moj-tribunals-documents-prod.s3.amazonaws.com/decision/pdf_file/64339/PA027812018.pdf,moj-tribunals-documents-prod.s3.amazonaws.com,application/pdf,AVW7KUQXBE4NOLPD7PBD6UY2CNY6N5XK,74421,464288523,PA027812018.pdf,en,PDF
"com,amazonaws,s3,moj-tribunals-documents-prod)/decision/pdf_file/59185/pa105792017.pdf",20191202171653,https://moj-tribunals-documents-prod.s3.amazonaws.com/decision/pdf_file/59185/PA105792017.pdf,moj-tribunals-documents-prod.s3.amazonaws.com,application/pdf,YOQIUWVU6ZAEHLKR264M5PEGCYKVIE2X,85323,496751112,PA105792017.pdf,en,PDF
"com,amazonaws,s3,moj-tribunals-documents-prod)/decision/pdf_file/59590/pa075052017.pdf",20191202221938,https://moj-tribunals-documents-prod.s3.amazonaws.com/decision/pdf_file/59590/PA075052017.pdf,moj-tribunals-documents-prod.s3.amazonaws.com,application/pdf,7GMG5POBNMNVQZJTHDXONOJWAFP2FKTL,73231,405709473,PA075052017.pdf,en,PDF
"com,amazonaws,s3,moj-tribunals-documents-prod)/decision/pdf_file/54763/pa000522017.pdf",20191202220101,https://moj-tribunals-documents-prod.s3.amazonaws.com/decision/pdf_file/54763/PA000522017.pdf,moj-tribunals-documents-prod.s3.amazonaws.com,application/pdf,6WDALOOU43CGFLD3TZKMX2IW6FXGSNEH,76058,217115384,PA000522017.pdf,en,PDF
"uk,gov,service,publishing,assets)/government/uploads/system/uploads/attachment_data/file/933801/somalia-sec_hmtn_sitn_-_cpin_-_v5.0e.pdf",20210922163517,https://assets.publishing.service.gov.uk/government/uploads/system/uploads/attachment_data/file/933801/Somalia-Sec_Hmtn_Sitn_-_CPIN_-_v5.0e.pdf,assets.publishing.service.gov.uk,application/pdf,4XFTFJA6H3ABSNO4ZZKF2LFPL47ZYC4A,1248209,47446507,Somalia - Sec Sitn - CPIN - vx.0 (DRAFT),en,PDF
"com,amazonaws,s3,moj-tribunals-documents-prod)/decision/pdf_file/65282/pa128472017.pdf",20191202211612,https://moj-tribunals-documents-prod.s3.amazonaws.com/decision/pdf_file/65282/PA128472017.pdf,moj-tribunals-documents-prod.s3.amazonaws.com,application/pdf,QYDHIY6HOJFFRDIFCN7BNNSYIWN2YZ7E,86354,272233368,PA128472017.pdf,en,PDF
"uk,gov,service,publishing,assets)/government/uploads/system/uploads/attachment_data/file/897077/pakistan-background_and_ifa-cpin-v1.0_june_2020_.pdf",20230412004344,https://assets.publishing.service.gov.uk/government/uploads/system/uploads/attachment_data/file/897077/Pakistan-Background_and_IFA-CPIN-v1.0_June_2020_.pdf,assets.publishing.service.gov.uk,application/pdf,543LHPNQBINAX5VYINWUM3TI6CCSEGXR,509933,435141995,CPIN Template - January 2020,en,PDF
"uk,gov,service,publishing,assets)/government/uploads/system/uploads/attachment_data/file/894527/afg_cpin_ages_v4.0__june_2020_.pdf",20210813154510,https://assets.publishing.service.gov.uk/government/uploads/system/uploads/attachment_data/file/894527/AFG_CPIN_AGEs_v4.0__June_2020_.pdf,assets.publishing.service.gov.uk,application/pdf,O6K5MDYRUWHPSNT5MHMXUZZZZAE6C3X3,597594,40916658,AFG - AGEs - CPIN - v3.0 (August 2019),en,PDF
"com,amazonaws,s3,moj-tribunals-documents-prod)/decision/pdf_file/54254/pa132632016.pdf",20191202203633,https://moj-tribunals-documents-prod.s3.amazonaws.com/decision/pdf_file/54254/PA132632016.pdf,moj-tribunals-documents-prod.s3.amazonaws.com,application/pdf,VRHMUOKDNQY37KJBV5GNP5DKHLJZSZRD,65503,380745754,PA132632016.pdf,en,PDF
"uk,gov,service,publishing,assets)/government/uploads/system/uploads/attachment_data/file/879630/bgd-background-internal-relocation_cpin.v3.0._april_2020_.pdf",20221013223806,https://assets.publishing.service.gov.uk/government/uploads/system/uploads/attachment_data/file/879630/BGD-Background-internal-relocation_CPIN.v3.0._April_2020_.pdf,assets.publishing.service.gov.uk,application/pdf,55W5ZZXWD34KO7RKJQ3IZJYHIFFPWYSH,252644,93599813,Bangladesh - Background - CPIN v2.0 (January 2018),en,PDF
"com,amazonaws,s3,moj-tribunals-documents-prod)/decision/pdf_file/57032/pa065212016.pdf",20191202220028,https://moj-tribunals-documents-prod.s3.amazonaws.com/decision/pdf_file/57032/PA065212016.pdf,moj-tribunals-documents-prod.s3.amazonaws.com,application/pdf,LVQGGIYE5KKFZXHZE2ALXPWGQEW4HXDI,63712,211761988,PA065212016.pdf,en,PDF
"com,amazonaws,s3,moj-tribunals-documents-prod)/decision/pdf_file/65943/pa067272018.pdf",20191202192924,https://moj-tribunals-documents-prod.s3.amazonaws.com/decision/pdf_file/65943/PA067272018.pdf,moj-tribunals-documents-prod.s3.amazonaws.com,application/pdf,OMJYKLAPDBQIN3N7XTUYEJOSIROA3WKK,97542,245446806,PA067272018.pdf,en,PDF
"com,amazonaws,s3,moj-tribunals-documents-prod)/decision/pdf_file/59551/pa034372017.pdf",20210601135100,https://moj-tribunals-documents-prod.s3.amazonaws.com/decision/pdf_file/59551/PA034372017.pdf,moj-tribunals-documents-prod.s3.amazonaws.com,application/pdf,CI4DPCI7DXZJOTXRHVRGNRTLG3DSPQEE,76435,312638707,PA034372017.pdf,en,PDF
"com,amazonaws,s3,moj-tribunals-documents-prod)/decision/pdf_file/64098/pa097662018.pdf",20191202190955,https://moj-tribunals-documents-prod.s3.amazonaws.com/decision/pdf_file/64098/PA097662018.pdf,moj-tribunals-documents-prod.s3.amazonaws.com,application/pdf,XZDVCXN7D4XVTZ66QYADHXMUSP4HRYSL,81952,62795927,PA097662018.pdf,en,PDF
"com,amazonaws,s3,moj-tribunals-documents-prod)/decision/pdf_file/65655/pa042452018.pdf",20191202221933,https://moj-tribunals-documents-prod.s3.amazonaws.com/decision/pdf_file/65655/PA042452018.pdf,moj-tribunals-documents-prod.s3.amazonaws.com,application/pdf,7V5SKIGPL23DUJ7UCJTPUXYJTFHLAH5J,72350,404673531,PA042452018.pdf,en,PDF
"com,amazonaws,s3,moj-tribunals-documents-prod)/decision/pdf_file/78430/ui-2022-000820.pdf",20231201064004,https://moj-tribunals-documents-prod.s3.amazonaws.com/decision/pdf_file/78430/UI-2022-000820.pdf,moj-tribunals-documents-prod.s3.amazonaws.com,application/pdf,FYLWAMWMH3QW5WBRGA42VIG6W5IXQTGZ,107932,482657787,UI-2022-000820.pdf,en,PDF
"com,amazonaws,s3,moj-tribunals-documents-prod)/decision/pdf_file/68844/pa045472019.pdf",20210601125537,https://moj-tribunals-documents-prod.s3.amazonaws.com/decision/pdf_file/68844/PA045472019.pdf,moj-tribunals-documents-prod.s3.amazonaws.com,application/pdf,ZKVR6YOROQ4PVJMF2BVGMJPIBVHJANAX,78176,422752949,PA045472019.pdf,en,PDF
"com,amazonaws,s3,moj-tribunals-documents-prod)/decision/pdf_file/58326/pa123432016.pdf",20221201141701,https://moj-tribunals-documents-prod.s3.amazonaws.com/decision/pdf_file/58326/PA123432016.pdf,moj-tribunals-documents-prod.s3.amazonaws.com,application/pdf,7OZN2G5UIMHMGHHOE65PPRABK3HISMQT,78098,210310391,PA123432016.pdf,en,PDF
"com,amazonaws,s3,moj-tribunals-documents-prod)/decision/pdf_file/57775/aa003202016.pdf",20191202172935,https://moj-tribunals-documents-prod.s3.amazonaws.com/decision/pdf_file/57775/AA003202016.pdf,moj-tribunals-documents-prod.s3.amazonaws.com,application/pdf,WM73BQFPEKF22GYJEBYTFPMUJRZWG3GD,83292,123620442,AA003202016.pdf,en,PDF
"uk,gov,service,publishing,assets)/government/uploads/system/uploads/attachment_data/file/706570/ukraine_-_women_fearing_gbv_-_cpin_-_v2.0.pdf",20211007051541,https://assets.publishing.service.gov.uk/government/uploads/system/uploads/attachment_data/file/706570/Ukraine_-_Women_Fearing_GBV_-_CPIN_-_v2.0.pdf,assets.publishing.service.gov.uk,application/pdf,7MELNOM2CNXGLYNDKZQPUW2HPRH5MO3T,770616,236795832,Ukraine - Women Fearing GBV - CPIN - v2.0 (DRAFT),en,PDF
"com,amazonaws,s3,moj-tribunals-documents-prod)/decision/pdf_file/64245/pa070962017.pdf",20191202213221,https://moj-tribunals-documents-prod.s3.amazonaws.com/decision/pdf_file/64245/PA070962017.pdf,moj-tribunals-documents-prod.s3.amazonaws.com,application/pdf,JQFCRAWQVZICEVGM52AFDJGLSYHAVGIP,200832,440573633,PA070962017.pdf,en,PDF
"com,amazonaws,s3,moj-tribunals-documents-prod)/decision/pdf_file/61982/pa082512016.pdf",20191202171312,https://moj-tribunals-documents-prod.s3.amazonaws.com/decision/pdf_file/61982/PA082512016.pdf,moj-tribunals-documents-prod.s3.amazonaws.com,application/pdf,D63RPBUHBLDKKJQIAIS526OFFGUKS6VK,55999,459554419,PA082512016.pdf,en,PDF
"com,amazonaws,s3,moj-tribunals-documents-prod)/decision/pdf_file/57368/pa075262017.pdf",20191202172019,https://moj-tribunals-documents-prod.s3.amazonaws.com/decision/pdf_file/57368/PA075262017.pdf,moj-tribunals-documents-prod.s3.amazonaws.com,application/pdf,GJVFRG7DWBYDOEPS3LMPASDK2SJEJP3U,89005,30700727,PA075262017.pdf,en,PDF
"uk,gov,service,publishing,assets)/government/uploads/system/uploads/attachment_data/file/879630/bgd-background-internal-relocation_cpin.v3.0._april_2020_.pdf",20220404000711,https://assets.publishing.service.gov.uk/government/uploads/system/uploads/attachment_data/file/879630/BGD-Background-internal-relocation_CPIN.v3.0._April_2020_.pdf,assets.publishing.service.gov.uk,application/pdf,55W5ZZXWD34KO7RKJQ3IZJYHIFFPWYSH,252659,173598349,Bangladesh - Background - CPIN v2.0 (January 2018),en,PDF
"uk,gov,service,publishing,assets)/government/uploads/system/uploads/attachment_data/file/897077/pakistan-background_and_ifa-cpin-v1.0_june_2020_.pdf",20220316114859,https://assets.publishing.service.gov.uk/government/uploads/system/uploads/attachment_data/file/897077/Pakistan-Background_and_IFA-CPIN-v1.0_June_2020_.pdf,assets.publishing.service.gov.uk,application/pdf,543LHPNQBINAX5VYINWUM3TI6CCSEGXR,510039,377073095,CPIN Template - January 2020,en,PDF
"com,amazonaws,s3,moj-tribunals-documents-prod)/decision/pdf_file/62600/pa109842016.pdf",20191202211547,https://moj-tribunals-documents-prod.s3.amazonaws.com/decision/pdf_file/62600/PA109842016.pdf,moj-tribunals-documents-prod.s3.amazonaws.com,application/pdf,5HXW5UWBCCWJQUNPRICP7TOJGPO73S4R,100082,268218911,PA109842016.pdf,en,PDF
"com,amazonaws,s3,moj-tribunals-documents-prod)/decision/pdf_file/62704/pa060472018.pdf",20191202175915,https://moj-tribunals-documents-prod.s3.amazonaws.com/decision/pdf_file/62704/PA060472018.pdf,moj-tribunals-documents-prod.s3.amazonaws.com,application/pdf,DFU3E46YVAYUYHRNMHONGPRGKH73I36A,55290,404188478,PA060472018.pdf,en,PDF
"com,amazonaws,s3,moj-tribunals-documents-prod)/decision/pdf_file/63901/pa033902017.pdf",20221201143712,https://moj-tribunals-documents-prod.s3.amazonaws.com/decision/pdf_file/63901/PA033902017.pdf,moj-tribunals-documents-prod.s3.amazonaws.com,application/pdf,6VHLTL6XPJ7NI7JMVNDOLAOWIDM2YAPJ,62776,319820260,PA033902017.pdf,en,PDF
"com,amazonaws,s3,moj-tribunals-documents-prod)/decision/pdf_file/58419/pa009802017.pdf",20191202200603,https://moj-tribunals-documents-prod.s3.amazonaws.com/decision/pdf_file/58419/PA009802017.pdf,moj-tribunals-documents-prod.s3.amazonaws.com,application/pdf,4DYCQLIWHLAOIYDMG54WAS7CKSRDRNVW,78095,89515537,PA009802017.pdf,en,PDF
"com,amazonaws,s3,moj-tribunals-documents-prod)/decision/pdf_file/56053/pa077732016.pdf",20191202185502,https://moj-tribunals-documents-prod.s3.amazonaws.com/decision/pdf_file/56053/PA077732016.pdf,moj-tribunals-documents-prod.s3.amazonaws.com,application/pdf,EAY6M6PB7I6OMFUGILASG7P74WPWQ37J,71452,430043590,PA077732016.pdf,en,PDF
"uk,gov,service,publishing,assets)/government/uploads/system/uploads/attachment_data/file/801733/cpin-ukraine-internal-relocation-v.0.1.pdf",20200427085846,https://assets.publishing.service.gov.uk/government/uploads/system/uploads/attachment_data/file/801733/CPIN-Ukraine-Internal-relocation-v.0.1.pdf,assets.publishing.service.gov.uk,application/pdf,N5F3RWJTPT7BJG3LDPNWN7H45YKJ63NU,640831,292332490,CPIN - Ukraine - Internal relocation - v.0.1,en,PDF
"com,amazonaws,s3,moj-tribunals-documents-prod)/decision/pdf_file/62245/pa105842017.pdf",20191202212401,https://moj-tribunals-documents-prod.s3.amazonaws.com/decision/pdf_file/62245/PA105842017.pdf,moj-tribunals-documents-prod.s3.amazonaws.com,application/pdf,TQJCNMCZY3IFCMWWWSVYCVV57UNSHFW3,76039,352986635,PA105842017.pdf,en,PDF
"uk,gov,service,publishing,assets)/government/uploads/system/uploads/attachment_data/file/640957/cpin_alg_fear_of_islamic_groups_-_2017.pdf",20210307113356,https://assets.publishing.service.gov.uk/government/uploads/system/uploads/attachment_data/file/640957/CPIN_ALG_Fear_of_Islamic_groups_-_2017.pdf,assets.publishing.service.gov.uk,application/pdf,SHBV5X7UG3TUZZ2C2FDX42G47EOUAZXT,307475,346587398,CPIN_ALG_Fear_of_Islamic_groups_-_2017.pdf,en,PDF
"com,amazonaws,s3,moj-tribunals-documents-prod)/decision/pdf_file/65245/pa043542018.pdf",20191202214050,https://moj-tribunals-documents-prod.s3.amazonaws.com/decision/pdf_file/65245/PA043542018.pdf,moj-tribunals-documents-prod.s3.amazonaws.com,application/pdf,4JUAXFP3QBBPEQQRKV6EML7VUVR4A7KN,104344,20544368,PA043542018.pdf,en,PDF
"com,amazonaws,s3,moj-tribunals-documents-prod)/decision/pdf_file/62676/pa039452018.pdf",20191202183653,https://moj-tribunals-documents-prod.s3.amazonaws.com/decision/pdf_file/62676/PA039452018.pdf,moj-tribunals-documents-prod.s3.amazonaws.com,application/pdf,TH5LSENPN5GO26ARIG2JIOHTRMVQOL3L,71547,257902001,PA039452018.pdf,en,PDF
"com,amazonaws,s3,moj-tribunals-documents-prod)/decision/pdf_file/64718/pa048072018___pa064052018.pdf",20191202194637,https://moj-tribunals-documents-prod.s3.amazonaws.com/decision/pdf_file/64718/PA048072018___PA064052018.pdf,moj-tribunals-documents-prod.s3.amazonaws.com,application/pdf,S72A3QNXZ64PMLVHJVYNOWGDOUKLY6ZQ,81431,401694213,PA048072018___PA064052018.pdf,en,PDF
"uk,gov,service,publishing,assets)/government/uploads/system/uploads/attachment_data/file/897077/pakistan-background_and_ifa-cpin-v1.0_june_2020_.pdf",20230412004344,https://assets.publishing.service.gov.uk/government/uploads/system/uploads/attachment_data/file/897077/Pakistan-Background_and_IFA-CPIN-v1.0_June_2020_.pdf,assets.publishing.service.gov.uk,application/pdf,543LHPNQBINAX5VYINWUM3TI6CCSEGXR,509933,435141995,CPIN Template - January 2020,en,PDF
"uk,org,christianpersecutionreview)/storage/2019/09/pakistan-bpca-submission.pdf",20230630143050,https://christianpersecutionreview.org.uk/storage/2019/09/Pakistan-BPCA-Submission.pdf,christianpersecutionreview.org.uk,application/pdf,6HIQTI6MQMJZIDESAQPH3DGPRP5WFWG4,327486,173887348,Pakistan-BPCA-Submission.pdf,en,PDF
"uk,gov,service,publishing,assets)/government/uploads/system/uploads/attachment_data/file/846809/iran_-_background_-_cpin_-_v6.0_-_nov_2019_-_ext.pdf",20230507031606,https://assets.publishing.service.gov.uk/government/uploads/system/uploads/attachment_data/file/846809/Iran_-_Background_-_CPIN_-_v6.0_-_Nov_2019_-_EXT.pdf,assets.publishing.service.gov.uk,application/pdf,7LW2U7KG3G22HYBQT3GPLBNIN6JJTNEL,5112417,259154123,Iran - Background - CPIN - v6.0 (November 2019),en,PDF
"com,amazonaws,s3,moj-tribunals-documents-prod)/decision/pdf_file/65111/pa129972018.pdf",20231201071622,https://moj-tribunals-documents-prod.s3.amazonaws.com/decision/pdf_file/65111/PA129972018.pdf,moj-tribunals-documents-prod.s3.amazonaws.com,application/pdf,FBDYIGMEEWIZHBYVDGD5KMQFCYQRPFKX,66372,214668303,PA129972018.pdf,en,PDF
"com,amazonaws,s3,moj-tribunals-documents-prod)/decision/pdf_file/66301/pa100982018.pdf",20191202184536,https://moj-tribunals-documents-prod.s3.amazonaws.com/decision/pdf_file/66301/PA100982018.pdf,moj-tribunals-documents-prod.s3.amazonaws.com,application/pdf,KM6QJEK6W5KG67E3IEJQRBYQAMEMCAMM,88730,339459748,PA100982018.pdf,en,PDF
"com,amazonaws,s3,moj-tribunals-documents-prod)/decision/pdf_file/65578/pa120112017.pdf",20191202221634,https://moj-tribunals-documents-prod.s3.amazonaws.com/decision/pdf_file/65578/PA120112017.pdf,moj-tribunals-documents-prod.s3.amazonaws.com,application/pdf,IIMCONQEY7Z33X2WF3Z2BRLHKZPM26TP,66551,373282568,PA120112017.pdf,en,PDF
"com,amazonaws,s3,moj-tribunals-documents-prod)/decision/pdf_file/66005/pa082172017.pdf",20191202203510,https://moj-tribunals-documents-prod.s3.amazonaws.com/decision/pdf_file/66005/PA082172017.pdf,moj-tribunals-documents-prod.s3.amazonaws.com,application/pdf,ZLM3CVIKR74MZNO7BNJHQKGR62BWPVCH,79260,366750760,PA082172017.pdf,en,PDF
"com,amazonaws,s3,moj-tribunals-documents-prod)/decision/pdf_file/64718/pa048072018___pa064052018.pdf",20210601163151,https://moj-tribunals-documents-prod.s3.amazonaws.com/decision/pdf_file/64718/PA048072018___PA064052018.pdf,moj-tribunals-documents-prod.s3.amazonaws.com,application/pdf,S72A3QNXZ64PMLVHJVYNOWGDOUKLY6ZQ,81438,9068173,PA048072018___PA064052018.pdf,en,PDF
"uk,gov,service,publishing,assets)/government/uploads/system/uploads/attachment_data/file/736134/afghanistan_-_hazaras_-_cpin_-_v1.0__august_2018_.pdf",20210813155756,https://assets.publishing.service.gov.uk/government/uploads/system/uploads/attachment_data/file/736134/Afghanistan_-_Hazaras_-_CPIN_-_v1.0__August_2018_.pdf,assets.publishing.service.gov.uk,application/pdf,ODLCXNG6FS2G6XMCO22BTHMQOYAYOFEY,812005,229078690,Afghanistan - Hazaras - CPIN - v1.0 (August 2018),en,PDF
"uk,gov,service,publishing,assets)/government/uploads/system/uploads/attachment_data/file/879630/bgd-background-internal-relocation_cpin.v3.0._april_2020_.pdf",20221005232604,https://assets.publishing.service.gov.uk/government/uploads/system/uploads/attachment_data/file/879630/BGD-Background-internal-relocation_CPIN.v3.0._April_2020_.pdf,assets.publishing.service.gov.uk,application/pdf,55W5ZZXWD34KO7RKJQ3IZJYHIFFPWYSH,252645,409045251,Bangladesh - Background - CPIN v2.0 (January 2018),en,PDF
"com,amazonaws,s3,moj-tribunals-documents-prod)/decision/pdf_file/65978/pa132852017.pdf",20191202182832,https://moj-tribunals-documents-prod.s3.amazonaws.com/decision/pdf_file/65978/PA132852017.pdf,moj-tribunals-documents-prod.s3.amazonaws.com,application/pdf,3CD2IJHWRIEFLKODFHTVUSKHTW7LIUKH,99035,180158697,PA132852017.pdf,en,PDF
"com,amazonaws,s3,moj-tribunals-documents-prod)/decision/pdf_file/68018/pa068662018.pdf",20231201070754,https://moj-tribunals-documents-prod.s3.amazonaws.com/decision/pdf_file/68018/PA068662018.pdf,moj-tribunals-documents-prod.s3.amazonaws.com,application/pdf,BXHM4N3S5OUW6QEJQR2O3Q5HXMSIWCDJ,74208,437503667,PA068662018.pdf,en,PDF
"com,amazonaws,s3,moj-tribunals-documents-prod)/decision/pdf_file/62676/pa039452018.pdf",20210601124454,https://moj-tribunals-documents-prod.s3.amazonaws.com/decision/pdf_file/62676/PA039452018.pdf,moj-tribunals-documents-prod.s3.amazonaws.com,application/pdf,TH5LSENPN5GO26ARIG2JIOHTRMVQOL3L,71541,312993801,PA039452018.pdf,en,PDF
"com,amazonaws,s3,moj-tribunals-documents-prod)/decision/pdf_file/57899/pa006382017.pdf",20191202182835,https://moj-tribunals-documents-prod.s3.amazonaws.com/decision/pdf_file/57899/PA006382017.pdf,moj-tribunals-documents-prod.s3.amazonaws.com,application/pdf,33USQE2CG3SSTPV53BM4TC4R7E66HL2I,71918,180651431,PA006382017.pdf,en,PDF
"com,amazonaws,s3,moj-tribunals-documents-prod)/decision/pdf_file/65612/pa039502018.pdf",20191202193704,https://moj-tribunals-documents-prod.s3.amazonaws.com/decision/pdf_file/65612/PA039502018.pdf,moj-tribunals-documents-prod.s3.amazonaws.com,application/pdf,2TUXZ6A4FX46I2PLVML2WSQCET7NN3SM,74787,311331502,PA039502018.pdf,en,PDF
"com,amazonaws,s3,moj-tribunals-documents-prod)/decision/pdf_file/53591/pa036812016.pdf",20191202210311,https://moj-tribunals-documents-prod.s3.amazonaws.com/decision/pdf_file/53591/PA036812016.pdf,moj-tribunals-documents-prod.s3.amazonaws.com,application/pdf,LZZHKYHJR2KBZN6VYBTT7YKZJZBVZZOS,59576,139402396,PA036812016.pdf,en,PDF
"com,amazonaws,s3,moj-tribunals-documents-prod)/decision/pdf_file/63713/hu013942018.pdf",20191202203514,https://moj-tribunals-documents-prod.s3.amazonaws.com/decision/pdf_file/63713/HU013942018.pdf,moj-tribunals-documents-prod.s3.amazonaws.com,application/pdf,HXUBGXGQMXPJVLFX5WXGNLEPGL3IPLK7,108935,367348852,HU013942018.pdf,en,PDF
"com,amazonaws,s3,moj-tribunals-documents-prod)/decision/pdf_file/63441/pa053702018.pdf",20230601122447,https://moj-tribunals-documents-prod.s3.amazonaws.com/decision/pdf_file/63441/PA053702018.pdf,moj-tribunals-documents-prod.s3.amazonaws.com,application/pdf,3IJ47IIWMDTRCKTZRS4IOW7CW57WZZ5H,72715,16617121,PA053702018.pdf,en,PDF
"uk,gov,service,publishing,assets)/government/uploads/system/uploads/attachment_data/file/946656/somalia_-_background_note_-_cpin_-_v1.0__gov.uk_.pdf",20211125153711,https://assets.publishing.service.gov.uk/government/uploads/system/uploads/attachment_data/file/946656/Somalia_-_background_note_-_CPIN_-_v1.0__GOV.UK_.pdf,assets.publishing.service.gov.uk,application/pdf,JALGFXR4AIDOHOPSSSOQG52PL2V5JTZH,1032278,63917636,Country background note: Somalia,en,PDF
"uk,gov,service,publishing,assets)/government/uploads/system/uploads/attachment_data/file/846809/iran_-_background_-_cpin_-_v6.0_-_nov_2019_-_ext.pdf",20220409141658,https://assets.publishing.service.gov.uk/government/uploads/system/uploads/attachment_data/file/846809/Iran_-_Background_-_CPIN_-_v6.0_-_Nov_2019_-_EXT.pdf,assets.publishing.service.gov.uk,application/pdf,7LW2U7KG3G22HYBQT3GPLBNIN6JJTNEL,5112515,179905600,Iran - Background - CPIN - v6.0 (November 2019),en,PDF
"uk,gov,service,publishing,assets)/government/uploads/system/uploads/attachment_data/file/772985/cpin-pakistan-shias-v2.0_jan_2019_.pdf",20200105113311,https://assets.publishing.service.gov.uk/government/uploads/system/uploads/attachment_data/file/772985/CPIN-Pakistan-Shias-v2.0_Jan_2019_.pdf,assets.publishing.service.gov.uk,application/pdf,2RYATZNV7VZ7HN5WGUEA3HN4B7CJ4NFA,690257,310329208,CPIN Template 2018 - v3,en,PDF
"com,amazonaws,s3,moj-tribunals-documents-prod)/decision/pdf_file/62884/pa127742016.pdf",20191202174654,https://moj-tribunals-documents-prod.s3.amazonaws.com/decision/pdf_file/62884/PA127742016.pdf,moj-tribunals-documents-prod.s3.amazonaws.com,application/pdf,VU4VRNBOJZLKVLE4LZ6YJ5DPXMG6C5RY,114498,287563507,PA127742016.pdf,en,PDF
"uk,org,christianpersecutionreview)/storage/2019/09/pakistan-bpca-submission.pdf",20201006154951,https://christianpersecutionreview.org.uk/storage/2019/09/Pakistan-BPCA-Submission.pdf,christianpersecutionreview.org.uk,application/pdf,6HIQTI6MQMJZIDESAQPH3DGPRP5WFWG4,327512,11244762,Pakistan-BPCA-Submission.pdf,en,PDF
"com,amazonaws,s3,moj-tribunals-documents-prod)/decision/pdf_file/55037/pa124682016.pdf",20191202222051,https://moj-tribunals-documents-prod.s3.amazonaws.com/decision/pdf_file/55037/PA124682016.pdf,moj-tribunals-documents-prod.s3.amazonaws.com,application/pdf,U7JUDVT6JTW2T2JFH2MD5M5ZP42DAYOB,89432,418425203,PA124682016.pdf,en,PDF
"uk,gov,service,publishing,assets)/government/uploads/system/uploads/attachment_data/file/795793/liby_-gaddafi-supporters-cpin-april-2019.pdf",20221118081720,https://assets.publishing.service.gov.uk/government/uploads/system/uploads/attachment_data/file/795793/Liby_-Gaddafi-Supporters-CPIN-April-2019.pdf,assets.publishing.service.gov.uk,application/pdf,JN6NBDR4NXVLLSVIAKICPXVRP7QAFXC7,526112,119963702,Libya - Gaddafi Supporters - CPIN - v3.0 (April 2019),en,PDF
"com,amazonaws,s3,moj-tribunals-documents-prod)/decision/pdf_file/62906/pa029972018.pdf",20191202174639,https://moj-tribunals-documents-prod.s3.amazonaws.com/decision/pdf_file/62906/PA029972018.pdf,moj-tribunals-documents-prod.s3.amazonaws.com,application/pdf,JMXG2572C52AWZNNFWBREUJK52NIP6AX,116599,285605768,PA029972018.pdf,en,PDF
"com,amazonaws,s3,moj-tribunals-documents-prod)/decision/pdf_file/58326/pa123432016.pdf",20221201141701,https://moj-tribunals-documents-prod.s3.amazonaws.com/decision/pdf_file/58326/PA123432016.pdf,moj-tribunals-documents-prod.s3.amazonaws.com,application/pdf,7OZN2G5UIMHMGHHOE65PPRABK3HISMQT,78098,210310391,PA123432016.pdf,en,PDF
"com,amazonaws,s3,moj-tribunals-documents-prod)/decision/pdf_file/65112/pa136012017.pdf",20191202194348,https://moj-tribunals-documents-prod.s3.amazonaws.com/decision/pdf_file/65112/PA136012017.pdf,moj-tribunals-documents-prod.s3.amazonaws.com,application/pdf,PEZPK5Q6R3N4OEGNMLWULNHLRXM7H3L5,75484,375036408,PA136012017.pdf,en,PDF
"com,amazonaws,s3,moj-tribunals-documents-prod)/decision/pdf_file/65753/hu082512015.pdf",20191202184432,https://moj-tribunals-documents-prod.s3.amazonaws.com/decision/pdf_file/65753/HU082512015.pdf,moj-tribunals-documents-prod.s3.amazonaws.com,application/pdf,ET6PKAIO637Z2G5KUA2NXGB32Q64S77O,87077,329296747,HU082512015.pdf,en,PDF
"com,amazonaws,s3,moj-tribunals-documents-prod)/decision/pdf_file/65450/pa021972017.pdf",20191202173219,https://moj-tribunals-documents-prod.s3.amazonaws.com/decision/pdf_file/65450/PA021972017.pdf,moj-tribunals-documents-prod.s3.amazonaws.com,application/pdf,YXL6I2H7YXHP6K2OVCNAMAYPSL5UDI3X,94986,150874451,PA021972017.pdf,en,PDF
"com,amazonaws,s3,moj-tribunals-documents-prod)/decision/pdf_file/67254/pa017932019.pdf",20231201070919,https://moj-tribunals-documents-prod.s3.amazonaws.com/decision/pdf_file/67254/PA017932019.pdf,moj-tribunals-documents-prod.s3.amazonaws.com,application/pdf,SPRDCZTSGIVQWEHJXUMD5GVFE7HBITKD,45493,482670365,PA017932019.pdf,en,PDF
"com,amazonaws,s3,moj-tribunals-documents-prod)/decision/pdf_file/59455/pa097482017.pdf",20191202175220,https://moj-tribunals-documents-prod.s3.amazonaws.com/decision/pdf_file/59455/PA097482017.pdf,moj-tribunals-documents-prod.s3.amazonaws.com,application/pdf,ICCW4HTETWCXX74M44UTL5MYZD7BVJFD,95989,338459930,PA097482017.pdf,en,PDF
"com,amazonaws,s3,moj-tribunals-documents-prod)/decision/pdf_file/75407/pa030522020.pdf",20231201065316,https://moj-tribunals-documents-prod.s3.amazonaws.com/decision/pdf_file/75407/PA030522020.pdf,moj-tribunals-documents-prod.s3.amazonaws.com,application/pdf,G2BFEKXBCMWTDOTZZC4QU4NQRGZYK7YW,66144,452945007,PA030522020.pdf,en,PDF
"com,amazonaws,s3,moj-tribunals-documents-prod)/decision/pdf_file/59185/pa105792017.pdf",20221201141058,https://moj-tribunals-documents-prod.s3.amazonaws.com/decision/pdf_file/59185/PA105792017.pdf,moj-tribunals-documents-prod.s3.amazonaws.com,application/pdf,YOQIUWVU6ZAEHLKR264M5PEGCYKVIE2X,85322,22753025,PA105792017.pdf,en,PDF
"com,amazonaws,s3,moj-tribunals-documents-prod)/decision/pdf_file/53591/pa036812016.pdf",20210601162317,https://moj-tribunals-documents-prod.s3.amazonaws.com/decision/pdf_file/53591/PA036812016.pdf,moj-tribunals-documents-prod.s3.amazonaws.com,application/pdf,LZZHKYHJR2KBZN6VYBTT7YKZJZBVZZOS,59579,366697884,PA036812016.pdf,en,PDF
"com,amazonaws,s3,moj-tribunals-documents-prod)/decision/pdf_file/63238/pa049402017.pdf",20191202220643,https://moj-tribunals-documents-prod.s3.amazonaws.com/decision/pdf_file/63238/PA049402017.pdf,moj-tribunals-documents-prod.s3.amazonaws.com,application/pdf,Y74NFZ5RFYNQGZDI7WSDNYL4OVOC6CZ5,84955,274960965,PA049402017.pdf,en,PDF
"uk,gov,service,publishing,assets)/government/uploads/system/uploads/attachment_data/file/1025429/som_cpin__south_and_central__security_and_humanitarian_situation.pdf",20220216205326,https://assets.publishing.service.gov.uk/government/uploads/system/uploads/attachment_data/file/1025429/SOM_CPIN__South_and_Central__Security_and_humanitarian_situation.pdf,assets.publishing.service.gov.uk,application/pdf,EVEEJBXMVIQVDM2DT5D5SJMTD42L37DQ,1208038,39268688,SOM CPIN (South and Central) Security and humanitarian situation,en,PDF
"uk,gov,service,publishing,assets)/government/uploads/system/uploads/attachment_data/file/1053860/vnm_cpin_ethnic_and_religious_groups.pdf",20230831182710,https://assets.publishing.service.gov.uk/government/uploads/system/uploads/attachment_data/file/1053860/VNM_CPIN_Ethnic_and_religious_groups.pdf,assets.publishing.service.gov.uk,application/pdf,6H5BLUNIELBW77K25WDOIC2KXDY2ZOWY,681290,173966163,VNM CPIN Ethnic and religious groups,en,PDF
"com,amazonaws,s3,moj-tribunals-documents-prod)/decision/pdf_file/67022/pa094312018.pdf",20191202213051,https://moj-tribunals-documents-prod.s3.amazonaws.com/decision/pdf_file/67022/PA094312018.pdf,moj-tribunals-documents-prod.s3.amazonaws.com,application/pdf,3FO2D3DIEULLI6XLVK6GFFAWVAZQGMTI,83969,424023721,PA094312018.pdf,en,PDF
"com,amazonaws,s3,moj-tribunals-documents-prod)/decision/pdf_file/66591/pa123992018.pdf",20191202200308,https://moj-tribunals-documents-prod.s3.amazonaws.com/decision/pdf_file/66591/PA123992018.pdf,moj-tribunals-documents-prod.s3.amazonaws.com,application/pdf,ENGI2JBKRVSVGFWQ4MJ22RTCSPNHMBQ3,91181,59067133,PA123992018.pdf,en,PDF
"com,amazonaws,s3,moj-tribunals-documents-prod)/decision/pdf_file/64998/pa076552017.pdf",20191202210537,https://moj-tribunals-documents-prod.s3.amazonaws.com/decision/pdf_file/64998/PA076552017.pdf,moj-tribunals-documents-prod.s3.amazonaws.com,application/pdf,G5FDQSJ6EAS7BOVRBFRBBJK2URMB3ARR,78041,164052631,PA076552017.pdf,en,PDF
"uk,gov,service,publishing,assets)/media/6203dc30e90e077f75209168/vnm_cpin_ethnic_and_religious_groups.pdf",20231219181617,https://assets.publishing.service.gov.uk/media/6203dc30e90e077f75209168/VNM_CPIN_Ethnic_and_religious_groups.pdf,assets.publishing.service.gov.uk,application/pdf,6H5BLUNIELBW77K25WDOIC2KXDY2ZOWY,681276,141102437,VNM CPIN Ethnic and religious groups,en,PDF
"com,amazonaws,s3,moj-tribunals-documents-prod)/decision/pdf_file/64223/pa111372017.pdf",20191202173042,https://moj-tribunals-documents-prod.s3.amazonaws.com/decision/pdf_file/64223/PA111372017.pdf,moj-tribunals-documents-prod.s3.amazonaws.com,application/pdf,RVSNAPISTMDEPQOKVKIEMYQNJSXEZ7CW,79033,135437028,PA111372017.pdf,en,PDF
"com,amazonaws,s3,moj-tribunals-documents-prod)/decision/pdf_file/64220/pa078322017.pdf",20191202173050,https://moj-tribunals-documents-prod.s3.amazonaws.com/decision/pdf_file/64220/PA078322017.pdf,moj-tribunals-documents-prod.s3.amazonaws.com,application/pdf,73DENR235WI5CPHFROU7AM5BYRUEH7XM,89569,136740286,PA078322017.pdf,en,PDF
"com,amazonaws,s3,moj-tribunals-documents-prod)/decision/pdf_file/75930/pa113552018.pdf",20231201065050,https://moj-tribunals-documents-prod.s3.amazonaws.com/decision/pdf_file/75930/PA113552018.pdf,moj-tribunals-documents-prod.s3.amazonaws.com,application/pdf,FK4E4YBBDB6DJPGHY445KCTOO3MVADIK,121214,362906116,PA113552018.pdf,en,PDF
"uk,gov,service,publishing,assets)/government/uploads/system/uploads/attachment_data/file/847556/ethiopia_-_oromos_-_cpin_-_v3.0e__october_2019_.pdf",20200305054544,https://assets.publishing.service.gov.uk/government/uploads/system/uploads/attachment_data/file/847556/Ethiopia_-_Oromos_-_CPIN_-_v3.0e__October_2019_.pdf,assets.publishing.service.gov.uk,application/pdf,UX2RA7FEE22SIMHSOYRMQKBPA3GK4SAA,634100,284163673,Ethiopia - Oromos - CPIN - v3.0 (October 2019),en,PDF
"com,amazonaws,s3,moj-tribunals-documents-prod)/decision/pdf_file/54763/pa000522017.pdf",20231201074106,https://moj-tribunals-documents-prod.s3.amazonaws.com/decision/pdf_file/54763/PA000522017.pdf,moj-tribunals-documents-prod.s3.amazonaws.com,application/pdf,6WDALOOU43CGFLD3TZKMX2IW6FXGSNEH,76053,489123410,PA000522017.pdf,en,PDF
"com,amazonaws,s3,moj-tribunals-documents-prod)/decision/pdf_file/64339/pa027812018.pdf",20231201072059,https://moj-tribunals-documents-prod.s3.amazonaws.com/decision/pdf_file/64339/PA027812018.pdf,moj-tribunals-documents-prod.s3.amazonaws.com,application/pdf,AVW7KUQXBE4NOLPD7PBD6UY2CNY6N5XK,74411,358405017,PA027812018.pdf,en,PDF
"com,amazonaws,s3,moj-tribunals-documents-prod)/decision/pdf_file/62846/pa101842017.pdf",20190603164213,https://moj-tribunals-documents-prod.s3.amazonaws.com/decision/pdf_file/62846/PA101842017.pdf,moj-tribunals-documents-prod.s3.amazonaws.com,application/pdf,ZLICGHMXCBH46GKUTSV53BSRCUDBUDZA,60187,88761765,PA101842017.pdf,en,PDF
"com,amazonaws,s3,moj-tribunals-documents-prod)/decision/pdf_file/66467/pa077122018.pdf",20191202215454,https://moj-tribunals-documents-prod.s3.amazonaws.com/decision/pdf_file/66467/PA077122018.pdf,moj-tribunals-documents-prod.s3.amazonaws.com,application/pdf,2SGQPVBG4X5NOZMEVTJEW7QJCU4XHUTG,91532,155475429,PA077122018.pdf,en,PDF
"com,amazonaws,s3,moj-tribunals-documents-prod)/decision/pdf_file/62569/pa122192017.pdf",20191202211233,https://moj-tribunals-documents-prod.s3.amazonaws.com/decision/pdf_file/62569/PA122192017.pdf,moj-tribunals-documents-prod.s3.amazonaws.com,application/pdf,ANELFFKWUIMTCQ5X44XRDMUNAHIC3CKL,76013,235169421,PA122192017.pdf,en,PDF
"com,amazonaws,s3,moj-tribunals-documents-prod)/decision/pdf_file/64965/pa126142018.pdf",20191202215916,https://moj-tribunals-documents-prod.s3.amazonaws.com/decision/pdf_file/64965/PA126142018.pdf,moj-tribunals-documents-prod.s3.amazonaws.com,application/pdf,LAXZ7D2X4VCAYXQO72F5DZNZ2IYN4JIM,260883,200562590,PA126142018.pdf,en,PDF
"com,amazonaws,s3,moj-tribunals-documents-prod)/decision/pdf_file/59551/pa034372017.pdf",20230601105600,https://moj-tribunals-documents-prod.s3.amazonaws.com/decision/pdf_file/59551/PA034372017.pdf,moj-tribunals-documents-prod.s3.amazonaws.com,application/pdf,CI4DPCI7DXZJOTXRHVRGNRTLG3DSPQEE,76432,413334747,PA034372017.pdf,en,PDF
"com,amazonaws,s3,moj-tribunals-documents-prod)/decision/pdf_file/63520/pa102752017.pdf",20190603151758,https://moj-tribunals-documents-prod.s3.amazonaws.com/decision/pdf_file/63520/PA102752017.pdf,moj-tribunals-documents-prod.s3.amazonaws.com,application/pdf,M35NAYLALPJY26EV2KVQTUMYRBEOVNE2,93323,162665460,H-     -V1,en,PDF
"com,amazonaws,s3,moj-tribunals-documents-prod)/decision/pdf_file/59018/pa041352017.pdf",20191202213835,https://moj-tribunals-documents-prod.s3.amazonaws.com/decision/pdf_file/59018/PA041352017.pdf,moj-tribunals-documents-prod.s3.amazonaws.com,application/pdf,KQPMV6IJX4AOBGKIRPRE2SJALRKEWXVC,103084,499754031,PA041352017.pdf,en,PDF
"uk,gov,service,publishing,assets)/media/5e46cc99ed915d4ff5f16348/country_policy_and_information_note_kurds_turkey_february_2020.pdf",20231009053649,https://assets.publishing.service.gov.uk/media/5e46cc99ed915d4ff5f16348/Country_policy_and_information_note_Kurds_Turkey_February_2020.pdf,assets.publishing.service.gov.uk,application/pdf,FWZXLP35EDXTIIUDREGNWHYMGHLAABCV,547735,458946354,CPIN Template 2018 - v3,en,PDF
"com,amazonaws,s3,moj-tribunals-documents-prod)/decision/pdf_file/64438/pa004312018.pdf",20191202185544,https://moj-tribunals-documents-prod.s3.amazonaws.com/decision/pdf_file/64438/PA004312018.pdf,moj-tribunals-documents-prod.s3.amazonaws.com,application/pdf,KLOUDYUXRYNHOEO2YRJX4YVHIXBPBLJ3,104024,437460735,PA004312018.pdf,en,PDF
"uk,gov,service,publishing,assets)/government/uploads/system/uploads/attachment_data/file/866094/country_policy_and_information_note_kurds_turkey_february_2020.pdf",20230903030309,https://assets.publishing.service.gov.uk/government/uploads/system/uploads/attachment_data/file/866094/Country_policy_and_information_note_Kurds_Turkey_February_2020.pdf,assets.publishing.service.gov.uk,application/pdf,FWZXLP35EDXTIIUDREGNWHYMGHLAABCV,547753,42827994,CPIN Template 2018 - v3,en,PDF
"uk,gov,service,publishing,assets)/media/5a80ec4ced915d74e33fd2b5/government_response_-_ho_to_ici_-_november_2016_inspection_of_coi.pdf",20231106223244,https://assets.publishing.service.gov.uk/media/5a80ec4ced915d74e33fd2b5/Government_response_-_HO_to_ICI_-_November_2016_Inspection_of_COI.pdf,assets.publishing.service.gov.uk,application/pdf,NWFSOA4ZE4UY2TTBWJ6T6XGMN23ARQ7W,165619,460056253,Government_response_-_HO_to_ICI_-_November_2016_Inspection_of_COI.pdf,en,PDF
"com,amazonaws,s3,moj-tribunals-documents-prod)/decision/pdf_file/67022/pa094312018.pdf",20210601163338,https://moj-tribunals-documents-prod.s3.amazonaws.com/decision/pdf_file/67022/PA094312018.pdf,moj-tribunals-documents-prod.s3.amazonaws.com,application/pdf,3FO2D3DIEULLI6XLVK6GFFAWVAZQGMTI,83967,37071294,PA094312018.pdf,en,PDF
"com,amazonaws,s3,moj-tribunals-documents-prod)/decision/pdf_file/68365/pa029952019.pdf",20231201070902,https://moj-tribunals-documents-prod.s3.amazonaws.com/decision/pdf_file/68365/PA029952019.pdf,moj-tribunals-documents-prod.s3.amazonaws.com,application/pdf,ITR6TTNPS57YLHJ4IFC7RP7NRVPECLVU,73714,473578971,PA029952019.pdf,en,PDF
"uk,gov,service,publishing,assets)/media/627554ecd3bf7f5e3213c442/irn_cpin_illegal_exit.pdf",20240305084817,https://assets.publishing.service.gov.uk/media/627554ecd3bf7f5e3213c442/IRN_CPIN_Illegal_exit.pdf,assets.publishing.service.gov.uk,application/pdf,OQEWXJDSHMQEZ77LTN7VMNMPC3XSXP2N,361738,297533199,IRN CPIN Illegal exit,en,PDF
"com,amazonaws,s3,moj-tribunals-documents-prod)/decision/pdf_file/56723/pa049752016.pdf",20210601163121,https://moj-tribunals-documents-prod.s3.amazonaws.com/decision/pdf_file/56723/PA049752016.pdf,moj-tribunals-documents-prod.s3.amazonaws.com,application/pdf,WDLJ5BZY7KOYWHBFTE5LGEP2JZ5GTQUH,83956,525443,PA049752016.pdf,en,PDF
"uk,gov,service,publishing,assets)/government/uploads/system/uploads/attachment_data/file/1073765/irn_cpin_illegal_exit.pdf",20230909133524,https://assets.publishing.service.gov.uk/government/uploads/system/uploads/attachment_data/file/1073765/IRN_CPIN_Illegal_exit.pdf,assets.publishing.service.gov.uk,application/pdf,OQEWXJDSHMQEZ77LTN7VMNMPC3XSXP2N,361696,152828247,IRN CPIN Illegal exit,en,PDF
"uk,gov,service,publishing,assets)/government/uploads/system/uploads/attachment_data/file/738924/turkey_-_kurds_-_cpin_-_v2.0__august_2018__-_copy.pdf",20200208002101,https://assets.publishing.service.gov.uk/government/uploads/system/uploads/attachment_data/file/738924/Turkey_-_Kurds_-_CPIN_-_v2.0__August_2018__-_Copy.pdf,assets.publishing.service.gov.uk,application/pdf,BZDPLOTZDPALUGHWN4AIOI33SYSDWC3H,718916,210995777,Turkey - Kurds - CPIN - v2.0 (August 2018),en,PDF
"uk,gov,service,publishing,assets)/government/uploads/system/uploads/attachment_data/file/589162/government_response_-_ho_to_ici_-_november_2016_inspection_of_coi.pdf",20230909152921,https://assets.publishing.service.gov.uk/government/uploads/system/uploads/attachment_data/file/589162/Government_response_-_HO_to_ICI_-_November_2016_Inspection_of_COI.pdf,assets.publishing.service.gov.uk,application/pdf,NWFSOA4ZE4UY2TTBWJ6T6XGMN23ARQ7W,165624,206177378,Government_response_-_HO_to_ICI_-_November_2016_Inspection_of_COI.pdf,en,PDF
"uk,org,christianpersecutionreview)/storage/2019/09/pakistan-bpca-submission.pdf",20230630143050,https://christianpersecutionreview.org.uk/storage/2019/09/Pakistan-BPCA-Submission.pdf,christianpersecutionreview.org.uk,application/pdf,6HIQTI6MQMJZIDESAQPH3DGPRP5WFWG4,327486,173887348,Pakistan-BPCA-Submission.pdf,en,PDF
"com,amazonaws,s3,moj-tribunals-documents-prod)/decision/pdf_file/70386/pa089452019.pdf",20210601125746,https://moj-tribunals-documents-prod.s3.amazonaws.com/decision/pdf_file/70386/PA089452019.pdf,moj-tribunals-documents-prod.s3.amazonaws.com,application/pdf,UUPNBJDQHC6SDLUUKEPDYZRBHTENRQUK,73459,457560624,PA089452019.pdf,en,PDF
"uk,gov,service,publishing,assets)/government/uploads/system/uploads/attachment_data/file/635585/turkey_-_alevis_-_cpin_-_v2.0__august_2017_.pdf",20210826080608,https://assets.publishing.service.gov.uk/government/uploads/system/uploads/attachment_data/file/635585/Turkey_-_Alevis_-_CPIN_-_v2.0__August_2017_.pdf,assets.publishing.service.gov.uk,application/pdf,MLYUBQ26NO6F5TS6QDMTKQ435ERBAMHM,302999,422152821,Turkey - Alevis - CPIN - v2.0 (August 2017),en,PDF
"com,amazonaws,s3,moj-tribunals-documents-prod)/decision/pdf_file/54254/pa132632016.pdf",20230601110637,https://moj-tribunals-documents-prod.s3.amazonaws.com/decision/pdf_file/54254/PA132632016.pdf,moj-tribunals-documents-prod.s3.amazonaws.com,application/pdf,VRHMUOKDNQY37KJBV5GNP5DKHLJZSZRD,65498,222072934,PA132632016.pdf,en,PDF
"com,amazonaws,s3,moj-tribunals-documents-prod)/decision/pdf_file/65282/pa128472017.pdf",20231201071437,https://moj-tribunals-documents-prod.s3.amazonaws.com/decision/pdf_file/65282/PA128472017.pdf,moj-tribunals-documents-prod.s3.amazonaws.com,application/pdf,QYDHIY6HOJFFRDIFCN7BNNSYIWN2YZ7E,86352,158767691,PA128472017.pdf,en,PDF
"uk,gov,service,publishing,assets)/government/uploads/system/uploads/attachment_data/file/1053860/vnm_cpin_ethnic_and_religious_groups.pdf",20220510225357,https://assets.publishing.service.gov.uk/government/uploads/system/uploads/attachment_data/file/1053860/VNM_CPIN_Ethnic_and_religious_groups.pdf,assets.publishing.service.gov.uk,application/pdf,6H5BLUNIELBW77K25WDOIC2KXDY2ZOWY,681389,472429014,VNM CPIN Ethnic and religious groups,en,PDF
"uk,gov,service,publishing,assets)/government/uploads/system/uploads/attachment_data/file/772988/india-ifa-cpin-v1.0__jan_2019_.pdf",20230630030417,https://assets.publishing.service.gov.uk/government/uploads/system/uploads/attachment_data/file/772988/India-IFA-CPIN-v1.0__Jan_2019_.pdf,assets.publishing.service.gov.uk,application/pdf,KWS6K4HFPUWPZ54CLXDE2BNGRAKPU3EJ,637243,69095483,India - IFA - CPIN - v1.0 (DRAFT),en,PDF
"uk,gov,service,publishing,assets)/government/uploads/system/uploads/attachment_data/file/826060/afg-ages-cpin-v3.0-august-2019.pdf",20200509223008,https://assets.publishing.service.gov.uk/government/uploads/system/uploads/attachment_data/file/826060/AFG-AGEs-CPIN-v3.0-August-2019.pdf,assets.publishing.service.gov.uk,application/pdf,FY63OWZ2YM6B2JCI7SHWSKFNTLOAVXPA,911864,449059617,AFG - AGEs - CPIN - v3.0 (August 2019),en,PDF
"uk,gov,service,publishing,assets)/government/uploads/system/uploads/attachment_data/file/586244/pakistan_land_disputes_january_2017.pdf",20200105113314,https://assets.publishing.service.gov.uk/government/uploads/system/uploads/attachment_data/file/586244/Pakistan_land_disputes_January_2017.pdf,assets.publishing.service.gov.uk,application/pdf,NBTTEGGMJ55NCVMA37D4MH7SHRCSAZNI,354912,314411331,Pakistan - Land Disputes - CPIN - v2.0 (January 2017),en,PDF
"uk,gov,service,publishing,assets)/government/uploads/system/uploads/attachment_data/file/846809/iran_-_background_-_cpin_-_v6.0_-_nov_2019_-_ext.pdf",20230507031606,https://assets.publishing.service.gov.uk/government/uploads/system/uploads/attachment_data/file/846809/Iran_-_Background_-_CPIN_-_v6.0_-_Nov_2019_-_EXT.pdf,assets.publishing.service.gov.uk,application/pdf,7LW2U7KG3G22HYBQT3GPLBNIN6JJTNEL,5112417,259154123,Iran - Background - CPIN - v6.0 (November 2019),en,PDF
"com,amazonaws,s3,moj-tribunals-documents-prod)/decision/pdf_file/67124/pa101902018.pdf",20191202221518,https://moj-tribunals-documents-prod.s3.amazonaws.com/decision/pdf_file/67124/PA101902018.pdf,moj-tribunals-documents-prod.s3.amazonaws.com,application/pdf,5BUA36TS7LT5RSARLPMAGIPCE4YACHBA,93483,361095154,PA101902018.pdf,en,PDF
"com,amazonaws,s3,moj-tribunals-documents-prod)/decision/pdf_file/55880/pa050242016.pdf",20191202193648,https://moj-tribunals-documents-prod.s3.amazonaws.com/decision/pdf_file/55880/PA050242016.pdf,moj-tribunals-documents-prod.s3.amazonaws.com,application/pdf,PAYIYQ54ROFFJAAI5IHADCDGQVFEB4S5,90134,309127320,PA050242016.pdf,en,PDF
"com,amazonaws,s3,moj-tribunals-documents-prod)/decision/pdf_file/62307/pa080192017.pdf",20191202185643,https://moj-tribunals-documents-prod.s3.amazonaws.com/decision/pdf_file/62307/PA080192017.pdf,moj-tribunals-documents-prod.s3.amazonaws.com,application/pdf,J4ZQSE545RYQFWPOUXFBMGD5WMRWILAT,136265,445254186,PA080192017.pdf,en,PDF
"com,amazonaws,s3,moj-tribunals-documents-prod)/decision/pdf_file/66601/pa001002019.pdf",20191202173119,https://moj-tribunals-documents-prod.s3.amazonaws.com/decision/pdf_file/66601/PA001002019.pdf,moj-tribunals-documents-prod.s3.amazonaws.com,application/pdf,54ZUUVSSSSLTYJCOAR3ALGZVQ3DSXKFS,86086,141704101,PA001002019.pdf,en,PDF
"com,amazonaws,s3,moj-tribunals-documents-prod)/decision/pdf_file/66185/pa069422018.pdf",20191202195040,https://moj-tribunals-documents-prod.s3.amazonaws.com/decision/pdf_file/66185/PA069422018.pdf,moj-tribunals-documents-prod.s3.amazonaws.com,application/pdf,3WEX2XPNTAMKOIHDG33KJSESNWI4BMHH,77102,440249753,PA069422018.pdf,en,PDF
"com,amazonaws,s3,moj-tribunals-documents-prod)/decision/pdf_file/63580/pa028052018.pdf",20191202171914,https://moj-tribunals-documents-prod.s3.amazonaws.com/decision/pdf_file/63580/PA028052018.pdf,moj-tribunals-documents-prod.s3.amazonaws.com,application/pdf,6THDLIK5RYW4JOHBQXXKJZWNEUFUDP3G,79278,20733502,PA028052018.pdf,en,PDF
"com,amazonaws,s3,moj-tribunals-documents-prod)/decision/pdf_file/58558/pa073222017.pdf",20191202220632,https://moj-tribunals-documents-prod.s3.amazonaws.com/decision/pdf_file/58558/PA073222017.pdf,moj-tribunals-documents-prod.s3.amazonaws.com,application/pdf,P4AKETRTB5RQV7PZAGRLBAVIEDRDNVJ4,93717,273300005,PA073222017.pdf,en,PDF
"uk,gov,service,publishing,assets)/government/uploads/system/uploads/attachment_data/file/944237/china-_hong_kong_national_security_law-_v1.0.pdf",20210729124334,https://assets.publishing.service.gov.uk/government/uploads/system/uploads/attachment_data/file/944237/China-_Hong_Kong_National_Security_Law-_v1.0.pdf,assets.publishing.service.gov.uk,application/pdf,B6YP4ZKU2KEF4B53W7YED6QLPUQA7EWY,376444,288059118,CPIN Template - January 2020,en,PDF
"com,amazonaws,s3,moj-tribunals-documents-prod)/decision/pdf_file/57703/aa091272015.pdf",20191202182107,https://moj-tribunals-documents-prod.s3.amazonaws.com/decision/pdf_file/57703/AA091272015.pdf,moj-tribunals-documents-prod.s3.amazonaws.com,application/pdf,CAGWMSHTQLP5Q6PNSOZGQC2SZSQ5NWX5,79755,106419653,AA091272015.pdf,en,PDF
"com,amazonaws,s3,moj-tribunals-documents-prod)/decision/pdf_file/53981/pa013922015.pdf",20191202223500,https://moj-tribunals-documents-prod.s3.amazonaws.com/decision/pdf_file/53981/PA013922015.pdf,moj-tribunals-documents-prod.s3.amazonaws.com,application/pdf,TRGKNKQETGZWOSAK7FOQ4QRC3PMVRKMH,96654,62664065,PA013922015.pdf,en,PDF
"com,amazonaws,s3,moj-tribunals-documents-prod)/decision/pdf_file/63050/pa113562016.pdf",20191202210429,https://moj-tribunals-documents-prod.s3.amazonaws.com/decision/pdf_file/63050/PA113562016.pdf,moj-tribunals-documents-prod.s3.amazonaws.com,application/pdf,Y6LHFEADIZXY7P57FITF4OCPT35AHRDK,94972,152936971,PA113562016.pdf,en,PDF
"com,amazonaws,s3,moj-tribunals-documents-prod)/decision/pdf_file/62622/pa026482018.pdf",20190603152402,https://moj-tribunals-documents-prod.s3.amazonaws.com/decision/pdf_file/62622/PA026482018.pdf,moj-tribunals-documents-prod.s3.amazonaws.com,application/pdf,3PZI6MSERWF54ZZ6UUADDHZCYGTSLXBT,76857,229904682,PA026482018.pdf,en,PDF
"com,amazonaws,s3,moj-tribunals-documents-prod)/decision/pdf_file/63070/pa037802018.pdf",20191202174556,https://moj-tribunals-documents-prod.s3.amazonaws.com/decision/pdf_file/63070/PA037802018.pdf,moj-tribunals-documents-prod.s3.amazonaws.com,application/pdf,SMOMLBUHMHEA52SR6PDNVQHYU73AMQSJ,92598,278000627,PA037802018.pdf,en,PDF
"com,amazonaws,s3,moj-tribunals-documents-prod)/decision/pdf_file/66361/pa118142017.pdf",20191202213526,https://moj-tribunals-documents-prod.s3.amazonaws.com/decision/pdf_file/66361/PA118142017.pdf,moj-tribunals-documents-prod.s3.amazonaws.com,application/pdf,3ANGK7ISAW35JEHSXWF7S5ICPXG7NHSV,93040,469558611,PA118142017.pdf,en,PDF
"com,amazonaws,s3,moj-tribunals-documents-prod)/decision/pdf_file/68844/pa045472019.pdf",20221201133220,https://moj-tribunals-documents-prod.s3.amazonaws.com/decision/pdf_file/68844/PA045472019.pdf,moj-tribunals-documents-prod.s3.amazonaws.com,application/pdf,ZKVR6YOROQ4PVJMF2BVGMJPIBVHJANAX,78174,381919790,PA045472019.pdf,en,PDF
"com,amazonaws,s3,moj-tribunals-documents-prod)/decision/pdf_file/66728/pa077832017.pdf",20191202214857,https://moj-tribunals-documents-prod.s3.amazonaws.com/decision/pdf_file/66728/PA077832017.pdf,moj-tribunals-documents-prod.s3.amazonaws.com,application/pdf,4W2PVB5QRDBIWIEYVPA54IEVMA4R5Z7A,112054,97517987,PA077832017.pdf,en,PDF
"com,amazonaws,s3,moj-tribunals-documents-prod)/decision/pdf_file/57032/pa065212016.pdf",20221201152311,https://moj-tribunals-documents-prod.s3.amazonaws.com/decision/pdf_file/57032/PA065212016.pdf,moj-tribunals-documents-prod.s3.amazonaws.com,application/pdf,LVQGGIYE5KKFZXHZE2ALXPWGQEW4HXDI,63704,181928074,PA065212016.pdf,en,PDF
"uk,gov)/government/uploads/system/uploads/attachment_data/file/584025/afghanistan_-_sogi_-_cpin_-__january_2017_.pdf",20170425093549,https://www.gov.uk/government/uploads/system/uploads/attachment_data/file/584025/Afghanistan_-_SOGI_-_CPIN_-__January_2017_.pdf,www.gov.uk,application/pdf,JD24CWA26Q276Q436YFQFMRLVMR6CINK,302482,55341615,Afghanistan - SOGI - CPIN - v2.0 (January 2017),en,PDF
"uk,gov,service,publishing,assets)/government/uploads/system/uploads/attachment_data/file/589162/government_response_-_ho_to_ici_-_november_2016_inspection_of_coi.pdf",20200511021234,https://assets.publishing.service.gov.uk/government/uploads/system/uploads/attachment_data/file/589162/Government_response_-_HO_to_ICI_-_November_2016_Inspection_of_COI.pdf,assets.publishing.service.gov.uk,application/pdf,NWFSOA4ZE4UY2TTBWJ6T6XGMN23ARQ7W,165716,428621172,Government_response_-_HO_to_ICI_-_November_2016_Inspection_of_COI.pdf,en,PDF
"com,amazonaws,s3,moj-tribunals-documents-prod)/decision/pdf_file/54254/pa132632016.pdf",20211201141055,https://moj-tribunals-documents-prod.s3.amazonaws.com/decision/pdf_file/54254/PA132632016.pdf,moj-tribunals-documents-prod.s3.amazonaws.com,application/pdf,VRHMUOKDNQY37KJBV5GNP5DKHLJZSZRD,65499,387060162,PA132632016.pdf,en,PDF
"uk,gov,service,publishing,assets)/government/uploads/system/uploads/attachment_data/file/866094/country_policy_and_information_note_kurds_turkey_february_2020.pdf",20220510225326,https://assets.publishing.service.gov.uk/government/uploads/system/uploads/attachment_data/file/866094/Country_policy_and_information_note_Kurds_Turkey_February_2020.pdf,assets.publishing.service.gov.uk,application/pdf,FWZXLP35EDXTIIUDREGNWHYMGHLAABCV,547850,411818604,CPIN Template 2018 - v3,en,PDF
"uk,gov,service,publishing,assets)/government/uploads/system/uploads/attachment_data/file/944065/afghanistan-background_note-v1.0.pdf",20210813154509,https://assets.publishing.service.gov.uk/government/uploads/system/uploads/attachment_data/file/944065/Afghanistan-Background_Note-v1.0.pdf,assets.publishing.service.gov.uk,application/pdf,DXUYSOA4BH4PLQ34IEJKOSPA4VEBWETO,580970,40296185,Afghanistan-Background Note-v1.0(December 2020),en,PDF
"com,amazonaws,s3,moj-tribunals-documents-prod)/decision/pdf_file/65655/pa042452018.pdf",20231201071804,https://moj-tribunals-documents-prod.s3.amazonaws.com/decision/pdf_file/65655/PA042452018.pdf,moj-tribunals-documents-prod.s3.amazonaws.com,application/pdf,7V5SKIGPL23DUJ7UCJTPUXYJTFHLAH5J,72348,267183247,PA042452018.pdf,en,PDF
"com,amazonaws,s3,moj-tribunals-documents-prod)/decision/pdf_file/58224/pa062212017.pdf",20191202192255,https://moj-tribunals-documents-prod.s3.amazonaws.com/decision/pdf_file/58224/PA062212017.pdf,moj-tribunals-documents-prod.s3.amazonaws.com,application/pdf,RHQG6QJNYXUVZZHS6SAUI7IYB52AD7T7,100149,182126580,PA062212017.pdf,en,PDF
"com,amazonaws,s3,moj-tribunals-documents-prod)/decision/pdf_file/58778/rp000682017.pdf",20190603173806,https://moj-tribunals-documents-prod.s3.amazonaws.com/decision/pdf_file/58778/RP000682017.pdf,moj-tribunals-documents-prod.s3.amazonaws.com,application/pdf,WB6N6IRYOO4EX2XW7F2ODECTWH7C75JK,94281,224063834,RP000682017.pdf,en,PDF
"com,amazonaws,s3,moj-tribunals-documents-prod)/decision/pdf_file/64629/hu066392018___others.pdf",20191202205846,https://moj-tribunals-documents-prod.s3.amazonaws.com/decision/pdf_file/64629/HU066392018___Others.pdf,moj-tribunals-documents-prod.s3.amazonaws.com,application/pdf,VJAGDME7Y3DT7S5TSVRKAJR3X24QXARU,94998,98940699,HU066392018___Others.pdf,en,PDF
"com,amazonaws,s3,moj-tribunals-documents-prod)/decision/pdf_file/64467/pa067592017___hu060432016.pdf",20191202211131,https://moj-tribunals-documents-prod.s3.amazonaws.com/decision/pdf_file/64467/PA067592017___HU060432016.pdf,moj-tribunals-documents-prod.s3.amazonaws.com,application/pdf,EJNABS7BB7PHDZ4AKNZGSLHLCTKI2DLR,82596,225716576,PA067592017___HU060432016.pdf,en,PDF
"com,amazonaws,s3,moj-tribunals-documents-prod)/decision/pdf_file/56224/aa114352014.pdf",20191202180344,https://moj-tribunals-documents-prod.s3.amazonaws.com/decision/pdf_file/56224/AA114352014.pdf,moj-tribunals-documents-prod.s3.amazonaws.com,application/pdf,DLIJOFMSYGKUVKL4DJWBWSYA6CYEMKH5,97771,448785088,AA114352014.pdf,en,PDF
"uk,gov,service,publishing,assets)/government/uploads/system/uploads/attachment_data/file/1071564/inspection_report_on_country_of_origin_information__ethiopia__iran_and_zimbabwe_january_2022.pdf",20230802100421,https://assets.publishing.service.gov.uk/government/uploads/system/uploads/attachment_data/file/1071564/Inspection_Report_on_Country_of_Origin_Information__Ethiopia__Iran_and_Zimbabwe_January_2022.pdf,assets.publishing.service.gov.uk,application/pdf,OWAV23EHESYGS6AOULTWWYZRJZJCCWJ3,936308,131992561,"Inspection Report of Country of Origin Information, Ethiopia, Iran and Zimbabwe",en,PDF
"com,amazonaws,s3,moj-tribunals-documents-prod)/decision/pdf_file/63580/pa028052018.pdf",20210601125651,https://moj-tribunals-documents-prod.s3.amazonaws.com/decision/pdf_file/63580/PA028052018.pdf,moj-tribunals-documents-prod.s3.amazonaws.com,application/pdf,6THDLIK5RYW4JOHBQXXKJZWNEUFUDP3G,79276,442202225,PA028052018.pdf,en,PDF
"com,amazonaws,s3,moj-tribunals-documents-prod)/decision/pdf_file/63423/pa097352018.pdf",20191202222254,https://moj-tribunals-documents-prod.s3.amazonaws.com/decision/pdf_file/63423/PA097352018.pdf,moj-tribunals-documents-prod.s3.amazonaws.com,application/pdf,52TAADS4E27JPUFS56JGD2PEUC7C2MI4,85449,439930331,PA097352018.pdf,en,PDF
"com,amazonaws,s3,moj-tribunals-documents-prod)/decision/pdf_file/66843/pa053042018.pdf",20191202191108,https://moj-tribunals-documents-prod.s3.amazonaws.com/decision/pdf_file/66843/PA053042018.pdf,moj-tribunals-documents-prod.s3.amazonaws.com,application/pdf,MH6BSNI7GKQEKJD6IKSICLXKU6ZTZEQ5,81439,73625489,PA053042018.pdf,en,PDF
"com,amazonaws,s3,moj-tribunals-documents-prod)/decision/pdf_file/67338/pa025582019.pdf",20191202171938,https://moj-tribunals-documents-prod.s3.amazonaws.com/decision/pdf_file/67338/PA025582019.pdf,moj-tribunals-documents-prod.s3.amazonaws.com,application/pdf,QPRV56AH3QCSZ45OFL5DLDQ7GAZ6FOPY,80600,24453347,PA025582019.pdf,en,PDF
"uk,gov,service,publishing,assets)/media/62691502d3bf7f55cd2bf1fd/inspection_report_on_country_of_origin_information__ethiopia__iran_and_zimbabwe_january_2022.pdf",20240308065811,https://assets.publishing.service.gov.uk/media/62691502d3bf7f55cd2bf1fd/Inspection_Report_on_Country_of_Origin_Information__Ethiopia__Iran_and_Zimbabwe_January_2022.pdf,assets.publishing.service.gov.uk,application/pdf,OWAV23EHESYGS6AOULTWWYZRJZJCCWJ3,936337,284194640,"Inspection Report of Country of Origin Information, Ethiopia, Iran and Zimbabwe",en,PDF
"com,amazonaws,s3,moj-tribunals-documents-prod)/decision/pdf_file/64098/pa097662018.pdf",20231201072154,https://moj-tribunals-documents-prod.s3.amazonaws.com/decision/pdf_file/64098/PA097662018.pdf,moj-tribunals-documents-prod.s3.amazonaws.com,application/pdf,XZDVCXN7D4XVTZ66QYADHXMUSP4HRYSL,81948,385525890,PA097662018.pdf,en,PDF
"uk,gov,service,publishing,assets)/government/uploads/system/uploads/attachment_data/file/772988/india-ifa-cpin-v1.0__jan_2019_.pdf",20220419221524,https://assets.publishing.service.gov.uk/government/uploads/system/uploads/attachment_data/file/772988/India-IFA-CPIN-v1.0__Jan_2019_.pdf,assets.publishing.service.gov.uk,application/pdf,KWS6K4HFPUWPZ54CLXDE2BNGRAKPU3EJ,637331,44205405,India - IFA - CPIN - v1.0 (DRAFT),en,PDF
"uk,gov,service,publishing,assets)/government/uploads/system/uploads/attachment_data/file/794323/cpin_-_nigeria_-_internal_relocation.pdf",20210904083941,https://assets.publishing.service.gov.uk/government/uploads/system/uploads/attachment_data/file/794323/CPIN_-_Nigeria_-_Internal_relocation.PDF,assets.publishing.service.gov.uk,application/pdf,AXN4LIVAXJJR5HULNLWRBSHFSYKAKUNM,749499,485139722,CPIN Template 2018 - v3,en,PDF
"uk,gov,service,publishing,assets)/government/uploads/system/uploads/attachment_data/file/1184540/cod+cpin+unsuccessful+asylum+seekers.pdf",20231008211949,https://assets.publishing.service.gov.uk/government/uploads/system/uploads/attachment_data/file/1184540/COD+CPIN+Unsuccessful+asylum+seekers.pdf,assets.publishing.service.gov.uk,application/pdf,SVPUUP3KNYGKXUG3QBXAMRTFOM3KJUKT,211906,54442078,COD CPIN unsuccessful asylum seekers,en,PDF
"com,amazonaws,s3,moj-tribunals-documents-prod)/decision/pdf_file/78979/ui-2022-000689.pdf",20231201063655,https://moj-tribunals-documents-prod.s3.amazonaws.com/decision/pdf_file/78979/UI-2022-000689.pdf,moj-tribunals-documents-prod.s3.amazonaws.com,application/pdf,2T2YMCXQJG5UPGRTYDCVFU5MJQQIXYCX,72852,398519883,UI-2022-000689.pdf,en,PDF
"com,amazonaws,s3,moj-tribunals-documents-prod)/decision/pdf_file/57775/aa003202016.pdf",20231201073514,https://moj-tribunals-documents-prod.s3.amazonaws.com/decision/pdf_file/57775/AA003202016.pdf,moj-tribunals-documents-prod.s3.amazonaws.com,application/pdf,WM73BQFPEKF22GYJEBYTFPMUJRZWG3GD,83287,308651961,AA003202016.pdf,en,PDF
"com,amazonaws,s3,moj-tribunals-documents-prod)/decision/pdf_file/63342/pa131372017.pdf",20191202182659,https://moj-tribunals-documents-prod.s3.amazonaws.com/decision/pdf_file/63342/PA131372017.pdf,moj-tribunals-documents-prod.s3.amazonaws.com,application/pdf,Y56PFKMISYNNKF2U7GU5EQKOUOG5BFLF,93632,165263607,PA131372017.pdf,en,PDF
"com,amazonaws,s3,moj-tribunals-documents-prod)/decision/pdf_file/66558/pa081002018.pdf",20191202201106,https://moj-tribunals-documents-prod.s3.amazonaws.com/decision/pdf_file/66558/PA081002018.pdf,moj-tribunals-documents-prod.s3.amazonaws.com,application/pdf,JUE6ZZ37FGGFFFX4A34NMWISVHQHO7NK,94173,138667043,PA081002018.pdf,en,PDF
"uk,gov,service,publishing,assets)/media/65017d6b572780000d251a67/cod+cpin+unsuccessful+asylum+seekers.pdf",20240309031133,https://assets.publishing.service.gov.uk/media/65017d6b572780000d251a67/COD+CPIN+Unsuccessful+asylum+seekers.pdf,assets.publishing.service.gov.uk,application/pdf,SVPUUP3KNYGKXUG3QBXAMRTFOM3KJUKT,211937,31208515,COD CPIN unsuccessful asylum seekers,en,PDF
"com,amazonaws,s3,moj-tribunals-documents-prod)/decision/pdf_file/66630/rp000612018.pdf",20191202215003,https://moj-tribunals-documents-prod.s3.amazonaws.com/decision/pdf_file/66630/RP000612018.pdf,moj-tribunals-documents-prod.s3.amazonaws.com,application/pdf,YLY2DEMOSBQX4VDPZNSSMNHDXO6DPVN6,134010,107931462,RP000612018.pdf,en,PDF
"uk,gov,service,publishing,assets)/government/uploads/system/uploads/attachment_data/file/1073765/irn_cpin_illegal_exit.pdf",20220517205222,https://assets.publishing.service.gov.uk/government/uploads/system/uploads/attachment_data/file/1073765/IRN_CPIN_Illegal_exit.pdf,assets.publishing.service.gov.uk,application/pdf,OQEWXJDSHMQEZ77LTN7VMNMPC3XSXP2N,361817,292687277,IRN CPIN Illegal exit,en,PDF
"uk,gov,service,publishing,assets)/government/uploads/system/uploads/attachment_data/file/1023526/afg_cpin_security_and_humanitarian_situation.pdf",20211008002431,https://assets.publishing.service.gov.uk/government/uploads/system/uploads/attachment_data/file/1023526/AFG_CPIN_Security_and_humanitarian_situation.pdf,assets.publishing.service.gov.uk,application/pdf,XGWXQGY5U2PXDNITGD3ZEHMIVCEEK222,1337378,83847213,AFG CPIN Security and humanitarian situation,en,PDF
"com,amazonaws,s3,moj-tribunals-documents-prod)/decision/pdf_file/64245/pa070962017.pdf",20231201071821,https://moj-tribunals-documents-prod.s3.amazonaws.com/decision/pdf_file/64245/PA070962017.pdf,moj-tribunals-documents-prod.s3.amazonaws.com,application/pdf,JQFCRAWQVZICEVGM52AFDJGLSYHAVGIP,200834,276202578,PA070962017.pdf,en,PDF
"uk,gov,service,publishing,assets)/government/uploads/system/uploads/attachment_data/file/1069647/afg_cpin_fear_of_the_taliban.pdf",20240107024507,https://assets.publishing.service.gov.uk/government/uploads/system/uploads/attachment_data/file/1069647/AFG_CPIN_Fear_of_the_Taliban.pdf,assets.publishing.service.gov.uk,application/pdf,WNNXVZFSMIN5PAHJQQB5V75A5SJJLLGS,788394,411647155,AFG CPIN Fear of the Taliban,en,PDF
"uk,gov,service,publishing,assets)/government/uploads/system/uploads/attachment_data/file/1090091/irn_cpin_zina.pdf",20231204011057,https://assets.publishing.service.gov.uk/government/uploads/system/uploads/attachment_data/file/1090091/IRN_CPIN_Zina.pdf,assets.publishing.service.gov.uk,application/pdf,HQTJ6YWNPYE43CTFO2YACL3VP62GXRCA,349618,404090984,IRN CPIN Zina,en,PDF
"com,amazonaws,s3,moj-tribunals-documents-prod)/decision/pdf_file/65943/pa067272018.pdf",20211201130605,https://moj-tribunals-documents-prod.s3.amazonaws.com/decision/pdf_file/65943/PA067272018.pdf,moj-tribunals-documents-prod.s3.amazonaws.com,application/pdf,OMJYKLAPDBQIN3N7XTUYEJOSIROA3WKK,97544,339522006,PA067272018.pdf,en,PDF
"uk,gov,service,publishing,assets)/media/62cd9aafe90e077486c19b9b/irn_cpin_zina.pdf",20240308133829,https://assets.publishing.service.gov.uk/media/62cd9aafe90e077486c19b9b/IRN_CPIN_Zina.pdf,assets.publishing.service.gov.uk,application/pdf,HQTJ6YWNPYE43CTFO2YACL3VP62GXRCA,349648,196037810,IRN CPIN Zina,en,PDF
"uk,gov,service,publishing,assets)/media/625ed33dd3bf7f6004339db5/afg_cpin_fear_of_the_taliban.pdf",20240119224247,https://assets.publishing.service.gov.uk/media/625ed33dd3bf7f6004339db5/AFG_CPIN_Fear_of_the_Taliban.pdf,assets.publishing.service.gov.uk,application/pdf,WNNXVZFSMIN5PAHJQQB5V75A5SJJLLGS,788419,290304574,AFG CPIN Fear of the Taliban,en,PDF
"uk,gov,service,publishing,assets)/government/uploads/system/uploads/attachment_data/file/795793/liby_-gaddafi-supporters-cpin-april-2019.pdf",20221118081720,https://assets.publishing.service.gov.uk/government/uploads/system/uploads/attachment_data/file/795793/Liby_-Gaddafi-Supporters-CPIN-April-2019.pdf,assets.publishing.service.gov.uk,application/pdf,JN6NBDR4NXVLLSVIAKICPXVRP7QAFXC7,526112,119963702,Libya - Gaddafi Supporters - CPIN - v3.0 (April 2019),en,PDF
"uk,gov,service,publishing,assets)/government/uploads/system/uploads/attachment_data/file/584025/afghanistan_-_sogi_-_cpin_-__january_2017_.pdf",20200207052406,https://assets.publishing.service.gov.uk/government/uploads/system/uploads/attachment_data/file/584025/Afghanistan_-_SOGI_-_CPIN_-__January_2017_.pdf,assets.publishing.service.gov.uk,application/pdf,JD24CWA26Q276Q436YFQFMRLVMR6CINK,302767,257224761,Afghanistan - SOGI - CPIN - v2.0 (January 2017),en,PDF
"uk,gov,service,publishing,assets)/government/uploads/system/uploads/attachment_data/file/1050445/ukr_cpin_actors_of_protection.pdf",20220212073357,https://assets.publishing.service.gov.uk/government/uploads/system/uploads/attachment_data/file/1050445/UKR_CPIN_actors_of_protection.pdf,assets.publishing.service.gov.uk,application/pdf,T3IDDD2FUSHVNMSWXQQZSEMU2BA2GLV7,364073,498456121,UKR CPIN actors of protection,en,PDF
"com,amazonaws,s3,moj-tribunals-documents-prod)/decision/pdf_file/64089/pa027472018.pdf",20191202191027,https://moj-tribunals-documents-prod.s3.amazonaws.com/decision/pdf_file/64089/PA027472018.pdf,moj-tribunals-documents-prod.s3.amazonaws.com,application/pdf,ZS4UGXDHMVN6RZK7HAJ76LYTTLOZOLE6,101473,67690714,PA027472018.pdf,en,PDF
"com,amazonaws,s3,moj-tribunals-documents-prod)/decision/pdf_file/65530/hu131912017.pdf",20191202201738,https://moj-tribunals-documents-prod.s3.amazonaws.com/decision/pdf_file/65530/HU131912017.pdf,moj-tribunals-documents-prod.s3.amazonaws.com,application/pdf,25QRMK3SQ2UYCOCUWVI5SFP3FJI6U7YM,82073,200548311,HU131912017.pdf,en,PDF
"com,amazonaws,s3,moj-tribunals-documents-prod)/decision/pdf_file/63443/pa094852016.pdf",20190603152102,https://moj-tribunals-documents-prod.s3.amazonaws.com/decision/pdf_file/63443/PA094852016.pdf,moj-tribunals-documents-prod.s3.amazonaws.com,application/pdf,JUEQUU43MEP5SMXBO5RHW3ETZTMSB6TL,83993,195706368,PA094852016.pdf,en,PDF
"com,amazonaws,s3,moj-tribunals-documents-prod)/decision/pdf_file/66482/hu158752017___others.pdf",20191202215050,https://moj-tribunals-documents-prod.s3.amazonaws.com/decision/pdf_file/66482/HU158752017___Others.pdf,moj-tribunals-documents-prod.s3.amazonaws.com,application/pdf,GGWMREY5FAAT3ZCS4DEJXOMKSLWMQIKW,91102,115899260,HU158752017___Others.pdf,en,PDF
"com,amazonaws,s3,moj-tribunals-documents-prod)/decision/pdf_file/66430/pa082642017.pdf",20191202185413,https://moj-tribunals-documents-prod.s3.amazonaws.com/decision/pdf_file/66430/PA082642017.pdf,moj-tribunals-documents-prod.s3.amazonaws.com,application/pdf,OZ4JLI7QDNZTHSSVJLK42PNBQIGOBSNL,82321,421813127,PA082642017.pdf,en,PDF
"com,amazonaws,s3,moj-tribunals-documents-prod)/decision/pdf_file/64415/pa124862017.pdf",20191202204435,https://moj-tribunals-documents-prod.s3.amazonaws.com/decision/pdf_file/64415/PA124862017.pdf,moj-tribunals-documents-prod.s3.amazonaws.com,application/pdf,LVAY3Z7Z7RH2NKJIBCENGLJHAAUR63JO,110605,458293627,PA124862017.pdf,en,PDF
"com,amazonaws,s3,moj-tribunals-documents-prod)/decision/pdf_file/66165/pa101242018.pdf",20191202165002,https://moj-tribunals-documents-prod.s3.amazonaws.com/decision/pdf_file/66165/PA101242018.pdf,moj-tribunals-documents-prod.s3.amazonaws.com,application/pdf,DE7TVOBXREYB2CZH46ONEQ7YFCGCUTMT,83948,279628748,PA101242018.pdf,en,PDF
"uk,gov,service,publishing,assets)/government/uploads/system/uploads/attachment_data/file/1053860/vnm_cpin_ethnic_and_religious_groups.pdf",20230706040528,https://assets.publishing.service.gov.uk/government/uploads/system/uploads/attachment_data/file/1053860/VNM_CPIN_Ethnic_and_religious_groups.pdf,assets.publishing.service.gov.uk,application/pdf,6H5BLUNIELBW77K25WDOIC2KXDY2ZOWY,681292,381189133,VNM CPIN Ethnic and religious groups,en,PDF
"com,amazonaws,s3,moj-tribunals-documents-prod)/decision/pdf_file/57368/pa075262017.pdf",20231201073358,https://moj-tribunals-documents-prod.s3.amazonaws.com/decision/pdf_file/57368/PA075262017.pdf,moj-tribunals-documents-prod.s3.amazonaws.com,application/pdf,GJVFRG7DWBYDOEPS3LMPASDK2SJEJP3U,88999,268330440,PA075262017.pdf,en,PDF
"com,amazonaws,s3,moj-tribunals-documents-prod)/decision/pdf_file/66965/pa078232018.pdf",20191202213501,https://moj-tribunals-documents-prod.s3.amazonaws.com/decision/pdf_file/66965/PA078232018.pdf,moj-tribunals-documents-prod.s3.amazonaws.com,application/pdf,PDJJT6JFBRQCQG5EDBZKINSNMD6HHIUQ,159067,466451008,PA078232018.pdf,en,PDF
"uk,gov,service,publishing,assets)/media/64a6d8337a4c23000cbba304/ind_cpin_internal_relocation.pdf",20231218182822,https://assets.publishing.service.gov.uk/media/64a6d8337a4c23000cbba304/IND_CPIN_Internal_relocation.pdf,assets.publishing.service.gov.uk,application/pdf,B7SUFAGUMDQHZG45LXW6LOYWUATM4II4,224116,77646557,IND CPIN Internal relocation,en,PDF
"com,amazonaws,s3,moj-tribunals-documents-prod)/decision/pdf_file/79140/ui-2023-001299___ui-2023-001449.pdf",20231201063910,https://moj-tribunals-documents-prod.s3.amazonaws.com/decision/pdf_file/79140/UI-2023-001299___UI-2023-001449.pdf,moj-tribunals-documents-prod.s3.amazonaws.com,application/pdf,GA3MKY74QR4Z4265O7ALQFFNX4REQEFN,67731,451030287,UI-2023-001299___UI-2023-001449.pdf,en,PDF
"com,amazonaws,s3,moj-tribunals-documents-prod)/decision/pdf_file/79161/ui-2023-003280___ui-2023-003285.pdf",20231201063908,https://moj-tribunals-documents-prod.s3.amazonaws.com/decision/pdf_file/79161/UI-2023-003280___UI-2023-003285.pdf,moj-tribunals-documents-prod.s3.amazonaws.com,application/pdf,DAYFYLXXSHVIRASRK6IWVICROJYZCPGI,69092,449829240,UI-2023-003280___UI-2023-003285.pdf,en,PDF
"uk,gov,service,publishing,assets)/government/uploads/system/uploads/attachment_data/file/1071564/inspection_report_on_country_of_origin_information__ethiopia__iran_and_zimbabwe_january_2022.pdf",20220506224349,https://assets.publishing.service.gov.uk/government/uploads/system/uploads/attachment_data/file/1071564/Inspection_Report_on_Country_of_Origin_Information__Ethiopia__Iran_and_Zimbabwe_January_2022.pdf,assets.publishing.service.gov.uk,application/pdf,OWAV23EHESYGS6AOULTWWYZRJZJCCWJ3,936413,89500112,"Inspection Report of Country of Origin Information, Ethiopia, Iran and Zimbabwe",en,PDF
"uk,gov,service,publishing,assets)/government/uploads/system/uploads/attachment_data/file/1168369/ind_cpin_internal_relocation.pdf",20230807214932,https://assets.publishing.service.gov.uk/government/uploads/system/uploads/attachment_data/file/1168369/IND_CPIN_Internal_relocation.pdf,assets.publishing.service.gov.uk,application/pdf,B7SUFAGUMDQHZG45LXW6LOYWUATM4II4,224134,202487822,IND CPIN Internal relocation,en,PDF
"com,amazonaws,s3,moj-tribunals-documents-prod)/decision/pdf_file/59185/pa105792017.pdf",20221201141058,https://moj-tribunals-documents-prod.s3.amazonaws.com/decision/pdf_file/59185/PA105792017.pdf,moj-tribunals-documents-prod.s3.amazonaws.com,application/pdf,YOQIUWVU6ZAEHLKR264M5PEGCYKVIE2X,85322,22753025,PA105792017.pdf,en,PDF
"uk,gov,service,publishing,assets)/government/uploads/system/uploads/attachment_data/file/1069647/afg_cpin_fear_of_the_taliban.pdf",20220517202925,https://assets.publishing.service.gov.uk/government/uploads/system/uploads/attachment_data/file/1069647/AFG_CPIN_Fear_of_the_Taliban.pdf,assets.publishing.service.gov.uk,application/pdf,WNNXVZFSMIN5PAHJQQB5V75A5SJJLLGS,788485,307293521,AFG CPIN Fear of the Taliban,en,PDF
"uk,gov,service,publishing,assets)/media/6203dc30e90e077f75209168/vnm_cpin_ethnic_and_religious_groups.pdf",20241207131752,https://assets.publishing.service.gov.uk/media/6203dc30e90e077f75209168/VNM_CPIN_Ethnic_and_religious_groups.pdf,assets.publishing.service.gov.uk,application/pdf,6H5BLUNIELBW77K25WDOIC2KXDY2ZOWY,681324,162399671,VNM CPIN Ethnic and religious groups,en,PDF
"com,amazonaws,s3,moj-tribunals-documents-prod)/decision/pdf_file/66807/hu073942018.pdf",20191202220847,https://moj-tribunals-documents-prod.s3.amazonaws.com/decision/pdf_file/66807/HU073942018.pdf,moj-tribunals-documents-prod.s3.amazonaws.com,application/pdf,KO2GPTHEIJSDXMWKQAVSCD6PTDALIHSR,100161,294799742,HU073942018.pdf,en,PDF
"com,amazonaws,s3,moj-tribunals-documents-prod)/decision/pdf_file/63156/pa068432018.pdf",20191202220919,https://moj-tribunals-documents-prod.s3.amazonaws.com/decision/pdf_file/63156/PA068432018.pdf,moj-tribunals-documents-prod.s3.amazonaws.com,application/pdf,NGUI6LMUM5GKIBNO6KDBOXREARDPDKHV,94335,300453746,PA068432018.pdf,en,PDF
"com,amazonaws,s3,moj-tribunals-documents-prod)/decision/pdf_file/56979/pa036282016.pdf",20191202175022,https://moj-tribunals-documents-prod.s3.amazonaws.com/decision/pdf_file/56979/PA036282016.pdf,moj-tribunals-documents-prod.s3.amazonaws.com,application/pdf,VVGTYGINQ2JXBQWFBDO3ZKXVL76OM3PG,90154,320277961,PA036282016.pdf,en,PDF
"com,amazonaws,s3,moj-tribunals-documents-prod)/decision/pdf_file/65248/pa051052018.pdf",20191202213707,https://moj-tribunals-documents-prod.s3.amazonaws.com/decision/pdf_file/65248/PA051052018.pdf,moj-tribunals-documents-prod.s3.amazonaws.com,application/pdf,KFFYXUUN3V4YMAQUGSEWGEHLGLTDIIMR,95783,485823745,PA051052018.pdf,en,PDF
"com,amazonaws,s3,moj-tribunals-documents-prod)/decision/pdf_file/58508/pa100582016.pdf",20191202213301,https://moj-tribunals-documents-prod.s3.amazonaws.com/decision/pdf_file/58508/PA100582016.pdf,moj-tribunals-documents-prod.s3.amazonaws.com,application/pdf,72CJAGMYO4IDEMKYUAISKJ4TQOMXSDWV,84409,446780768,PA100582016.pdf,en,PDF
"uk,gov,service,publishing,assets)/government/uploads/system/uploads/attachment_data/file/866094/country_policy_and_information_note_kurds_turkey_february_2020.pdf",20230903030309,https://assets.publishing.service.gov.uk/government/uploads/system/uploads/attachment_data/file/866094/Country_policy_and_information_note_Kurds_Turkey_February_2020.pdf,assets.publishing.service.gov.uk,application/pdf,FWZXLP35EDXTIIUDREGNWHYMGHLAABCV,547753,42827994,CPIN Template 2018 - v3,en,PDF
"uk,gov,service,publishing,assets)/government/uploads/system/uploads/attachment_data/file/674967/afghanistan_-_westernised_returnees_-_cpin_-_v1.0.pdf",20200322162636,https://assets.publishing.service.gov.uk/government/uploads/system/uploads/attachment_data/file/674967/Afghanistan_-_Westernised_Returnees_-_CPIN_-_v1.0.pdf,assets.publishing.service.gov.uk,application/pdf,FTXA2IXGTD26UUWCA6276AL4LBCBPOQ4,612623,435569549,Afghanistan - Westernised Returnees - CPIN - v1.0 (DRAFT),en,PDF
"com,amazonaws,s3,moj-tribunals-documents-prod)/decision/pdf_file/59002/pa025742017.pdf",20191202184415,https://moj-tribunals-documents-prod.s3.amazonaws.com/decision/pdf_file/59002/PA025742017.pdf,moj-tribunals-documents-prod.s3.amazonaws.com,application/pdf,2EUTL3XMGHPCX5KTC3UH62Y7USHDRJ5Y,87664,325786699,PA025742017.pdf,en,PDF
"com,amazonaws,s3,moj-tribunals-documents-prod)/decision/pdf_file/58748/pa075692017.pdf",20191202195230,https://moj-tribunals-documents-prod.s3.amazonaws.com/decision/pdf_file/58748/PA075692017.pdf,moj-tribunals-documents-prod.s3.amazonaws.com,application/pdf,65QTGDWSYAPFGIT5QS4ZUAA5KOF74ZGX,96791,457711234,PA075692017.pdf,en,PDF
"com,amazonaws,s3,moj-tribunals-documents-prod)/decision/pdf_file/67424/pa065392017.pdf",20191202212442,https://moj-tribunals-documents-prod.s3.amazonaws.com/decision/pdf_file/67424/PA065392017.pdf,moj-tribunals-documents-prod.s3.amazonaws.com,application/pdf,L7BU22J5Y5GZVZESURHTUIF3SIRNX2VH,102165,359859593,PA065392017.pdf,en,PDF
"uk,gov,service,publishing,assets)/government/uploads/system/uploads/attachment_data/file/1025797/afg_cpin_unaccompanied_children.pdf",20211020003037,https://assets.publishing.service.gov.uk/government/uploads/system/uploads/attachment_data/file/1025797/AFG_CPIN_Unaccompanied_children.pdf,assets.publishing.service.gov.uk,application/pdf,6NSOL5NLTAJJJSMF3CTCHIFLU5B32WIW,493111,826117,AFG CPIN Unaccompanied children,en,PDF
"com,amazonaws,s3,moj-tribunals-documents-prod)/decision/pdf_file/70754/pa092782019.pdf",20210601125853,https://moj-tribunals-documents-prod.s3.amazonaws.com/decision/pdf_file/70754/PA092782019.pdf,moj-tribunals-documents-prod.s3.amazonaws.com,application/pdf,Y643M3BQSEGKL5MQIVPNGA4R2GUMIWDO,91936,477553913,PA092782019.pdf,en,PDF
"uk,gov,service,publishing,assets)/government/uploads/system/uploads/attachment_data/file/619683/turkey_-_sogi_-_cpin_-_v2_0__june_2017_.pdf",20210826080625,https://assets.publishing.service.gov.uk/government/uploads/system/uploads/attachment_data/file/619683/Turkey_-_SOGI_-_CPIN_-_v2_0__June_2017_.pdf,assets.publishing.service.gov.uk,application/pdf,TMNMSSQA7ZXUAC4SRI7K5QMB4B5PHAOR,339796,432674956,Turkey - SOGI - CPIN - v2.0 (June 2017),en,PDF
"uk,ac,ref,results2021)/impact/4d427ba1-2b61-46d1-9789-6cbbe68babc4/pdf",20240105071117,https://results2021.ref.ac.uk/impact/4d427ba1-2b61-46d1-9789-6cbbe68babc4/pdf,results2021.ref.ac.uk,application/pdf,W7PCH5NPPRMSLIDR35GQ7VHQDSS3YSZ7,243568,403849377,pdf,en,PDF
"com,amazonaws,s3,moj-tribunals-documents-prod)/decision/pdf_file/65245/pa043542018.pdf",20231201071439,https://moj-tribunals-documents-prod.s3.amazonaws.com/decision/pdf_file/65245/PA043542018.pdf,moj-tribunals-documents-prod.s3.amazonaws.com,application/pdf,4JUAXFP3QBBPEQQRKV6EML7VUVR4A7KN,104342,160516669,PA043542018.pdf,en,PDF
"com,amazonaws,s3,moj-tribunals-documents-prod)/decision/pdf_file/58419/pa009802017.pdf",20231201073548,https://moj-tribunals-documents-prod.s3.amazonaws.com/decision/pdf_file/58419/PA009802017.pdf,moj-tribunals-documents-prod.s3.amazonaws.com,application/pdf,4DYCQLIWHLAOIYDMG54WAS7CKSRDRNVW,78092,325821369,PA009802017.pdf,en,PDF
"com,amazonaws,s3,moj-tribunals-documents-prod)/decision/pdf_file/56053/pa077732016.pdf",20230601122306,https://moj-tribunals-documents-prod.s3.amazonaws.com/decision/pdf_file/56053/PA077732016.pdf,moj-tribunals-documents-prod.s3.amazonaws.com,application/pdf,EAY6M6PB7I6OMFUGILASG7P74WPWQ37J,71446,465081393,PA077732016.pdf,en,PDF
"com,amazonaws,s3,moj-tribunals-documents-prod)/decision/pdf_file/71112/pa029442019.pdf",20231201070506,https://moj-tribunals-documents-prod.s3.amazonaws.com/decision/pdf_file/71112/PA029442019.pdf,moj-tribunals-documents-prod.s3.amazonaws.com,application/pdf,K7UPMERABCSKF4BO7CDURW5JMZRUXIOF,83649,344311968,PA029442019.pdf,en,PDF
"uk,gov,service,publishing,assets)/media/625ed367e90e0729f6bf826d/afg_cpin_security_situation.pdf",20240119224248,https://assets.publishing.service.gov.uk/media/625ed367e90e0729f6bf826d/AFG_CPIN_Security_situation.pdf,assets.publishing.service.gov.uk,application/pdf,VYO5J27K6B7TFOHGH3JNHEX66BU5E6ZC,424723,296551835,AFG CPIN Security situation,en,PDF
"uk,gov,service,publishing,assets)/government/uploads/system/uploads/attachment_data/file/1069651/afg_cpin_security_situation.pdf",20231203204719,https://assets.publishing.service.gov.uk/government/uploads/system/uploads/attachment_data/file/1069651/AFG_CPIN_Security_situation.pdf,assets.publishing.service.gov.uk,application/pdf,VYO5J27K6B7TFOHGH3JNHEX66BU5E6ZC,424692,492568541,AFG CPIN Security situation,en,PDF
"uk,gov,service,publishing,assets)/government/uploads/system/uploads/attachment_data/file/801730/cpin-ukraine-actors-of-protection-v.0.1.pdf",20200405084948,https://assets.publishing.service.gov.uk/government/uploads/system/uploads/attachment_data/file/801730/CPIN-Ukraine-Actors-of-protection-v.0.1.pdf,assets.publishing.service.gov.uk,application/pdf,5SMTDSEBLTT6ANCEPGB6BWZSM5HH6FNK,714309,261352753,CPIN - Ukraine - Actors of protection - v.0.1,en,PDF
"uk,gov,service,publishing,assets)/government/uploads/system/uploads/attachment_data/file/1073765/irn_cpin_illegal_exit.pdf",20230705034429,https://assets.publishing.service.gov.uk/government/uploads/system/uploads/attachment_data/file/1073765/IRN_CPIN_Illegal_exit.pdf,assets.publishing.service.gov.uk,application/pdf,OQEWXJDSHMQEZ77LTN7VMNMPC3XSXP2N,361698,114630425,IRN CPIN Illegal exit,en,PDF
"uk,gov,service,publishing,assets)/media/65e71a547bc3290adab8c20f/sdn+cpin+humanitarian+situation__1_.pdf",20240309051945,https://assets.publishing.service.gov.uk/media/65e71a547bc3290adab8c20f/SDN+CPIN+Humanitarian+Situation__1_.pdf,assets.publishing.service.gov.uk,application/pdf,D2EGQCK4UFCMW6J46TUHNTM23NKMI3DN,1395534,289178671,SDN CPIN Humanitarian Situation,en,PDF
"com,amazonaws,s3,moj-tribunals-documents-prod)/decision/pdf_file/66683/hu168072018.pdf",20191202171351,https://moj-tribunals-documents-prod.s3.amazonaws.com/decision/pdf_file/66683/HU168072018.pdf,moj-tribunals-documents-prod.s3.amazonaws.com,application/pdf,L2GIIXHEQZG7SJAMFHLNOKBBMQAYA3TU,108704,464961124,HU168072018.pdf,en,PDF
"com,amazonaws,s3,moj-tribunals-documents-prod)/decision/pdf_file/68136/pa113672018.pdf",20210601125600,https://moj-tribunals-documents-prod.s3.amazonaws.com/decision/pdf_file/68136/PA113672018.pdf,moj-tribunals-documents-prod.s3.amazonaws.com,application/pdf,2JOI65V2MNFZAFNMP4355V34SG6K3N6K,102810,429065075,PA113672018.pdf,en,PDF
"com,amazonaws,s3,moj-tribunals-documents-prod)/decision/pdf_file/65934/pa011932018.pdf",20191202172353,https://moj-tribunals-documents-prod.s3.amazonaws.com/decision/pdf_file/65934/PA011932018.pdf,moj-tribunals-documents-prod.s3.amazonaws.com,application/pdf,LCGDIHIBLFFX333M5GLYVPB6FZIT3I6X,103580,66595634,PA011932018.pdf,en,PDF
"com,amazonaws,s3,moj-tribunals-documents-prod)/decision/pdf_file/58234/da008642010.pdf",20191202192246,https://moj-tribunals-documents-prod.s3.amazonaws.com/decision/pdf_file/58234/DA008642010.pdf,moj-tribunals-documents-prod.s3.amazonaws.com,application/pdf,GHAAD6OUGJZT6PM2YYUVGUJEJTIU2GDD,136797,180521627,DA008642010.pdf,en,PDF
"uk,gov,service,publishing,assets)/media/65e079e97bc329001ab8c195/inspection_report_on_home_office_country_of_origin_information__albania_and_pakistan__october_2023.pdf",20240308021225,https://assets.publishing.service.gov.uk/media/65e079e97bc329001ab8c195/Inspection_report_on_Home_Office_country_of_origin_information__Albania_and_Pakistan__October_2023.pdf,assets.publishing.service.gov.uk,application/pdf,Q5G5H3HX5AI2WBNOLOPOMQRPJRLUAUR6,831820,429298174,"Inspection report on Home Office country of origin information, Albania and Pakistan",en,PDF
"uk,gov,service,publishing,assets)/government/uploads/system/uploads/attachment_data/file/1088891/egy_country_background_note.pdf",20230802110701,https://assets.publishing.service.gov.uk/government/uploads/system/uploads/attachment_data/file/1088891/EGY_Country_background_note.pdf,assets.publishing.service.gov.uk,application/pdf,GUVMLWRW7TVNKIKI2PQXXASINR3OCLRK,508767,447112242,EGY Country background note,en,PDF
"com,amazonaws,s3,moj-tribunals-documents-prod)/decision/pdf_file/58748/pa075692017.pdf",20210601125104,https://moj-tribunals-documents-prod.s3.amazonaws.com/decision/pdf_file/58748/PA075692017.pdf,moj-tribunals-documents-prod.s3.amazonaws.com,application/pdf,65QTGDWSYAPFGIT5QS4ZUAA5KOF74ZGX,96791,356496629,PA075692017.pdf,en,PDF
"uk,gov,service,publishing,assets)/government/uploads/system/uploads/attachment_data/file/589162/government_response_-_ho_to_ici_-_november_2016_inspection_of_coi.pdf",20230903094123,https://assets.publishing.service.gov.uk/government/uploads/system/uploads/attachment_data/file/589162/Government_response_-_HO_to_ICI_-_November_2016_Inspection_of_COI.pdf,assets.publishing.service.gov.uk,application/pdf,NWFSOA4ZE4UY2TTBWJ6T6XGMN23ARQ7W,165623,483484444,Government_response_-_HO_to_ICI_-_November_2016_Inspection_of_COI.pdf,en,PDF
"uk,gov,service,publishing,assets)/government/uploads/system/uploads/attachment_data/file/772988/india-ifa-cpin-v1.0__jan_2019_.pdf",20230705111105,https://assets.publishing.service.gov.uk/government/uploads/system/uploads/attachment_data/file/772988/India-IFA-CPIN-v1.0__Jan_2019_.pdf,assets.publishing.service.gov.uk,application/pdf,KWS6K4HFPUWPZ54CLXDE2BNGRAKPU3EJ,637240,385910660,India - IFA - CPIN - v1.0 (DRAFT),en,PDF
"uk,gov,service,publishing,assets)/government/uploads/system/uploads/attachment_data/file/633343/egypt_-_background_-_cpin_-_v2.0__july_2017_.pdf",20210406182443,https://assets.publishing.service.gov.uk/government/uploads/system/uploads/attachment_data/file/633343/Egypt_-_Background_-_CPIN_-_v2.0__July_2017_.pdf,assets.publishing.service.gov.uk,application/pdf,INLNRWRTKLYKCNEIBKVJ6H7KOHI7KAN3,540649,336329567,Egypt - Background - CPIN - v2.0 (July 2017),en,PDF
"com,amazonaws,s3,moj-tribunals-documents-prod)/decision/pdf_file/64718/pa048072018___pa064052018.pdf",20231201071910,https://moj-tribunals-documents-prod.s3.amazonaws.com/decision/pdf_file/64718/PA048072018___PA064052018.pdf,moj-tribunals-documents-prod.s3.amazonaws.com,application/pdf,S72A3QNXZ64PMLVHJVYNOWGDOUKLY6ZQ,81435,301340960,PA048072018___PA064052018.pdf,en,PDF
"com,amazonaws,s3,moj-tribunals-documents-prod)/decision/pdf_file/55960/pa074532016.pdf",20230601125351,https://moj-tribunals-documents-prod.s3.amazonaws.com/decision/pdf_file/55960/PA074532016.pdf,moj-tribunals-documents-prod.s3.amazonaws.com,application/pdf,TX77W4JMK2BATWY5JXZCUOVJ3EM7BEIT,78696,408879017,PA074532016.pdf,en,PDF
"uk,gov,service,publishing,assets)/government/uploads/system/uploads/attachment_data/file/1069651/afg_cpin_security_situation.pdf",20220504205554,https://assets.publishing.service.gov.uk/government/uploads/system/uploads/attachment_data/file/1069651/AFG_CPIN_Security_situation.pdf,assets.publishing.service.gov.uk,application/pdf,VYO5J27K6B7TFOHGH3JNHEX66BU5E6ZC,424785,141139994,AFG CPIN Security situation,en,PDF
"com,amazonaws,s3,moj-tribunals-documents-prod)/decision/pdf_file/57137/pa096542016.pdf",20221201141422,https://moj-tribunals-documents-prod.s3.amazonaws.com/decision/pdf_file/57137/PA096542016.pdf,moj-tribunals-documents-prod.s3.amazonaws.com,application/pdf,3FUSK6WR46GNJZNOB2OPNKV34FF6UB5T,58863,125234916,PA096542016.pdf,en,PDF
"uk,gov,service,publishing,assets)/government/uploads/system/uploads/attachment_data/file/679718/bangladesh_-_background_-_cpin_v2.0__january_2018__pdf.pdf",20200207200400,https://assets.publishing.service.gov.uk/government/uploads/system/uploads/attachment_data/file/679718/Bangladesh_-_Background_-_CPIN_v2.0__January_2018__pdf.pdf,assets.publishing.service.gov.uk,application/pdf,BEGZTOUQHLS5YE3UO7N5TT33VA5WE2PA,711728,396798180,Bangladesh - Background - CPIN v2.0 (January 2018),en,PDF
"com,amazonaws,s3,moj-tribunals-documents-prod)/decision/pdf_file/63193/pa134062017.pdf",20191202183008,https://moj-tribunals-documents-prod.s3.amazonaws.com/decision/pdf_file/63193/PA134062017.pdf,moj-tribunals-documents-prod.s3.amazonaws.com,application/pdf,GI6OKUKQPCCB3HM4MWWVE3TCL627OY33,94225,195594661,PA134062017.pdf,en,PDF
"uk,gov,service,publishing,assets)/government/uploads/system/uploads/attachment_data/file/1001418/pakistan-shia_muslims-cpin-v3.0_july_2021_.pdf",20231111064315,https://assets.publishing.service.gov.uk/government/uploads/system/uploads/attachment_data/file/1001418/Pakistan-Shia_Muslims-CPIN-v3.0_July_2021_.pdf,assets.publishing.service.gov.uk,application/pdf,FRRYKWACDNX2WJW2V6ZUHXLO65UKHNER,507489,186916000,Pakistan-Shia Muslims-CPIN-v3.0(July 2021),en,PDF
"uk,gov,service,publishing,assets)/government/uploads/system/uploads/attachment_data/file/946656/somalia_-_background_note_-_cpin_-_v1.0__gov.uk_.pdf",20230804003800,https://assets.publishing.service.gov.uk/government/uploads/system/uploads/attachment_data/file/946656/Somalia_-_background_note_-_CPIN_-_v1.0__GOV.UK_.pdf,assets.publishing.service.gov.uk,application/pdf,JALGFXR4AIDOHOPSSSOQG52PL2V5JTZH,1032174,201436557,Country background note: Somalia,en,PDF
"com,amazonaws,s3,moj-tribunals-documents-prod)/decision/pdf_file/63002/pa056112018.pdf",20191202181714,https://moj-tribunals-documents-prod.s3.amazonaws.com/decision/pdf_file/63002/PA056112018.pdf,moj-tribunals-documents-prod.s3.amazonaws.com,application/pdf,5CULTQQLWU6FBTVRY5EXMVXQTUNXQ7WO,86500,73893098,PA056112018.pdf,en,PDF
"com,amazonaws,s3,moj-tribunals-documents-prod)/decision/pdf_file/55799/pa113102016.pdf",20191202212704,https://moj-tribunals-documents-prod.s3.amazonaws.com/decision/pdf_file/55799/PA113102016.pdf,moj-tribunals-documents-prod.s3.amazonaws.com,application/pdf,QVZUMVGT4VKVUIELVL4YVYMFOHG5YWLQ,78441,385236926,PA113102016.pdf,en,PDF
"com,amazonaws,s3,moj-tribunals-documents-prod)/decision/pdf_file/62096/pa042312018.pdf",20191202215542,https://moj-tribunals-documents-prod.s3.amazonaws.com/decision/pdf_file/62096/PA042312018.pdf,moj-tribunals-documents-prod.s3.amazonaws.com,application/pdf,ZNZ7UR42GCNDUMXGKK6VTIHKFP36OUQK,133011,162896442,PA042312018.pdf,en,PDF
"uk,gov,service,publishing,assets)/media/60ed55a1d3bf7f568160ecc0/pakistan-shia_muslims-cpin-v3.0_july_2021_.pdf",20240107161337,https://assets.publishing.service.gov.uk/media/60ed55a1d3bf7f568160ecc0/Pakistan-Shia_Muslims-CPIN-v3.0_July_2021_.pdf,assets.publishing.service.gov.uk,application/pdf,FRRYKWACDNX2WJW2V6ZUHXLO65UKHNER,507477,401655446,Pakistan-Shia Muslims-CPIN-v3.0(July 2021),en,PDF
"com,amazonaws,s3,moj-tribunals-documents-prod)/decision/pdf_file/63019/pa039772018.pdf",20191202210023,https://moj-tribunals-documents-prod.s3.amazonaws.com/decision/pdf_file/63019/PA039772018.pdf,moj-tribunals-documents-prod.s3.amazonaws.com,application/pdf,KVJDGKHLNIKUWDT7HPRFB3I6P2CEDLMN,269592,114037510,PA039772018.pdf,en,PDF
"uk,gov,service,publishing,assets)/government/uploads/system/uploads/attachment_data/file/749003/bangladesh-rel_mins_and_athiests-cpin-v2.0__october_2018_.pdf",20200509172612,https://assets.publishing.service.gov.uk/government/uploads/system/uploads/attachment_data/file/749003/Bangladesh-Rel_Mins_and_Athiests-CPIN-v2.0__October_2018_.pdf,assets.publishing.service.gov.uk,application/pdf,UTU3IVXXHL6S6UTPAVBGTXQW7YZGGO26,945263,9370056,Bangladesh - Rel Mins and Athiests - CPIN - v2.0 (October 2018),en,PDF
"uk,gov,service,publishing,assets)/media/682449e1eef73e50f3644aec/chn+cpin+non-christian+religious+groups.pdf",20250612202109,https://assets.publishing.service.gov.uk/media/682449e1eef73e50f3644aec/CHN+CPIN+Non-Christian+religious+groups.pdf,assets.publishing.service.gov.uk,application/pdf,YSA6JYUTHROWPE4BFQ2WBM7FWJJOTONM,1093219,55338304,CHN CPIN Non-Christian religious groups,en,PDF
"uk,gov,service,publishing,assets)/media/5fe097b18fa8f5148af85a42/somalia_-_background_note_-_cpin_-_v1.0__gov.uk_.pdf",20240305091204,https://assets.publishing.service.gov.uk/media/5fe097b18fa8f5148af85a42/Somalia_-_background_note_-_CPIN_-_v1.0__GOV.UK_.pdf,assets.publishing.service.gov.uk,application/pdf,JALGFXR4AIDOHOPSSSOQG52PL2V5JTZH,1032206,64792512,Country background note: Somalia,en,PDF
"uk,gov,service,publishing,assets)/media/627554ecd3bf7f5e3213c442/irn_cpin_illegal_exit.pdf",20250606083232,https://assets.publishing.service.gov.uk/media/627554ecd3bf7f5e3213c442/IRN_CPIN_Illegal_exit.pdf,assets.publishing.service.gov.uk,application/pdf,OQEWXJDSHMQEZ77LTN7VMNMPC3XSXP2N,361735,460109607,IRN CPIN Illegal exit,en,PDF
"uk,gov)/government/uploads/system/uploads/attachment_data/file/600439/libya_-_gaddafi_supporters_-_cpin_-_v2.0__march_2017_.pdf",20170428051314,https://www.gov.uk/government/uploads/system/uploads/attachment_data/file/600439/Libya_-_Gaddafi_Supporters_-_CPIN_-_v2.0__March_2017_.pdf,www.gov.uk,application/pdf,4TC7RAGSMEY7COMBOLOTNNEAWWLMWYS4,314230,39685244,Libya - Gaddafi Supporters - CPIN - v2.0 (March 2017),en,PDF
"uk,gov,service,publishing,assets)/government/uploads/system/uploads/attachment_data/file/896134/albania_-_trafficking_-_cpin_-_v9.0__june_2020_.pdf",20210210163829,https://assets.publishing.service.gov.uk/government/uploads/system/uploads/attachment_data/file/896134/Albania_-_Trafficking_-_CPIN_-_v9.0__June_2020_.pdf,assets.publishing.service.gov.uk,application/pdf,Y2VNDDKI762BURIFRE3RVOVLSSAODMSD,742254,298056501,Albania - Trafficking - CPIN - v8.0 (March 2019),en,PDF
"uk,gov,service,publishing,assets)/government/uploads/system/uploads/attachment_data/file/891387/kenya_-_background_note_-_cpin_-_v2.0__gov.uk_.pdf",20211217123915,https://assets.publishing.service.gov.uk/government/uploads/system/uploads/attachment_data/file/891387/Kenya_-_Background_Note_-_CPIN_-_v2.0__GOV.UK_.pdf,assets.publishing.service.gov.uk,application/pdf,6AC5MYCRWQY57O2XBNQVRBPJ6F3QBR3T,1069722,202152499,CPIN Template 2018 - v3,en,PDF
"com,amazonaws,s3,moj-tribunals-documents-prod)/decision/pdf_file/54254/pa132632016.pdf",20221201133223,https://moj-tribunals-documents-prod.s3.amazonaws.com/decision/pdf_file/54254/PA132632016.pdf,moj-tribunals-documents-prod.s3.amazonaws.com,application/pdf,VRHMUOKDNQY37KJBV5GNP5DKHLJZSZRD,65501,383376164,PA132632016.pdf,en,PDF
"com,amazonaws,s3,moj-tribunals-documents-prod)/decision/pdf_file/65304/pa034542018.pdf",20191202205637,https://moj-tribunals-documents-prod.s3.amazonaws.com/decision/pdf_file/65304/PA034542018.pdf,moj-tribunals-documents-prod.s3.amazonaws.com,application/pdf,AGHKKX3UFB5TRYRMG5OG4N7PPCIGVTSA,110655,78033009,PA034542018.pdf,en,PDF
"com,amazonaws,s3,moj-tribunals-documents-prod)/decision/pdf_file/65694/hu144462016.pdf",20191202173135,https://moj-tribunals-documents-prod.s3.amazonaws.com/decision/pdf_file/65694/HU144462016.pdf,moj-tribunals-documents-prod.s3.amazonaws.com,application/pdf,NQ3QDQ3VYQXMRUYXWYXESW62U3PAQDG7,98171,144365191,HU144462016.pdf,en,PDF
"com,amazonaws,s3,moj-tribunals-documents-prod)/decision/pdf_file/55960/pa074532016.pdf",20200901135615,https://moj-tribunals-documents-prod.s3.amazonaws.com/decision/pdf_file/55960/PA074532016.pdf,moj-tribunals-documents-prod.s3.amazonaws.com,application/pdf,TX77W4JMK2BATWY5JXZCUOVJ3EM7BEIT,78699,470702967,PA074532016.pdf,en,PDF
"com,amazonaws,s3,moj-tribunals-documents-prod)/decision/pdf_file/66134/pa061452018.pdf",20191202174221,https://moj-tribunals-documents-prod.s3.amazonaws.com/decision/pdf_file/66134/PA061452018.pdf,moj-tribunals-documents-prod.s3.amazonaws.com,application/pdf,PHGD4SEDGPYAWJCOZZI5JCJZSFWFIJDI,90567,244017641,PA061452018.pdf,en,PDF
"com,amazonaws,s3,moj-tribunals-documents-prod)/decision/pdf_file/62817/pa080972017.pdf",20190603163911,https://moj-tribunals-documents-prod.s3.amazonaws.com/decision/pdf_file/62817/PA080972017.pdf,moj-tribunals-documents-prod.s3.amazonaws.com,application/pdf,VQFWA7YHCSQJKLXZEA5OF7IK7VVXBN3X,94223,56534060,PA080972017.pdf,en,PDF
"com,amazonaws,s3,moj-tribunals-documents-prod)/decision/pdf_file/57137/pa096542016.pdf",20200901135708,https://moj-tribunals-documents-prod.s3.amazonaws.com/decision/pdf_file/57137/PA096542016.pdf,moj-tribunals-documents-prod.s3.amazonaws.com,application/pdf,3FUSK6WR46GNJZNOB2OPNKV34FF6UB5T,58867,484181996,PA096542016.pdf,en,PDF
"uk,gov,service,publishing,assets)/government/uploads/system/uploads/attachment_data/file/1001418/pakistan-shia_muslims-cpin-v3.0_july_2021_.pdf",20220326085126,https://assets.publishing.service.gov.uk/government/uploads/system/uploads/attachment_data/file/1001418/Pakistan-Shia_Muslims-CPIN-v3.0_July_2021_.pdf,assets.publishing.service.gov.uk,application/pdf,FRRYKWACDNX2WJW2V6ZUHXLO65UKHNER,507598,107915993,Pakistan-Shia Muslims-CPIN-v3.0(July 2021),en,PDF
"com,amazonaws,s3,moj-tribunals-documents-prod)/decision/pdf_file/68844/pa045472019.pdf",20221201133220,https://moj-tribunals-documents-prod.s3.amazonaws.com/decision/pdf_file/68844/PA045472019.pdf,moj-tribunals-documents-prod.s3.amazonaws.com,application/pdf,ZKVR6YOROQ4PVJMF2BVGMJPIBVHJANAX,78174,381919790,PA045472019.pdf,en,PDF
"uk,gov,service,publishing,assets)/government/uploads/system/uploads/attachment_data/file/1071564/inspection_report_on_country_of_origin_information__ethiopia__iran_and_zimbabwe_january_2022.pdf",20230705081806,https://assets.publishing.service.gov.uk/government/uploads/system/uploads/attachment_data/file/1071564/Inspection_Report_on_Country_of_Origin_Information__Ethiopia__Iran_and_Zimbabwe_January_2022.pdf,assets.publishing.service.gov.uk,application/pdf,OWAV23EHESYGS6AOULTWWYZRJZJCCWJ3,936307,252835429,"Inspection Report of Country of Origin Information, Ethiopia, Iran and Zimbabwe",en,PDF
"uk,gov,service,publishing,assets)/media/62691502d3bf7f55cd2bf1fd/inspection_report_on_country_of_origin_information__ethiopia__iran_and_zimbabwe_january_2022.pdf",20250605091055,https://assets.publishing.service.gov.uk/media/62691502d3bf7f55cd2bf1fd/Inspection_Report_on_Country_of_Origin_Information__Ethiopia__Iran_and_Zimbabwe_January_2022.pdf,assets.publishing.service.gov.uk,application/pdf,OWAV23EHESYGS6AOULTWWYZRJZJCCWJ3,936345,128006160,"Inspection Report of Country of Origin Information, Ethiopia, Iran and Zimbabwe",en,PDF
"com,amazonaws,s3,moj-tribunals-documents-prod)/decision/pdf_file/68316/pa070332018.pdf",20231201070837,https://moj-tribunals-documents-prod.s3.amazonaws.com/decision/pdf_file/68316/PA070332018.pdf,moj-tribunals-documents-prod.s3.amazonaws.com,application/pdf,2PXZ4AKJUE6XGY6TLQWVJCLXCZMJQ4PA,83141,460197069,PA070332018.pdf,en,PDF
"com,amazonaws,s3,moj-tribunals-documents-prod)/decision/pdf_file/70958/pa080822019___pa112702019.pdf",20231201070447,https://moj-tribunals-documents-prod.s3.amazonaws.com/decision/pdf_file/70958/PA080822019___PA112702019.pdf,moj-tribunals-documents-prod.s3.amazonaws.com,application/pdf,PLADPX2XPLA5H2IOIOTPE65WT3UU3RI5,82688,333625928,PA080822019___PA112702019.pdf,en,PDF
"com,amazonaws,s3,moj-tribunals-documents-prod)/decision/pdf_file/65578/pa120112017.pdf",20231201071503,https://moj-tribunals-documents-prod.s3.amazonaws.com/decision/pdf_file/65578/PA120112017.pdf,moj-tribunals-documents-prod.s3.amazonaws.com,application/pdf,IIMCONQEY7Z33X2WF3Z2BRLHKZPM26TP,66553,173074194,PA120112017.pdf,en,PDF
"uk,gov,service,publishing,assets)/government/uploads/system/uploads/attachment_data/file/1111985/inspection_report_on_country_of_origin_information__afghanistan_and_china_june_2022.pdf",20231109225125,https://assets.publishing.service.gov.uk/government/uploads/system/uploads/attachment_data/file/1111985/Inspection_Report_on_Country_of_Origin_Information__Afghanistan_and_China_June_2022.pdf,assets.publishing.service.gov.uk,application/pdf,GDAP56FD2FAYZJRZ2Y6NBDWCMBTOPWGO,1225440,498398972,Inpection of Country of Origin Information,en,PDF
"com,amazonaws,s3,moj-tribunals-documents-prod)/decision/pdf_file/57032/pa065212016.pdf",20221201152311,https://moj-tribunals-documents-prod.s3.amazonaws.com/decision/pdf_file/57032/PA065212016.pdf,moj-tribunals-documents-prod.s3.amazonaws.com,application/pdf,LVQGGIYE5KKFZXHZE2ALXPWGQEW4HXDI,63704,181928074,PA065212016.pdf,en,PDF
"uk,gov,service,publishing,assets)/government/uploads/system/uploads/attachment_data/file/695261/cpin_-_china_-_double_jeopardy_-_v2.0.pdf",20210824024746,https://assets.publishing.service.gov.uk/government/uploads/system/uploads/attachment_data/file/695261/CPIN_-_China_-_Double_jeopardy_-_v2.0.pdf,assets.publishing.service.gov.uk,application/pdf,GGVTM4CZPLDFBGWJ5ZEPQOLATIN3GT4H,607322,477491434,CPIN Template 2018,en,PDF
"com,amazonaws,s3,moj-tribunals-documents-prod)/decision/pdf_file/57775/aa003202016.pdf",20221201150110,https://moj-tribunals-documents-prod.s3.amazonaws.com/decision/pdf_file/57775/AA003202016.pdf,moj-tribunals-documents-prod.s3.amazonaws.com,application/pdf,WM73BQFPEKF22GYJEBYTFPMUJRZWG3GD,83291,16364848,AA003202016.pdf,en,PDF
"uk,gov,service,publishing,assets)/government/uploads/system/uploads/attachment_data/file/1078968/som_cpin_security_and_humanitarian_situation_in_mogadishu.pdf",20240416114752,https://assets.publishing.service.gov.uk/government/uploads/system/uploads/attachment_data/file/1078968/SOM_CPIN_Security_and_humanitarian_situation_in_Mogadishu.pdf,assets.publishing.service.gov.uk,application/pdf,KMTLH2D2A46DV2LBQZHH7G3YALPHTMTI,1218475,291408670,SOM CPIN Security and humanitarian situation in Mogadishu,en,PDF
"uk,gov,service,publishing,assets)/media/634fa8698fa8f5346c39bb6e/inspection_report_on_country_of_origin_information__afghanistan_and_china_june_2022.pdf",20240305075023,https://assets.publishing.service.gov.uk/media/634fa8698fa8f5346c39bb6e/Inspection_Report_on_Country_of_Origin_Information__Afghanistan_and_China_June_2022.pdf,assets.publishing.service.gov.uk,application/pdf,GDAP56FD2FAYZJRZ2Y6NBDWCMBTOPWGO,1225464,364359596,Inpection of Country of Origin Information,en,PDF
"uk,gov,service,publishing,assets)/government/uploads/system/uploads/attachment_data/file/1069647/afg_cpin_fear_of_the_taliban.pdf",20240804013529,https://assets.publishing.service.gov.uk/government/uploads/system/uploads/attachment_data/file/1069647/AFG_CPIN_Fear_of_the_Taliban.pdf,assets.publishing.service.gov.uk,application/pdf,WNNXVZFSMIN5PAHJQQB5V75A5SJJLLGS,788431,232326928,AFG CPIN Fear of the Taliban,en,PDF
"uk,gov,service,publishing,assets)/media/62cd9aafe90e077486c19b9b/irn_cpin_zina.pdf",20250606081057,https://assets.publishing.service.gov.uk/media/62cd9aafe90e077486c19b9b/IRN_CPIN_Zina.pdf,assets.publishing.service.gov.uk,application/pdf,HQTJ6YWNPYE43CTFO2YACL3VP62GXRCA,349652,295963818,IRN CPIN Zina,en,PDF
"com,amazonaws,s3,moj-tribunals-documents-prod)/decision/pdf_file/72060/hu097512019.pdf",20210601155438,https://moj-tribunals-documents-prod.s3.amazonaws.com/decision/pdf_file/72060/HU097512019.pdf,moj-tribunals-documents-prod.s3.amazonaws.com,application/pdf,SWDLG27IPNODIK6ZZE632ULSKFKA55E5,107772,380790234,HU097512019.pdf,en,PDF
"uk,gov,service,publishing,assets)/media/628f61c4e90e07039944ec22/som_cpin_security_and_humanitarian_situation_in_mogadishu.pdf",20240305091326,https://assets.publishing.service.gov.uk/media/628f61c4e90e07039944ec22/SOM_CPIN_Security_and_humanitarian_situation_in_Mogadishu.pdf,assets.publishing.service.gov.uk,application/pdf,KMTLH2D2A46DV2LBQZHH7G3YALPHTMTI,1218459,322301255,SOM CPIN Security and humanitarian situation in Mogadishu,en,PDF
"uk,gov,service,publishing,assets)/media/5a80ec4ced915d74e33fd2b5/government_response_-_ho_to_ici_-_november_2016_inspection_of_coi.pdf",20250606094425,https://assets.publishing.service.gov.uk/media/5a80ec4ced915d74e33fd2b5/Government_response_-_HO_to_ICI_-_November_2016_Inspection_of_COI.pdf,assets.publishing.service.gov.uk,application/pdf,NWFSOA4ZE4UY2TTBWJ6T6XGMN23ARQ7W,165659,166290039,Government_response_-_HO_to_ICI_-_November_2016_Inspection_of_COI.pdf,en,PDF
"uk,gov,service,publishing,assets)/media/5d554e28ed915d08d586a296/636_civil_documentation__for_idps.pdf",20211226042050,https://assets.publishing.service.gov.uk/media/5d554e28ed915d08d586a296/636_Civil_Documentation__for_IDPs.pdf,assets.publishing.service.gov.uk,application/pdf,7RG4HFXDNMPZ22ESTHDDSPV4HI4PZTIE,737223,295282136,636_Civil_Documentation__for_IDPs.pdf,en,PDF
"com,amazonaws,s3,moj-tribunals-documents-prod)/decision/pdf_file/75072/pa112352019.pdf",20231201065424,https://moj-tribunals-documents-prod.s3.amazonaws.com/decision/pdf_file/75072/PA112352019.pdf,moj-tribunals-documents-prod.s3.amazonaws.com,application/pdf,OHFLR6W4MRA7DA536O6ZVGUZ7UGN7BZF,86834,494495549,PA112352019.pdf,en,PDF
"com,amazonaws,s3,moj-tribunals-documents-prod)/decision/pdf_file/53591/pa036812016.pdf",20231201075620,https://moj-tribunals-documents-prod.s3.amazonaws.com/decision/pdf_file/53591/PA036812016.pdf,moj-tribunals-documents-prod.s3.amazonaws.com,application/pdf,LZZHKYHJR2KBZN6VYBTT7YKZJZBVZZOS,59574,477990162,PA036812016.pdf,en,PDF
"uk,gov,service,publishing,assets)/government/uploads/system/uploads/attachment_data/file/732019/turkey_-_pkk_-_cpin_-_v3.0__august_2018_.pdf",20200107052415,https://assets.publishing.service.gov.uk/government/uploads/system/uploads/attachment_data/file/732019/Turkey_-_PKK_-_CPIN_-_v3.0__August_2018_.pdf,assets.publishing.service.gov.uk,application/pdf,GINMRCYKA2CRC5G6FXBV6IAUXSOIHT4W,991422,455891780,Turkey - PKK - CPIN - v3.0 (August 2018),en,PDF
"com,amazonaws,s3,moj-tribunals-documents-prod)/decision/pdf_file/63713/hu013942018.pdf",20231201072249,https://moj-tribunals-documents-prod.s3.amazonaws.com/decision/pdf_file/63713/HU013942018.pdf,moj-tribunals-documents-prod.s3.amazonaws.com,application/pdf,HXUBGXGQMXPJVLFX5WXGNLEPGL3IPLK7,108932,414399730,HU013942018.pdf,en,PDF
"com,amazonaws,s3,moj-tribunals-documents-prod)/decision/pdf_file/63072/pa093532017.pdf",20191202175153,https://moj-tribunals-documents-prod.s3.amazonaws.com/decision/pdf_file/63072/PA093532017.pdf,moj-tribunals-documents-prod.s3.amazonaws.com,application/pdf,FZSXTVBQFTOUTQKDT6STVRX234GSTUD2,110523,333680215,PA093532017.pdf,en,PDF
"uk,ac,ids,opendocs)/opendocs/bitstream/handle/20.500.12413/14626/636_civil_documentation%20_for_idps.pdf?isallowed=y&sequence=1",20210602021523,https://opendocs.ids.ac.uk/opendocs/bitstream/handle/20.500.12413/14626/636_Civil_Documentation%20_for_IDPs.pdf?sequence=1&isAllowed=y,opendocs.ids.ac.uk,application/pdf,7RG4HFXDNMPZ22ESTHDDSPV4HI4PZTIE,737012,497049815,636_Civil_Documentation%20_for_IDPs.pdf?sequence=1&isAllowed=y,en,PDF
"uk,gov,service,publishing,assets)/government/uploads/system/uploads/attachment_data/file/1184540/cod+cpin+unsuccessful+asylum+seekers.pdf",20230918180128,https://assets.publishing.service.gov.uk/government/uploads/system/uploads/attachment_data/file/1184540/COD+CPIN+Unsuccessful+asylum+seekers.pdf,assets.publishing.service.gov.uk,application/pdf,SVPUUP3KNYGKXUG3QBXAMRTFOM3KJUKT,211892,2555362,COD CPIN unsuccessful asylum seekers,en,PDF
"uk,gov,service,publishing,assets)/government/uploads/system/uploads/attachment_data/file/1090091/irn_cpin_zina.pdf",20230705040236,https://assets.publishing.service.gov.uk/government/uploads/system/uploads/attachment_data/file/1090091/IRN_CPIN_Zina.pdf,assets.publishing.service.gov.uk,application/pdf,HQTJ6YWNPYE43CTFO2YACL3VP62GXRCA,349612,386473852,IRN CPIN Zina,en,PDF
"com,amazonaws,s3,moj-tribunals-documents-prod)/decision/pdf_file/75233/hu053362020.pdf",20231201065118,https://moj-tribunals-documents-prod.s3.amazonaws.com/decision/pdf_file/75233/HU053362020.pdf,moj-tribunals-documents-prod.s3.amazonaws.com,application/pdf,WQAOTV3FJEGJKMNKPAAB2ASAEU6Y6MMX,71461,380079553,HU053362020.pdf,en,PDF
"uk,gov,service,publishing,assets)/government/uploads/system/uploads/attachment_data/file/1069647/afg_cpin_fear_of_the_taliban.pdf",20230918205247,https://assets.publishing.service.gov.uk/government/uploads/system/uploads/attachment_data/file/1069647/AFG_CPIN_Fear_of_the_Taliban.pdf,assets.publishing.service.gov.uk,application/pdf,WNNXVZFSMIN5PAHJQQB5V75A5SJJLLGS,788391,108818223,AFG CPIN Fear of the Taliban,en,PDF
"com,amazonaws,s3,moj-tribunals-documents-prod)/decision/pdf_file/79116/ui-2022-005636.pdf",20231201063810,https://moj-tribunals-documents-prod.s3.amazonaws.com/decision/pdf_file/79116/UI-2022-005636.pdf,moj-tribunals-documents-prod.s3.amazonaws.com,application/pdf,2RBUSJJLP3O5VFRVMSA52DLV4MYVMO2J,104308,419338042,UI-2022-005636.pdf,en,PDF
"com,amazonaws,s3,moj-tribunals-documents-prod)/decision/pdf_file/57899/pa006382017.pdf",20231201073849,https://moj-tribunals-documents-prod.s3.amazonaws.com/decision/pdf_file/57899/PA006382017.pdf,moj-tribunals-documents-prod.s3.amazonaws.com,application/pdf,33USQE2CG3SSTPV53BM4TC4R7E66HL2I,71916,418920664,PA006382017.pdf,en,PDF
"com,amazonaws,s3,moj-tribunals-documents-prod)/decision/pdf_file/68991/pa023182019.pdf",20231201070140,https://moj-tribunals-documents-prod.s3.amazonaws.com/decision/pdf_file/68991/PA023182019.pdf,moj-tribunals-documents-prod.s3.amazonaws.com,application/pdf,LINF5EY6QGSL5C6H7H7D3HXEJKQ4GU37,85641,232806061,PA023182019.pdf,en,PDF
"com,amazonaws,s3,moj-tribunals-documents-prod)/decision/pdf_file/67943/pa122652018___pa122642018.pdf",20231201070715,https://moj-tribunals-documents-prod.s3.amazonaws.com/decision/pdf_file/67943/PA122652018___PA122642018.pdf,moj-tribunals-documents-prod.s3.amazonaws.com,application/pdf,MHRHL2RPKMFEDTCBIWGBC33E6IGPZ654,77090,414994638,PA122652018___PA122642018.pdf,en,PDF
"com,amazonaws,s3,moj-tribunals-documents-prod)/decision/pdf_file/65612/pa039502018.pdf",20231201071517,https://moj-tribunals-documents-prod.s3.amazonaws.com/decision/pdf_file/65612/PA039502018.pdf,moj-tribunals-documents-prod.s3.amazonaws.com,application/pdf,2TUXZ6A4FX46I2PLVML2WSQCET7NN3SM,74780,180314887,PA039502018.pdf,en,PDF
"uk,gov,service,publishing,assets)/government/uploads/system/uploads/attachment_data/file/1025794/afg_cpin_medical_and_healthcare.pdf",20211020003140,https://assets.publishing.service.gov.uk/government/uploads/system/uploads/attachment_data/file/1025794/AFG_CPIN_Medical_and_healthcare.pdf,assets.publishing.service.gov.uk,application/pdf,5SDRMBOOZHVCN7PADNF74JUCUWH7ZBWV,300311,46080599,AFG CPIN Medical and healthcare,en,PDF
"uk,gov,service,publishing,assets)/media/625ed33dd3bf7f6004339db5/afg_cpin_fear_of_the_taliban.pdf",20240725000722,https://assets.publishing.service.gov.uk/media/625ed33dd3bf7f6004339db5/AFG_CPIN_Fear_of_the_Taliban.pdf,assets.publishing.service.gov.uk,application/pdf,WNNXVZFSMIN5PAHJQQB5V75A5SJJLLGS,788426,472811137,AFG CPIN Fear of the Taliban,en,PDF
"com,amazonaws,s3,moj-tribunals-documents-prod)/decision/pdf_file/53591/pa036812016.pdf",20211201152041,https://moj-tribunals-documents-prod.s3.amazonaws.com/decision/pdf_file/53591/PA036812016.pdf,moj-tribunals-documents-prod.s3.amazonaws.com,application/pdf,LZZHKYHJR2KBZN6VYBTT7YKZJZBVZZOS,59574,49427551,PA036812016.pdf,en,PDF
"uk,gov,service,publishing,assets)/government/uploads/system/uploads/attachment_data/file/679716/bangladesh-political_oppn-cpin_v2.0__january_2018_.pdf",20200923113323,https://assets.publishing.service.gov.uk/government/uploads/system/uploads/attachment_data/file/679716/Bangladesh-Political_Oppn-CPIN_v2.0__January_2018_.pdf,assets.publishing.service.gov.uk,application/pdf,SM4TF2RZFHEEGHIDP3U562LYBQHBYR2E,739708,172617320,Bangladesh - Political Oppn - CPIN v2.0 (January 2018),en,PDF
"uk,gov,service,publishing,assets)/media/65017d6b572780000d251a67/cod+cpin+unsuccessful+asylum+seekers.pdf",20250606044607,https://assets.publishing.service.gov.uk/media/65017d6b572780000d251a67/COD+CPIN+Unsuccessful+asylum+seekers.pdf,assets.publishing.service.gov.uk,application/pdf,SVPUUP3KNYGKXUG3QBXAMRTFOM3KJUKT,211935,4315724,COD CPIN unsuccessful asylum seekers,en,PDF
"com,amazonaws,s3,moj-tribunals-documents-prod)/decision/pdf_file/66465/pa037582016.pdf",20191202173746,https://moj-tribunals-documents-prod.s3.amazonaws.com/decision/pdf_file/66465/PA037582016.pdf,moj-tribunals-documents-prod.s3.amazonaws.com,application/pdf,TW6JOT6K6TUMR7YW3NCA3JKJYROEM6W7,172225,205624740,PA037582016.pdf,en,PDF
"uk,gov,service,publishing,assets)/media/66dee1724e9dacea8a0aa664/inspection_report_on_home_office_country_of_origin_information_on_rwanda__january_2024_.pdf",20250605012618,https://assets.publishing.service.gov.uk/media/66dee1724e9dacea8a0aa664/Inspection_report_on_Home_Office_country_of_origin_information_on_Rwanda__January_2024_.pdf,assets.publishing.service.gov.uk,application/pdf,LZXPOQFI67O3CZUOL6TBOONBS2B4BZ7A,1424814,6713379,Inspection report on Home Office country of origin information on Rwanda,en,PDF
"com,amazonaws,s3,moj-tribunals-documents-prod)/decision/pdf_file/62906/pa029972018.pdf",20231201072455,https://moj-tribunals-documents-prod.s3.amazonaws.com/decision/pdf_file/62906/PA029972018.pdf,moj-tribunals-documents-prod.s3.amazonaws.com,application/pdf,JMXG2572C52AWZNNFWBREUJK52NIP6AX,116602,480854970,PA029972018.pdf,en,PDF
"uk,gov,service,publishing,assets)/government/uploads/system/uploads/attachment_data/file/837862/iraq_-_religious_minorities_-_cpin_-_v2.0__october_2019__-_ext.pdf",20210707125924,https://assets.publishing.service.gov.uk/government/uploads/system/uploads/attachment_data/file/837862/Iraq_-_Religious_Minorities_-_CPIN_-_v2.0__October_2019__-_EXT.pdf,assets.publishing.service.gov.uk,application/pdf,ZNU37DT5Y2QDGSOFLAVLSLKXBNXH5PWU,844314,187314373,Iraq - Religious Minorities - CPIN - v2.0 (October 2019),en,PDF
"com,amazonaws,s3,moj-tribunals-documents-prod)/decision/pdf_file/65112/pa136012017.pdf",20231201071859,https://moj-tribunals-documents-prod.s3.amazonaws.com/decision/pdf_file/65112/PA136012017.pdf,moj-tribunals-documents-prod.s3.amazonaws.com,application/pdf,PEZPK5Q6R3N4OEGNMLWULNHLRXM7H3L5,75484,296007655,PA136012017.pdf,en,PDF
"com,amazonaws,s3,moj-tribunals-documents-prod)/decision/pdf_file/62352/pa031042017.pdf",20191202201850,https://moj-tribunals-documents-prod.s3.amazonaws.com/decision/pdf_file/62352/PA031042017.pdf,moj-tribunals-documents-prod.s3.amazonaws.com,application/pdf,QHGFDMR3XPNM4BZD3S3TIUMIXMP5KT3B,113376,213549421,PA031042017.pdf,en,PDF
"com,amazonaws,s3,moj-tribunals-documents-prod)/decision/pdf_file/79272/ui-2023-002921.pdf",20231201063732,https://moj-tribunals-documents-prod.s3.amazonaws.com/decision/pdf_file/79272/UI-2023-002921.pdf,moj-tribunals-documents-prod.s3.amazonaws.com,application/pdf,H3TD5B6JOKH7H46HSXB25YBI4JBRH43O,72113,408063679,UI-2023-002921.pdf,en,PDF
"com,amazonaws,s3,moj-tribunals-documents-prod)/decision/pdf_file/55037/pa124682016.pdf",20230601110826,https://moj-tribunals-documents-prod.s3.amazonaws.com/decision/pdf_file/55037/PA124682016.pdf,moj-tribunals-documents-prod.s3.amazonaws.com,application/pdf,U7JUDVT6JTW2T2JFH2MD5M5ZP42DAYOB,89428,267764511,PA124682016.pdf,en,PDF
"com,amazonaws,s3,moj-tribunals-documents-prod)/decision/pdf_file/58800/pa068932016.pdf",20190603173535,https://moj-tribunals-documents-prod.s3.amazonaws.com/decision/pdf_file/58800/PA068932016.pdf,moj-tribunals-documents-prod.s3.amazonaws.com,application/pdf,T2UVBKFW7R5W5G3WBAYQDNKYHC27IZYI,124429,195340896,PA068932016.pdf,en,PDF
"uk,gov,service,publishing,assets)/media/6271545ee90e0746c51134a1/irn_cpin_women_-_early_and_forced_marriage.pdf",20240305084644,https://assets.publishing.service.gov.uk/media/6271545ee90e0746c51134a1/IRN_CPIN_Women_-_Early_and_forced_marriage.pdf,assets.publishing.service.gov.uk,application/pdf,XSKYAQ7MCDD3G6GMGG7EYXCBCCCW3RO4,565336,192100460,IRN CPIN Women – Early and forced marriage.docx,en,PDF
"uk,gov,service,publishing,assets)/media/65311c6026b9b1000daf1bc6/tur+cpin+-+kurds.pdf",20240107075423,https://assets.publishing.service.gov.uk/media/65311c6026b9b1000daf1bc6/TUR+CPIN+-+Kurds.pdf,assets.publishing.service.gov.uk,application/pdf,TRHNFBVMSWL7FFGCKHP5OXZXHVMIQZ6U,643702,422011863,TUR CPIN - Kurds,en,PDF
"com,amazonaws,s3,moj-tribunals-documents-prod)/decision/pdf_file/65450/pa021972017.pdf",20231201071917,https://moj-tribunals-documents-prod.s3.amazonaws.com/decision/pdf_file/65450/PA021972017.pdf,moj-tribunals-documents-prod.s3.amazonaws.com,application/pdf,YXL6I2H7YXHP6K2OVCNAMAYPSL5UDI3X,94980,305650908,PA021972017.pdf,en,PDF
"uk,gov,service,publishing,assets)/media/61028b7ee90e0703af00179f/china-_non_christian_religious_groups_-_v2.0__july_2021.pdf",20240309045959,https://assets.publishing.service.gov.uk/media/61028b7ee90e0703af00179f/China-_Non_Christian_religious_groups_-_V2.0__July_2021.pdf,assets.publishing.service.gov.uk,application/pdf,NXJ3MXT4EKKC3AZ4LQL7NFLKOWTCY6G6,528179,102845309,CPIN Template - January 2020,en,PDF
"uk,gov,service,publishing,assets)/government/uploads/system/uploads/attachment_data/file/1168369/ind_cpin_internal_relocation.pdf",20230821143355,https://assets.publishing.service.gov.uk/government/uploads/system/uploads/attachment_data/file/1168369/IND_CPIN_Internal_relocation.pdf,assets.publishing.service.gov.uk,application/pdf,B7SUFAGUMDQHZG45LXW6LOYWUATM4II4,224139,35331955,IND CPIN Internal relocation,en,PDF
"com,amazonaws,s3,moj-tribunals-documents-prod)/decision/pdf_file/63879/pa093742018.pdf",20191202192411,https://moj-tribunals-documents-prod.s3.amazonaws.com/decision/pdf_file/63879/PA093742018.pdf,moj-tribunals-documents-prod.s3.amazonaws.com,application/pdf,P2645C4UW56M4OOBYTIWHFHLDLPQP5RL,99512,192493871,PA093742018.pdf,en,PDF
"uk,gov,service,publishing,assets)/government/uploads/system/uploads/attachment_data/file/1007296/china-_non_christian_religious_groups_-_v2.0__july_2021.pdf",20230801215230,https://assets.publishing.service.gov.uk/government/uploads/system/uploads/attachment_data/file/1007296/China-_Non_Christian_religious_groups_-_V2.0__July_2021.pdf,assets.publishing.service.gov.uk,application/pdf,NXJ3MXT4EKKC3AZ4LQL7NFLKOWTCY6G6,528154,317473691,CPIN Template - January 2020,en,PDF
"com,amazonaws,s3,moj-tribunals-documents-prod)/decision/pdf_file/58591/pa026392017.pdf",20221201141912,https://moj-tribunals-documents-prod.s3.amazonaws.com/decision/pdf_file/58591/PA026392017.pdf,moj-tribunals-documents-prod.s3.amazonaws.com,application/pdf,4XSHAHA2KCWPTA26MGNASSMWD7YSM645,104977,277605809,PA026392017.pdf,en,PDF
"uk,gov)/government/uploads/system/uploads/attachment_data/file/580188/cpin_-_albania_-_sogi_-_v3_0.pdf",20170426094011,https://www.gov.uk/government/uploads/system/uploads/attachment_data/file/580188/CPIN_-_Albania_-_SOGI_-_v3_0.pdf,www.gov.uk,application/pdf,YYDKCG2GZRX74XAQ2WQUSU457GMMFU3D,282567,81021573,CPIN - Albania - SOGI - v3.0 (December 2016),en,PDF
"com,amazonaws,s3,moj-tribunals-documents-prod)/decision/pdf_file/78247/ui-2022-006505.pdf",20231201063942,https://moj-tribunals-documents-prod.s3.amazonaws.com/decision/pdf_file/78247/UI-2022-006505.pdf,moj-tribunals-documents-prod.s3.amazonaws.com,application/pdf,T4UNQX4UMWBJQG2ZLLQDQ63TZ3TQ2SQX,76641,469934908,UI-2022-006505.pdf,en,PDF
"uk,gov,service,publishing,assets)/government/uploads/system/uploads/attachment_data/file/774123/cpin-burma-critics_gov.v3.0._jan_2019_.pdf",20210107001502,https://assets.publishing.service.gov.uk/government/uploads/system/uploads/attachment_data/file/774123/CPIN-Burma-Critics_Gov.v3.0._Jan_2019_.pdf,assets.publishing.service.gov.uk,application/pdf,2CSZKFG323BK2DDG53OSJCGQ6AAY6ATR,959515,391550208,CPIN Template 2018 - v3,en,PDF
"uk,gov,service,publishing,assets)/government/uploads/system/uploads/attachment_data/file/1072853/irn_cpin_women_-_early_and_forced_marriage.pdf",20230803042752,https://assets.publishing.service.gov.uk/government/uploads/system/uploads/attachment_data/file/1072853/IRN_CPIN_Women_-_Early_and_forced_marriage.pdf,assets.publishing.service.gov.uk,application/pdf,XSKYAQ7MCDD3G6GMGG7EYXCBCCCW3RO4,565309,24727728,IRN CPIN Women – Early and forced marriage.docx,en,PDF
"uk,gov,service,publishing,assets)/media/64a6d8337a4c23000cbba304/ind_cpin_internal_relocation.pdf",20250606052144,https://assets.publishing.service.gov.uk/media/64a6d8337a4c23000cbba304/IND_CPIN_Internal_relocation.pdf,assets.publishing.service.gov.uk,application/pdf,B7SUFAGUMDQHZG45LXW6LOYWUATM4II4,224161,35517005,IND CPIN Internal relocation,en,PDF
"com,amazonaws,s3,moj-tribunals-documents-prod)/decision/pdf_file/56723/pa049752016.pdf",20231201073649,https://moj-tribunals-documents-prod.s3.amazonaws.com/decision/pdf_file/56723/PA049752016.pdf,moj-tribunals-documents-prod.s3.amazonaws.com,application/pdf,WDLJ5BZY7KOYWHBFTE5LGEP2JZ5GTQUH,83947,357386255,PA049752016.pdf,en,PDF
"uk,gov,service,publishing,assets)/government/uploads/system/uploads/attachment_data/file/773526/somalia_-_clans_-_cpin_v3.0e.pdf",20221006201007,https://assets.publishing.service.gov.uk/government/uploads/system/uploads/attachment_data/file/773526/Somalia_-_Clans_-_CPIN_V3.0e.pdf,assets.publishing.service.gov.uk,application/pdf,N2AUZICPLXPAUHUREXKMUIKSKECPITQZ,441968,348060935,somalia clans,en,PDF
"uk,gov,service,publishing,assets)/media/625ed367e90e0729f6bf826d/afg_cpin_security_situation.pdf",20240828215525,https://assets.publishing.service.gov.uk/media/625ed367e90e0729f6bf826d/AFG_CPIN_Security_situation.pdf,assets.publishing.service.gov.uk,application/pdf,VYO5J27K6B7TFOHGH3JNHEX66BU5E6ZC,424727,319462615,AFG CPIN Security situation,en,PDF
"uk,gov,service,publishing,assets)/government/uploads/system/uploads/attachment_data/file/897074/pakistan-actors_of_protection-cpin-v1.0_june_2020_.pdf",20230412004438,https://assets.publishing.service.gov.uk/government/uploads/system/uploads/attachment_data/file/897074/Pakistan-Actors_of_protection-CPIN-v1.0_June_2020_.pdf,assets.publishing.service.gov.uk,application/pdf,QQX2SA7BBLVJXNSYCHGCVO3XCLXLR367,474114,459177896,CPIN Template - January 2020,en,PDF
"com,amazonaws,s3,moj-tribunals-documents-prod)/decision/pdf_file/66143/pa142822018.pdf",20191202185414,https://moj-tribunals-documents-prod.s3.amazonaws.com/decision/pdf_file/66143/PA142822018.pdf,moj-tribunals-documents-prod.s3.amazonaws.com,application/pdf,ST7OLFP7O26S5427LY2HJ3YJOIK22ZC3,128272,421948889,PA142822018.pdf,en,PDF
"com,amazonaws,s3,moj-tribunals-documents-prod)/decision/pdf_file/57769/pa046312017.pdf",20231201073146,https://moj-tribunals-documents-prod.s3.amazonaws.com/decision/pdf_file/57769/PA046312017.pdf,moj-tribunals-documents-prod.s3.amazonaws.com,application/pdf,GV6EWDLCJYQXGAUT62R7OFFOM4PN2HMA,76978,196346605,PA046312017.pdf,en,PDF
"com,amazonaws,s3,moj-tribunals-documents-prod)/decision/pdf_file/67022/pa094312018.pdf",20230601105655,https://moj-tribunals-documents-prod.s3.amazonaws.com/decision/pdf_file/67022/PA094312018.pdf,moj-tribunals-documents-prod.s3.amazonaws.com,application/pdf,3FO2D3DIEULLI6XLVK6GFFAWVAZQGMTI,83966,436736457,PA094312018.pdf,en,PDF
"com,amazonaws,s3,moj-tribunals-documents-prod)/decision/pdf_file/70386/pa089452019.pdf",20231201070902,https://moj-tribunals-documents-prod.s3.amazonaws.com/decision/pdf_file/70386/PA089452019.pdf,moj-tribunals-documents-prod.s3.amazonaws.com,application/pdf,UUPNBJDQHC6SDLUUKEPDYZRBHTENRQUK,73452,473801263,PA089452019.pdf,en,PDF
"com,amazonaws,s3,moj-tribunals-documents-prod)/decision/pdf_file/66590/pa110812018.pdf",20191202200404,https://moj-tribunals-documents-prod.s3.amazonaws.com/decision/pdf_file/66590/PA110812018.pdf,moj-tribunals-documents-prod.s3.amazonaws.com,application/pdf,FDC552URQ2NTIJ5R3O2NS2Y6VT7B56MS,97638,68307652,PA110812018.pdf,en,PDF
"com,amazonaws,s3,moj-tribunals-documents-prod)/decision/pdf_file/78606/ui-2022-003801.pdf",20231201064028,https://moj-tribunals-documents-prod.s3.amazonaws.com/decision/pdf_file/78606/UI-2022-003801.pdf,moj-tribunals-documents-prod.s3.amazonaws.com,application/pdf,VU7R6FKU473LKQ46PU3NJVSAU724J6OU,139704,496287992,UI-2022-003801.pdf,en,PDF
"com,amazonaws,s3,moj-tribunals-documents-prod)/decision/pdf_file/68396/pa005402019.pdf",20231201070523,https://moj-tribunals-documents-prod.s3.amazonaws.com/decision/pdf_file/68396/PA005402019.pdf,moj-tribunals-documents-prod.s3.amazonaws.com,application/pdf,XA5LAFKYPODWOZYODXKJ3WFHDUBIOQRJ,88645,353680575,PA005402019.pdf,en,PDF
"com,amazonaws,s3,moj-tribunals-documents-prod)/decision/pdf_file/64220/pa078322017.pdf",20231201072425,https://moj-tribunals-documents-prod.s3.amazonaws.com/decision/pdf_file/64220/PA078322017.pdf,moj-tribunals-documents-prod.s3.amazonaws.com,application/pdf,73DENR235WI5CPHFROU7AM5BYRUEH7XM,89561,464828458,PA078322017.pdf,en,PDF
"com,amazonaws,s3,moj-tribunals-documents-prod)/decision/pdf_file/64223/pa111372017.pdf",20231201072336,https://moj-tribunals-documents-prod.s3.amazonaws.com/decision/pdf_file/64223/PA111372017.pdf,moj-tribunals-documents-prod.s3.amazonaws.com,application/pdf,RVSNAPISTMDEPQOKVKIEMYQNJSXEZ7CW,79028,438389309,PA111372017.pdf,en,PDF
"com,amazonaws,s3,moj-tribunals-documents-prod)/decision/pdf_file/65421/pa089432018.pdf",20191202193854,https://moj-tribunals-documents-prod.s3.amazonaws.com/decision/pdf_file/65421/PA089432018.pdf,moj-tribunals-documents-prod.s3.amazonaws.com,application/pdf,YKRSFWJ5D3IT5NXJFMBYWLEQITFSFTO6,108501,330775524,PA089432018.pdf,en,PDF
"uk,gov,service,publishing,assets)/government/uploads/system/uploads/attachment_data/file/1092621/country_policy_and_information_note_hazaras__pakistan__july_2022.pdf",20231102220535,https://assets.publishing.service.gov.uk/government/uploads/system/uploads/attachment_data/file/1092621/Country_policy_and_information_note_Hazaras__Pakistan__July_2022.pdf,assets.publishing.service.gov.uk,application/pdf,BIAFQNTK7DMFU74QY7TQNWQXNP4GS3VO,454867,455414523,PAK CPIN Hazaras,en,PDF
"uk,gov,service,publishing,assets)/media/65e71a547bc3290adab8c20f/sdn+cpin+humanitarian+situation__1_.pdf",20250604190507,https://assets.publishing.service.gov.uk/media/65e71a547bc3290adab8c20f/SDN%2BCPIN%2BHumanitarian%2BSituation__1_.pdf,assets.publishing.service.gov.uk,application/pdf,D2EGQCK4UFCMW6J46TUHNTM23NKMI3DN,1395548,412323267,SDN CPIN Humanitarian Situation,en,PDF
"uk,gov,service,publishing,assets)/government/uploads/system/uploads/attachment_data/file/1069651/afg_cpin_security_situation.pdf",20230920204853,https://assets.publishing.service.gov.uk/government/uploads/system/uploads/attachment_data/file/1069651/AFG_CPIN_Security_situation.pdf,assets.publishing.service.gov.uk,application/pdf,VYO5J27K6B7TFOHGH3JNHEX66BU5E6ZC,424695,192402595,AFG CPIN Security situation,en,PDF
"com,amazonaws,s3,moj-tribunals-documents-prod)/decision/pdf_file/64998/pa076552017.pdf",20231201071914,https://moj-tribunals-documents-prod.s3.amazonaws.com/decision/pdf_file/64998/PA076552017.pdf,moj-tribunals-documents-prod.s3.amazonaws.com,application/pdf,G5FDQSJ6EAS7BOVRBFRBBJK2URMB3ARR,78039,303628901,PA076552017.pdf,en,PDF
"uk,gov,service,publishing,assets)/media/62d7fc52d3bf7f2859357c5c/country_policy_and_information_note_hazaras__pakistan__july_2022.pdf",20240305091341,https://assets.publishing.service.gov.uk/media/62d7fc52d3bf7f2859357c5c/Country_policy_and_information_note_Hazaras__Pakistan__July_2022.pdf,assets.publishing.service.gov.uk,application/pdf,BIAFQNTK7DMFU74QY7TQNWQXNP4GS3VO,454893,357858276,PAK CPIN Hazaras,en,PDF
"uk,gov,service,publishing,assets)/government/uploads/system/uploads/attachment_data/file/1037205/irq_cpin_perceived_collaborators.pdf",20230908214316,https://assets.publishing.service.gov.uk/government/uploads/system/uploads/attachment_data/file/1037205/IRQ_CPIN_Perceived_collaborators.pdf,assets.publishing.service.gov.uk,application/pdf,A4PSUBO47D7K27D5TK7VDAEQSHTI4MEM,301726,164299062,IRQ CPIN Perceived Collaborators,en,PDF
"com,amazonaws,s3,moj-tribunals-documents-prod)/decision/pdf_file/63238/pa049402017.pdf",20231201072314,https://moj-tribunals-documents-prod.s3.amazonaws.com/decision/pdf_file/63238/PA049402017.pdf,moj-tribunals-documents-prod.s3.amazonaws.com,application/pdf,Y74NFZ5RFYNQGZDI7WSDNYL4OVOC6CZ5,84950,427149279,PA049402017.pdf,en,PDF
"uk,gov,service,publishing,assets)/media/61a4fd12e90e0704423dbfae/irq_cpin_perceived_collaborators.pdf",20240308033655,https://assets.publishing.service.gov.uk/media/61a4fd12e90e0704423dbfae/IRQ_CPIN_Perceived_collaborators.pdf,assets.publishing.service.gov.uk,application/pdf,A4PSUBO47D7K27D5TK7VDAEQSHTI4MEM,301751,198716362,IRQ CPIN Perceived Collaborators,en,PDF
"com,amazonaws,s3,moj-tribunals-documents-prod)/decision/pdf_file/58800/pa068932016.pdf",20210601163820,https://moj-tribunals-documents-prod.s3.amazonaws.com/decision/pdf_file/58800/PA068932016.pdf,moj-tribunals-documents-prod.s3.amazonaws.com,application/pdf,T2UVBKFW7R5W5G3WBAYQDNKYHC27IZYI,124428,97374599,PA068932016.pdf,en,PDF
"com,amazonaws,s3,moj-tribunals-documents-prod)/decision/pdf_file/68564/pa136802018.pdf",20210601163321,https://moj-tribunals-documents-prod.s3.amazonaws.com/decision/pdf_file/68564/PA136802018.pdf,moj-tribunals-documents-prod.s3.amazonaws.com,application/pdf,ISEMNXKKIBBVPO2UBVMKNQFEREJOCAGG,119333,32583239,PA136802018.pdf,en,PDF
"com,amazonaws,s3,moj-tribunals-documents-prod)/decision/pdf_file/56053/pa077732016.pdf",20221201151942,https://moj-tribunals-documents-prod.s3.amazonaws.com/decision/pdf_file/56053/PA077732016.pdf,moj-tribunals-documents-prod.s3.amazonaws.com,application/pdf,EAY6M6PB7I6OMFUGILASG7P74WPWQ37J,71445,76534396,PA077732016.pdf,en,PDF
"com,amazonaws,s3,moj-tribunals-documents-prod)/decision/pdf_file/56723/pa049752016.pdf",20200901135155,https://moj-tribunals-documents-prod.s3.amazonaws.com/decision/pdf_file/56723/PA049752016.pdf,moj-tribunals-documents-prod.s3.amazonaws.com,application/pdf,WDLJ5BZY7KOYWHBFTE5LGEP2JZ5GTQUH,83956,411735512,PA049752016.pdf,en,PDF
"uk,gov,service,publishing,assets)/media/621648ae8fa8f549102421a2/irn_cpin_smugglers.pdf",20240308133834,https://assets.publishing.service.gov.uk/media/621648ae8fa8f549102421a2/IRN_CPIN_Smugglers.pdf,assets.publishing.service.gov.uk,application/pdf,7DWPULAA2PKQ22YESYZ3K44TUMZF53WH,581187,206156863,IRN CPIN Smugglers,en,PDF
"uk,gov,service,publishing,assets)/government/uploads/system/uploads/attachment_data/file/866092/turkey_country_policy_and_information_note_kurdistan_workers_party__pkk__february_2020.pdf",20230814220700,https://assets.publishing.service.gov.uk/government/uploads/system/uploads/attachment_data/file/866092/Turkey_country_policy_and_information_note_Kurdistan_workers_party__PKK__February_2020.pdf,assets.publishing.service.gov.uk,application/pdf,DAR2TTSRXXJW3O54GIGEZMQH6GXPA3QD,553719,283136657,CPIN Template 2018 - v3,en,PDF
"com,amazonaws,s3,moj-tribunals-documents-prod)/decision/pdf_file/78863/ui-2023-002272.pdf",20231201063757,https://moj-tribunals-documents-prod.s3.amazonaws.com/decision/pdf_file/78863/UI-2023-002272.pdf,moj-tribunals-documents-prod.s3.amazonaws.com,application/pdf,E3RMHBDBZPMQ3VGOWJ74OEVLACQYBA26,93051,415272038,UI-2023-002272.pdf,en,PDF
"com,amazonaws,s3,moj-tribunals-documents-prod)/decision/pdf_file/68020/pa126982018.pdf",20231201070844,https://moj-tribunals-documents-prod.s3.amazonaws.com/decision/pdf_file/68020/PA126982018.pdf,moj-tribunals-documents-prod.s3.amazonaws.com,application/pdf,CPQRKDVSGMHXVIFVUXOQ5T3N3UT7CBCO,108456,463959686,PA126982018.pdf,en,PDF
"com,amazonaws,s3,moj-tribunals-documents-prod)/decision/pdf_file/64869/pa116962018.pdf",20231201072152,https://moj-tribunals-documents-prod.s3.amazonaws.com/decision/pdf_file/64869/PA116962018.pdf,moj-tribunals-documents-prod.s3.amazonaws.com,application/pdf,YDLGSRB4LHIOZCILAU7WDJ6XFZX36KOB,90785,384762375,PA116962018.pdf,en,PDF
"uk,gov,service,publishing,assets)/government/uploads/system/uploads/attachment_data/file/1056876/irn_cpin_smugglers.pdf",20230909133525,https://assets.publishing.service.gov.uk/government/uploads/system/uploads/attachment_data/file/1056876/IRN_CPIN_Smugglers.pdf,assets.publishing.service.gov.uk,application/pdf,7DWPULAA2PKQ22YESYZ3K44TUMZF53WH,581159,153199586,IRN CPIN Smugglers,en,PDF
"uk,gov,service,publishing,assets)/media/67ff9832b73354468d135529/lby+cpin+humanitarian+situation.pdf",20250605182334,https://assets.publishing.service.gov.uk/media/67ff9832b73354468d135529/LBY+CPIN+Humanitarian+situation.pdf,assets.publishing.service.gov.uk,application/pdf,4TXFVHK7OCFXGEDM4VTAPSZJHFYSMQBC,652965,349534123,LBY CPIN Humanitarian situation,en,PDF
"com,amazonaws,s3,moj-tribunals-documents-prod)/decision/pdf_file/57769/pa046312017.pdf",20200901135103,https://moj-tribunals-documents-prod.s3.amazonaws.com/decision/pdf_file/57769/PA046312017.pdf,moj-tribunals-documents-prod.s3.amazonaws.com,application/pdf,GV6EWDLCJYQXGAUT62R7OFFOM4PN2HMA,76984,398588378,PA046312017.pdf,en,PDF
"uk,gov,service,publishing,assets)/media/5ff591e9e90e0776afb9401a/bangladesh-journalists-cpin-v2.0-_january_2021_.pdf",20240123185802,https://assets.publishing.service.gov.uk/media/5ff591e9e90e0776afb9401a/Bangladesh-Journalists-CPIN-v2.0-_January_2021_.pdf,assets.publishing.service.gov.uk,application/pdf,DGAFKC46KUXNQTSX4EGUIB5ENSNVG44J,523990,383605228,Bangladesh-Journalists-CPIN-v2.0,en,PDF
"com,amazonaws,s3,moj-tribunals-documents-prod)/decision/pdf_file/59018/pa041352017.pdf",20221201142943,https://moj-tribunals-documents-prod.s3.amazonaws.com/decision/pdf_file/59018/PA041352017.pdf,moj-tribunals-documents-prod.s3.amazonaws.com,application/pdf,KQPMV6IJX4AOBGKIRPRE2SJALRKEWXVC,103084,86751930,PA041352017.pdf,en,PDF
"com,amazonaws,s3,moj-tribunals-documents-prod)/decision/pdf_file/78794/ui-2023-001045.pdf",20231201064024,https://moj-tribunals-documents-prod.s3.amazonaws.com/decision/pdf_file/78794/UI-2023-001045.pdf,moj-tribunals-documents-prod.s3.amazonaws.com,application/pdf,2WG3O4ZCGOMLSMMT4BUAKD6M3K7ZPOI7,74394,494278555,UI-2023-001045.pdf,en,PDF
"uk,gov,service,publishing,assets)/government/uploads/system/uploads/attachment_data/file/773526/somalia_-_clans_-_cpin_v3.0e.pdf",20200426192500,https://assets.publishing.service.gov.uk/government/uploads/system/uploads/attachment_data/file/773526/Somalia_-_Clans_-_CPIN_V3.0e.pdf,assets.publishing.service.gov.uk,application/pdf,N2AUZICPLXPAUHUREXKMUIKSKECPITQZ,441962,379869634,somalia clans,en,PDF
"uk,gov,service,publishing,assets)/media/67321f6668d61f6fe9c4198f/afg+cpin+unaccompanied+children.pdf",20250604144442,https://assets.publishing.service.gov.uk/media/67321f6668d61f6fe9c4198f/AFG+CPIN+Unaccompanied+children.pdf,assets.publishing.service.gov.uk,application/pdf,JJRPJBOJY7D2NES3JZW4SQROSAR3PFXD,561928,75835159,AFG CPIN Unaccompanied children,en,PDF
"uk,gov,service,publishing,assets)/government/uploads/system/uploads/attachment_data/file/1069651/afg_cpin_security_situation.pdf",20240804013422,https://assets.publishing.service.gov.uk/government/uploads/system/uploads/attachment_data/file/1069651/AFG_CPIN_Security_situation.pdf,assets.publishing.service.gov.uk,application/pdf,VYO5J27K6B7TFOHGH3JNHEX66BU5E6ZC,424737,497596273,AFG CPIN Security situation,en,PDF
"uk,gov,service,publishing,assets)/government/uploads/system/uploads/attachment_data/file/949892/bangladesh-journalists-cpin-v2.0-_january_2021_.pdf",20230801215426,https://assets.publishing.service.gov.uk/government/uploads/system/uploads/attachment_data/file/949892/Bangladesh-Journalists-CPIN-v2.0-_January_2021_.pdf,assets.publishing.service.gov.uk,application/pdf,DGAFKC46KUXNQTSX4EGUIB5ENSNVG44J,523971,450843914,Bangladesh-Journalists-CPIN-v2.0,en,PDF
"uk,gov,service,publishing,assets)/government/uploads/system/uploads/attachment_data/file/1001418/pakistan-shia_muslims-cpin-v3.0_july_2021_.pdf",20230906183631,https://assets.publishing.service.gov.uk/government/uploads/system/uploads/attachment_data/file/1001418/Pakistan-Shia_Muslims-CPIN-v3.0_July_2021_.pdf,assets.publishing.service.gov.uk,application/pdf,FRRYKWACDNX2WJW2V6ZUHXLO65UKHNER,507487,246776993,Pakistan-Shia Muslims-CPIN-v3.0(July 2021),en,PDF
"com,amazonaws,s3,moj-tribunals-documents-prod)/decision/pdf_file/62846/pa101842017.pdf",20221201151154,https://moj-tribunals-documents-prod.s3.amazonaws.com/decision/pdf_file/62846/PA101842017.pdf,moj-tribunals-documents-prod.s3.amazonaws.com,application/pdf,ZLICGHMXCBH46GKUTSV53BSRCUDBUDZA,60187,343013687,PA101842017.pdf,en,PDF
"com,amazonaws,s3,moj-tribunals-documents-prod)/decision/pdf_file/68236/pa044232019.pdf",20231201070141,https://moj-tribunals-documents-prod.s3.amazonaws.com/decision/pdf_file/68236/PA044232019.pdf,moj-tribunals-documents-prod.s3.amazonaws.com,application/pdf,LGHEDPBDZWHQQM7JZHUPIRS4AKZBM5XP,84081,233678109,PA044232019.pdf,en,PDF
"uk,gov,service,publishing,assets)/media/5e46cc41ed915d4ff7f8b7b0/turkey_country_policy_and_information_note_kurdistan_workers_party__pkk__february_2020.pdf",20231021223128,https://assets.publishing.service.gov.uk/media/5e46cc41ed915d4ff7f8b7b0/Turkey_country_policy_and_information_note_Kurdistan_workers_party__PKK__February_2020.pdf,assets.publishing.service.gov.uk,application/pdf,DAR2TTSRXXJW3O54GIGEZMQH6GXPA3QD,553715,327861712,CPIN Template 2018 - v3,en,PDF
"uk,gov,service,publishing,assets)/government/uploads/system/uploads/attachment_data/file/851253/pakistan_-_hazaras_-_cpin_-_v2.1__november_2019_.pdf",20200105113308,https://assets.publishing.service.gov.uk/government/uploads/system/uploads/attachment_data/file/851253/Pakistan_-_Hazaras_-_CPIN_-_v2.1__November_2019_.pdf,assets.publishing.service.gov.uk,application/pdf,FJE6P5HRKQ52OSDNBCQWNRAP2HBDEYKF,432197,309010489,Pakistan - Hazaras - CPIN - v2.0 (November 2019),en,PDF
"uk,gov,service,publishing,assets)/government/uploads/system/uploads/attachment_data/file/646716/algeria_sexual_orientation_gender_identity_v2_0_september_2017.pdf",20200405173540,https://assets.publishing.service.gov.uk/government/uploads/system/uploads/attachment_data/file/646716/algeria_sexual_orientation_gender_identity_v2_0_september_2017.pdf,assets.publishing.service.gov.uk,application/pdf,OO4ZL5RLJQFCWISYQTLNHJZZYWUA4JAX,306645,154330302,Algeria - SOGI - CPIN - v2.0 (September 2017),en,PDF
"com,amazonaws,s3,moj-tribunals-documents-prod)/decision/pdf_file/68810/pa056562018.pdf",20231201070627,https://moj-tribunals-documents-prod.s3.amazonaws.com/decision/pdf_file/68810/PA056562018.pdf,moj-tribunals-documents-prod.s3.amazonaws.com,application/pdf,JGJ3WB23W2YX6SU2E324P5WYX3N4YR7S,59681,388824905,PA056562018.pdf,en,PDF
"com,amazonaws,s3,moj-tribunals-documents-prod)/decision/pdf_file/64965/pa126142018.pdf",20231201071939,https://moj-tribunals-documents-prod.s3.amazonaws.com/decision/pdf_file/64965/PA126142018.pdf,moj-tribunals-documents-prod.s3.amazonaws.com,application/pdf,LAXZ7D2X4VCAYXQO72F5DZNZ2IYN4JIM,260883,317502758,PA126142018.pdf,en,PDF
"com,amazonaws,s3,moj-tribunals-documents-prod)/decision/pdf_file/64438/pa004312018.pdf",20231201072032,https://moj-tribunals-documents-prod.s3.amazonaws.com/decision/pdf_file/64438/PA004312018.pdf,moj-tribunals-documents-prod.s3.amazonaws.com,application/pdf,KLOUDYUXRYNHOEO2YRJX4YVHIXBPBLJ3,104022,344083584,PA004312018.pdf,en,PDF
"com,amazonaws,s3,moj-tribunals-documents-prod)/decision/pdf_file/70206/pa050692019.pdf",20231201065847,https://moj-tribunals-documents-prod.s3.amazonaws.com/decision/pdf_file/70206/PA050692019.pdf,moj-tribunals-documents-prod.s3.amazonaws.com,application/pdf,OAICJCJURL3ENWP6MXLYTGYST6FPLFG2,94109,142361975,PA050692019.pdf,en,PDF
"uk,gov,service,publishing,assets)/government/uploads/system/uploads/attachment_data/file/653537/cpin_-_iran_-_honour_crimes_october_2017_ex.pdf",20200206223249,https://assets.publishing.service.gov.uk/government/uploads/system/uploads/attachment_data/file/653537/CPIN_-_Iran_-_Honour_crimes_October_2017_ex.pdf,assets.publishing.service.gov.uk,application/pdf,2MRCS72QS347ZBYNX36PFQBRTWJ2Y5EO,232840,250265869,iran: honour crimes,en,PDF
"uk,gov,service,publishing,assets)/government/uploads/system/uploads/attachment_data/file/628644/cpin_bangladesh_journalists_publishers_bloggers_v1_0.pdf",20201217130943,https://assets.publishing.service.gov.uk/government/uploads/system/uploads/attachment_data/file/628644/CPIN_Bangladesh_Journalists_publishers_bloggers_v1_0.pdf,assets.publishing.service.gov.uk,application/pdf,AHNIHI5FJ5N5A7RVK2E7JD37P3VZHCYS,375325,152253795,Bangladesh - Jrns and bloggers - CPIN - v1.0 (DRAFT),en,PDF
"uk,gov,service,publishing,assets)/government/uploads/system/uploads/attachment_data/file/613731/albania_-_eth_mins_-_cpin_-_v3.0.pdf",20210915230651,https://assets.publishing.service.gov.uk/government/uploads/system/uploads/attachment_data/file/613731/Albania_-_Eth_Mins_-_CPIN_-_v3.0.pdf,assets.publishing.service.gov.uk,application/pdf,34LLM4KAA4W23XJEAXBE2UZYWSHNGVNO,372026,139168518,Albania - Eth Mins - CPIN - v3.0 (May 2017),en,PDF
"uk,gov,service,publishing,assets)/government/uploads/system/uploads/attachment_data/file/946656/somalia_-_background_note_-_cpin_-_v1.0__gov.uk_.pdf",20230706042306,https://assets.publishing.service.gov.uk/government/uploads/system/uploads/attachment_data/file/946656/Somalia_-_background_note_-_CPIN_-_v1.0__GOV.UK_.pdf,assets.publishing.service.gov.uk,application/pdf,JALGFXR4AIDOHOPSSSOQG52PL2V5JTZH,1032175,78221772,Country background note: Somalia,en,PDF
"com,amazonaws,s3,moj-tribunals-documents-prod)/decision/pdf_file/55960/pa074532016.pdf",20221201141018,https://moj-tribunals-documents-prod.s3.amazonaws.com/decision/pdf_file/55960/PA074532016.pdf,moj-tribunals-documents-prod.s3.amazonaws.com,application/pdf,TX77W4JMK2BATWY5JXZCUOVJ3EM7BEIT,78696,3965223,PA074532016.pdf,en,PDF
"com,amazonaws,s3,moj-tribunals-documents-prod)/decision/pdf_file/55798/pa088752016.pdf",20191202212044,https://moj-tribunals-documents-prod.s3.amazonaws.com/decision/pdf_file/55798/PA088752016.pdf,moj-tribunals-documents-prod.s3.amazonaws.com,application/pdf,ZZJRTFD5GQMPQP4HC3FVE3GSUM6ZXQNQ,102217,317710674,PA088752016.pdf,en,PDF
"com,amazonaws,s3,moj-tribunals-documents-prod)/decision/pdf_file/67985/hu056182018.pdf",20231201070324,https://moj-tribunals-documents-prod.s3.amazonaws.com/decision/pdf_file/67985/HU056182018.pdf,moj-tribunals-documents-prod.s3.amazonaws.com,application/pdf,4VDCJKGODGYYQ4INCQ3JCJE3E3G4YQOF,106198,287844308,HU056182018.pdf,en,PDF
"com,amazonaws,s3,moj-tribunals-documents-prod)/decision/pdf_file/57137/pa096542016.pdf",20221201141422,https://moj-tribunals-documents-prod.s3.amazonaws.com/decision/pdf_file/57137/PA096542016.pdf,moj-tribunals-documents-prod.s3.amazonaws.com,application/pdf,3FUSK6WR46GNJZNOB2OPNKV34FF6UB5T,58863,125234916,PA096542016.pdf,en,PDF
"uk,gov,service,publishing,assets)/media/60ed55a1d3bf7f568160ecc0/pakistan-shia_muslims-cpin-v3.0_july_2021_.pdf",20250406043651,https://assets.publishing.service.gov.uk/media/60ed55a1d3bf7f568160ecc0/Pakistan-Shia_Muslims-CPIN-v3.0_July_2021_.pdf,assets.publishing.service.gov.uk,application/pdf,FRRYKWACDNX2WJW2V6ZUHXLO65UKHNER,507512,2418356,Pakistan-Shia Muslims-CPIN-v3.0(July 2021),en,PDF
"uk,gov,service,publishing,assets)/government/uploads/system/uploads/attachment_data/file/1088891/egy_country_background_note.pdf",20230704192139,https://assets.publishing.service.gov.uk/government/uploads/system/uploads/attachment_data/file/1088891/EGY_Country_background_note.pdf,assets.publishing.service.gov.uk,application/pdf,GUVMLWRW7TVNKIKI2PQXXASINR3OCLRK,508766,16915284,EGY Country background note,en,PDF
"uk,gov,service,publishing,assets)/media/65e079e97bc329001ab8c195/inspection_report_on_home_office_country_of_origin_information__albania_and_pakistan__october_2023.pdf",20250604095311,https://assets.publishing.service.gov.uk/media/65e079e97bc329001ab8c195/Inspection_report_on_Home_Office_country_of_origin_information__Albania_and_Pakistan__October_2023.pdf,assets.publishing.service.gov.uk,application/pdf,Q5G5H3HX5AI2WBNOLOPOMQRPJRLUAUR6,831824,51495693,"Inspection report on Home Office country of origin information, Albania and Pakistan",en,PDF
"uk,gov,service,publishing,assets)/government/uploads/system/uploads/attachment_data/file/965290/iran-women-early_and_forced_marriage-cpin.v3.0_february_2021_.pdf",20220426210255,https://assets.publishing.service.gov.uk/government/uploads/system/uploads/attachment_data/file/965290/Iran-Women-Early_and_forced_marriage-CPIN.v3.0_February_2021_.pdf,assets.publishing.service.gov.uk,application/pdf,E33VZ6VXC5RMZFOJWXWD6XDFM35J75W6,554917,98952438,Iran-Women-Early and forced marriage-CPIN,en,PDF
"uk,gov,service,publishing,assets)/media/65e71a547bc3290adab8c20f/sdn+cpin+humanitarian+situation__1_.pdf",20250618204547,https://assets.publishing.service.gov.uk/media/65e71a547bc3290adab8c20f/SDN+CPIN+Humanitarian+Situation__1_.pdf,assets.publishing.service.gov.uk,application/pdf,D2EGQCK4UFCMW6J46TUHNTM23NKMI3DN,1395535,394490893,SDN CPIN Humanitarian Situation,en,PDF
"uk,gov,service,publishing,assets)/media/5fcf6546d3bf7f5d08464cfc/inspection_of_country_of_origin_information_thematic_report_on_sexual_orientation_and_gender_identity_or_expression.pdf",20240107125813,https://assets.publishing.service.gov.uk/media/5fcf6546d3bf7f5d08464cfc/Inspection_of_Country_of_Origin_Information_Thematic_Report_on_Sexual_Orientation_and_Gender_Identity_or_Expression.pdf,assets.publishing.service.gov.uk,application/pdf,RE7RMUPAL7UMNVNEI4RWGZ5FNRH45EHH,6144931,104783066,Inspection of Country of Origin Information: Thematic Report,en,PDF
"uk,gov,service,publishing,assets)/government/uploads/system/uploads/attachment_data/file/941969/inspection_of_country_of_origin_information_thematic_report_on_sexual_orientation_and_gender_identity_or_expression.pdf",20240126112557,https://assets.publishing.service.gov.uk/government/uploads/system/uploads/attachment_data/file/941969/Inspection_of_Country_of_Origin_Information_Thematic_Report_on_Sexual_Orientation_and_Gender_Identity_or_Expression.pdf,assets.publishing.service.gov.uk,application/pdf,RE7RMUPAL7UMNVNEI4RWGZ5FNRH45EHH,6144986,420421130,Inspection of Country of Origin Information: Thematic Report,en,PDF
"uk,ac,ref,results2021)/impact/4d427ba1-2b61-46d1-9789-6cbbe68babc4/pdf",20250107162847,https://results2021.ref.ac.uk/impact/4d427ba1-2b61-46d1-9789-6cbbe68babc4/pdf,results2021.ref.ac.uk,application/pdf,W7PCH5NPPRMSLIDR35GQ7VHQDSS3YSZ7,243576,197147376,pdf,en,PDF
"uk,gov,service,publishing,assets)/government/uploads/system/uploads/attachment_data/file/749713/iraq_-_sogie_-_cpin_-_v1.0.pdf",20210819175611,https://assets.publishing.service.gov.uk/government/uploads/system/uploads/attachment_data/file/749713/Iraq_-_SOGIE_-_CPIN_-_v1.0.pdf,assets.publishing.service.gov.uk,application/pdf,7DA7VLU6ZOCHLRX3VWIAST46N5S6A5A6,713951,87572714,Iraq - SOGIE - CPIN - v1.0,en,PDF
"com,amazonaws,s3,moj-tribunals-documents-prod)/decision/pdf_file/64547/aa048282015.pdf",20191202171230,https://moj-tribunals-documents-prod.s3.amazonaws.com/decision/pdf_file/64547/AA048282015.pdf,moj-tribunals-documents-prod.s3.amazonaws.com,application/pdf,ZAD62CVPDE52JQJEEQHGFY6AGBV5CY6Y,124167,451430949,AA048282015.pdf,en,PDF
"uk,gov,service,publishing,assets)/media/5fe097b18fa8f5148af85a42/somalia_-_background_note_-_cpin_-_v1.0__gov.uk_.pdf",20250320203604,https://assets.publishing.service.gov.uk/media/5fe097b18fa8f5148af85a42/Somalia_-_background_note_-_CPIN_-_v1.0__GOV.UK_.pdf,assets.publishing.service.gov.uk,application/pdf,JALGFXR4AIDOHOPSSSOQG52PL2V5JTZH,1032207,489167109,Country background note: Somalia,en,PDF
"uk,gov,service,publishing,assets)/government/uploads/system/uploads/attachment_data/file/1087037/syr_cpin_humanitarian_situation.pdf",20231204142455,https://assets.publishing.service.gov.uk/government/uploads/system/uploads/attachment_data/file/1087037/SYR_CPIN_Humanitarian_situation.pdf,assets.publishing.service.gov.uk,application/pdf,N4HSPT3ZFV3F72W7STTD2TPZMNZJJ7NX,424887,330099661,SYR CPIN Humanitarian situation,en,PDF
"uk,gov,service,publishing,assets)/media/67658e763229e84d9bbde9a3/vnm+cpin+ethnic+and+religious+groups.pdf",20250606001817,https://assets.publishing.service.gov.uk/media/67658e763229e84d9bbde9a3/VNM+CPIN+Ethnic+and+religious+groups.pdf,assets.publishing.service.gov.uk,application/pdf,ZGOQYGIDXDF57LJQX6VEOG2QURG4BYMT,1008616,291719351,VNM CPIN Ethnic and religious groups,en,PDF
"uk,gov,service,publishing,assets)/government/uploads/system/uploads/attachment_data/file/1105231/alb_cpin_sogie.pdf",20221216010444,https://assets.publishing.service.gov.uk/government/uploads/system/uploads/attachment_data/file/1105231/ALB_CPIN_SOGIE.pdf,assets.publishing.service.gov.uk,application/pdf,C7IHOXHQ5BQRC3DTO6V7T76BOSRHMV4N,503416,171539572,ALB CPIN SOGIE,en,PDF
"uk,gov,service,publishing,assets)/government/uploads/system/uploads/attachment_data/file/1030390/afg_cpin_security_and_humanitarian_situation__1_.pdf",20220129114714,https://assets.publishing.service.gov.uk/government/uploads/system/uploads/attachment_data/file/1030390/AFG_CPIN_Security_and_humanitarian_situation__1_.pdf,assets.publishing.service.gov.uk,application/pdf,IUM4TW7MFAPEPIZNX6FJHQWJ3LGWA5AS,1361907,83588934,AFG CPIN Security and humanitarian situation,en,PDF
"com,amazonaws,s3,moj-tribunals-documents-prod)/decision/pdf_file/62307/pa080192017.pdf",20221201150813,https://moj-tribunals-documents-prod.s3.amazonaws.com/decision/pdf_file/62307/PA080192017.pdf,moj-tribunals-documents-prod.s3.amazonaws.com,application/pdf,J4ZQSE545RYQFWPOUXFBMGD5WMRWILAT,136263,230279284,PA080192017.pdf,en,PDF
"uk,gov)/government/uploads/system/uploads/attachment_data/file/587680/cpin_-_ukraine_-_minority_groups_-_v1_0.pdf",20170207120153,https://www.gov.uk/government/uploads/system/uploads/attachment_data/file/587680/CPIN_-_Ukraine_-_Minority_Groups_-_v1_0.pdf,www.gov.uk,application/pdf,NNPTA4O32R4B4RYRMR4FWC47ZSS457YQ,572720,38184612,CPIN - Ukraine - Minority Groups - v1.0 (DRAFT),en,PDF
"uk,gov,service,publishing,assets)/media/62bd59cf8fa8f535a98d9189/syr_cpin_humanitarian_situation.pdf",20240305091008,https://assets.publishing.service.gov.uk/media/62bd59cf8fa8f535a98d9189/SYR_CPIN_Humanitarian_situation.pdf,assets.publishing.service.gov.uk,application/pdf,N4HSPT3ZFV3F72W7STTD2TPZMNZJJ7NX,424910,167503490,SYR CPIN Humanitarian situation,en,PDF
"com,amazonaws,s3,moj-tribunals-documents-prod)/decision/pdf_file/63050/pa113562016.pdf",20230601122803,https://moj-tribunals-documents-prod.s3.amazonaws.com/decision/pdf_file/63050/PA113562016.pdf,moj-tribunals-documents-prod.s3.amazonaws.com,application/pdf,Y6LHFEADIZXY7P57FITF4OCPT35AHRDK,94969,113787725,PA113562016.pdf,en,PDF
"com,amazonaws,s3,moj-tribunals-documents-prod)/decision/pdf_file/68441/pa030602019.pdf",20231201070656,https://moj-tribunals-documents-prod.s3.amazonaws.com/decision/pdf_file/68441/PA030602019.pdf,moj-tribunals-documents-prod.s3.amazonaws.com,application/pdf,7SHV6X73PWGGELKV3LRCJSOESDGLWN2V,89503,404390131,PA030602019.pdf,en,PDF
"com,amazonaws,s3,moj-tribunals-documents-prod)/decision/pdf_file/76266/hu047992020.pdf",20230601105536,https://moj-tribunals-documents-prod.s3.amazonaws.com/decision/pdf_file/76266/HU047992020.pdf,moj-tribunals-documents-prod.s3.amazonaws.com,application/pdf,KTRAU7SB2YPLZPORFJURL3UR52MOZ4O4,86277,404496133,HU047992020.pdf,en,PDF
"uk,gov,service,publishing,assets)/government/uploads/system/uploads/attachment_data/file/963909/albania_-_trafficking_-_cpin_-_v10.0__february_2021_.pdf",20210908095109,https://assets.publishing.service.gov.uk/government/uploads/system/uploads/attachment_data/file/963909/Albania_-_Trafficking_-_CPIN_-_v10.0__FEBRUARY_2021_.pdf,assets.publishing.service.gov.uk,application/pdf,X5YMRRG4CDP2FQ55MIL24HVCB43EOQPX,1595285,174079185,Albania - Trafficking - CPIN - v8.0 (March 2019),en,PDF
"uk,gov,service,publishing,assets)/government/uploads/system/uploads/attachment_data/file/951682/china_-_modern_slavery-_cpin_-_v1.0_january_2021.pdf",20220518032042,https://assets.publishing.service.gov.uk/government/uploads/system/uploads/attachment_data/file/951682/China_-_Modern_slavery-_CPIN_-_v1.0_January_2021.pdf,assets.publishing.service.gov.uk,application/pdf,4G6FKYW3TZ5TPPQBHWSF5LPFPVDNZW3N,396766,142990309,CPIN Template - January 2020,en,PDF
"uk,gov,service,publishing,assets)/government/uploads/system/uploads/attachment_data/file/951682/china_-_modern_slavery-_cpin_-_v1.0_january_2021.pdf",20230801215047,https://assets.publishing.service.gov.uk/government/uploads/system/uploads/attachment_data/file/951682/China_-_Modern_slavery-_CPIN_-_v1.0_January_2021.pdf,assets.publishing.service.gov.uk,application/pdf,4G6FKYW3TZ5TPPQBHWSF5LPFPVDNZW3N,396685,163668183,CPIN Template - January 2020,en,PDF
"uk,gov,service,publishing,assets)/government/uploads/system/uploads/attachment_data/file/849856/albania_-_sogie_-_cpin_-_v6.0__december_2019_.pdf",20200207075958,https://assets.publishing.service.gov.uk/government/uploads/system/uploads/attachment_data/file/849856/Albania_-_SOGIE_-_CPIN_-_v6.0__December_2019_.pdf,assets.publishing.service.gov.uk,application/pdf,7YMZMSX2WF64C4GI32SEQIQ2B4JYJB4Z,525182,318784943,Albania - SOGIE - CPIN - v6.0 (November 2019),en,PDF
"uk,gov,service,publishing,assets)/media/5ffdc179d3bf7f65d209c7cd/china_-_modern_slavery-_cpin_-_v1.0_january_2021.pdf",20240107153549,https://assets.publishing.service.gov.uk/media/5ffdc179d3bf7f65d209c7cd/China_-_Modern_slavery-_CPIN_-_v1.0_January_2021.pdf,assets.publishing.service.gov.uk,application/pdf,4G6FKYW3TZ5TPPQBHWSF5LPFPVDNZW3N,396676,268265512,CPIN Template - January 2020,en,PDF
"com,amazonaws,s3,moj-tribunals-documents-prod)/decision/pdf_file/66558/pa081002018.pdf",20211201131016,https://moj-tribunals-documents-prod.s3.amazonaws.com/decision/pdf_file/66558/PA081002018.pdf,moj-tribunals-documents-prod.s3.amazonaws.com,application/pdf,JUE6ZZ37FGGFFFX4A34NMWISVHQHO7NK,94173,380582359,PA081002018.pdf,en,PDF
"uk,gov,service,publishing,assets)/government/uploads/system/uploads/attachment_data/file/974875/nga_-biafran_secessionist_groups_-_cpin.pdf",20210404024037,https://assets.publishing.service.gov.uk/government/uploads/system/uploads/attachment_data/file/974875/NGA_-Biafran_secessionist_groups_-_CPIN.pdf,assets.publishing.service.gov.uk,application/pdf,FTEVKCLB3KON6OEUXTYDA6WQIZ6VL7Z3,639046,139790942,Nigeria: Biafran secessionist groups,en,PDF
"com,amazonaws,s3,moj-tribunals-documents-prod)/decision/pdf_file/55880/pa050242016.pdf",20231201073937,https://moj-tribunals-documents-prod.s3.amazonaws.com/decision/pdf_file/55880/PA050242016.pdf,moj-tribunals-documents-prod.s3.amazonaws.com,application/pdf,PAYIYQ54ROFFJAAI5IHADCDGQVFEB4S5,90131,443924912,PA050242016.pdf,en,PDF
"com,amazonaws,s3,moj-tribunals-documents-prod)/decision/pdf_file/58558/pa073222017.pdf",20231201073434,https://moj-tribunals-documents-prod.s3.amazonaws.com/decision/pdf_file/58558/PA073222017.pdf,moj-tribunals-documents-prod.s3.amazonaws.com,application/pdf,P4AKETRTB5RQV7PZAGRLBAVIEDRDNVJ4,93715,286699459,PA073222017.pdf,en,PDF
"com,amazonaws,s3,moj-tribunals-documents-prod)/decision/pdf_file/57703/aa091272015.pdf",20221201150333,https://moj-tribunals-documents-prod.s3.amazonaws.com/decision/pdf_file/57703/AA091272015.pdf,moj-tribunals-documents-prod.s3.amazonaws.com,application/pdf,CAGWMSHTQLP5Q6PNSOZGQC2SZSQ5NWX5,79755,87667206,AA091272015.pdf,en,PDF
"com,amazonaws,s3,moj-tribunals-documents-prod)/decision/pdf_file/67890/pa045452019.pdf",20231201070655,https://moj-tribunals-documents-prod.s3.amazonaws.com/decision/pdf_file/67890/PA045452019.pdf,moj-tribunals-documents-prod.s3.amazonaws.com,application/pdf,DF2EDN7FKQ7KKWN26W4EIAO5PMAJDFXO,89540,403789024,PA045452019.pdf,en,PDF
"com,amazonaws,s3,moj-tribunals-documents-prod)/decision/pdf_file/53981/pa013922015.pdf",20231201075129,https://moj-tribunals-documents-prod.s3.amazonaws.com/decision/pdf_file/53981/PA013922015.pdf,moj-tribunals-documents-prod.s3.amazonaws.com,application/pdf,TRGKNKQETGZWOSAK7FOQ4QRC3PMVRKMH,96652,322962030,PA013922015.pdf,en,PDF
"com,amazonaws,s3,moj-tribunals-documents-prod)/decision/pdf_file/65149/pa133662017.pdf",20191202215851,https://moj-tribunals-documents-prod.s3.amazonaws.com/decision/pdf_file/65149/PA133662017.pdf,moj-tribunals-documents-prod.s3.amazonaws.com,application/pdf,WCY2RNZAMABYYLV2DUBNAS6QHUPVEFUP,122462,195960355,PA133662017.pdf,en,PDF
"uk,gov,service,publishing,assets)/government/uploads/system/uploads/attachment_data/file/860942/bangladesh-documentation-cpin-v1.0_jan_2020_.pdf",20200207203755,https://assets.publishing.service.gov.uk/government/uploads/system/uploads/attachment_data/file/860942/Bangladesh-Documentation-CPIN-v1.0_Jan_2020_.pdf,assets.publishing.service.gov.uk,application/pdf,ZM4AETWIJMNROSAGZL4USFFRHHMUNH6F,315528,60213089,CPIN Template 2018 - v3,en,PDF
"uk,gov,service,publishing,assets)/government/uploads/system/uploads/attachment_data/file/1111985/inspection_report_on_country_of_origin_information__afghanistan_and_china_june_2022.pdf",20230903183842,https://assets.publishing.service.gov.uk/government/uploads/system/uploads/attachment_data/file/1111985/Inspection_Report_on_Country_of_Origin_Information__Afghanistan_and_China_June_2022.pdf,assets.publishing.service.gov.uk,application/pdf,GDAP56FD2FAYZJRZ2Y6NBDWCMBTOPWGO,1225439,188835003,Inpection of Country of Origin Information,en,PDF
"uk,gov,service,publishing,assets)/government/uploads/system/uploads/attachment_data/file/1078968/som_cpin_security_and_humanitarian_situation_in_mogadishu.pdf",20230903134451,https://assets.publishing.service.gov.uk/government/uploads/system/uploads/attachment_data/file/1078968/SOM_CPIN_Security_and_humanitarian_situation_in_Mogadishu.pdf,assets.publishing.service.gov.uk,application/pdf,KMTLH2D2A46DV2LBQZHH7G3YALPHTMTI,1218424,140619795,SOM CPIN Security and humanitarian situation in Mogadishu,en,PDF
"uk,gov,service,publishing,assets)/media/634fa8698fa8f5346c39bb6e/inspection_report_on_country_of_origin_information__afghanistan_and_china_june_2022.pdf",20250605051537,https://assets.publishing.service.gov.uk/media/634fa8698fa8f5346c39bb6e/Inspection_Report_on_Country_of_Origin_Information__Afghanistan_and_China_June_2022.pdf,assets.publishing.service.gov.uk,application/pdf,GDAP56FD2FAYZJRZ2Y6NBDWCMBTOPWGO,1225471,397798864,Inpection of Country of Origin Information,en,PDF
"com,amazonaws,s3,moj-tribunals-documents-prod)/decision/pdf_file/63070/pa037802018.pdf",20231201072303,https://moj-tribunals-documents-prod.s3.amazonaws.com/decision/pdf_file/63070/PA037802018.pdf,moj-tribunals-documents-prod.s3.amazonaws.com,application/pdf,SMOMLBUHMHEA52SR6PDNVQHYU73AMQSJ,92600,421081294,PA037802018.pdf,en,PDF
"com,amazonaws,s3,moj-tribunals-documents-prod)/decision/pdf_file/63580/pa028052018.pdf",20231201072057,https://moj-tribunals-documents-prod.s3.amazonaws.com/decision/pdf_file/63580/PA028052018.pdf,moj-tribunals-documents-prod.s3.amazonaws.com,application/pdf,6THDLIK5RYW4JOHBQXXKJZWNEUFUDP3G,79276,356941561,PA028052018.pdf,en,PDF
"uk,gov,service,publishing,assets)/media/5ffc2f4e8fa8f564091759a5/iraq_-_sunni_arabs_-_cpin_-_v3.0_-_january_2021_-_ext.pdf",20240308033417,https://assets.publishing.service.gov.uk/media/5ffc2f4e8fa8f564091759a5/Iraq_-_Sunni_Arabs_-_CPIN_-_v3.0_-_January_2021_-_ext.pdf,assets.publishing.service.gov.uk,application/pdf,VUG2RV4PHURNSDUCSRBMLVM6CI7U6SGB,497161,132824431,Iraq - Sunni Arabs - CPIN - v3.0 - January 2021,en,PDF
"uk,gov,service,publishing,assets)/government/uploads/system/uploads/attachment_data/file/809931/inspection_of_country_of_origin_information_2019._burma__iraq_and_zimbabwe.pdf",20240126112728,https://assets.publishing.service.gov.uk/government/uploads/system/uploads/attachment_data/file/809931/Inspection_of_Country_of_Origin_Information_2019._Burma__Iraq_and_Zimbabwe.pdf,assets.publishing.service.gov.uk,application/pdf,A5CQD7JSTQ5QROQAQH4F7NXNGWX77NFI,885282,115663361,Inspection_of_Country_of_Origin_Information_2019._Burma__Iraq_and_Zimbabwe.pdf,en,PDF
"uk,gov,service,publishing,assets)/government/uploads/system/uploads/attachment_data/file/677541/libya_-_women_-_cpin_-_v2_0.pdf",20221118081611,https://assets.publishing.service.gov.uk/government/uploads/system/uploads/attachment_data/file/677541/Libya_-_Women_-_CPIN_-_v2_0.pdf,assets.publishing.service.gov.uk,application/pdf,DC2STJYRT36AEORXEW5WRP3HLV5E5IO2,691967,69599085,Libya - Women - CPIN - v2.0,en,PDF
"uk,gov,service,publishing,assets)/government/uploads/system/uploads/attachment_data/file/1083941/syr_cpin_humanitarian_situation_v1.pdf",20220628011638,https://assets.publishing.service.gov.uk/government/uploads/system/uploads/attachment_data/file/1083941/SYR_CPIN_Humanitarian_situation_v1.pdf,assets.publishing.service.gov.uk,application/pdf,OS4VH2AWNRU3LYHSY4DWKEND35MYNAVN,417171,77036009,SYR CPIN Humanitarian situation,en,PDF
"uk,gov,service,publishing,assets)/government/uploads/system/uploads/attachment_data/file/951169/iraq_-_sunni_arabs_-_cpin_-_v3.0_-_january_2021_-_ext.pdf",20230705235828,https://assets.publishing.service.gov.uk/government/uploads/system/uploads/attachment_data/file/951169/Iraq_-_Sunni_Arabs_-_CPIN_-_v3.0_-_January_2021_-_ext.pdf,assets.publishing.service.gov.uk,application/pdf,VUG2RV4PHURNSDUCSRBMLVM6CI7U6SGB,497135,332759581,Iraq - Sunni Arabs - CPIN - v3.0 - January 2021,en,PDF
"uk,gov,service,publishing,assets)/government/uploads/system/uploads/attachment_data/file/1166303/inspection_report_on_home_office_country_of_origin_information__iraq_and_myanmar__burma__january_2023_20pt.pdf",20231111145347,https://assets.publishing.service.gov.uk/government/uploads/system/uploads/attachment_data/file/1166303/Inspection_report_on_Home_Office_country_of_origin_information__Iraq_and_Myanmar__Burma__January_2023_20PT.pdf,assets.publishing.service.gov.uk,application/pdf,LO4WFZMLXFXRDYYHUYNY45IWNFYJE3O6,627313,345186138,Inpection of Country of Origin Information,en,PDF
"uk,gov)/government/uploads/system/uploads/attachment_data/file/575514/cpin_eth_pol_opp_v1.pdf",20170210015838,https://www.gov.uk/government/uploads/system/uploads/attachment_data/file/575514/CPIN_ETH_POL_OPP_v1.pdf,www.gov.uk,application/pdf,E4RTIFBUSMFB3RPO6W4V4NRAKLIIH5XM,418513,79001146,CIG Template,en,PDF
"uk,gov,service,publishing,assets)/media/5d090b1bed915d42fabe4dbc/inspection_of_country_of_origin_information_2019._burma__iraq_and_zimbabwe.pdf",20240308145132,https://assets.publishing.service.gov.uk/media/5d090b1bed915d42fabe4dbc/Inspection_of_Country_of_Origin_Information_2019._Burma__Iraq_and_Zimbabwe.pdf,assets.publishing.service.gov.uk,application/pdf,A5CQD7JSTQ5QROQAQH4F7NXNGWX77NFI,885261,136545885,Inspection_of_Country_of_Origin_Information_2019._Burma__Iraq_and_Zimbabwe.pdf,en,PDF
"uk,gov,service,publishing,assets)/government/uploads/system/uploads/attachment_data/file/873150/bangladesh-documentation-cpin-v2.0_march_2020_.pdf",20220422194534,https://assets.publishing.service.gov.uk/government/uploads/system/uploads/attachment_data/file/873150/Bangladesh-Documentation-CPIN-v2.0_March_2020_.pdf,assets.publishing.service.gov.uk,application/pdf,G4OTZT6XWVIOHOUWLY5DDZDPQLIXZ4JY,326757,45932734,CPIN Template 2018 - v3,en,PDF
"uk,gov,service,publishing,assets)/media/649d332d45b6a200123d44f9/inspection_report_on_home_office_country_of_origin_information__iraq_and_myanmar__burma__january_2023_20pt.pdf",20240122205247,https://assets.publishing.service.gov.uk/media/649d332d45b6a200123d44f9/Inspection_report_on_Home_Office_country_of_origin_information__Iraq_and_Myanmar__Burma__January_2023_20PT.pdf,assets.publishing.service.gov.uk,application/pdf,LO4WFZMLXFXRDYYHUYNY45IWNFYJE3O6,627334,33927816,Inpection of Country of Origin Information,en,PDF
"uk,gov,service,publishing,assets)/media/5e70e6eb86650c727eb66509/bangladesh-documentation-cpin-v2.0_march_2020_.pdf",20240118184024,https://assets.publishing.service.gov.uk/media/5e70e6eb86650c727eb66509/Bangladesh-Documentation-CPIN-v2.0_March_2020_.pdf,assets.publishing.service.gov.uk,application/pdf,G4OTZT6XWVIOHOUWLY5DDZDPQLIXZ4JY,326680,6400783,CPIN Template 2018 - v3,en,PDF
"uk,gov,service,publishing,assets)/government/uploads/system/uploads/attachment_data/file/1078968/som_cpin_security_and_humanitarian_situation_in_mogadishu.pdf",20240709160145,https://assets.publishing.service.gov.uk/government/uploads/system/uploads/attachment_data/file/1078968/SOM_CPIN_Security_and_humanitarian_situation_in_Mogadishu.pdf,assets.publishing.service.gov.uk,application/pdf,KMTLH2D2A46DV2LBQZHH7G3YALPHTMTI,1218479,191861859,SOM CPIN Security and humanitarian situation in Mogadishu,en,PDF
"uk,gov,service,publishing,assets)/government/uploads/system/uploads/attachment_data/file/873150/bangladesh-documentation-cpin-v2.0_march_2020_.pdf",20230919172850,https://assets.publishing.service.gov.uk/government/uploads/system/uploads/attachment_data/file/873150/Bangladesh-Documentation-CPIN-v2.0_March_2020_.pdf,assets.publishing.service.gov.uk,application/pdf,G4OTZT6XWVIOHOUWLY5DDZDPQLIXZ4JY,326654,242505169,CPIN Template 2018 - v3,en,PDF
"com,amazonaws,s3,moj-tribunals-documents-prod)/decision/pdf_file/64467/pa067592017___hu060432016.pdf",20231201072102,https://moj-tribunals-documents-prod.s3.amazonaws.com/decision/pdf_file/64467/PA067592017___HU060432016.pdf,moj-tribunals-documents-prod.s3.amazonaws.com,application/pdf,EJNABS7BB7PHDZ4AKNZGSLHLCTKI2DLR,82592,359956545,PA067592017___HU060432016.pdf,en,PDF
"com,amazonaws,s3,moj-tribunals-documents-prod)/decision/pdf_file/53591/pa036812016.pdf",20221201152235,https://moj-tribunals-documents-prod.s3.amazonaws.com/decision/pdf_file/53591/PA036812016.pdf,moj-tribunals-documents-prod.s3.amazonaws.com,application/pdf,LZZHKYHJR2KBZN6VYBTT7YKZJZBVZZOS,59575,163108331,PA036812016.pdf,en,PDF
"uk,gov,service,publishing,assets)/government/uploads/system/uploads/attachment_data/file/745075/india_-_sogie_-_cpin_-_v3.0__october_2018_.pdf",20200305193206,https://assets.publishing.service.gov.uk/government/uploads/system/uploads/attachment_data/file/745075/India_-_SOGIE_-_CPIN_-_v3.0__October_2018_.pdf,assets.publishing.service.gov.uk,application/pdf,7RBXKQT3DC63OL5AIDKCTVQ6ALNUTNNB,719179,311232340,India - SOGIE - CPIN - v3.0 (October 2018),en,PDF
"com,amazonaws,s3,moj-tribunals-documents-prod)/decision/pdf_file/79340/ui-2023-003906.pdf",20231201063822,https://moj-tribunals-documents-prod.s3.amazonaws.com/decision/pdf_file/79340/UI-2023-003906.pdf,moj-tribunals-documents-prod.s3.amazonaws.com,application/pdf,ZOLKL5IY5RYIPOBZMRJJCQSPVG4JMKPM,103660,424711519,UI-2023-003906.pdf,en,PDF
"com,amazonaws,s3,moj-tribunals-documents-prod)/decision/pdf_file/67338/pa025582019.pdf",20231201070813,https://moj-tribunals-documents-prod.s3.amazonaws.com/decision/pdf_file/67338/PA025582019.pdf,moj-tribunals-documents-prod.s3.amazonaws.com,application/pdf,QPRV56AH3QCSZ45OFL5DLDQ7GAZ6FOPY,80600,447366587,PA025582019.pdf,en,PDF
"uk,gov,service,publishing,assets)/media/653145500b5392000da92a21/tur+cpin+-+peoples+democratic+party+_hdp_.pdf",20231221231208,https://assets.publishing.service.gov.uk/media/653145500b5392000da92a21/TUR+CPIN+-+Peoples+Democratic+Party+_HDP_.pdf,assets.publishing.service.gov.uk,application/pdf,TGGGTRKEV4RTQCMQW22WDHDYBKUD2DXQ,587173,73904685,TUR CPIN - Peoples Democratic Party (HDP),en,PDF
"uk,gov,service,publishing,assets)/government/uploads/system/uploads/attachment_data/file/732170/turkey_-_kurdish_political_parties_-_cpin_-_v3.0__august_2018_.pdf",20200208004751,https://assets.publishing.service.gov.uk/government/uploads/system/uploads/attachment_data/file/732170/Turkey_-_Kurdish_Political_Parties_-_CPIN_-_v3.0__August_2018_.pdf,assets.publishing.service.gov.uk,application/pdf,HRVXMTITZMPOSTRU2367FWEH6ICRXUR7,1111483,158424915,Turkey - Kurdish Political Parties - CPIN - v3.0 (August 2018),en,PDF
"uk,gov,service,publishing,assets)/government/uploads/system/uploads/attachment_data/file/846262/india_-_prisons_-_cpin_-_v3.0__november_2019_.pdf",20211218040917,https://assets.publishing.service.gov.uk/government/uploads/system/uploads/attachment_data/file/846262/India_-_Prisons_-_CPIN_-_v3.0__November_2019_.pdf,assets.publishing.service.gov.uk,application/pdf,T6Q7IYQZ2UP7K2F6TFJBRWB73MGQSYAM,409109,214878575,India - Prisons - CPIN - v3.0 (November 2019),en,PDF
"uk,gov,service,publishing,assets)/media/5a82b3c040f0b6230269c40e/an_inspection_of_the_production_and_use_of_country_of_origin_information.pdf",20240305074951,https://assets.publishing.service.gov.uk/media/5a82b3c040f0b6230269c40e/An_inspection_of_the_production_and_use_of_Country_of_Origin_Information.pdf,assets.publishing.service.gov.uk,application/pdf,4NXLUYKJXBHQEOULCID5JFCR36W6RYZO,609761,276071984,An_inspection_of_the_production_and_use_of_Country_of_Origin_Information.pdf,en,PDF
"uk,gov,service,publishing,assets)/government/uploads/system/uploads/attachment_data/file/677556/an_inspection_of_the_production_and_use_of_country_of_origin_information.pdf",20200107041450,https://assets.publishing.service.gov.uk/government/uploads/system/uploads/attachment_data/file/677556/An_inspection_of_the_production_and_use_of_Country_of_Origin_Information.pdf,assets.publishing.service.gov.uk,application/pdf,4NXLUYKJXBHQEOULCID5JFCR36W6RYZO,609839,447916220,An_inspection_of_the_production_and_use_of_Country_of_Origin_Information.pdf,en,PDF
"com,amazonaws,s3,moj-tribunals-documents-prod)/decision/pdf_file/64504/pa067592017___hu060432016.pdf",20231201072457,https://moj-tribunals-documents-prod.s3.amazonaws.com/decision/pdf_file/64504/PA067592017___HU060432016.pdf,moj-tribunals-documents-prod.s3.amazonaws.com,application/pdf,SAOPVIKYTDMARE5EHB4WBICMPGHKAJ65,82268,482121940,PA067592017___HU060432016.pdf,en,PDF
"uk,gov,service,publishing,assets)/government/uploads/system/uploads/attachment_data/file/677556/an_inspection_of_the_production_and_use_of_country_of_origin_information.pdf",20240305130947,https://assets.publishing.service.gov.uk/government/uploads/system/uploads/attachment_data/file/677556/An_inspection_of_the_production_and_use_of_Country_of_Origin_Information.pdf,assets.publishing.service.gov.uk,application/pdf,4NXLUYKJXBHQEOULCID5JFCR36W6RYZO,609768,251122781,An_inspection_of_the_production_and_use_of_Country_of_Origin_Information.pdf,en,PDF
"com,amazonaws,s3,moj-tribunals-documents-prod)/decision/pdf_file/64629/hu066392018___others.pdf",20231201071814,https://moj-tribunals-documents-prod.s3.amazonaws.com/decision/pdf_file/64629/HU066392018___Others.pdf,moj-tribunals-documents-prod.s3.amazonaws.com,application/pdf,VJAGDME7Y3DT7S5TSVRKAJR3X24QXARU,94997,272190124,HU066392018___Others.pdf,en,PDF
"com,amazonaws,s3,moj-tribunals-documents-prod)/decision/pdf_file/57899/pa006382017.pdf",20221201142335,https://moj-tribunals-documents-prod.s3.amazonaws.com/decision/pdf_file/57899/PA006382017.pdf,moj-tribunals-documents-prod.s3.amazonaws.com,application/pdf,33USQE2CG3SSTPV53BM4TC4R7E66HL2I,71914,414182107,PA006382017.pdf,en,PDF
"uk,gov,service,publishing,assets)/government/uploads/system/uploads/attachment_data/file/822482/afg_cpin_security_situ.v6.0__july_2019_.pdf",20200509225310,https://assets.publishing.service.gov.uk/government/uploads/system/uploads/attachment_data/file/822482/AFG_CPIN_Security_situ.v6.0__July_2019_.pdf,assets.publishing.service.gov.uk,application/pdf,PLDRDHQR7BEDUYFULFVY2STNKV2MOD63,918395,406139296,AFG security situation,en,PDF
"uk,gov,service,publishing,assets)/government/uploads/system/uploads/attachment_data/file/1100961/rus_cpin_chechnya_critics_of_the_state.pdf",20231204211340,https://assets.publishing.service.gov.uk/government/uploads/system/uploads/attachment_data/file/1100961/RUS_CPIN_Chechnya_Critics_of_the_state.pdf,assets.publishing.service.gov.uk,application/pdf,3LBH674QJCKQPZBYNQOC6JZRSWDW4TBR,251779,183412884,RUS CPIN Chechnya Critics of the state,en,PDF
"com,amazonaws,s3,moj-tribunals-documents-prod)/decision/pdf_file/63423/pa097352018.pdf",20231201071909,https://moj-tribunals-documents-prod.s3.amazonaws.com/decision/pdf_file/63423/PA097352018.pdf,moj-tribunals-documents-prod.s3.amazonaws.com,application/pdf,52TAADS4E27JPUFS56JGD2PEUC7C2MI4,85450,300950530,PA097352018.pdf,en,PDF
"uk,gov,service,publishing,assets)/government/uploads/system/uploads/attachment_data/file/565821/cpin-iran-military-service-v1-october-2016.pdf",20200206223323,https://assets.publishing.service.gov.uk/government/uploads/system/uploads/attachment_data/file/565821/CPIN-Iran-Military-Service-v1-October-2016.pdf,assets.publishing.service.gov.uk,application/pdf,6XU436C7QUH7UL6ASUVBZKQC7ATQ5SFP,318671,357741043,CPIN - Iran - Military Service - v1.0 (October 2016),en,PDF
"com,amazonaws,s3,moj-tribunals-documents-prod)/decision/pdf_file/54891/pa046632016.pdf",20191202202322,https://moj-tribunals-documents-prod.s3.amazonaws.com/decision/pdf_file/54891/PA046632016.pdf,moj-tribunals-documents-prod.s3.amazonaws.com,application/pdf,FNBZVFEKG7WDUUM3AEFT5R6PD5KOAJEO,132075,258770476,PA046632016.pdf,en,PDF
"uk,gov,service,publishing,assets)/government/uploads/system/uploads/attachment_data/file/880558/vietnam_-_trafficking_-_cpin_-_v4.0_april_2020.pdf",20220422195243,https://assets.publishing.service.gov.uk/government/uploads/system/uploads/attachment_data/file/880558/Vietnam_-_Trafficking_-_CPIN_-_v4.0_April_2020.pdf,assets.publishing.service.gov.uk,application/pdf,LZQWUAL2DT5SIUYIJKWZHIEFO47FU67Y,449105,68317760,CPIN Template 2018 - v3,en,PDF
"uk,gov,service,publishing,assets)/media/630e140f8fa8f5535f413ee1/rus_cpin_chechnya_critics_of_the_state.pdf",20231221231619,https://assets.publishing.service.gov.uk/media/630e140f8fa8f5535f413ee1/RUS_CPIN_Chechnya_Critics_of_the_state.pdf,assets.publishing.service.gov.uk,application/pdf,3LBH674QJCKQPZBYNQOC6JZRSWDW4TBR,251772,46668802,RUS CPIN Chechnya Critics of the state,en,PDF
"com,amazonaws,s3,moj-tribunals-documents-prod)/decision/pdf_file/70081/pa042612019.pdf",20231201070259,https://moj-tribunals-documents-prod.s3.amazonaws.com/decision/pdf_file/70081/PA042612019.pdf,moj-tribunals-documents-prod.s3.amazonaws.com,application/pdf,6EQNBYY3DN2CBDJC4DV3BJ44NQBSY3WT,110116,273175164,PA042612019.pdf,en,PDF
"uk,gov,service,publishing,assets)/government/uploads/system/uploads/attachment_data/file/861042/iraq_-_baathists_-_cpin_-_v2.0_-_january_2020_-_ext.pdf",20220324081505,https://assets.publishing.service.gov.uk/government/uploads/system/uploads/attachment_data/file/861042/Iraq_-_Baathists_-_CPIN_-_v2.0_-_January_2020_-_EXT.pdf,assets.publishing.service.gov.uk,application/pdf,CISNMFM4SMQ4OJQYOCFZKGKSSZAECXVX,363305,109150662,CPIN Template 2018 - v3,en,PDF
"com,amazonaws,s3,moj-tribunals-documents-prod)/decision/pdf_file/56224/aa114352014.pdf",20230601111524,https://moj-tribunals-documents-prod.s3.amazonaws.com/decision/pdf_file/56224/AA114352014.pdf,moj-tribunals-documents-prod.s3.amazonaws.com,application/pdf,DLIJOFMSYGKUVKL4DJWBWSYA6CYEMKH5,97766,462128453,AA114352014.pdf,en,PDF
"com,amazonaws,s3,moj-tribunals-documents-prod)/decision/pdf_file/56884/pa022192017.pdf",20191202193309,https://moj-tribunals-documents-prod.s3.amazonaws.com/decision/pdf_file/56884/PA022192017.pdf,moj-tribunals-documents-prod.s3.amazonaws.com,application/pdf,JDAIGQSRJ2BBYBLLCC5YRYRQD4ZKQJQJ,149772,278451758,PA022192017.pdf,en,PDF
"uk,gov,service,publishing,assets)/media/628f61c4e90e07039944ec22/som_cpin_security_and_humanitarian_situation_in_mogadishu.pdf",20250604215234,https://assets.publishing.service.gov.uk/media/628f61c4e90e07039944ec22/SOM_CPIN_Security_and_humanitarian_situation_in_Mogadishu.pdf,assets.publishing.service.gov.uk,application/pdf,KMTLH2D2A46DV2LBQZHH7G3YALPHTMTI,1218465,48629798,SOM CPIN Security and humanitarian situation in Mogadishu,en,PDF
"uk,gov,service,publishing,assets)/government/uploads/system/uploads/attachment_data/file/1023386/vnm_cpin_unaccompanied_children.pdf",20230831183310,https://assets.publishing.service.gov.uk/government/uploads/system/uploads/attachment_data/file/1023386/VNM_CPIN_Unaccompanied_children.pdf,assets.publishing.service.gov.uk,application/pdf,GOKFEJPKHEMZ6PSN3BZTDEQVWI6P5INX,549166,426110060,VNM CPIN Unaccompanied children,en,PDF
"uk,gov,service,publishing,assets)/government/uploads/system/uploads/attachment_data/file/1007296/china-_non_christian_religious_groups_-_v2.0__july_2021.pdf",20230704100748,https://assets.publishing.service.gov.uk/government/uploads/system/uploads/attachment_data/file/1007296/China-_Non_Christian_religious_groups_-_V2.0__July_2021.pdf,assets.publishing.service.gov.uk,application/pdf,NXJ3MXT4EKKC3AZ4LQL7NFLKOWTCY6G6,528155,207251852,CPIN Template - January 2020,en,PDF
"com,amazonaws,s3,moj-tribunals-documents-prod)/decision/pdf_file/56812/pa022192017.pdf",20191202171549,https://moj-tribunals-documents-prod.s3.amazonaws.com/decision/pdf_file/56812/PA022192017.pdf,moj-tribunals-documents-prod.s3.amazonaws.com,application/pdf,HNHWREQKX3GRNWT2UO2AJ73SFFOAYZPF,149145,485957811,PA022192017.pdf,en,PDF
"com,amazonaws,s3,moj-tribunals-documents-prod)/decision/pdf_file/56094/aa094482015.pdf",20191202181202,https://moj-tribunals-documents-prod.s3.amazonaws.com/decision/pdf_file/56094/AA094482015.pdf,moj-tribunals-documents-prod.s3.amazonaws.com,application/pdf,IFB7TH6I6BSWM3VEJEM7TC2ZMWKPFHVE,150652,25085480,AA094482015.pdf,en,PDF
"uk,gov,service,publishing,assets)/government/uploads/system/uploads/attachment_data/file/880558/vietnam_-_trafficking_-_cpin_-_v4.0_april_2020.pdf",20230831183201,https://assets.publishing.service.gov.uk/government/uploads/system/uploads/attachment_data/file/880558/Vietnam_-_Trafficking_-_CPIN_-_v4.0_April_2020.pdf,assets.publishing.service.gov.uk,application/pdf,LZQWUAL2DT5SIUYIJKWZHIEFO47FU67Y,449015,388215812,CPIN Template 2018 - v3,en,PDF
"uk,gov,service,publishing,assets)/government/uploads/system/uploads/attachment_data/file/1072852/irn_cpin_women_fearing_honour-based_violence.pdf",20231203120936,https://assets.publishing.service.gov.uk/government/uploads/system/uploads/attachment_data/file/1072852/IRN_CPIN_Women_fearing_honour-based_violence.pdf,assets.publishing.service.gov.uk,application/pdf,DJFG43D3EJULFFPEV7GGIWWEDZHQ2ZUN,487728,10887777,Iran-Women fearing honour crimes-CPIN (draft)v2.0,en,PDF
"uk,gov,service,publishing,assets)/government/uploads/system/uploads/attachment_data/file/1072852/irn_cpin_women_fearing_honour-based_violence.pdf",20220504185343,https://assets.publishing.service.gov.uk/government/uploads/system/uploads/attachment_data/file/1072852/IRN_CPIN_Women_fearing_honour-based_violence.pdf,assets.publishing.service.gov.uk,application/pdf,DJFG43D3EJULFFPEV7GGIWWEDZHQ2ZUN,487818,406035558,Iran-Women fearing honour crimes-CPIN (draft)v2.0,en,PDF
"uk,gov,service,publishing,assets)/government/uploads/system/uploads/attachment_data/file/1016838/nga_cpin_internal_relocation.pdf",20220517192331,https://assets.publishing.service.gov.uk/government/uploads/system/uploads/attachment_data/file/1016838/NGA_CPIN_Internal_Relocation.pdf,assets.publishing.service.gov.uk,application/pdf,JXXXID6A4BVWBI7HPM24JHLHJKEM3F46,760751,378749395,NGA CPIN Internal Relocation,en,PDF
"uk,gov,service,publishing,assets)/government/uploads/system/uploads/attachment_data/file/865876/iraq_-_blood_feuds_-_cpin_v2.0_-_feb_2020_-_ext__004_.pdf",20220423030455,https://assets.publishing.service.gov.uk/government/uploads/system/uploads/attachment_data/file/865876/Iraq_-_Blood_Feuds_-_CPIN_v2.0_-_Feb_2020_-_EXT__004_.pdf,assets.publishing.service.gov.uk,application/pdf,IWH5BOSFSYLBTVJKRIX3UTWZFOKFXSUB,317847,205570843,CPIN Template 2018 - v3,en,PDF
"uk,gov,service,publishing,assets)/government/uploads/system/uploads/attachment_data/file/738856/turkey_-_military_service_-_cpin_-_v2.0__september_2018_.pdf",20230803152638,https://assets.publishing.service.gov.uk/government/uploads/system/uploads/attachment_data/file/738856/Turkey_-_Military_service_-_CPIN_-_v2.0__September_2018_.pdf,assets.publishing.service.gov.uk,application/pdf,N2WD7FFDV6OWB5D4SNJMI6JED4N636XS,878732,315495650,Turkey - Military service - CPIN - v2.0 (September 2018),en,PDF
"uk,gov)/government/uploads/system/uploads/attachment_data/file/565821/cpin-iran-military-service-v1-october-2016.pdf",20170210015741,https://www.gov.uk/government/uploads/system/uploads/attachment_data/file/565821/CPIN-Iran-Military-Service-v1-October-2016.pdf,www.gov.uk,application/pdf,6XU436C7QUH7UL6ASUVBZKQC7ATQ5SFP,318388,67933724,CPIN - Iran - Military Service - v1.0 (October 2016),en,PDF
"uk,gov,service,publishing,assets)/media/6560d6f51fd90c000dac3ba4/bgd+cpin+sexual+orientation+and+gender+identity+and+expression.pdf",20240123190101,https://assets.publishing.service.gov.uk/media/6560d6f51fd90c000dac3ba4/BGD+CPIN+Sexual+orientation+and+gender+identity+and+expression.pdf,assets.publishing.service.gov.uk,application/pdf,H5MSJ3NBABLZ7EUO3XI6U3NMAR6UXYX5,494479,4788235,BGD CPIN Sexual orientation and gender identity and expression,en,PDF
"uk,gov,service,publishing,assets)/media/6181249de90e07197f18fe39/afg_cpin_unaccompanied_children.pdf",20240107225805,https://assets.publishing.service.gov.uk/media/6181249de90e07197f18fe39/AFG_CPIN_Unaccompanied_children.pdf,assets.publishing.service.gov.uk,application/pdf,BSX3B7HUI6SRKZKBZMUXMUNKTQTGPOCN,547665,228305413,AFG CPIN Unaccompanied children,en,PDF
"uk,gov,service,publishing,assets)/media/615c4d08e90e07197483b655/vnm_cpin_unaccompanied_children.pdf",20240201190021,https://assets.publishing.service.gov.uk/media/615c4d08e90e07197483b655/VNM_CPIN_Unaccompanied_children.pdf,assets.publishing.service.gov.uk,application/pdf,GOKFEJPKHEMZ6PSN3BZTDEQVWI6P5INX,549200,259955784,VNM CPIN Unaccompanied children,en,PDF
"uk,gov,service,publishing,assets)/government/uploads/system/uploads/attachment_data/file/1016838/nga_cpin_internal_relocation.pdf",20230909222742,https://assets.publishing.service.gov.uk/government/uploads/system/uploads/attachment_data/file/1016838/NGA_CPIN_Internal_Relocation.pdf,assets.publishing.service.gov.uk,application/pdf,JXXXID6A4BVWBI7HPM24JHLHJKEM3F46,760654,333947680,NGA CPIN Internal Relocation,en,PDF
"uk,gov,service,publishing,assets)/government/uploads/system/uploads/attachment_data/file/934577/brazil_-_actors_of_protection_-_cpin_-_v1.0__nov_2020__gov.uk.pdf",20230909211259,https://assets.publishing.service.gov.uk/government/uploads/system/uploads/attachment_data/file/934577/Brazil_-_Actors_of_protection_-_CPIN_-_v1.0__Nov_2020__Gov.uk.pdf,assets.publishing.service.gov.uk,application/pdf,FYD3F7ET2R7EIDRFTNTQ6HBWT2L4FY2I,386173,273447647,CPIN Template - January 2020,en,PDF
"uk,gov,service,publishing,assets)/government/uploads/system/uploads/attachment_data/file/923254/sri_lanka-_sogie_cpin_-_v4.0__1_.pdf",20211207141826,https://assets.publishing.service.gov.uk/government/uploads/system/uploads/attachment_data/file/923254/Sri_Lanka-_SOGIE_CPIN_-_v4.0__1_.pdf,assets.publishing.service.gov.uk,application/pdf,OKX4YBEPVWMHH7JDQNZ3BJDSTSEKNOSN,551099,303550815,CPIN Template - January 2020,en,PDF
"com,amazonaws,s3,moj-tribunals-documents-prod)/decision/pdf_file/58591/pa026392017.pdf",20221201141912,https://moj-tribunals-documents-prod.s3.amazonaws.com/decision/pdf_file/58591/PA026392017.pdf,moj-tribunals-documents-prod.s3.amazonaws.com,application/pdf,4XSHAHA2KCWPTA26MGNASSMWD7YSM645,104977,277605809,PA026392017.pdf,en,PDF
"uk,gov,service,publishing,assets)/government/uploads/system/uploads/attachment_data/file/1016838/nga_cpin_internal_relocation.pdf?utm_medium=twitter&utm_source=dlvr.it",20240227124928,https://assets.publishing.service.gov.uk/government/uploads/system/uploads/attachment_data/file/1016838/NGA_CPIN_Internal_Relocation.pdf?utm_source=dlvr.it&utm_medium=twitter,assets.publishing.service.gov.uk,application/pdf,JXXXID6A4BVWBI7HPM24JHLHJKEM3F46,760356,400895104,NGA CPIN Internal Relocation,en,PDF
"uk,gov,service,publishing,assets)/media/62715027e90e0746cb4affbb/irn_cpin_women_fearing_honour-based_violence.pdf",20231007055421,https://assets.publishing.service.gov.uk/media/62715027e90e0746cb4affbb/IRN_CPIN_Women_fearing_honour-based_violence.pdf,assets.publishing.service.gov.uk,application/pdf,DJFG43D3EJULFFPEV7GGIWWEDZHQ2ZUN,487714,462737386,Iran-Women fearing honour crimes-CPIN (draft)v2.0,en,PDF
"uk,gov,service,publishing,assets)/government/uploads/system/uploads/attachment_data/file/1185592/bgd_cpin_sexual_orientation_and_gender_identity_and_expression.pdf",20230919173102,https://assets.publishing.service.gov.uk/government/uploads/system/uploads/attachment_data/file/1185592/BGD_CPIN_Sexual_orientation_and_gender_identity_and_expression.pdf,assets.publishing.service.gov.uk,application/pdf,LP7XP3ND4BMFBIC5S4XEJI4YJTBCB4X3,494141,386302866,BGD CPIN Sexual orientation and gender identity and expression,en,PDF
"uk,gov,service,publishing,assets)/government/uploads/system/uploads/attachment_data/file/1072853/irn_cpin_women_-_early_and_forced_marriage.pdf",20230903010903,https://assets.publishing.service.gov.uk/government/uploads/system/uploads/attachment_data/file/1072853/IRN_CPIN_Women_-_Early_and_forced_marriage.pdf,assets.publishing.service.gov.uk,application/pdf,XSKYAQ7MCDD3G6GMGG7EYXCBCCCW3RO4,565311,162767747,IRN CPIN Women – Early and forced marriage.docx,en,PDF
"uk,gov,service,publishing,assets)/government/uploads/system/uploads/attachment_data/file/1030389/afg_cpin_unaccompanied_children.pdf",20230803234513,https://assets.publishing.service.gov.uk/government/uploads/system/uploads/attachment_data/file/1030389/AFG_CPIN_Unaccompanied_children.pdf,assets.publishing.service.gov.uk,application/pdf,BSX3B7HUI6SRKZKBZMUXMUNKTQTGPOCN,547679,331822656,AFG CPIN Unaccompanied children,en,PDF
"uk,gov,service,publishing,assets)/media/6271545ee90e0746c51134a1/irn_cpin_women_-_early_and_forced_marriage.pdf",20250509022940,https://assets.publishing.service.gov.uk/media/6271545ee90e0746c51134a1/IRN_CPIN_Women_-_Early_and_forced_marriage.pdf,assets.publishing.service.gov.uk,application/pdf,XSKYAQ7MCDD3G6GMGG7EYXCBCCCW3RO4,565334,260166651,IRN CPIN Women – Early and forced marriage.docx,en,PDF
"uk,gov,service,publishing,assets)/media/613f3e6fd3bf7f05b2ac200e/nga_cpin_internal_relocation.pdf",20231221231545,https://assets.publishing.service.gov.uk/media/613f3e6fd3bf7f05b2ac200e/NGA_CPIN_Internal_Relocation.pdf,assets.publishing.service.gov.uk,application/pdf,JXXXID6A4BVWBI7HPM24JHLHJKEM3F46,760642,21155475,NGA CPIN Internal Relocation,en,PDF
"uk,gov,service,publishing,assets)/media/61028b7ee90e0703af00179f/china-_non_christian_religious_groups_-_v2.0__july_2021.pdf",20250425211828,https://assets.publishing.service.gov.uk/media/61028b7ee90e0703af00179f/China-_Non_Christian_religious_groups_-_V2.0__July_2021.pdf,assets.publishing.service.gov.uk,application/pdf,NXJ3MXT4EKKC3AZ4LQL7NFLKOWTCY6G6,528182,34405176,CPIN Template - January 2020,en,PDF
"uk,gov,service,publishing,assets)/media/5b914fc2e5274a423f2be273/turkey_-_military_service_-_cpin_-_v2.0__september_2018_.pdf",20231019172041,https://assets.publishing.service.gov.uk/media/5b914fc2e5274a423f2be273/Turkey_-_Military_service_-_CPIN_-_v2.0__September_2018_.pdf,assets.publishing.service.gov.uk,application/pdf,N2WD7FFDV6OWB5D4SNJMI6JED4N636XS,878723,208718940,Turkey - Military service - CPIN - v2.0 (September 2018),en,PDF
"uk,gov,service,publishing,assets)/government/uploads/system/uploads/attachment_data/file/648341/ukraine_-_crm__dnsk__lhsk_-_cpin_-_v3.0__september_2017_.pdf",20220201011005,https://assets.publishing.service.gov.uk/government/uploads/system/uploads/attachment_data/file/648341/Ukraine_-_Crm__Dnsk__Lhsk_-_CPIN_-_v3.0__September_2017_.pdf,assets.publishing.service.gov.uk,application/pdf,W6CZWCNUR5T5X7LI77IB4DWY4KN2AFSI,669926,118743800,"Ukraine - Crm, Dnsk, Lhsk - CPIN - v3.0 (September 2017)",en,PDF
"uk,gov,service,publishing,assets)/government/uploads/system/uploads/attachment_data/file/1023386/vnm_cpin_unaccompanied_children.pdf",20220506224604,https://assets.publishing.service.gov.uk/government/uploads/system/uploads/attachment_data/file/1023386/VNM_CPIN_Unaccompanied_children.pdf,assets.publishing.service.gov.uk,application/pdf,GOKFEJPKHEMZ6PSN3BZTDEQVWI6P5INX,549252,355610932,VNM CPIN Unaccompanied children,en,PDF
"uk,gov,service,publishing,assets)/government/uploads/system/uploads/attachment_data/file/832016/jamaica-background-cpin-v3.0-september-2019.pdf",20230215232335,https://assets.publishing.service.gov.uk/government/uploads/system/uploads/attachment_data/file/832016/Jamaica-Background-CPIN-v3.0-September-2019.pdf,assets.publishing.service.gov.uk,application/pdf,XIXQQ4CGUQDY7WSYGLDLP6EJK47QRNEF,365624,288179092,Jamaica - Background - CPIN - v3.0 (Sept 2019),en,PDF
"com,amazonaws,s3,moj-tribunals-documents-prod)/decision/pdf_file/56094/aa094482015.pdf",20210601163006,https://moj-tribunals-documents-prod.s3.amazonaws.com/decision/pdf_file/56094/AA094482015.pdf,moj-tribunals-documents-prod.s3.amazonaws.com,application/pdf,IFB7TH6I6BSWM3VEJEM7TC2ZMWKPFHVE,150655,479853412,AA094482015.pdf,en,PDF
"uk,gov,service,publishing,assets)/media/5fabfb07e90e075c52f90223/brazil_-_actors_of_protection_-_cpin_-_v1.0__nov_2020__gov.uk.pdf",20240305090604,https://assets.publishing.service.gov.uk/media/5fabfb07e90e075c52f90223/Brazil_-_Actors_of_protection_-_CPIN_-_v1.0__Nov_2020__Gov.uk.pdf,assets.publishing.service.gov.uk,application/pdf,FYD3F7ET2R7EIDRFTNTQ6HBWT2L4FY2I,386201,79364706,CPIN Template - January 2020,en,PDF
"com,amazonaws,s3,moj-tribunals-documents-prod)/decision/pdf_file/64089/pa027472018.pdf",20221201143625,https://moj-tribunals-documents-prod.s3.amazonaws.com/decision/pdf_file/64089/PA027472018.pdf,moj-tribunals-documents-prod.s3.amazonaws.com,application/pdf,ZS4UGXDHMVN6RZK7HAJ76LYTTLOZOLE6,101469,293353731,PA027472018.pdf,en,PDF
"com,amazonaws,s3,moj-tribunals-documents-prod)/decision/pdf_file/55037/pa124682016.pdf",20221201141313,https://moj-tribunals-documents-prod.s3.amazonaws.com/decision/pdf_file/55037/PA124682016.pdf,moj-tribunals-documents-prod.s3.amazonaws.com,application/pdf,U7JUDVT6JTW2T2JFH2MD5M5ZP42DAYOB,89428,90508425,PA124682016.pdf,en,PDF
"uk,gov,service,publishing,assets)/government/uploads/system/uploads/attachment_data/file/865876/iraq_-_blood_feuds_-_cpin_v2.0_-_feb_2020_-_ext__004_.pdf",20240126114013,https://assets.publishing.service.gov.uk/government/uploads/system/uploads/attachment_data/file/865876/Iraq_-_Blood_Feuds_-_CPIN_v2.0_-_Feb_2020_-_EXT__004_.pdf,assets.publishing.service.gov.uk,application/pdf,IWH5BOSFSYLBTVJKRIX3UTWZFOKFXSUB,317762,369025976,CPIN Template 2018 - v3,en,PDF
"uk,gov,service,publishing,assets)/government/uploads/system/uploads/attachment_data/file/738856/turkey_-_military_service_-_cpin_-_v2.0__september_2018_.pdf",20220510225404,https://assets.publishing.service.gov.uk/government/uploads/system/uploads/attachment_data/file/738856/Turkey_-_Military_service_-_CPIN_-_v2.0__September_2018_.pdf,assets.publishing.service.gov.uk,application/pdf,N2WD7FFDV6OWB5D4SNJMI6JED4N636XS,878868,483658217,Turkey - Military service - CPIN - v2.0 (September 2018),en,PDF
"com,amazonaws,s3,moj-tribunals-documents-prod)/decision/pdf_file/75405/00001_ukut_iac_2022_aar_ethiopia_cg.pdf",20231201065322,https://moj-tribunals-documents-prod.s3.amazonaws.com/decision/pdf_file/75405/00001_ukut_iac_2022_aar_ethiopia_cg.pdf,moj-tribunals-documents-prod.s3.amazonaws.com,application/pdf,3SV34CPZCACO2K52JWSJ2QGT27BOLBKF,362387,456648944,00001_ukut_iac_2022_aar_ethiopia_cg.pdf,en,PDF
"uk,gov,service,publishing,assets)/media/657ad4c40467eb001355f7ef/ind+cpin+political+parties+and+affiliation.pdf",20240305090549,https://assets.publishing.service.gov.uk/media/657ad4c40467eb001355f7ef/IND+CPIN+Political+parties+and+affiliation.pdf,assets.publishing.service.gov.uk,application/pdf,ZWMSFIWZEAWNCZVLMDQWPKR3NGT6QKCA,766189,49250029,IND CPIN Political parties and affiliation,en,PDF
"uk,gov,service,publishing,assets)/government/uploads/system/uploads/attachment_data/file/934577/brazil_-_actors_of_protection_-_cpin_-_v1.0__nov_2020__gov.uk.pdf",20220413135000,https://assets.publishing.service.gov.uk/government/uploads/system/uploads/attachment_data/file/934577/Brazil_-_Actors_of_protection_-_CPIN_-_v1.0__Nov_2020__Gov.uk.pdf,assets.publishing.service.gov.uk,application/pdf,FYD3F7ET2R7EIDRFTNTQ6HBWT2L4FY2I,386272,271781752,CPIN Template - January 2020,en,PDF
"uk,gov,service,publishing,assets)/government/uploads/system/uploads/attachment_data/file/677540/use_of_coi_home_office_response.pdf",20200427153003,https://assets.publishing.service.gov.uk/government/uploads/system/uploads/attachment_data/file/677540/Use_of_COI_Home_Office_Response.pdf,assets.publishing.service.gov.uk,application/pdf,7VGC5XIZJ2YOR53XWQ54IWJMUH62B4J4,439420,266964315,Use_of_COI_Home_Office_Response.pdf,en,PDF
"uk,gov,service,publishing,assets)/media/5e46774aed915d4fff2dbeca/iraq_-_blood_feuds_-_cpin_v2.0_-_feb_2020_-_ext__004_.pdf",20231104212948,https://assets.publishing.service.gov.uk/media/5e46774aed915d4fff2dbeca/Iraq_-_Blood_Feuds_-_CPIN_v2.0_-_Feb_2020_-_EXT__004_.pdf,assets.publishing.service.gov.uk,application/pdf,IWH5BOSFSYLBTVJKRIX3UTWZFOKFXSUB,317716,179478616,CPIN Template 2018 - v3,en,PDF
"com,amazonaws,s3,moj-tribunals-documents-prod)/decision/pdf_file/58177/pa138842016.pdf",20200901134848,https://moj-tribunals-documents-prod.s3.amazonaws.com/decision/pdf_file/58177/PA138842016.pdf,moj-tribunals-documents-prod.s3.amazonaws.com,application/pdf,SDWX5PKA5DQAJLPU5TLEZBXZAGKU4TN2,165220,364186290,PA138842016.pdf,en,PDF
"uk,gov,service,publishing,assets)/government/uploads/system/uploads/attachment_data/file/963724/country_information_and_guidance_christian_and_christian_converts__pakistan__february_2021.pdf",20230801215945,https://assets.publishing.service.gov.uk/government/uploads/system/uploads/attachment_data/file/963724/Country_information_and_guidance_Christian_and_Christian_converts__Pakistan__February_2021.pdf,assets.publishing.service.gov.uk,application/pdf,KYAWHDK4CEMFSI65HLHQ3YH6IGB5SGSQ,804681,339353279,Pakistan-Christians-Converts.v4.0,en,PDF
"uk,gov,service,publishing,assets)/media/5a82cdbd40f0b62305b946dd/use_of_coi_home_office_response.pdf",20240108013954,https://assets.publishing.service.gov.uk/media/5a82cdbd40f0b62305b946dd/Use_of_COI_Home_Office_Response.pdf,assets.publishing.service.gov.uk,application/pdf,7VGC5XIZJ2YOR53XWQ54IWJMUH62B4J4,439312,455109452,Use_of_COI_Home_Office_Response.pdf,en,PDF
"com,amazonaws,s3,moj-tribunals-documents-prod)/decision/pdf_file/75287/pa030672020.pdf",20231201064915,https://moj-tribunals-documents-prod.s3.amazonaws.com/decision/pdf_file/75287/PA030672020.pdf,moj-tribunals-documents-prod.s3.amazonaws.com,application/pdf,2P7BNK6PNQPMI7XDP757MZS3SDR6KHJO,88827,306234186,PA030672020.pdf,en,PDF
"uk,gov,service,publishing,assets)/government/uploads/system/uploads/attachment_data/file/1073991/irn_cpin_kurds_and_kurdish_political_groups.pdf",20220517205131,https://assets.publishing.service.gov.uk/government/uploads/system/uploads/attachment_data/file/1073991/IRN_CPIN_Kurds_and_Kurdish_political_groups.pdf,assets.publishing.service.gov.uk,application/pdf,XNRROONJ53ZAAVQDIO55ZURZ2YPI3K3Q,955122,235516480,IRN CPIN Kurds and Kurdish political groups,en,PDF
"com,amazonaws,s3,moj-tribunals-documents-prod)/decision/pdf_file/65530/hu131912017.pdf",20231201071244,https://moj-tribunals-documents-prod.s3.amazonaws.com/decision/pdf_file/65530/HU131912017.pdf,moj-tribunals-documents-prod.s3.amazonaws.com,application/pdf,25QRMK3SQ2UYCOCUWVI5SFP3FJI6U7YM,82074,95022402,HU131912017.pdf,en,PDF
"com,amazonaws,s3,moj-tribunals-documents-prod)/decision/pdf_file/70754/pa092782019.pdf",20231201070235,https://moj-tribunals-documents-prod.s3.amazonaws.com/decision/pdf_file/70754/PA092782019.pdf,moj-tribunals-documents-prod.s3.amazonaws.com,application/pdf,Y643M3BQSEGKL5MQIVPNGA4R2GUMIWDO,91935,261267758,PA092782019.pdf,en,PDF
"uk,gov,service,publishing,assets)/media/65311c6026b9b1000daf1bc6/tur+cpin+-+kurds.pdf",20250605121356,https://assets.publishing.service.gov.uk/media/65311c6026b9b1000daf1bc6/TUR+CPIN+-+Kurds.pdf,assets.publishing.service.gov.uk,application/pdf,TRHNFBVMSWL7FFGCKHP5OXZXHVMIQZ6U,643751,138217703,TUR CPIN - Kurds,en,PDF
"uk,gov,service,publishing,assets)/government/uploads/system/uploads/attachment_data/file/680007/eritrea_-_religious_groups_-_cpin_-_v3.0.pdf",20230309030633,https://assets.publishing.service.gov.uk/government/uploads/system/uploads/attachment_data/file/680007/Eritrea_-_Religious_Groups_-_CPIN_-_v3.0.pdf,assets.publishing.service.gov.uk,application/pdf,27GZ6FC6NHYGDJGS7IYWBN5XD5ZYZXIW,473426,254481617,Eritrea - Religious Groups - CPIN - v3.0 ,en,PDF
"com,amazonaws,s3,moj-tribunals-documents-prod)/decision/pdf_file/64415/pa124862017.pdf",20231201071832,https://moj-tribunals-documents-prod.s3.amazonaws.com/decision/pdf_file/64415/PA124862017.pdf,moj-tribunals-documents-prod.s3.amazonaws.com,application/pdf,LVAY3Z7Z7RH2NKJIBCENGLJHAAUR63JO,110603,281977427,PA124862017.pdf,en,PDF
"uk,gov,service,publishing,assets)/government/uploads/system/uploads/attachment_data/file/677540/use_of_coi_home_office_response.pdf",20230909154333,https://assets.publishing.service.gov.uk/government/uploads/system/uploads/attachment_data/file/677540/Use_of_COI_Home_Office_Response.pdf,assets.publishing.service.gov.uk,application/pdf,7VGC5XIZJ2YOR53XWQ54IWJMUH62B4J4,439322,474010505,Use_of_COI_Home_Office_Response.pdf,en,PDF
"uk,gov,service,publishing,assets)/government/uploads/system/uploads/attachment_data/file/897074/pakistan-actors_of_protection-cpin-v1.0_june_2020_.pdf",20230412004438,https://assets.publishing.service.gov.uk/government/uploads/system/uploads/attachment_data/file/897074/Pakistan-Actors_of_protection-CPIN-v1.0_June_2020_.pdf,assets.publishing.service.gov.uk,application/pdf,QQX2SA7BBLVJXNSYCHGCVO3XCLXLR367,474114,459177896,CPIN Template - January 2020,en,PDF
"uk,gov,service,publishing,assets)/media/6279420f8fa8f560aeccde55/irn_cpin_kurds_and_kurdish_political_groups.pdf",20240305084816,https://assets.publishing.service.gov.uk/media/6279420f8fa8f560aeccde55/IRN_CPIN_Kurds_and_Kurdish_political_groups.pdf,assets.publishing.service.gov.uk,application/pdf,XNRROONJ53ZAAVQDIO55ZURZ2YPI3K3Q,955043,296002572,IRN CPIN Kurds and Kurdish political groups,en,PDF
"com,amazonaws,s3,moj-tribunals-documents-prod)/decision/pdf_file/54891/pa046632016.pdf",20210601140928,https://moj-tribunals-documents-prod.s3.amazonaws.com/decision/pdf_file/54891/PA046632016.pdf,moj-tribunals-documents-prod.s3.amazonaws.com,application/pdf,FNBZVFEKG7WDUUM3AEFT5R6PD5KOAJEO,132075,97841080,PA046632016.pdf,en,PDF
"uk,gov,service,publishing,assets)/government/uploads/system/uploads/attachment_data/file/1021480/china_-_hong_kong_national_security_law_-_cpin_-_v2.0.pdf",20220518032407,https://assets.publishing.service.gov.uk/government/uploads/system/uploads/attachment_data/file/1021480/China_-_Hong_Kong_National_Security_Law_-_CPIN_-_V2.0.pdf,assets.publishing.service.gov.uk,application/pdf,IPGNYTYS64CZRSDU375IOQXEIJGFST4G,428475,352658940,China - Hong Kong National Security Law - CPIN- V2.0,en,PDF
"uk,gov,service,publishing,assets)/media/6034e676d3bf7f2653dd5f4d/country_information_and_guidance_christian_and_christian_converts__pakistan__february_2021.pdf",20240107162656,https://assets.publishing.service.gov.uk/media/6034e676d3bf7f2653dd5f4d/Country_information_and_guidance_Christian_and_Christian_converts__Pakistan__February_2021.pdf,assets.publishing.service.gov.uk,application/pdf,KYAWHDK4CEMFSI65HLHQ3YH6IGB5SGSQ,804668,144465740,Pakistan-Christians-Converts.v4.0,en,PDF
"uk,gov,service,publishing,assets)/government/uploads/system/uploads/attachment_data/file/1073991/irn_cpin_kurds_and_kurdish_political_groups.pdf",20231203121542,https://assets.publishing.service.gov.uk/government/uploads/system/uploads/attachment_data/file/1073991/IRN_CPIN_Kurds_and_Kurdish_political_groups.pdf,assets.publishing.service.gov.uk,application/pdf,XNRROONJ53ZAAVQDIO55ZURZ2YPI3K3Q,955020,395673852,IRN CPIN Kurds and Kurdish political groups,en,PDF
"uk,gov,service,publishing,assets)/government/uploads/system/uploads/attachment_data/file/1092621/country_policy_and_information_note_hazaras__pakistan__july_2022.pdf",20230906183756,https://assets.publishing.service.gov.uk/government/uploads/system/uploads/attachment_data/file/1092621/Country_policy_and_information_note_Hazaras__Pakistan__July_2022.pdf,assets.publishing.service.gov.uk,application/pdf,BIAFQNTK7DMFU74QY7TQNWQXNP4GS3VO,454869,359892840,PAK CPIN Hazaras,en,PDF
"uk,gov,service,publishing,assets)/government/uploads/system/uploads/attachment_data/file/629570/somalia_-_al-shabaab_-_cpin_-_v2_0.pdf",20200208031018,https://assets.publishing.service.gov.uk/government/uploads/system/uploads/attachment_data/file/629570/Somalia_-_Al-Shabaab_-_CPIN_-_v2_0.pdf,assets.publishing.service.gov.uk,application/pdf,T2IGIZLK4OCU7BB3W47N3X3GR5TP7UUM,381128,201260775,Somalia - Al-Shabaab - CPIN - v2.0 (July 2017),en,PDF
"com,amazonaws,s3,moj-tribunals-documents-prod)/decision/pdf_file/69045/hu094932019.pdf",20231201070005,https://moj-tribunals-documents-prod.s3.amazonaws.com/decision/pdf_file/69045/HU094932019.pdf,moj-tribunals-documents-prod.s3.amazonaws.com,application/pdf,43DCSREKCBADT7WSSI6HLYGV7YBVFMTV,212025,183457261,HU094932019.pdf,en,PDF
"uk,gov,service,publishing,assets)/government/uploads/system/uploads/attachment_data/file/773526/somalia_-_clans_-_cpin_v3.0e.pdf",20221005211323,https://assets.publishing.service.gov.uk/government/uploads/system/uploads/attachment_data/file/773526/Somalia_-_Clans_-_CPIN_V3.0e.pdf,assets.publishing.service.gov.uk,application/pdf,N2AUZICPLXPAUHUREXKMUIKSKECPITQZ,441965,392710417,somalia clans,en,PDF
"com,amazonaws,s3,moj-tribunals-documents-prod)/decision/pdf_file/56723/pa049752016.pdf",20221201133210,https://moj-tribunals-documents-prod.s3.amazonaws.com/decision/pdf_file/56723/PA049752016.pdf,moj-tribunals-documents-prod.s3.amazonaws.com,application/pdf,WDLJ5BZY7KOYWHBFTE5LGEP2JZ5GTQUH,83946,375548439,PA049752016.pdf,en,PDF
"uk,gov,service,publishing,assets)/government/uploads/system/uploads/attachment_data/file/1072853/irn_cpin_women_-_early_and_forced_marriage.pdf",20250604185659,https://assets.publishing.service.gov.uk/government/uploads/system/uploads/attachment_data/file/1072853/IRN_CPIN_Women_-_Early_and_forced_marriage.pdf,assets.publishing.service.gov.uk,application/pdf,XSKYAQ7MCDD3G6GMGG7EYXCBCCCW3RO4,565359,313170754,IRN CPIN Women – Early and forced marriage.docx,en,PDF
"uk,gov,service,publishing,assets)/government/uploads/system/uploads/attachment_data/file/976883/iraq-political-opinion_-_august_2017.pdf",20210422105542,https://assets.publishing.service.gov.uk/government/uploads/system/uploads/attachment_data/file/976883/iraq-political-opinion_-_august_2017.pdf,assets.publishing.service.gov.uk,application/pdf,G2KPWGGDYU46IWOAPUSNZJ7AZX7QBSZN,576509,448827251,iraq - political opinion in the KRI,en,PDF
"org,gsdrc)/wp-content/uploads/2017/06/042-persecution-of-christians-in-the-middle-east.pdf",20210601113103,https://gsdrc.org/wp-content/uploads/2017/06/042-Persecution-of-Christians-in-the-Middle-East.pdf,gsdrc.org,application/pdf,DVUQUURHLTRWC5PLWFMD5MLYYT6YXJXZ,246830,133042988,042-Persecution-of-Christians-in-the-Middle-East.pdf,en,PDF
"com,amazonaws,s3,moj-tribunals-documents-prod)/decision/pdf_file/67022/pa094312018.pdf",20221201133347,https://moj-tribunals-documents-prod.s3.amazonaws.com/decision/pdf_file/67022/PA094312018.pdf,moj-tribunals-documents-prod.s3.amazonaws.com,application/pdf,3FO2D3DIEULLI6XLVK6GFFAWVAZQGMTI,83964,425539071,PA094312018.pdf,en,PDF
"uk,gov,service,publishing,assets)/government/uploads/system/uploads/attachment_data/file/864833/icibi_an_inspection_of_the_home_office_s_country_of_origin_information_on_ethiopia_and_jamaica.pdf",20200306084128,https://assets.publishing.service.gov.uk/government/uploads/system/uploads/attachment_data/file/864833/ICIBI_An_inspection_of_the_Home_Office_s_Country_of_Origin_Information_on_Ethiopia_and_Jamaica.pdf,assets.publishing.service.gov.uk,application/pdf,A55D626DMCFLWT7J4P7N2YJTO674MP2M,887593,378521521,ICIBI_An_inspection_of_the_Home_Office_s_Country_of_Origin_Information_on_Ethiopia_and_Jamaica.pdf,en,PDF
"uk,gov,service,publishing,assets)/government/uploads/system/uploads/attachment_data/file/1056876/irn_cpin_smugglers.pdf",20230705035018,https://assets.publishing.service.gov.uk/government/uploads/system/uploads/attachment_data/file/1056876/IRN_CPIN_Smugglers.pdf,assets.publishing.service.gov.uk,application/pdf,7DWPULAA2PKQ22YESYZ3K44TUMZF53WH,581159,395120490,IRN CPIN Smugglers,en,PDF
"uk,gov,service,publishing,assets)/government/uploads/system/uploads/attachment_data/file/866092/turkey_country_policy_and_information_note_kurdistan_workers_party__pkk__february_2020.pdf",20230705211428,https://assets.publishing.service.gov.uk/government/uploads/system/uploads/attachment_data/file/866092/Turkey_country_policy_and_information_note_Kurdistan_workers_party__PKK__February_2020.pdf,assets.publishing.service.gov.uk,application/pdf,DAR2TTSRXXJW3O54GIGEZMQH6GXPA3QD,553722,361381263,CPIN Template 2018 - v3,en,PDF
"uk,gov,service,publishing,assets)/media/5e427abc40f0b6090fbcd9c9/icibi_an_inspection_of_the_home_office_s_country_of_origin_information_on_ethiopia_and_jamaica.pdf",20240207092657,https://assets.publishing.service.gov.uk/media/5e427abc40f0b6090fbcd9c9/ICIBI_An_inspection_of_the_Home_Office_s_Country_of_Origin_Information_on_Ethiopia_and_Jamaica.pdf,assets.publishing.service.gov.uk,application/pdf,A55D626DMCFLWT7J4P7N2YJTO674MP2M,887529,434016796,ICIBI_An_inspection_of_the_Home_Office_s_Country_of_Origin_Information_on_Ethiopia_and_Jamaica.pdf,en,PDF
"uk,gov,service,publishing,assets)/government/uploads/system/uploads/attachment_data/file/836919/iran_-_adulterers_-_cpin_-_v3.0__october_2019__-_ext.pdf",20220506224312,https://assets.publishing.service.gov.uk/government/uploads/system/uploads/attachment_data/file/836919/Iran_-_Adulterers_-_CPIN_-_v3.0__October_2019__-_EXT.pdf,assets.publishing.service.gov.uk,application/pdf,EBOEXWGH7TH2ML4F25QPWJXM237LARPL,722081,6938986,Iran - Adulterers - CPIN - v3.0 (September 2019),en,PDF
"uk,gov,service,publishing,assets)/government/uploads/system/uploads/attachment_data/file/864833/icibi_an_inspection_of_the_home_office_s_country_of_origin_information_on_ethiopia_and_jamaica.pdf",20240126113556,https://assets.publishing.service.gov.uk/government/uploads/system/uploads/attachment_data/file/864833/ICIBI_An_inspection_of_the_Home_Office_s_Country_of_Origin_Information_on_Ethiopia_and_Jamaica.pdf,assets.publishing.service.gov.uk,application/pdf,A55D626DMCFLWT7J4P7N2YJTO674MP2M,887539,137722546,ICIBI_An_inspection_of_the_Home_Office_s_Country_of_Origin_Information_on_Ethiopia_and_Jamaica.pdf,en,PDF
"uk,gov,service,publishing,assets)/media/5ff591e9e90e0776afb9401a/bangladesh-journalists-cpin-v2.0-_january_2021_.pdf",20241204204450,https://assets.publishing.service.gov.uk/media/5ff591e9e90e0776afb9401a/Bangladesh-Journalists-CPIN-v2.0-_January_2021_.pdf,assets.publishing.service.gov.uk,application/pdf,DGAFKC46KUXNQTSX4EGUIB5ENSNVG44J,523988,300654821,Bangladesh-Journalists-CPIN-v2.0,en,PDF
"uk,gov,service,publishing,assets)/government/uploads/system/uploads/attachment_data/file/1065896/bgd_cpin_religious_minorities_and_atheists.pdf",20220422194531,https://assets.publishing.service.gov.uk/government/uploads/system/uploads/attachment_data/file/1065896/BGD_CPIN_Religious_minorities_and_atheists.pdf,assets.publishing.service.gov.uk,application/pdf,LJFBXOCQB4JGYHAHZNN7KJ54QVZDK4RX,750957,42110013,BGD CPIN Religious minorities and atheists.docx,en,PDF
"uk,ac,ids,opendocs)/opendocs/bitstream/handle/20.500.12413/13055/k4d_hdr_persecution%20of%20christians%20in%20the%20middle%20east.pdf?isallowed=y&sequence=142",20210602120129,https://opendocs.ids.ac.uk/opendocs/bitstream/handle/20.500.12413/13055/K4D_HDR_Persecution%20of%20Christians%20in%20the%20Middle%20East.pdf?sequence=142&isAllowed=y,opendocs.ids.ac.uk,application/pdf,V3ZI7NPDZEDP73QXFVML3XTGLGTZZ2KI,260772,459348803,K4D_HDR_Persecution%20of%20Christians%20in%20the%20Middle%20East.pdf?sequence=142&isAllowed=y,en,PDF
"uk,gov,service,publishing,assets)/government/uploads/system/uploads/attachment_data/file/1065896/bgd_cpin_religious_minorities_and_atheists.pdf",20230920174023,https://assets.publishing.service.gov.uk/government/uploads/system/uploads/attachment_data/file/1065896/BGD_CPIN_Religious_minorities_and_atheists.pdf,assets.publishing.service.gov.uk,application/pdf,LJFBXOCQB4JGYHAHZNN7KJ54QVZDK4RX,750887,149259593,BGD CPIN Religious minorities and atheists.docx,en,PDF
"uk,gov,service,publishing,assets)/government/uploads/system/uploads/attachment_data/file/1037205/irq_cpin_perceived_collaborators.pdf",20230705234240,https://assets.publishing.service.gov.uk/government/uploads/system/uploads/attachment_data/file/1037205/IRQ_CPIN_Perceived_collaborators.pdf,assets.publishing.service.gov.uk,application/pdf,A4PSUBO47D7K27D5TK7VDAEQSHTI4MEM,301725,247026065,IRQ CPIN Perceived Collaborators,en,PDF
"uk,gov,service,publishing,assets)/government/uploads/system/uploads/attachment_data/file/660538/bangladesh_-_sogi_-_cpin_-_v3.0__nov_2017_.pdf",20200306052046,https://assets.publishing.service.gov.uk/government/uploads/system/uploads/attachment_data/file/660538/Bangladesh_-_SOGI_-_CPIN_-_v3.0__Nov_2017_.pdf,assets.publishing.service.gov.uk,application/pdf,I5GVO6XP2DAFKNQNSNRC5QK3UNP2SO6D,740048,32022740,Bangladesh - SOGI - CPIN - v2.0 (September 2017),en,PDF
"uk,gov,service,publishing,assets)/media/62d7fc52d3bf7f2859357c5c/country_policy_and_information_note_hazaras__pakistan__july_2022.pdf",20250612201534,https://assets.publishing.service.gov.uk/media/62d7fc52d3bf7f2859357c5c/Country_policy_and_information_note_Hazaras__Pakistan__July_2022.pdf,assets.publishing.service.gov.uk,application/pdf,BIAFQNTK7DMFU74QY7TQNWQXNP4GS3VO,454899,14782243,PAK CPIN Hazaras,en,PDF
"com,amazonaws,s3,moj-tribunals-documents-prod)/decision/pdf_file/68514/pa023012019.pdf",20211201130756,https://moj-tribunals-documents-prod.s3.amazonaws.com/decision/pdf_file/68514/PA023012019.pdf,moj-tribunals-documents-prod.s3.amazonaws.com,application/pdf,MWUW52AENFHV2A3QUZ72COF46P3CWZHX,103157,352879837,PA023012019.pdf,en,PDF
"uk,gov,service,publishing,assets)/government/uploads/system/uploads/attachment_data/file/848930/appeal-pf1-and-bundles-guidance-v2.0ext.pdf",20200305185835,https://assets.publishing.service.gov.uk/government/uploads/system/uploads/attachment_data/file/848930/appeal-pf1-and-bundles-guidance-v2.0ext.pdf,assets.publishing.service.gov.uk,application/pdf,5RNYVH3C6QO3ICVHOE7ASW72HJRF4IB3,113970,427771970,appeal-pf1-and-bundles-guidance-v2.0ext.pdf,en,PDF
"com,amazonaws,s3,moj-tribunals-documents-prod)/decision/pdf_file/54365/pa018302015.pdf",20191202211741,https://moj-tribunals-documents-prod.s3.amazonaws.com/decision/pdf_file/54365/PA018302015.pdf,moj-tribunals-documents-prod.s3.amazonaws.com,application/pdf,5O3A4RUSCQMGIN52FBVFE2ROE2AWOY3D,184778,287422806,PA018302015.pdf,en,PDF
"com,amazonaws,s3,moj-tribunals-documents-prod)/decision/pdf_file/71896/pa049682019.pdf",20210601125220,https://moj-tribunals-documents-prod.s3.amazonaws.com/decision/pdf_file/71896/PA049682019.pdf,moj-tribunals-documents-prod.s3.amazonaws.com,application/pdf,NMNXYHWTRAJNYLJCIV6ZKNHWL27YWTEE,140734,372701022,PA049682019.pdf,en,PDF
"uk,gov,service,publishing,assets)/government/uploads/system/uploads/attachment_data/file/963724/country_information_and_guidance_christian_and_christian_converts__pakistan__february_2021.pdf",20220406100814,https://assets.publishing.service.gov.uk/government/uploads/system/uploads/attachment_data/file/963724/Country_information_and_guidance_Christian_and_Christian_converts__Pakistan__February_2021.pdf,assets.publishing.service.gov.uk,application/pdf,KYAWHDK4CEMFSI65HLHQ3YH6IGB5SGSQ,804780,296805519,Pakistan-Christians-Converts.v4.0,en,PDF
"com,amazonaws,s3,moj-tribunals-documents-prod)/decision/pdf_file/56670/pa087332916.pdf",20200901135532,https://moj-tribunals-documents-prod.s3.amazonaws.com/decision/pdf_file/56670/PA087332916.pdf,moj-tribunals-documents-prod.s3.amazonaws.com,application/pdf,BF5ZRN4SUPD5JCFLK2YYKBE4O2X2OLD6,87025,461381019,PA087332916.pdf,en,PDF
"uk,gov,service,publishing,assets)/government/uploads/system/uploads/attachment_data/file/949892/bangladesh-journalists-cpin-v2.0-_january_2021_.pdf",20230920174450,https://assets.publishing.service.gov.uk/government/uploads/system/uploads/attachment_data/file/949892/Bangladesh-Journalists-CPIN-v2.0-_January_2021_.pdf,assets.publishing.service.gov.uk,application/pdf,DGAFKC46KUXNQTSX4EGUIB5ENSNVG44J,523966,314747582,Bangladesh-Journalists-CPIN-v2.0,en,PDF
"com,amazonaws,s3,moj-tribunals-documents-prod)/decision/pdf_file/68136/pa113672018.pdf",20231201070453,https://moj-tribunals-documents-prod.s3.amazonaws.com/decision/pdf_file/68136/PA113672018.pdf,moj-tribunals-documents-prod.s3.amazonaws.com,application/pdf,2JOI65V2MNFZAFNMP4355V34SG6K3N6K,102808,336861058,PA113672018.pdf,en,PDF
"uk,gov)/government/uploads/system/uploads/attachment_data/file/619683/turkey_-_sogi_-_cpin_-_v2_0__june_2017_.pdf",20170622011137,https://www.gov.uk/government/uploads/system/uploads/attachment_data/file/619683/Turkey_-_SOGI_-_CPIN_-_v2_0__June_2017_.pdf,www.gov.uk,application/pdf,TMNMSSQA7ZXUAC4SRI7K5QMB4B5PHAOR,339575,94639789,Turkey - SOGI - CPIN - v2.0 (June 2017),en,PDF
"com,amazonaws,s3,moj-tribunals-documents-prod)/decision/pdf_file/76046/ia032192021.pdf",20231201064855,https://moj-tribunals-documents-prod.s3.amazonaws.com/decision/pdf_file/76046/IA032192021.pdf,moj-tribunals-documents-prod.s3.amazonaws.com,application/pdf,NFQQVGEOUTFYDQAAGTTXW35Q7YJJGCWK,93819,294268422,IA032192021.pdf,en,PDF
"uk,gov,service,publishing,assets)/government/uploads/system/uploads/attachment_data/file/977999/afghanistan-cpin-hindus_and_sikhs_v6.0_march_2021.pdf",20210813155147,https://assets.publishing.service.gov.uk/government/uploads/system/uploads/attachment_data/file/977999/Afghanistan-CPIN-Hindus_and_Sikhs_v6.0_March_2021.pdf,assets.publishing.service.gov.uk,application/pdf,FYUEYXQ3UATXAF6TPYZQMOC3Z6GENDEF,577239,384592311,Afghanistan-CPIN-Hindus and Sikhs,en,PDF
"uk,gov,service,publishing,assets)/government/uploads/system/uploads/attachment_data/file/641611/iraq_-_political_opinion_in_kri_-_cpin_-_version_1_0.pdf",20210227105834,https://assets.publishing.service.gov.uk/government/uploads/system/uploads/attachment_data/file/641611/Iraq_-_Political_opinion_in_KRI_-_CPIN_-_version_1_0.pdf,assets.publishing.service.gov.uk,application/pdf,PCVN2AXFHCNI35TKQM3SDY3OIFMCEKMV,431354,264072223,CIG Template,en,PDF
"uk,gov,service,publishing,assets)/media/6246e43ad3bf7f32abac14c9/bgd_cpin_religious_minorities_and_atheists.pdf",20240123190846,https://assets.publishing.service.gov.uk/media/6246e43ad3bf7f32abac14c9/BGD_CPIN_Religious_minorities_and_atheists.pdf,assets.publishing.service.gov.uk,application/pdf,LJFBXOCQB4JGYHAHZNN7KJ54QVZDK4RX,750899,54721233,BGD CPIN Religious minorities and atheists.docx,en,PDF
"com,amazonaws,s3,moj-tribunals-documents-prod)/decision/pdf_file/67424/pa065392017.pdf",20231201070832,https://moj-tribunals-documents-prod.s3.amazonaws.com/decision/pdf_file/67424/PA065392017.pdf,moj-tribunals-documents-prod.s3.amazonaws.com,application/pdf,L7BU22J5Y5GZVZESURHTUIF3SIRNX2VH,102163,457359642,PA065392017.pdf,en,PDF
"com,amazonaws,s3,moj-tribunals-documents-prod)/decision/pdf_file/56979/pa036282016.pdf",20221201141151,https://moj-tribunals-documents-prod.s3.amazonaws.com/decision/pdf_file/56979/PA036282016.pdf,moj-tribunals-documents-prod.s3.amazonaws.com,application/pdf,VVGTYGINQ2JXBQWFBDO3ZKXVL76OM3PG,90150,49171060,PA036282016.pdf,en,PDF
"com,amazonaws,s3,moj-tribunals-documents-prod)/decision/pdf_file/56728/pa087332016.pdf",20200901135012,https://moj-tribunals-documents-prod.s3.amazonaws.com/decision/pdf_file/56728/PA087332016.pdf,moj-tribunals-documents-prod.s3.amazonaws.com,application/pdf,HNJKBQXHUMVD7ZJR3NXYS5TU2AYFY2KD,73201,385332066,PA087332016.pdf,en,PDF
"uk,gov,service,publishing,assets)/government/uploads/system/uploads/attachment_data/file/974015/afghanistan-cpin-hindus_and_sikhs_v6.0_march_2021_.pdf",20210404034702,https://assets.publishing.service.gov.uk/government/uploads/system/uploads/attachment_data/file/974015/Afghanistan-CPIN-Hindus_and_Sikhs_v6.0_March_2021_.pdf,assets.publishing.service.gov.uk,application/pdf,ASVIYEM5FCWJD4ZVWYLH6CMFME5VVYKZ,482353,311864123,Afghanistan-CPIN-Hindus and Sikhs v6.0,en,PDF
"uk,gov,service,publishing,assets)/government/uploads/system/uploads/attachment_data/file/682868/turkey_-_gulenists_-_cpin_-_v2.0.pdf",20220113103227,https://assets.publishing.service.gov.uk/government/uploads/system/uploads/attachment_data/file/682868/Turkey_-_Gulenists_-_CPIN_-_v2.0.pdf,assets.publishing.service.gov.uk,application/pdf,XYEGRBJ3OGRLVGSH7SX6YY74WGDWWJXB,897334,461063640,Turkey - Gulenists - CPIN - v2.0,en,PDF
"uk,gov,service,publishing,assets)/government/uploads/system/uploads/attachment_data/file/931826/appeal-pf1-and-bundles-guidance-v4.0ext.pdf",20220316082934,https://assets.publishing.service.gov.uk/government/uploads/system/uploads/attachment_data/file/931826/appeal-pf1-and-bundles-guidance-v4.0ext.pdf,assets.publishing.service.gov.uk,application/pdf,TLNX3L2Z3LCUQNTCCV2X4HATHIQFCTCE,236183,215064011,Bundles: preparing appeal PF1,en,PDF
"uk,gov,service,publishing,assets)/government/uploads/system/uploads/attachment_data/file/941969/inspection_of_country_of_origin_information_thematic_report_on_sexual_orientation_and_gender_identity_or_expression.pdf",20230705074921,https://assets.publishing.service.gov.uk/government/uploads/system/uploads/attachment_data/file/941969/Inspection_of_Country_of_Origin_Information_Thematic_Report_on_Sexual_Orientation_and_Gender_Identity_or_Expression.pdf,assets.publishing.service.gov.uk,application/pdf,RE7RMUPAL7UMNVNEI4RWGZ5FNRH45EHH,6144933,211521280,Inspection of Country of Origin Information: Thematic Report,en,PDF
"uk,gov,service,publishing,assets)/media/6580205295bf65000d719138/vnm+cpin+victims+of+trafficking.pdf",20240201185856,https://assets.publishing.service.gov.uk/media/6580205295bf65000d719138/VNM+CPIN+Victims+of+trafficking.pdf,assets.publishing.service.gov.uk,application/pdf,JIBHUATRPXIE7ABQVQNRIJ4D5C3ARU6D,482390,156666843,VNM CPIN Victims of trafficking,en,PDF
"com,amazonaws,s3,moj-tribunals-documents-prod)/decision/pdf_file/75945/ia023122020.pdf",20231201064959,https://moj-tribunals-documents-prod.s3.amazonaws.com/decision/pdf_file/75945/IA023122020.pdf,moj-tribunals-documents-prod.s3.amazonaws.com,application/pdf,Z75XN4RJNA7MLNHCV6IDPUZZLPCS7CPM,125045,333174779,IA023122020.pdf,en,PDF
"com,amazonaws,s3,moj-tribunals-documents-prod)/decision/pdf_file/65248/pa051052018.pdf",20231201072141,https://moj-tribunals-documents-prod.s3.amazonaws.com/decision/pdf_file/65248/PA051052018.pdf,moj-tribunals-documents-prod.s3.amazonaws.com,application/pdf,KFFYXUUN3V4YMAQUGSEWGEHLGLTDIIMR,95777,378841527,PA051052018.pdf,en,PDF
"com,amazonaws,s3,moj-tribunals-documents-prod)/decision/pdf_file/68003/pa060652019.pdf",20231201070907,https://moj-tribunals-documents-prod.s3.amazonaws.com/decision/pdf_file/68003/PA060652019.pdf,moj-tribunals-documents-prod.s3.amazonaws.com,application/pdf,6GXKXJAZRMPMKNDTY4SIZEE277RZF5DF,121457,476134491,PA060652019.pdf,en,PDF
"com,amazonaws,s3,moj-tribunals-documents-prod)/decision/pdf_file/68514/pa023012019.pdf",20231201070719,https://moj-tribunals-documents-prod.s3.amazonaws.com/decision/pdf_file/68514/PA023012019.pdf,moj-tribunals-documents-prod.s3.amazonaws.com,application/pdf,MWUW52AENFHV2A3QUZ72COF46P3CWZHX,103160,417113890,PA023012019.pdf,en,PDF
"com,amazonaws,s3,moj-tribunals-documents-prod)/decision/pdf_file/56728/pa087332016.pdf",20231201073319,https://moj-tribunals-documents-prod.s3.amazonaws.com/decision/pdf_file/56728/PA087332016.pdf,moj-tribunals-documents-prod.s3.amazonaws.com,application/pdf,HNJKBQXHUMVD7ZJR3NXYS5TU2AYFY2KD,73199,246217996,PA087332016.pdf,en,PDF
"uk,gov,service,publishing,assets)/government/uploads/system/uploads/attachment_data/file/758532/sudan_-_pol_oppn_-_cpin_-_v2.0__november_2018__external.pdf",20200510032602,https://assets.publishing.service.gov.uk/government/uploads/system/uploads/attachment_data/file/758532/Sudan_-_Pol_Oppn_-_CPIN_-_v2.0__November_2018__external.pdf,assets.publishing.service.gov.uk,application/pdf,FFTUSLWKMNMJUNXRB7JJOINZ76KXXYT5,986055,298078496,Sudan - Pol Oppn - CPIN - v2.0 (November 2018),en,PDF
"uk,gov,service,publishing,assets)/government/uploads/system/uploads/attachment_data/file/944238/china_-_falun_gong_-_cpin_-_v2.0.pdf",20220518033152,https://assets.publishing.service.gov.uk/government/uploads/system/uploads/attachment_data/file/944238/China_-_Falun_Gong_-_CPIN_-_v2.0.pdf,assets.publishing.service.gov.uk,application/pdf,KNKT6KQLT3XYPAMB7MOAPVKV4ZZQFJ5V,395096,330090971,CPIN Template - January 2020,en,PDF
"uk,gov,service,publishing,assets)/government/uploads/system/uploads/attachment_data/file/1017979/nam_cpin_women_fearing_gbv.pdf",20210923172651,https://assets.publishing.service.gov.uk/government/uploads/system/uploads/attachment_data/file/1017979/NAM_CPIN_Women_fearing_GBV.pdf,assets.publishing.service.gov.uk,application/pdf,H6RA3N47NPZIPBACPLBDKMSZBBU6ZW4R,789024,477895755,NAM CPIN Women fearing GBV,en,PDF
"com,amazonaws,s3,moj-tribunals-documents-prod)/decision/pdf_file/56670/pa087332916.pdf",20231201073732,https://moj-tribunals-documents-prod.s3.amazonaws.com/decision/pdf_file/56670/PA087332916.pdf,moj-tribunals-documents-prod.s3.amazonaws.com,application/pdf,BF5ZRN4SUPD5JCFLK2YYKBE4O2X2OLD6,87010,380573965,PA087332916.pdf,en,PDF
"uk,gov,service,publishing,assets)/media/668be484541aeb9e928f465d/pak+cpin+internal+relocation.pdf",20250612201530,https://assets.publishing.service.gov.uk/media/668be484541aeb9e928f465d/PAK+CPIN+Internal+relocation.pdf,assets.publishing.service.gov.uk,application/pdf,3337MRV2CEYRFHRDFUXUDESJMZHJZ4YC,221195,12530999,PAK CPIN Internal relocation,en,PDF
"com,amazonaws,s3,moj-tribunals-documents-prod)/decision/pdf_file/67985/hu056182018.pdf",20221201133457,https://moj-tribunals-documents-prod.s3.amazonaws.com/decision/pdf_file/67985/HU056182018.pdf,moj-tribunals-documents-prod.s3.amazonaws.com,application/pdf,4VDCJKGODGYYQ4INCQ3JCJE3E3G4YQOF,106197,455391095,HU056182018.pdf,en,PDF
"uk,gov,service,publishing,assets)/government/uploads/system/uploads/attachment_data/file/578095/cpin_-_gambia_-_fgm_-_v1.0__december_2016_.pdf",20210518114936,https://assets.publishing.service.gov.uk/government/uploads/system/uploads/attachment_data/file/578095/CPIN_-_Gambia_-_FGM_-_v1.0__December_2016_.pdf,assets.publishing.service.gov.uk,application/pdf,7VVN3W35KKY4PUPQHQPBGVZBFX2DJHJX,287117,70348611,CPIN - Gambia - FGM - v1.0 (December 2016),en,PDF
"com,amazonaws,s3,moj-tribunals-documents-prod)/decision/pdf_file/78991/ui-2023-002511.pdf",20231201064022,https://moj-tribunals-documents-prod.s3.amazonaws.com/decision/pdf_file/78991/UI-2023-002511.pdf,moj-tribunals-documents-prod.s3.amazonaws.com,application/pdf,SRGXZRG42ARGN4OP5DUG4OH7N2HS7HVX,114680,492793687,UI-2023-002511.pdf,en,PDF
"com,amazonaws,s3,moj-tribunals-documents-prod)/decision/pdf_file/58508/pa100582016.pdf",20231201073813,https://moj-tribunals-documents-prod.s3.amazonaws.com/decision/pdf_file/58508/PA100582016.pdf,moj-tribunals-documents-prod.s3.amazonaws.com,application/pdf,72CJAGMYO4IDEMKYUAISKJ4TQOMXSDWV,84405,400989665,PA100582016.pdf,en,PDF
"uk,gov,service,publishing,assets)/government/uploads/system/uploads/attachment_data/file/1069648/afg_cpin_humanitarian_situation.pdf",20220517203302,https://assets.publishing.service.gov.uk/government/uploads/system/uploads/attachment_data/file/1069648/AFG_CPIN_Humanitarian_situation.pdf,assets.publishing.service.gov.uk,application/pdf,PNMVSVDTPU2XVE7J3QTDLZMC5YBLWTZK,535790,162634537,AFG CPIN Humanitarian situation,en,PDF
"uk,gov,service,publishing,assets)/government/uploads/system/uploads/attachment_data/file/752332/ukraine_-_military_service_-_cpin_-_v5.0__october_2018_.pdf",20200105130723,https://assets.publishing.service.gov.uk/government/uploads/system/uploads/attachment_data/file/752332/Ukraine_-_Military_Service_-_CPIN_-_v5.0__October_2018_.pdf,assets.publishing.service.gov.uk,application/pdf,3SGLQKC3DQDEWROQVLATZ7JOJ6E42V6O,803185,258844119,Ukraine - Military Service - CPIN - v5.0 (October 2018),en,PDF
"uk,gov,service,publishing,assets)/media/61a4fd12e90e0704423dbfae/irq_cpin_perceived_collaborators.pdf",20240906214246,https://assets.publishing.service.gov.uk/media/61a4fd12e90e0704423dbfae/IRQ_CPIN_Perceived_collaborators.pdf,assets.publishing.service.gov.uk,application/pdf,A4PSUBO47D7K27D5TK7VDAEQSHTI4MEM,301757,132918509,IRQ CPIN Perceived Collaborators,en,PDF
"uk,gov,service,publishing,assets)/media/621648ae8fa8f549102421a2/irn_cpin_smugglers.pdf",20250606083233,https://assets.publishing.service.gov.uk/media/621648ae8fa8f549102421a2/IRN_CPIN_Smugglers.pdf,assets.publishing.service.gov.uk,application/pdf,7DWPULAA2PKQ22YESYZ3K44TUMZF53WH,581197,462808889,IRN CPIN Smugglers,en,PDF
"uk,gov,service,publishing,assets)/government/uploads/system/uploads/attachment_data/file/944238/china_-_falun_gong_-_cpin_-_v2.0.pdf",20230801215047,https://assets.publishing.service.gov.uk/government/uploads/system/uploads/attachment_data/file/944238/China_-_Falun_Gong_-_CPIN_-_v2.0.pdf,assets.publishing.service.gov.uk,application/pdf,KNKT6KQLT3XYPAMB7MOAPVKV4ZZQFJ5V,395019,164205955,CPIN Template - January 2020,en,PDF
"uk,gov,service,publishing,assets)/media/5fd890d28fa8f54d6480f561/china_-_falun_gong_-_cpin_-_v2.0.pdf",20231027210802,https://assets.publishing.service.gov.uk/media/5fd890d28fa8f54d6480f561/China_-_Falun_Gong_-_CPIN_-_v2.0.pdf,assets.publishing.service.gov.uk,application/pdf,KNKT6KQLT3XYPAMB7MOAPVKV4ZZQFJ5V,395013,457462410,CPIN Template - January 2020,en,PDF
"uk,gov,service,publishing,assets)/government/uploads/system/uploads/attachment_data/file/878655/nga_-biafran_separatists_-_cpin_-_v1.0__april_2020__gov.uk.pdf",20210205223808,https://assets.publishing.service.gov.uk/government/uploads/system/uploads/attachment_data/file/878655/NGA_-BIAFRAN_SEPARATISTS_-_CPIN_-_v1.0__April_2020__gov.uk.pdf,assets.publishing.service.gov.uk,application/pdf,5VOTNHS73SDDUJ5F4VC7LZDRAGUSFERT,524876,377977435,CPIN Template - November 2019,en,PDF
"uk,gov,service,publishing,assets)/government/uploads/system/uploads/attachment_data/file/1105231/alb_cpin_sogie.pdf",20221117211433,https://assets.publishing.service.gov.uk/government/uploads/system/uploads/attachment_data/file/1105231/ALB_CPIN_SOGIE.pdf,assets.publishing.service.gov.uk,application/pdf,C7IHOXHQ5BQRC3DTO6V7T76BOSRHMV4N,503414,164327836,ALB CPIN SOGIE,en,PDF
"uk,gov,service,publishing,assets)/government/uploads/system/uploads/attachment_data/file/879077/appeal-pf1-and-bundles-guidance-v3.0-ext.pdf",20200807012534,https://assets.publishing.service.gov.uk/government/uploads/system/uploads/attachment_data/file/879077/appeal-pf1-and-bundles-guidance-v3.0-ext.pdf,assets.publishing.service.gov.uk,application/pdf,CTP2GBEXFZDIA2IH76FETO7NPEP4E23D,212443,328925332,appeal-pf1-and-bundles-guidance-v3.0-ext.pdf,en,PDF
"uk,gov,service,publishing,assets)/government/uploads/system/uploads/attachment_data/file/870654/ukraine-_military_service-_cpin_-_external_pdf.pdf",20200427093048,https://assets.publishing.service.gov.uk/government/uploads/system/uploads/attachment_data/file/870654/Ukraine-_Military_Service-_CPIN_-_EXTERNAL_PDF.pdf,assets.publishing.service.gov.uk,application/pdf,IMPNJTFQTNEBW7OZCHK3WWL2DMAINTA7,470306,396000900,Ukraine - Military Service - CPIN - v5.0 (October 2018),en,PDF
"uk,gov,service,publishing,assets)/government/uploads/system/uploads/attachment_data/file/891387/kenya_-_background_note_-_cpin_-_v2.0__gov.uk_.pdf",20230909215945,https://assets.publishing.service.gov.uk/government/uploads/system/uploads/attachment_data/file/891387/Kenya_-_Background_Note_-_CPIN_-_v2.0__GOV.UK_.pdf,assets.publishing.service.gov.uk,application/pdf,6AC5MYCRWQY57O2XBNQVRBPJ6F3QBR3T,1069622,239311840,CPIN Template 2018 - v3,en,PDF
"uk,gov,service,publishing,assets)/government/uploads/system/uploads/attachment_data/file/951682/china_-_modern_slavery-_cpin_-_v1.0_january_2021.pdf",20230704100514,https://assets.publishing.service.gov.uk/government/uploads/system/uploads/attachment_data/file/951682/China_-_Modern_slavery-_CPIN_-_v1.0_January_2021.pdf,assets.publishing.service.gov.uk,application/pdf,4G6FKYW3TZ5TPPQBHWSF5LPFPVDNZW3N,396685,8201515,CPIN Template - January 2020,en,PDF
"uk,gov,service,publishing,assets)/media/5fcf6546d3bf7f5d08464cfc/inspection_of_country_of_origin_information_thematic_report_on_sexual_orientation_and_gender_identity_or_expression.pdf",20250605041742,https://assets.publishing.service.gov.uk/media/5fcf6546d3bf7f5d08464cfc/Inspection_of_Country_of_Origin_Information_Thematic_Report_on_Sexual_Orientation_and_Gender_Identity_or_Expression.pdf,assets.publishing.service.gov.uk,application/pdf,RE7RMUPAL7UMNVNEI4RWGZ5FNRH45EHH,6144977,86267596,Inspection of Country of Origin Information: Thematic Report,en,PDF
"uk,gov,service,publishing,assets)/government/uploads/system/uploads/attachment_data/file/757273/iraq_-_sec_and_hum_situation_-_v5.0__nov_2018_.pdf",20200207193907,https://assets.publishing.service.gov.uk/government/uploads/system/uploads/attachment_data/file/757273/Iraq_-_Sec_and_Hum_situation_-_v5.0__Nov_2018_.pdf,assets.publishing.service.gov.uk,application/pdf,DXJ7FLT6Y4OZHQDMTIRPN42XLVO76ZW3,1814814,107592157,Iraq - Sec and Hmt - CPIN - v.5.0 (Nov 2018),en,PDF
"uk,gov,service,publishing,assets)/media/6762f232be7b2c675de307da/bgd+cpin+political+situation.pdf",20250612201652,https://assets.publishing.service.gov.uk/media/6762f232be7b2c675de307da/BGD+CPIN+Political+situation.pdf,assets.publishing.service.gov.uk,application/pdf,FYBMJXVE5QJBI3FV6BI6LMFMM4INNQLR,563365,127328943,BGD CPIN Political situation,en,PDF
"uk,gov,service,publishing,assets)/government/uploads/system/uploads/attachment_data/file/814050/pakistan-sogie-cpin-v3.0_july_2019_.pdf",20200105113310,https://assets.publishing.service.gov.uk/government/uploads/system/uploads/attachment_data/file/814050/Pakistan-SOGIE-CPIN-v3.0_July_2019_.pdf,assets.publishing.service.gov.uk,application/pdf,TWWAD4YXULNYD7BUFVZMZW34QGCRRAZL,752063,309473071,Pakistan - SOGIE - CPIN - v3.0 (July 2019),en,PDF
"uk,gov,service,publishing,assets)/government/uploads/system/uploads/attachment_data/file/1069648/afg_cpin_humanitarian_situation.pdf",20230803235009,https://assets.publishing.service.gov.uk/government/uploads/system/uploads/attachment_data/file/1069648/AFG_CPIN_Humanitarian_situation.pdf,assets.publishing.service.gov.uk,application/pdf,PNMVSVDTPU2XVE7J3QTDLZMC5YBLWTZK,535690,303808459,AFG CPIN Humanitarian situation,en,PDF
"uk,gov,service,publishing,assets)/government/uploads/system/uploads/attachment_data/file/941548/pakistan-political_parties_and_affiliation-cpin.v1.0_december_2020_.pdf",20220316114858,https://assets.publishing.service.gov.uk/government/uploads/system/uploads/attachment_data/file/941548/Pakistan-Political_parties_and_affiliation-CPIN.v1.0_December_2020_.pdf,assets.publishing.service.gov.uk,application/pdf,YQ7O2UAQEYFV4LVXPKXDQS3ZD6WAUH6A,599185,374083189,Pakistan-Political parties and affiliation-CPIN.v1.0(December 2020),en,PDF
"uk,gov,service,publishing,assets)/government/uploads/system/uploads/attachment_data/file/778715/nigeria_-_bh_-_v3_-_january_2019.pdf",20210608090431,https://assets.publishing.service.gov.uk/government/uploads/system/uploads/attachment_data/file/778715/Nigeria_-_BH_-_v3_-_January_2019.pdf,assets.publishing.service.gov.uk,application/pdf,WXOM2KHQCKTCUDIWD3GM3ABD6HGUG5UB,1140790,120665511,CPIN Template 2018 - v3,en,PDF
"com,amazonaws,s3,moj-tribunals-documents-prod)/decision/pdf_file/58234/da008642010.pdf",20231201073657,https://moj-tribunals-documents-prod.s3.amazonaws.com/decision/pdf_file/58234/DA008642010.pdf,moj-tribunals-documents-prod.s3.amazonaws.com,application/pdf,GHAAD6OUGJZT6PM2YYUVGUJEJTIU2GDD,136793,361777484,DA008642010.pdf,en,PDF
"uk,gov,service,publishing,assets)/media/625ed354d3bf7f600aff0a76/afg_cpin_humanitarian_situation.pdf",20240118215247,https://assets.publishing.service.gov.uk/media/625ed354d3bf7f600aff0a76/AFG_CPIN_Humanitarian_situation.pdf,assets.publishing.service.gov.uk,application/pdf,PNMVSVDTPU2XVE7J3QTDLZMC5YBLWTZK,535716,146633120,AFG CPIN Humanitarian situation,en,PDF
"com,amazonaws,s3,moj-tribunals-documents-prod)/decision/pdf_file/68064/pa102222018.pdf",20231201070607,https://moj-tribunals-documents-prod.s3.amazonaws.com/decision/pdf_file/68064/PA102222018.pdf,moj-tribunals-documents-prod.s3.amazonaws.com,application/pdf,C6ROVOF34XCILIF7NWNIE637EHJ4B5ZG,100808,377974260,PA102222018.pdf,en,PDF
"com,amazonaws,s3,moj-tribunals-documents-prod)/decision/pdf_file/79344/ui-2023-000499___others.pdf",20231201063837,https://moj-tribunals-documents-prod.s3.amazonaws.com/decision/pdf_file/79344/UI-2023-000499___Others.pdf,moj-tribunals-documents-prod.s3.amazonaws.com,application/pdf,PLDMKYZNWJXMJETYOYLQQUZROHA5JGFK,110970,432304928,UI-2023-000499___Others.pdf,en,PDF
"uk,ac,ids,opendocs)/opendocs/bitstream/handle/20.500.12413/14056/413%20girls%20education%20libya.pdf?isallowed=y&sequence=1",20210602123810,https://opendocs.ids.ac.uk/opendocs/bitstream/handle/20.500.12413/14056/413%20Girls%20education%20Libya.pdf?sequence=1&isAllowed=y,opendocs.ids.ac.uk,application/pdf,K2ZF6DZUP5GFE3CX2JQBNTKGQ2NBYDXI,866969,471973586,413%20Girls%20education%20Libya.pdf?sequence=1&isAllowed=y,en,PDF
"uk,gov,service,publishing,assets)/government/uploads/system/uploads/attachment_data/file/951169/iraq_-_sunni_arabs_-_cpin_-_v3.0_-_january_2021_-_ext.pdf",20230705235828,https://assets.publishing.service.gov.uk/government/uploads/system/uploads/attachment_data/file/951169/Iraq_-_Sunni_Arabs_-_CPIN_-_v3.0_-_January_2021_-_ext.pdf,assets.publishing.service.gov.uk,application/pdf,VUG2RV4PHURNSDUCSRBMLVM6CI7U6SGB,497135,332759581,Iraq - Sunni Arabs - CPIN - v3.0 - January 2021,en,PDF
"uk,gov,service,publishing,assets)/government/uploads/system/uploads/attachment_data/file/941969/inspection_of_country_of_origin_information_thematic_report_on_sexual_orientation_and_gender_identity_or_expression.pdf",20241223175858,https://assets.publishing.service.gov.uk/government/uploads/system/uploads/attachment_data/file/941969/Inspection_of_Country_of_Origin_Information_Thematic_Report_on_Sexual_Orientation_and_Gender_Identity_or_Expression.pdf,assets.publishing.service.gov.uk,application/pdf,RE7RMUPAL7UMNVNEI4RWGZ5FNRH45EHH,6144981,222317157,Inspection of Country of Origin Information: Thematic Report,en,PDF
"uk,gov,service,publishing,assets)/media/5ee0edf886650c42194d162c/kenya_-_background_note_-_cpin_-_v2.0__gov.uk_.pdf",20231208225232,https://assets.publishing.service.gov.uk/media/5ee0edf886650c42194d162c/Kenya_-_Background_Note_-_CPIN_-_v2.0__GOV.UK_.pdf,assets.publishing.service.gov.uk,application/pdf,6AC5MYCRWQY57O2XBNQVRBPJ6F3QBR3T,1069606,214742662,CPIN Template 2018 - v3,en,PDF
"com,amazonaws,s3,moj-tribunals-documents-prod)/decision/pdf_file/69516/pa114672019.pdf",20231201070545,https://moj-tribunals-documents-prod.s3.amazonaws.com/decision/pdf_file/69516/PA114672019.pdf,moj-tribunals-documents-prod.s3.amazonaws.com,application/pdf,6YUFPL32RJPEH3IEF3GB4T66GFZJKWYU,101085,366176783,PA114672019.pdf,en,PDF
"uk,gov,service,publishing,assets)/government/uploads/system/uploads/attachment_data/file/1087037/syr_cpin_humanitarian_situation.pdf",20230903173915,https://assets.publishing.service.gov.uk/government/uploads/system/uploads/attachment_data/file/1087037/SYR_CPIN_Humanitarian_situation.pdf,assets.publishing.service.gov.uk,application/pdf,N4HSPT3ZFV3F72W7STTD2TPZMNZJJ7NX,424887,191653959,SYR CPIN Humanitarian situation,en,PDF
"uk,gov,service,publishing,assets)/government/uploads/system/uploads/attachment_data/file/945192/ukraine_-_military_service_-_cpin_-_v7.0__december_2020_.pdf",20220212073401,https://assets.publishing.service.gov.uk/government/uploads/system/uploads/attachment_data/file/945192/Ukraine_-_Military_Service_-_CPIN_-_v7.0__December_2020_.pdf,assets.publishing.service.gov.uk,application/pdf,QPOWWYIYXDSZC2Q7INTPRNTPHB76PUU6,506772,464682,Ukraine - Military Service - CPIN - v5.0 (October 2018),en,PDF
"uk,ac,ids,opendocs)/opendocs/bitstream/handle/20.500.12413/14626/636_civil_documentation%20_for_idps.pdf?sequence=1",20211202062534,https://opendocs.ids.ac.uk/opendocs/bitstream/handle/20.500.12413/14626/636_Civil_Documentation%20_for_IDPs.pdf?sequence=1,opendocs.ids.ac.uk,application/pdf,7RG4HFXDNMPZ22ESTHDDSPV4HI4PZTIE,736999,430392783,636_Civil_Documentation%20_for_IDPs.pdf?sequence=1,en,PDF
"uk,gov,service,publishing,assets)/media/656753ab75007400131dee31/bgd+cpin+internal+relocation.pdf",20231218205312,https://assets.publishing.service.gov.uk/media/656753ab75007400131dee31/BGD+CPIN+Internal+relocation.pdf,assets.publishing.service.gov.uk,application/pdf,H656ICOKS23YLU5SC7KDCQKK4QZGYMYO,283848,673683,BGD CPIN Internal relocation,en,PDF
"uk,gov,service,publishing,assets)/media/65a7d524b2f3c6000de5d410/bgd_cpin_women_fearing_gender_based_violence.pdf",20240123190100,https://assets.publishing.service.gov.uk/media/65a7d524b2f3c6000de5d410/BGD_CPIN_Women_fearing_gender_based_violence.pdf,assets.publishing.service.gov.uk,application/pdf,LN3AFN3WTKHN2NMPNMD7JYTTR7CSM3EO,786414,3645396,BGD CPIN Women fearing gender-based violence,en,PDF
"uk,gov,service,publishing,assets)/government/uploads/system/uploads/attachment_data/file/941548/pakistan-political_parties_and_affiliation-cpin.v1.0_december_2020_.pdf",20230506152222,https://assets.publishing.service.gov.uk/government/uploads/system/uploads/attachment_data/file/941548/Pakistan-Political_parties_and_affiliation-CPIN.v1.0_December_2020_.pdf,assets.publishing.service.gov.uk,application/pdf,YQ7O2UAQEYFV4LVXPKXDQS3ZD6WAUH6A,599097,310238645,Pakistan-Political parties and affiliation-CPIN.v1.0(December 2020),en,PDF
"uk,gov,service,publishing,assets)/government/uploads/system/uploads/attachment_data/file/679915/iran_-_double_jeopardy_-_cpin_-_v1.0__january_2018__ex.pdf",20220321210126,https://assets.publishing.service.gov.uk/government/uploads/system/uploads/attachment_data/file/679915/Iran_-_Double_Jeopardy_-_CPIN_-_v1.0__January_2018__ex.pdf,assets.publishing.service.gov.uk,application/pdf,OE5O3PV7I2IYNS4H4KJ3WIZVJCW3QAAB,4904437,471211161,Iran - Double Jeopardy - CPIN - v2.0 (January 2018),en,PDF
"uk,gov,service,publishing,assets)/government/uploads/system/uploads/attachment_data/file/809931/inspection_of_country_of_origin_information_2019._burma__iraq_and_zimbabwe.pdf",20230704195251,https://assets.publishing.service.gov.uk/government/uploads/system/uploads/attachment_data/file/809931/Inspection_of_Country_of_Origin_Information_2019._Burma__Iraq_and_Zimbabwe.pdf,assets.publishing.service.gov.uk,application/pdf,A5CQD7JSTQ5QROQAQH4F7NXNGWX77NFI,885240,124424717,Inspection_of_Country_of_Origin_Information_2019._Burma__Iraq_and_Zimbabwe.pdf,en,PDF
"uk,gov,service,publishing,assets)/government/uploads/system/uploads/attachment_data/file/1166303/inspection_report_on_home_office_country_of_origin_information__iraq_and_myanmar__burma__january_2023_20pt.pdf",20230918195747,https://assets.publishing.service.gov.uk/government/uploads/system/uploads/attachment_data/file/1166303/Inspection_report_on_Home_Office_country_of_origin_information__Iraq_and_Myanmar__Burma__January_2023_20PT.pdf,assets.publishing.service.gov.uk,application/pdf,LO4WFZMLXFXRDYYHUYNY45IWNFYJE3O6,627312,486196490,Inpection of Country of Origin Information,en,PDF
"com,amazonaws,s3,moj-tribunals-documents-prod)/decision/pdf_file/55880/pa050242016.pdf",20221201133225,https://moj-tribunals-documents-prod.s3.amazonaws.com/decision/pdf_file/55880/PA050242016.pdf,moj-tribunals-documents-prod.s3.amazonaws.com,application/pdf,PAYIYQ54ROFFJAAI5IHADCDGQVFEB4S5,90126,384193212,PA050242016.pdf,en,PDF
"uk,gov,service,publishing,assets)/government/uploads/system/uploads/attachment_data/file/677541/libya_-_women_-_cpin_-_v2_0.pdf",20221118081611,https://assets.publishing.service.gov.uk/government/uploads/system/uploads/attachment_data/file/677541/Libya_-_Women_-_CPIN_-_v2_0.pdf,assets.publishing.service.gov.uk,application/pdf,DC2STJYRT36AEORXEW5WRP3HLV5E5IO2,691967,69599085,Libya - Women - CPIN - v2.0,en,PDF
"uk,gov,service,publishing,assets)/government/uploads/system/uploads/attachment_data/file/626236/ukraine_-_sogi_-_cpin_-_v2_0__july_2017_.pdf",20200427085848,https://assets.publishing.service.gov.uk/government/uploads/system/uploads/attachment_data/file/626236/Ukraine_-_SOGI_-_CPIN_-_v2_0__July_2017_.pdf,assets.publishing.service.gov.uk,application/pdf,TXDUPARLNNUZPCIOL4YJBD2YC77PPAED,370362,293175561,Ukraine - SOGI - CPIN - v2.0 (July 2017),en,PDF
"uk,gov,service,publishing,assets)/government/uploads/system/uploads/attachment_data/file/777959/libya_-_ethnic_groups_-_cpin_-_v3.0__february_2019_.pdf",20221118081611,https://assets.publishing.service.gov.uk/government/uploads/system/uploads/attachment_data/file/777959/Libya_-_Ethnic_Groups_-_CPIN_-_v3.0__February_2019_.pdf,assets.publishing.service.gov.uk,application/pdf,WNQYLD6INHBU6VZ3JPGB5QPZZB4RGK2F,719095,68518658,Libya - Ethnic Groups - CPIN - v3.0 (February 2019),en,PDF
"uk,gov,service,publishing,assets)/media/64a6d8157a4c230013bba2e9/ind_cpin_actors_of_protection.pdf",20231218182822,https://assets.publishing.service.gov.uk/media/64a6d8157a4c230013bba2e9/IND_CPIN_Actors_of_protection.pdf,assets.publishing.service.gov.uk,application/pdf,6BK6EZWEACO23BD5VMKI7OCHRGTEDUBN,407641,78693363,IND CPIN Actors of protection,en,PDF
"uk,gov,service,publishing,assets)/government/uploads/system/uploads/attachment_data/file/825243/nigeria_-_fgm_-_cpin_-_v2.0__august_2019_.pdf",20220517190959,https://assets.publishing.service.gov.uk/government/uploads/system/uploads/attachment_data/file/825243/Nigeria_-_FGM_-_CPIN_-_v2.0__August_2019_.pdf,assets.publishing.service.gov.uk,application/pdf,VN25KMSGP4F2GLK7FGCBJFUJUYIGF4VN,1313555,253923154,Nigeria - FGM - CPIN - v2.0 (August 2019),en,PDF
"uk,gov,service,publishing,assets)/media/6718b01438149ce9d09e3885/inspection_report_on_home_office_country_of_origin_information_on_georgia_july_2024__20pt.pdf",20250605011212,https://assets.publishing.service.gov.uk/media/6718b01438149ce9d09e3885/Inspection_report_on_Home_Office_country_of_origin_information_on_Georgia_July_2024__20pt.pdf,assets.publishing.service.gov.uk,application/pdf,4IUENVY6XKVOMNFTJQ2YLEN322PH2OZI,661677,232387423,Inpection of Country of Origin Information,en,PDF
"com,amazonaws,s3,moj-tribunals-documents-prod)/decision/pdf_file/79231/ui-2023-001172.pdf",20231201063729,https://moj-tribunals-documents-prod.s3.amazonaws.com/decision/pdf_file/79231/UI-2023-001172.pdf,moj-tribunals-documents-prod.s3.amazonaws.com,application/pdf,RRA5ZGLLJCUTZFOA7VRJ5AXNHTD4PYX6,99036,407383036,UI-2023-001172.pdf,en,PDF
"uk,gov,service,publishing,assets)/government/uploads/system/uploads/attachment_data/file/1168368/ind_cpin_actors_of_protection.pdf",20231111064330,https://assets.publishing.service.gov.uk/government/uploads/system/uploads/attachment_data/file/1168368/IND_CPIN_Actors_of_protection.pdf,assets.publishing.service.gov.uk,application/pdf,6BK6EZWEACO23BD5VMKI7OCHRGTEDUBN,407657,252387037,IND CPIN Actors of protection,en,PDF
"uk,gov,service,publishing,assets)/government/uploads/system/uploads/attachment_data/file/1057119/archived_-_ukraine_military_service_cpin_december_2020.pdf",20220322145955,https://assets.publishing.service.gov.uk/government/uploads/system/uploads/attachment_data/file/1057119/Archived_-_Ukraine_Military_Service_CPIN_December_2020.pdf,assets.publishing.service.gov.uk,application/pdf,NAUAAMNNW6ZJH4GKQASJEV46CW46USJX,1083487,412786010,Ukraine - Military Service - CPIN - v5.0 (October 2018),en,PDF
"uk,gov,service,publishing,assets)/media/5d554e28ed915d08d586a296/636_civil_documentation__for_idps.pdf",20240207060412,https://assets.publishing.service.gov.uk/media/5d554e28ed915d08d586a296/636_Civil_Documentation__for_IDPs.pdf,assets.publishing.service.gov.uk,application/pdf,7RG4HFXDNMPZ22ESTHDDSPV4HI4PZTIE,737166,173670829,636_Civil_Documentation__for_IDPs.pdf,en,PDF
"uk,gov,service,publishing,assets)/government/uploads/system/uploads/attachment_data/file/849804/ethiopia_-_background_note_-_v1.0__november_2019__gov.uk.pdf",20200510054123,https://assets.publishing.service.gov.uk/government/uploads/system/uploads/attachment_data/file/849804/Ethiopia_-_Background_Note_-_v1.0__November_2019__GOV.UK.pdf,assets.publishing.service.gov.uk,application/pdf,OIC4R4CXQPI2ADUEKMHGP5DWKPS3INGT,810444,492697687,Ethiopia_-_Background_Note_-_v1.0__November_2019__GOV.UK.pdf,en,PDF
"com,amazonaws,s3,moj-tribunals-documents-prod)/decision/pdf_file/74731/pa035902019.pdf",20231201065244,https://moj-tribunals-documents-prod.s3.amazonaws.com/decision/pdf_file/74731/PA035902019.pdf,moj-tribunals-documents-prod.s3.amazonaws.com,application/pdf,YMWCF4J6NFB4NMFSWDBMHKPZGCDZUZUI,101451,435010736,PA035902019.pdf,en,PDF
"uk,gov,service,publishing,assets)/government/uploads/system/uploads/attachment_data/file/873150/bangladesh-documentation-cpin-v2.0_march_2020_.pdf",20230920174013,https://assets.publishing.service.gov.uk/government/uploads/system/uploads/attachment_data/file/873150/Bangladesh-Documentation-CPIN-v2.0_March_2020_.pdf,assets.publishing.service.gov.uk,application/pdf,G4OTZT6XWVIOHOUWLY5DDZDPQLIXZ4JY,326659,128493732,CPIN Template 2018 - v3,en,PDF
"uk,gov,service,publishing,assets)/government/uploads/system/uploads/attachment_data/file/944061/afghanistan.medical_and_healthcare_cpin.v1.0.december_2020.pdf",20211008111414,https://assets.publishing.service.gov.uk/government/uploads/system/uploads/attachment_data/file/944061/Afghanistan.Medical_and_Healthcare_CPIN.v1.0.December_2020.pdf,assets.publishing.service.gov.uk,application/pdf,N3FHY4FWM7ORHNLAP33OF4QJMDQS2RI2,402860,475702590,Afghanistan.Medical and Healthcare CPIN.v1.0.December 2020,en,PDF
"uk,gov,service,publishing,assets)/government/uploads/system/uploads/attachment_data/file/835663/sri-lanka-country-policy-info-note-religious-minorities.pdf",20200323101854,https://assets.publishing.service.gov.uk/government/uploads/system/uploads/attachment_data/file/835663/sri-lanka-country-policy-info-note-religious-minorities.pdf,assets.publishing.service.gov.uk,application/pdf,73AU242AWP3PLFGWSEOAY7OXNREE3NG2,879764,38785113,Sri Lanka - Religious Minorities - CPIN - v1.0 (February 2018),en,PDF
"com,amazonaws,s3,moj-tribunals-documents-prod)/decision/pdf_file/57703/aa091272015.pdf",20221201150333,https://moj-tribunals-documents-prod.s3.amazonaws.com/decision/pdf_file/57703/AA091272015.pdf,moj-tribunals-documents-prod.s3.amazonaws.com,application/pdf,CAGWMSHTQLP5Q6PNSOZGQC2SZSQ5NWX5,79755,87667206,AA091272015.pdf,en,PDF
"com,amazonaws,s3,moj-tribunals-documents-prod)/decision/pdf_file/68016/pa053262018.pdf",20231201070921,https://moj-tribunals-documents-prod.s3.amazonaws.com/decision/pdf_file/68016/PA053262018.pdf,moj-tribunals-documents-prod.s3.amazonaws.com,application/pdf,XLJUIZFDXQT2BJEJ75SA4TJHJ6X6TLUA,98398,483574203,PA053262018.pdf,en,PDF
"com,amazonaws,s3,moj-tribunals-documents-prod)/decision/pdf_file/68496/pa018432019.pdf",20231201070740,https://moj-tribunals-documents-prod.s3.amazonaws.com/decision/pdf_file/68496/PA018432019.pdf,moj-tribunals-documents-prod.s3.amazonaws.com,application/pdf,3NJDCGKV72MWL5RDMB3LMRFUE5J5DJ2I,98422,429257531,PA018432019.pdf,en,PDF
"uk,gov,service,publishing,assets)/government/uploads/system/uploads/attachment_data/file/931826/appeal-pf1-and-bundles-guidance-v4.0ext.pdf",20230928204729,https://assets.publishing.service.gov.uk/government/uploads/system/uploads/attachment_data/file/931826/appeal-pf1-and-bundles-guidance-v4.0ext.pdf,assets.publishing.service.gov.uk,application/pdf,TLNX3L2Z3LCUQNTCCV2X4HATHIQFCTCE,236086,28560463,Bundles: preparing appeal PF1,en,PDF
"com,amazonaws,s3,moj-tribunals-documents-prod)/decision/pdf_file/69063/pa027542019.pdf",20231201070100,https://moj-tribunals-documents-prod.s3.amazonaws.com/decision/pdf_file/69063/PA027542019.pdf,moj-tribunals-documents-prod.s3.amazonaws.com,application/pdf,AEGTW55EGQKSMIOPG2CPG5LDJXPXWCND,104007,211728757,PA027542019.pdf,en,PDF
"uk,gov,service,publishing,assets)/government/uploads/system/uploads/attachment_data/file/921353/ghana_-_actors_of_protection_-_cpin_-_v1.0_final_gov.uk.pdf",20220511095405,https://assets.publishing.service.gov.uk/government/uploads/system/uploads/attachment_data/file/921353/Ghana_-_Actors_of_protection_-_CPIN_-_v1.0_final_gov.uk.pdf,assets.publishing.service.gov.uk,application/pdf,TXZLMVVBH4EJMAWVSWLVINPYF6E4FIW3,411876,107728928,"Ghana, actors of protection",en,PDF
"com,amazonaws,s3,moj-tribunals-documents-prod)/decision/pdf_file/55799/pa113102016.pdf",20230601121245,https://moj-tribunals-documents-prod.s3.amazonaws.com/decision/pdf_file/55799/PA113102016.pdf,moj-tribunals-documents-prod.s3.amazonaws.com,application/pdf,QVZUMVGT4VKVUIELVL4YVYMFOHG5YWLQ,78436,153199368,PA113102016.pdf,en,PDF
"com,amazonaws,s3,moj-tribunals-documents-prod)/decision/pdf_file/79018/ui-2023-001293___ui-2023-001292.pdf",20231201063749,https://moj-tribunals-documents-prod.s3.amazonaws.com/decision/pdf_file/79018/UI-2023-001293___UI-2023-001292.pdf,moj-tribunals-documents-prod.s3.amazonaws.com,application/pdf,T5EEPSZDQ3VUZYDLNLCOSKF7HH7BSKET,87838,413185963,UI-2023-001293___UI-2023-001292.pdf,en,PDF
"uk,gov,service,publishing,assets)/government/uploads/system/uploads/attachment_data/file/769333/yemen_-_sec_and_hmtn_sitn_-_cpin_-_v4.0_.pdf",20211226163458,https://assets.publishing.service.gov.uk/government/uploads/system/uploads/attachment_data/file/769333/Yemen_-_Sec_and_Hmtn_Sitn_-_CPIN_-_v4.0_.pdf,assets.publishing.service.gov.uk,application/pdf,AP7PIN5DSUSGRXEPN53ZD4WNCIYMVHLS,1759763,37515,Yemen - Sec and Hmtn Sitn - CPIN - v4.0,en,PDF
"uk,gov,service,publishing,assets)/government/uploads/system/uploads/attachment_data/file/794316/cpin_-_nga_-_actors_of_protection.final_v.1.g.pdf",20210904084219,https://assets.publishing.service.gov.uk/government/uploads/system/uploads/attachment_data/file/794316/CPIN_-_NGA_-_Actors_of_Protection.final_v.1.G.PDF,assets.publishing.service.gov.uk,application/pdf,T4CB5XNLSLEB4SD5UDEHTPY7M6FS4CNC,718777,310792712,CPIN Template 2018 - v3,en,PDF
"uk,gov,service,publishing,assets)/government/uploads/system/uploads/attachment_data/file/679719/bangladesh-women_fearing_gbv-cpin_v2.0__january_2018_.pdf",20200405150012,https://assets.publishing.service.gov.uk/government/uploads/system/uploads/attachment_data/file/679719/Bangladesh-Women_fearing_GBV-CPIN_v2.0__January_2018_.pdf,assets.publishing.service.gov.uk,application/pdf,TVN6X3B3UHC3WWYJUCWJK44LNI3TF5UM,737440,61627557,Bangladesh - Women fearing GBV - CPIN v2.0 (January 2018),en,PDF
"uk,gov,service,publishing,assets)/media/5f9fd152e90e07041299b9b2/appeal-pf1-and-bundles-guidance-v4.0ext.pdf",20231111022306,https://assets.publishing.service.gov.uk/media/5f9fd152e90e07041299b9b2/appeal-pf1-and-bundles-guidance-v4.0ext.pdf,assets.publishing.service.gov.uk,application/pdf,TLNX3L2Z3LCUQNTCCV2X4HATHIQFCTCE,236075,389433366,Bundles: preparing appeal PF1,en,PDF
"uk,gov,service,publishing,assets)/media/5ffdc179d3bf7f65d209c7cd/china_-_modern_slavery-_cpin_-_v1.0_january_2021.pdf",20241006222604,https://assets.publishing.service.gov.uk/media/5ffdc179d3bf7f65d209c7cd/China_-_Modern_slavery-_CPIN_-_v1.0_January_2021.pdf,assets.publishing.service.gov.uk,application/pdf,4G6FKYW3TZ5TPPQBHWSF5LPFPVDNZW3N,396709,16192877,CPIN Template - January 2020,en,PDF
"uk,gov,service,publishing,assets)/government/uploads/system/uploads/attachment_data/file/809931/inspection_of_country_of_origin_information_2019._burma__iraq_and_zimbabwe.pdf",20241212174507,https://assets.publishing.service.gov.uk/government/uploads/system/uploads/attachment_data/file/809931/Inspection_of_Country_of_Origin_Information_2019._Burma__Iraq_and_Zimbabwe.pdf,assets.publishing.service.gov.uk,application/pdf,A5CQD7JSTQ5QROQAQH4F7NXNGWX77NFI,885276,392486801,Inspection_of_Country_of_Origin_Information_2019._Burma__Iraq_and_Zimbabwe.pdf,en,PDF
"com,amazonaws,s3,moj-tribunals-documents-prod)/decision/pdf_file/70809/pa052972018.pdf",20231201070517,https://moj-tribunals-documents-prod.s3.amazonaws.com/decision/pdf_file/70809/PA052972018.pdf,moj-tribunals-documents-prod.s3.amazonaws.com,application/pdf,TY6SYW6PK4ZZTOHHJ5GUQ75KUSSIA4LX,150737,350161073,PA052972018.pdf,en,PDF
"uk,gov,service,publishing,assets)/government/uploads/system/uploads/attachment_data/file/766760/vietnam_-_moneylenders_-_cpin_-_v1.0__december_2018__ex__002_.pdf",20220510225349,https://assets.publishing.service.gov.uk/government/uploads/system/uploads/attachment_data/file/766760/Vietnam_-_Moneylenders_-_CPIN_-_v1.0__December_2018__ex__002_.pdf,assets.publishing.service.gov.uk,application/pdf,JXQXEAW5CPZWGTPKW3NZHRSZJYCEA7MS,470862,443956883,Vietnam - Moneylenders - CPIN - v1.0 (December 2018),en,PDF
"uk,gov,service,publishing,assets)/government/uploads/system/uploads/attachment_data/file/1030393/afg_cpin_medical_and_healthcare.pdf",20220408181736,https://assets.publishing.service.gov.uk/government/uploads/system/uploads/attachment_data/file/1030393/AFG_CPIN_Medical_and_healthcare.pdf,assets.publishing.service.gov.uk,application/pdf,PTR4R7KI2R22DSNHJ2DU745RV647RNU2,319628,188097503,AFG CPIN Medical and healthcare,en,PDF
"uk,gov,service,publishing,assets)/media/653145500b5392000da92a21/tur+cpin+-+peoples+democratic+party+_hdp_.pdf",20250602203844,https://assets.publishing.service.gov.uk/media/653145500b5392000da92a21/TUR+CPIN+-+Peoples+Democratic+Party+_HDP_.pdf,assets.publishing.service.gov.uk,application/pdf,TGGGTRKEV4RTQCMQW22WDHDYBKUD2DXQ,587205,39857208,TUR CPIN - Peoples Democratic Party (HDP),en,PDF
"uk,gov,service,publishing,assets)/government/uploads/system/uploads/attachment_data/file/775001/cpin-_zim_-_sogie._v4.0e__jan_2019_.pdf",20220518032435,https://assets.publishing.service.gov.uk/government/uploads/system/uploads/attachment_data/file/775001/CPIN-_ZIM_-_SOGIE._V4.0e__Jan_2019_.pdf,assets.publishing.service.gov.uk,application/pdf,Z24US5HUUUJSBVNNAUYBEEX2L2LJCYO5,698923,392309565,CPIN-_ZIM_-_SOGIE._V4.0e__Jan_2019_.pdf,en,PDF
"uk,gov,service,publishing,assets)/media/5f6ce241d3bf7f7231ac65ef/bangladesh-political_parties_and_affiliation-cpin.pdf",20240123190801,https://assets.publishing.service.gov.uk/media/5f6ce241d3bf7f7231ac65ef/Bangladesh-Political_parties_and_affiliation-CPIN.pdf,assets.publishing.service.gov.uk,application/pdf,PEY5JVWS5RU7UY6KANBUHTWLI2NNTFX4,695977,15685672,Bangladesh-Political parties and affiliation-CPIN,en,PDF
"com,amazonaws,s3,moj-tribunals-documents-prod)/decision/pdf_file/64681/pa026122018.pdf",20231201072028,https://moj-tribunals-documents-prod.s3.amazonaws.com/decision/pdf_file/64681/PA026122018.pdf,moj-tribunals-documents-prod.s3.amazonaws.com,application/pdf,EKPOG3WJJ3JJE7EVX7NTRGEAZCYM73KN,110295,342258558,PA026122018.pdf,en,PDF
"uk,gov,service,publishing,assets)/media/649d332d45b6a200123d44f9/inspection_report_on_home_office_country_of_origin_information__iraq_and_myanmar__burma__january_2023_20pt.pdf",20250605170557,https://assets.publishing.service.gov.uk/media/649d332d45b6a200123d44f9/Inspection_report_on_Home_Office_country_of_origin_information__Iraq_and_Myanmar__Burma__January_2023_20PT.pdf,assets.publishing.service.gov.uk,application/pdf,LO4WFZMLXFXRDYYHUYNY45IWNFYJE3O6,627330,97205291,Inpection of Country of Origin Information,en,PDF
"uk,gov,service,publishing,assets)/media/5ef9ef25e90e075c52d05a58/bgd-women-gbv-cpin-v3.0__june_2020_.pdf",20231202201800,https://assets.publishing.service.gov.uk/media/5ef9ef25e90e075c52d05a58/BGD-Women-GBV-CPIN-v3.0__June_2020_.pdf,assets.publishing.service.gov.uk,application/pdf,ZUG4RQXIRHJJHHRXEHWC5UPLMOBBURXP,526974,177885524,CPIN Template - January 2020,en,PDF
"com,amazonaws,s3,moj-tribunals-documents-prod)/decision/pdf_file/75070/pa059472019.pdf",20231201065425,https://moj-tribunals-documents-prod.s3.amazonaws.com/decision/pdf_file/75070/PA059472019.pdf,moj-tribunals-documents-prod.s3.amazonaws.com,application/pdf,BWFGXJE6DEKKTIJX6QKLAUQDQ2C6DFMV,105750,495291109,PA059472019.pdf,en,PDF
"uk,gov,service,publishing,assets)/government/uploads/system/uploads/attachment_data/file/1084534/irn_cpin_sexual_orientation_and_gender_identity_or_expression.pdf",20231204014908,https://assets.publishing.service.gov.uk/government/uploads/system/uploads/attachment_data/file/1084534/IRN_CPIN_Sexual_orientation_and_gender_identity_or_expression.pdf,assets.publishing.service.gov.uk,application/pdf,JLUNHJPDRZGC2CVK4FQZBSAUA4JYTT3R,495937,1207875,IRN CPIN Sexual orientation and gender identity or expression,en,PDF
"com,amazonaws,s3,moj-tribunals-documents-prod)/decision/pdf_file/68420/hu239792018___others.pdf",20200901134616,https://moj-tribunals-documents-prod.s3.amazonaws.com/decision/pdf_file/68420/HU239792018___Others.pdf,moj-tribunals-documents-prod.s3.amazonaws.com,application/pdf,5SQ5EAB2UXLY4GWNXN5JDFFANTAKTBYT,118458,333241832,HU239792018___Others.pdf,en,PDF
"uk,gov,service,publishing,assets)/media/6718afc138149ce9d09e3883/inspection_report_on_home_office_country_of_origin_information_on_georgia_july_2024_accessible.pdf",20250605005749,https://assets.publishing.service.gov.uk/media/6718afc138149ce9d09e3883/Inspection_report_on_Home_Office_country_of_origin_information_on_Georgia_July_2024_Accessible.pdf,assets.publishing.service.gov.uk,application/pdf,KM6FH36KIT644FBMRKYQCNZFCGIW237B,673991,283167434,Inpection report on Home Office country of origin information on Georgia,en,PDF
"uk,gov,service,publishing,assets)/government/uploads/system/uploads/attachment_data/file/800235/_external__iraq_-_medical_and_healthcare_-_cpin_-_v1.0__may_2019_.pdf",20210108063729,https://assets.publishing.service.gov.uk/government/uploads/system/uploads/attachment_data/file/800235/_external__Iraq_-_Medical_and_healthcare_-_CPIN_-_v1.0__May_2019_.pdf,assets.publishing.service.gov.uk,application/pdf,H7I3H2JVFWNINDGOC33J33GNBZDUB2MN,709400,198918385,Iraq - Medical and healthcare - CPIN - v1.0 (April 2019),en,PDF
"uk,gov,service,publishing,assets)/government/uploads/system/uploads/attachment_data/file/865446/vietnam-_hoa_hao-_cpin-_v1.0__2019_.pdf",20200425031925,https://assets.publishing.service.gov.uk/government/uploads/system/uploads/attachment_data/file/865446/Vietnam-_Hoa_Hao-_CPIN-_v1.0__2019_.pdf,assets.publishing.service.gov.uk,application/pdf,6PNRWHAR26VLPOVUI4XTT4IU7KPGVTWY,343954,485689118,CPIN Template 2018 - v3,en,PDF
"uk,gov,service,publishing,assets)/government/uploads/system/uploads/attachment_data/file/948164/cameroon_-_background_-_cpin_-_v1.0__final__gov.uk.pdf",20220331060134,https://assets.publishing.service.gov.uk/government/uploads/system/uploads/attachment_data/file/948164/Cameroon_-_Background_-_CPIN_-_v1.0__final__Gov.uk.pdf,assets.publishing.service.gov.uk,application/pdf,WXRYRACSEQI2JQLJCJTBHFKQQR6XV6CJ,519892,29878953,cameroon background note,en,PDF
"uk,gov,service,publishing,assets)/government/uploads/system/uploads/attachment_data/file/880555/bgd-sogie-cpin-v4.0__april_2020_.pdf",20230801215105,https://assets.publishing.service.gov.uk/government/uploads/system/uploads/attachment_data/file/880555/BGD-SOGIE-CPIN-v4.0__April_2020_.pdf,assets.publishing.service.gov.uk,application/pdf,XX4EI3HNYXB4WZ2QTGX353HKLHNMPBVL,648119,186140031,CPIN Template - January 2020,en,PDF
"uk,gov,service,publishing,assets)/government/uploads/system/uploads/attachment_data/file/1155862/pak_cpin_political_parties_and_affiliation.pdf",20231111063847,https://assets.publishing.service.gov.uk/government/uploads/system/uploads/attachment_data/file/1155862/PAK_CPIN_Political_parties_and_affiliation.pdf,assets.publishing.service.gov.uk,application/pdf,PHHTL5Q5IXTWFPRNTLXZMFVKLIW5BMYS,636066,120017851,PAK CPIN Political parties and affiliation,en,PDF
"uk,gov,service,publishing,assets)/media/645cb936ad8a03000c38b295/pak_cpin_political_parties_and_affiliation.pdf",20231221230842,https://assets.publishing.service.gov.uk/media/645cb936ad8a03000c38b295/PAK_CPIN_Political_parties_and_affiliation.pdf,assets.publishing.service.gov.uk,application/pdf,PHHTL5Q5IXTWFPRNTLXZMFVKLIW5BMYS,636050,306567849,PAK CPIN Political parties and affiliation,en,PDF
"uk,gov,service,publishing,assets)/government/uploads/system/uploads/attachment_data/file/1158905/pak_cpin_actors_of_protection.pdf",20231102220532,https://assets.publishing.service.gov.uk/government/uploads/system/uploads/attachment_data/file/1158905/PAK_CPIN_actors_of_protection.pdf,assets.publishing.service.gov.uk,application/pdf,KEXDDZXI5ZNTE2UALSUUZTOQED6S4DBA,456551,450513924,PAK CPIN actors of protection,en,PDF
"uk,gov,service,publishing,assets)/government/uploads/system/uploads/attachment_data/file/896259/bgd-women-gbv-cpin-v3.0__june_2020_.pdf",20230919173028,https://assets.publishing.service.gov.uk/government/uploads/system/uploads/attachment_data/file/896259/BGD-Women-GBV-CPIN-v3.0__June_2020_.pdf,assets.publishing.service.gov.uk,application/pdf,ZUG4RQXIRHJJHHRXEHWC5UPLMOBBURXP,526988,343720905,CPIN Template - January 2020,en,PDF
"uk,gov,service,publishing,assets)/government/uploads/system/uploads/attachment_data/file/921445/bangladesh-political_parties_and_affiliation-cpin.pdf",20230919172848,https://assets.publishing.service.gov.uk/government/uploads/system/uploads/attachment_data/file/921445/Bangladesh-Political_parties_and_affiliation-CPIN.pdf,assets.publishing.service.gov.uk,application/pdf,PEY5JVWS5RU7UY6KANBUHTWLI2NNTFX4,695951,237401583,Bangladesh-Political parties and affiliation-CPIN,en,PDF
"uk,gov,service,publishing,assets)/government/uploads/system/uploads/attachment_data/file/873394/pakistan-documentation-cpin-v2.0_march_2020__2.pdf",20230909134256,https://assets.publishing.service.gov.uk/government/uploads/system/uploads/attachment_data/file/873394/Pakistan-Documentation-CPIN-v2.0_March_2020__2.pdf,assets.publishing.service.gov.uk,application/pdf,YC7EO67WYCLZZ5UHSR7UVUZDV3OK5OZ2,510990,301388135,CPIN Template 2018 - v3,en,PDF
"uk,gov,service,publishing,assets)/media/5d090b1bed915d42fabe4dbc/inspection_of_country_of_origin_information_2019._burma__iraq_and_zimbabwe.pdf",20250606002836,https://assets.publishing.service.gov.uk/media/5d090b1bed915d42fabe4dbc/Inspection_of_Country_of_Origin_Information_2019._Burma__Iraq_and_Zimbabwe.pdf,assets.publishing.service.gov.uk,application/pdf,A5CQD7JSTQ5QROQAQH4F7NXNGWX77NFI,885263,385290204,Inspection_of_Country_of_Origin_Information_2019._Burma__Iraq_and_Zimbabwe.pdf,en,PDF
"uk,gov,service,publishing,assets)/government/uploads/system/uploads/attachment_data/file/948164/cameroon_-_background_-_cpin_-_v1.0__final__gov.uk.pdf",20230909210303,https://assets.publishing.service.gov.uk/government/uploads/system/uploads/attachment_data/file/948164/Cameroon_-_Background_-_CPIN_-_v1.0__final__Gov.uk.pdf,assets.publishing.service.gov.uk,application/pdf,WXRYRACSEQI2JQLJCJTBHFKQQR6XV6CJ,519777,89139335,cameroon background note,en,PDF
"uk,gov,service,publishing,assets)/government/uploads/system/uploads/attachment_data/file/1088205/chn_cpin_hong_kong_national_security_law.pdf",20240107024509,https://assets.publishing.service.gov.uk/government/uploads/system/uploads/attachment_data/file/1088205/CHN_CPIN_Hong_Kong_National_Security_Law.pdf,assets.publishing.service.gov.uk,application/pdf,YI2J2DBKO4BC5TWXXJAEGWHBX7TD22HH,569338,413557026,CHN CPIN Hong Kong National Security Law,en,PDF
"uk,gov,service,publishing,assets)/government/uploads/system/uploads/attachment_data/file/726192/eritrea_-_ns_illegal_exit_v5.0e__july_2018_.pdf",20210919151740,https://assets.publishing.service.gov.uk/government/uploads/system/uploads/attachment_data/file/726192/Eritrea_-_NS_Illegal_Exit_v5.0e__July_2018_.pdf,assets.publishing.service.gov.uk,application/pdf,AOY4SR267IXSAP37WXHKSSJEPT5CQMLR,909230,153392973,Eritrea - NS Illegal Exit v5.0 (July 2018),en,PDF
"uk,gov,service,publishing,assets)/government/uploads/system/uploads/attachment_data/file/775001/cpin-_zim_-_sogie._v4.0e__jan_2019_.pdf",20230814220919,https://assets.publishing.service.gov.uk/government/uploads/system/uploads/attachment_data/file/775001/CPIN-_ZIM_-_SOGIE._V4.0e__Jan_2019_.pdf,assets.publishing.service.gov.uk,application/pdf,Z24US5HUUUJSBVNNAUYBEEX2L2LJCYO5,698813,455256091,CPIN-_ZIM_-_SOGIE._V4.0e__Jan_2019_.pdf,en,PDF
"uk,gov,service,publishing,assets)/media/5e720e96d3bf7f269dbeef59/pakistan-documentation-cpin-v2.0_march_2020__2.pdf",20231103194956,https://assets.publishing.service.gov.uk/media/5e720e96d3bf7f269dbeef59/Pakistan-Documentation-CPIN-v2.0_March_2020__2.pdf,assets.publishing.service.gov.uk,application/pdf,YC7EO67WYCLZZ5UHSR7UVUZDV3OK5OZ2,510980,226961947,CPIN Template 2018 - v3,en,PDF
"uk,gov,service,publishing,assets)/media/62c460e8d3bf7f2ffaa4a9b0/chn_cpin_hong_kong_national_security_law.pdf",20240305091320,https://assets.publishing.service.gov.uk/media/62c460e8d3bf7f2ffaa4a9b0/CHN_CPIN_Hong_Kong_National_Security_Law.pdf,assets.publishing.service.gov.uk,application/pdf,YI2J2DBKO4BC5TWXXJAEGWHBX7TD22HH,569351,307395917,CHN CPIN Hong Kong National Security Law,en,PDF
"uk,gov,service,publishing,assets)/government/uploads/system/uploads/attachment_data/file/1178798/ind_cpin_sexual_orientation_and_gender_identity_and_expression.pdf",20231103013125,https://assets.publishing.service.gov.uk/government/uploads/system/uploads/attachment_data/file/1178798/IND_CPIN_Sexual_orientation_and_gender_identity_and_expression.pdf,assets.publishing.service.gov.uk,application/pdf,V5I57GUYEBHMGAPCVCNE3XWL2W7DT2CN,526930,158731848,IND CPIN Sexual orientation and gender identity and expression,en,PDF
"uk,gov,service,publishing,assets)/media/62865bb2e90e071f5b6723f5/chn_cpin_contravention_of_national_population_and_family-planning_laws.pdf",20240107153548,https://assets.publishing.service.gov.uk/media/62865bb2e90e071f5b6723f5/CHN_CPIN_Contravention_of_national_population_and_family-planning_laws.pdf,assets.publishing.service.gov.uk,application/pdf,AKCOOERJ6JBRAEPGA5BYQ3QZFS2C3HS6,888691,265541185,CHN CPIN Contravention of national population and family-planning laws,en,PDF
"uk,gov,service,publishing,assets)/government/uploads/system/uploads/attachment_data/file/1076887/chn_cpin_contravention_of_national_population_and_family-planning_laws.pdf",20230801215105,https://assets.publishing.service.gov.uk/government/uploads/system/uploads/attachment_data/file/1076887/CHN_CPIN_Contravention_of_national_population_and_family-planning_laws.pdf,assets.publishing.service.gov.uk,application/pdf,AKCOOERJ6JBRAEPGA5BYQ3QZFS2C3HS6,888705,185129653,CHN CPIN Contravention of national population and family-planning laws,en,PDF
"uk,gov,service,publishing,assets)/government/uploads/system/uploads/attachment_data/file/1030391/afg_cpin_fear_of_the_taliban__1_.pdf",20220202102503,https://assets.publishing.service.gov.uk/government/uploads/system/uploads/attachment_data/file/1030391/AFG_CPIN_Fear_of_the_Taliban__1_.pdf,assets.publishing.service.gov.uk,application/pdf,SOJ727PSXX6NPUTDFWJATYNCJXYDR3Z5,805925,182169358,AFG CPIN Fear of the Taliban,en,PDF
"uk,gov,service,publishing,assets)/media/5feb14f5d3bf7f089e48ded5/cameroon_-_background_-_cpin_-_v1.0__final__gov.uk.pdf",20231208224914,https://assets.publishing.service.gov.uk/media/5feb14f5d3bf7f089e48ded5/Cameroon_-_Background_-_CPIN_-_v1.0__final__Gov.uk.pdf,assets.publishing.service.gov.uk,application/pdf,WXRYRACSEQI2JQLJCJTBHFKQQR6XV6CJ,519762,94178208,cameroon background note,en,PDF
"uk,gov,service,publishing,assets)/media/64dba4a760d123001332c5c7/ind_cpin_sexual_orientation_and_gender_identity_and_expression.pdf",20240108001946,https://assets.publishing.service.gov.uk/media/64dba4a760d123001332c5c7/IND_CPIN_Sexual_orientation_and_gender_identity_and_expression.pdf,assets.publishing.service.gov.uk,application/pdf,V5I57GUYEBHMGAPCVCNE3XWL2W7DT2CN,526917,314898699,IND CPIN Sexual orientation and gender identity and expression,en,PDF
"uk,gov,service,publishing,assets)/media/651d338c6a6955001278b28d/china_-_background_information.pdf",20240305091322,https://assets.publishing.service.gov.uk/media/651d338c6a6955001278b28d/China_-_background_information.pdf,assets.publishing.service.gov.uk,application/pdf,7P66YN4JTGX2R55NYTHWB7ZDF2GTPDBJ,503963,314741480,"CHN CPIN Background information, including actors of protection and internal relocation.docx",en,PDF
"uk,gov,service,publishing,assets)/media/62b2d583e90e0765d523ca79/irn_cpin_sexual_orientation_and_gender_identity_or_expression.pdf",20240207165324,https://assets.publishing.service.gov.uk/media/62b2d583e90e0765d523ca79/IRN_CPIN_Sexual_orientation_and_gender_identity_or_expression.pdf,assets.publishing.service.gov.uk,application/pdf,JLUNHJPDRZGC2CVK4FQZBSAUA4JYTT3R,495963,376456375,IRN CPIN Sexual orientation and gender identity or expression,en,PDF
"uk,gov,service,publishing,assets)/media/5c51bf4de5274a49171e1593/cpin-_zim_-_sogie._v4.0e__jan_2019_.pdf",20240108021449,https://assets.publishing.service.gov.uk/media/5c51bf4de5274a49171e1593/CPIN-_ZIM_-_SOGIE._V4.0e__Jan_2019_.pdf,assets.publishing.service.gov.uk,application/pdf,Z24US5HUUUJSBVNNAUYBEEX2L2LJCYO5,698792,423359470,CPIN-_ZIM_-_SOGIE._V4.0e__Jan_2019_.pdf,en,PDF
"uk,gov,service,publishing,assets)/government/uploads/system/uploads/attachment_data/file/772989/india-aofp-cpin-v1.0__jan_2019_.pdf",20230630030416,https://assets.publishing.service.gov.uk/government/uploads/system/uploads/attachment_data/file/772989/India-AofP-CPIN-v1.0__Jan_2019_.pdf,assets.publishing.service.gov.uk,application/pdf,BHAFTWCXZJXIDYM5DBQ37M4DVUPVQBCY,706067,68139567,India - AofP - CPIN - v1.0 (DRAFT),en,PDF
"com,amazonaws,s3,moj-tribunals-documents-prod)/decision/pdf_file/57849/pa083192017.pdf",20231201073156,https://moj-tribunals-documents-prod.s3.amazonaws.com/decision/pdf_file/57849/PA083192017.pdf,moj-tribunals-documents-prod.s3.amazonaws.com,application/pdf,7UVBBLJMGBWWG47GOA6XXEA5VHPIBMPZ,95309,202553264,PA083192017.pdf,en,PDF
"uk,gov,service,publishing,assets)/media/62bd59cf8fa8f535a98d9189/syr_cpin_humanitarian_situation.pdf",20241207114206,https://assets.publishing.service.gov.uk/media/62bd59cf8fa8f535a98d9189/SYR_CPIN_Humanitarian_situation.pdf,assets.publishing.service.gov.uk,application/pdf,N4HSPT3ZFV3F72W7STTD2TPZMNZJJ7NX,424912,349865605,SYR CPIN Humanitarian situation,en,PDF
"uk,gov,service,publishing,assets)/media/5f6c9304e90e07751687e854/ghana_-_actors_of_protection_-_cpin_-_v1.0_final_gov.uk.pdf",20240305091324,https://assets.publishing.service.gov.uk/media/5f6c9304e90e07751687e854/Ghana_-_Actors_of_protection_-_CPIN_-_v1.0_final_gov.uk.pdf,assets.publishing.service.gov.uk,application/pdf,TXZLMVVBH4EJMAWVSWLVINPYF6E4FIW3,411801,318520811,"Ghana, actors of protection",en,PDF
"uk,gov,service,publishing,assets)/media/646e0e0624315700136f41a3/pak_cpin_actors_of_protection.pdf",20231221230755,https://assets.publishing.service.gov.uk/media/646e0e0624315700136f41a3/PAK_CPIN_actors_of_protection.pdf,assets.publishing.service.gov.uk,application/pdf,KEXDDZXI5ZNTE2UALSUUZTOQED6S4DBA,456530,225392241,PAK CPIN actors of protection,en,PDF
"com,amazonaws,s3,moj-tribunals-documents-prod)/decision/pdf_file/65694/hu144462016.pdf",20231201072101,https://moj-tribunals-documents-prod.s3.amazonaws.com/decision/pdf_file/65694/HU144462016.pdf,moj-tribunals-documents-prod.s3.amazonaws.com,application/pdf,NQ3QDQ3VYQXMRUYXWYXESW62U3PAQDG7,98171,359407285,HU144462016.pdf,en,PDF
"uk,gov,service,publishing,assets)/government/uploads/system/uploads/attachment_data/file/860952/pakistan-documentation-cpin-v1.0_jan_2020_.pdf",20200207203735,https://assets.publishing.service.gov.uk/government/uploads/system/uploads/attachment_data/file/860952/Pakistan-Documentation-CPIN-v1.0_Jan_2020_.pdf,assets.publishing.service.gov.uk,application/pdf,VVZPPNZVFZHNQ2AMLBEPSTJG7OYXTLN5,411428,13747974,CPIN Template 2018 - v3,en,PDF
"uk,gov,service,publishing,assets)/government/uploads/system/uploads/attachment_data/file/766760/vietnam_-_moneylenders_-_cpin_-_v1.0__december_2018__ex__002_.pdf",20230111181809,https://assets.publishing.service.gov.uk/government/uploads/system/uploads/attachment_data/file/766760/Vietnam_-_Moneylenders_-_CPIN_-_v1.0__December_2018__ex__002_.pdf,assets.publishing.service.gov.uk,application/pdf,JXQXEAW5CPZWGTPKW3NZHRSZJYCEA7MS,470859,22189076,Vietnam - Moneylenders - CPIN - v1.0 (December 2018),en,PDF
"uk,gov,service,publishing,assets)/government/uploads/system/uploads/attachment_data/file/1050540/alb_cpin_medical_and_healthcare.pdf",20220517222129,https://assets.publishing.service.gov.uk/government/uploads/system/uploads/attachment_data/file/1050540/ALB_CPIN_Medical_and_healthcare.pdf,assets.publishing.service.gov.uk,application/pdf,VF5QHWIHJO32YMWVFOL6UQUV26P3A7DQ,417726,188119688,Albania CPIN Medical and healthcare,en,PDF
"uk,gov,service,publishing,assets)/government/uploads/system/uploads/attachment_data/file/677556/an_inspection_of_the_production_and_use_of_country_of_origin_information.pdf",20230903041244,https://assets.publishing.service.gov.uk/government/uploads/system/uploads/attachment_data/file/677556/An_inspection_of_the_production_and_use_of_Country_of_Origin_Information.pdf,assets.publishing.service.gov.uk,application/pdf,4NXLUYKJXBHQEOULCID5JFCR36W6RYZO,609732,76962092,An_inspection_of_the_production_and_use_of_Country_of_Origin_Information.pdf,en,PDF
"com,amazonaws,s3,moj-tribunals-documents-prod)/decision/pdf_file/75290/pa091352019.pdf",20231201064911,https://moj-tribunals-documents-prod.s3.amazonaws.com/decision/pdf_file/75290/PA091352019.pdf,moj-tribunals-documents-prod.s3.amazonaws.com,application/pdf,SIAFQPNB52YQLUY6LDDW7QJIGLAYNKV2,121114,304059765,PA091352019.pdf,en,PDF
"com,amazonaws,s3,moj-tribunals-documents-prod)/decision/pdf_file/78865/ui-2022-001346.pdf",20231201063906,https://moj-tribunals-documents-prod.s3.amazonaws.com/decision/pdf_file/78865/UI-2022-001346.pdf,moj-tribunals-documents-prod.s3.amazonaws.com,application/pdf,LOJROBGSPHH6AC7QBUDXJ4BGTJMB22LH,99085,449006477,UI-2022-001346.pdf,en,PDF
"com,amazonaws,s3,moj-tribunals-documents-prod)/decision/pdf_file/65304/pa034542018.pdf",20231201072222,https://moj-tribunals-documents-prod.s3.amazonaws.com/decision/pdf_file/65304/PA034542018.pdf,moj-tribunals-documents-prod.s3.amazonaws.com,application/pdf,AGHKKX3UFB5TRYRMG5OG4N7PPCIGVTSA,110659,399815589,PA034542018.pdf,en,PDF
"uk,gov,service,publishing,assets)/media/6181249de90e07197f18fe39/afg_cpin_unaccompanied_children.pdf",20241103060733,https://assets.publishing.service.gov.uk/media/6181249de90e07197f18fe39/AFG_CPIN_Unaccompanied_children.pdf,assets.publishing.service.gov.uk,application/pdf,BSX3B7HUI6SRKZKBZMUXMUNKTQTGPOCN,547711,340178214,AFG CPIN Unaccompanied children,en,PDF
"com,amazonaws,s3,moj-tribunals-documents-prod)/decision/pdf_file/78858/ui-2022-006206.pdf",20231201063811,https://moj-tribunals-documents-prod.s3.amazonaws.com/decision/pdf_file/78858/UI-2022-006206.pdf,moj-tribunals-documents-prod.s3.amazonaws.com,application/pdf,72NGRNUVIWBAKLXXRNIXR3IJTFJ4FMMQ,105970,419671805,UI-2022-006206.pdf,en,PDF
"com,amazonaws,s3,moj-tribunals-documents-prod)/decision/pdf_file/69640/pa126142018.pdf",20231201065727,https://moj-tribunals-documents-prod.s3.amazonaws.com/decision/pdf_file/69640/PA126142018.pdf,moj-tribunals-documents-prod.s3.amazonaws.com,application/pdf,YCZKKHYD4RJYNTQP4LOHAEQ75L6WYPPP,168662,97934586,PA126142018.pdf,en,PDF
"uk,gov,service,publishing,assets)/government/uploads/system/uploads/attachment_data/file/1100961/rus_cpin_chechnya_critics_of_the_state.pdf",20230920204917,https://assets.publishing.service.gov.uk/government/uploads/system/uploads/attachment_data/file/1100961/RUS_CPIN_Chechnya_Critics_of_the_state.pdf,assets.publishing.service.gov.uk,application/pdf,3LBH674QJCKQPZBYNQOC6JZRSWDW4TBR,251792,233552752,RUS CPIN Chechnya Critics of the state,en,PDF
"com,amazonaws,s3,moj-tribunals-documents-prod)/decision/pdf_file/56142/aa073932015.pdf",20200901135147,https://moj-tribunals-documents-prod.s3.amazonaws.com/decision/pdf_file/56142/AA073932015.pdf,moj-tribunals-documents-prod.s3.amazonaws.com,application/pdf,24VVFPZOWUYNGK6G6LSDKWDXFMNKDHQ3,107633,409868833,AA073932015.pdf,en,PDF
"uk,gov,service,publishing,assets)/media/5e441b6740f0b677c6c66fc5/vietnam-_hoa_hao-_cpin-_v1.0__2019_.pdf",20231219181311,https://assets.publishing.service.gov.uk/media/5e441b6740f0b677c6c66fc5/Vietnam-_Hoa_Hao-_CPIN-_v1.0__2019_.pdf,assets.publishing.service.gov.uk,application/pdf,6PNRWHAR26VLPOVUI4XTT4IU7KPGVTWY,343833,386444184,CPIN Template 2018 - v3,en,PDF
"uk,gov,service,publishing,assets)/government/uploads/system/uploads/attachment_data/file/921353/ghana_-_actors_of_protection_-_cpin_-_v1.0_final_gov.uk.pdf",20230804003534,https://assets.publishing.service.gov.uk/government/uploads/system/uploads/attachment_data/file/921353/Ghana_-_Actors_of_protection_-_CPIN_-_v1.0_final_gov.uk.pdf,assets.publishing.service.gov.uk,application/pdf,TXZLMVVBH4EJMAWVSWLVINPYF6E4FIW3,411773,465507161,"Ghana, actors of protection",en,PDF
"com,amazonaws,s3,moj-tribunals-documents-prod)/decision/pdf_file/62817/pa080972017.pdf",20231201072335,https://moj-tribunals-documents-prod.s3.amazonaws.com/decision/pdf_file/62817/PA080972017.pdf,moj-tribunals-documents-prod.s3.amazonaws.com,application/pdf,VQFWA7YHCSQJKLXZEA5OF7IK7VVXBN3X,94224,437588768,PA080972017.pdf,en,PDF
"uk,gov,service,publishing,assets)/government/uploads/system/uploads/attachment_data/file/865446/vietnam-_hoa_hao-_cpin-_v1.0__2019_.pdf",20230831183012,https://assets.publishing.service.gov.uk/government/uploads/system/uploads/attachment_data/file/865446/Vietnam-_Hoa_Hao-_CPIN-_v1.0__2019_.pdf,assets.publishing.service.gov.uk,application/pdf,6PNRWHAR26VLPOVUI4XTT4IU7KPGVTWY,343846,296010687,CPIN Template 2018 - v3,en,PDF
"uk,gov,service,publishing,assets)/government/uploads/system/uploads/attachment_data/file/880558/vietnam_-_trafficking_-_cpin_-_v4.0_april_2020.pdf",20230706040534,https://assets.publishing.service.gov.uk/government/uploads/system/uploads/attachment_data/file/880558/Vietnam_-_Trafficking_-_CPIN_-_v4.0_April_2020.pdf,assets.publishing.service.gov.uk,application/pdf,LZQWUAL2DT5SIUYIJKWZHIEFO47FU67Y,449017,384103015,CPIN Template 2018 - v3,en,PDF
"uk,gov,service,publishing,assets)/government/uploads/system/uploads/attachment_data/file/738856/turkey_-_military_service_-_cpin_-_v2.0__september_2018_.pdf",20230705205302,https://assets.publishing.service.gov.uk/government/uploads/system/uploads/attachment_data/file/738856/Turkey_-_Military_service_-_CPIN_-_v2.0__September_2018_.pdf,assets.publishing.service.gov.uk,application/pdf,N2WD7FFDV6OWB5D4SNJMI6JED4N636XS,878739,61635571,Turkey - Military service - CPIN - v2.0 (September 2018),en,PDF
"uk,gov,service,publishing,assets)/government/uploads/system/uploads/attachment_data/file/1030389/afg_cpin_unaccompanied_children.pdf",20230920204618,https://assets.publishing.service.gov.uk/government/uploads/system/uploads/attachment_data/file/1030389/AFG_CPIN_Unaccompanied_children.pdf,assets.publishing.service.gov.uk,application/pdf,BSX3B7HUI6SRKZKBZMUXMUNKTQTGPOCN,547682,332719437,AFG CPIN Unaccompanied children,en,PDF
"uk,gov,service,publishing,assets)/government/uploads/system/uploads/attachment_data/file/623848/iraq_-_sunni__arabs__-_cpin_-_v2_0__june_2017_.pdf",20200104174843,https://assets.publishing.service.gov.uk/government/uploads/system/uploads/attachment_data/file/623848/Iraq_-_Sunni__Arabs__-_CPIN_-_v2_0__June_2017_.pdf,assets.publishing.service.gov.uk,application/pdf,X2MN7HN2HVM4CSDW4SVCXRBL2745FPFB,351737,15697314,Iraq - Sunni (Arabs) - CPIN - v2.0 (June 2017),en,PDF
"uk,gov,service,publishing,assets)/media/5ffc2f4e8fa8f564091759a5/iraq_-_sunni_arabs_-_cpin_-_v3.0_-_january_2021_-_ext.pdf",20250605001955,https://assets.publishing.service.gov.uk/media/5ffc2f4e8fa8f564091759a5/Iraq_-_Sunni_Arabs_-_CPIN_-_v3.0_-_January_2021_-_ext.pdf,assets.publishing.service.gov.uk,application/pdf,VUG2RV4PHURNSDUCSRBMLVM6CI7U6SGB,497163,483680060,Iraq - Sunni Arabs - CPIN - v3.0 - January 2021,en,PDF
"uk,gov,service,publishing,assets)/government/uploads/system/uploads/attachment_data/file/1023386/vnm_cpin_unaccompanied_children.pdf",20230706040529,https://assets.publishing.service.gov.uk/government/uploads/system/uploads/attachment_data/file/1023386/VNM_CPIN_Unaccompanied_children.pdf,assets.publishing.service.gov.uk,application/pdf,GOKFEJPKHEMZ6PSN3BZTDEQVWI6P5INX,549169,381879592,VNM CPIN Unaccompanied children,en,PDF
"uk,gov,service,publishing,assets)/government/uploads/system/uploads/attachment_data/file/783432/albania_trafficking_cpin__v8.0_march_2019.pdf",20200512042022,https://assets.publishing.service.gov.uk/government/uploads/system/uploads/attachment_data/file/783432/Albania_Trafficking_CPIN__v8.0_March_2019.pdf,assets.publishing.service.gov.uk,application/pdf,6XXWVC6UTYAZLL3B42R4N6RXOHW2DMWI,803778,446105647,Albania - Trafficking - CPIN - v8.0 (February 2019),en,PDF
"uk,co,healthwatch,nds)/sites/default/files/reports_library/202202017_oxfordshire_voices-of-oxfordshires-albanian-community.pdf",20231101111738,https://nds.healthwatch.co.uk/sites/default/files/reports_library/202202017_Oxfordshire_Voices-of-Oxfordshires-Albanian-community.pdf,nds.healthwatch.co.uk,application/pdf,7A52OVJF3BNWOUZPTG7WVU3LEE3RCTFI,366205,405957851,HW Guidance,en,PDF
"uk,gov,service,publishing,assets)/government/uploads/system/uploads/attachment_data/file/934577/brazil_-_actors_of_protection_-_cpin_-_v1.0__nov_2020__gov.uk.pdf",20230705231354,https://assets.publishing.service.gov.uk/government/uploads/system/uploads/attachment_data/file/934577/Brazil_-_Actors_of_protection_-_CPIN_-_v1.0__Nov_2020__Gov.uk.pdf,assets.publishing.service.gov.uk,application/pdf,FYD3F7ET2R7EIDRFTNTQ6HBWT2L4FY2I,386174,255468879,CPIN Template - January 2020,en,PDF
"uk,gov,service,publishing,assets)/government/uploads/system/uploads/attachment_data/file/1072852/irn_cpin_women_fearing_honour-based_violence.pdf",20230903011128,https://assets.publishing.service.gov.uk/government/uploads/system/uploads/attachment_data/file/1072852/IRN_CPIN_Women_fearing_honour-based_violence.pdf,assets.publishing.service.gov.uk,application/pdf,DJFG43D3EJULFFPEV7GGIWWEDZHQ2ZUN,487732,406377620,Iran-Women fearing honour crimes-CPIN (draft)v2.0,en,PDF
"com,amazonaws,s3,moj-tribunals-documents-prod)/decision/pdf_file/69170/pa108132019.pdf",20231201065737,https://moj-tribunals-documents-prod.s3.amazonaws.com/decision/pdf_file/69170/PA108132019.pdf,moj-tribunals-documents-prod.s3.amazonaws.com,application/pdf,YLAB6ZSW5NUJ7ACAFOLQEJVYYGDOGNS2,192830,103304489,PA108132019.pdf,en,PDF
"uk,gov,service,publishing,assets)/government/uploads/system/uploads/attachment_data/file/1085713/syr_cpin_returnees.pdf",20231204142456,https://assets.publishing.service.gov.uk/government/uploads/system/uploads/attachment_data/file/1085713/SYR_CPIN_Returnees.pdf,assets.publishing.service.gov.uk,application/pdf,FBH3HIV3ZOGKOF4VCO7OJTB7M7HKIFKT,302271,331789603,SYR CPIN Returnees,en,PDF
"uk,gov,service,publishing,assets)/media/61812585d3bf7f56077ce7f3/afg_cpin_medical_and_healthcare.pdf",20240118215151,https://assets.publishing.service.gov.uk/media/61812585d3bf7f56077ce7f3/AFG_CPIN_Medical_and_healthcare.pdf,assets.publishing.service.gov.uk,application/pdf,PTR4R7KI2R22DSNHJ2DU745RV647RNU2,319525,57572554,AFG CPIN Medical and healthcare,en,PDF
"uk,gov,service,publishing,assets)/media/62b5e0168fa8f5356b96cb28/syr_cpin_returnees.pdf",20240305091116,https://assets.publishing.service.gov.uk/media/62b5e0168fa8f5356b96cb28/SYR_CPIN_Returnees.pdf,assets.publishing.service.gov.uk,application/pdf,FBH3HIV3ZOGKOF4VCO7OJTB7M7HKIFKT,302305,435265263,SYR CPIN Returnees,en,PDF
"uk,gov,service,publishing,assets)/media/62715027e90e0746cb4affbb/irn_cpin_women_fearing_honour-based_violence.pdf",20250509021043,https://assets.publishing.service.gov.uk/media/62715027e90e0746cb4affbb/IRN_CPIN_Women_fearing_honour-based_violence.pdf,assets.publishing.service.gov.uk,application/pdf,DJFG43D3EJULFFPEV7GGIWWEDZHQ2ZUN,487756,316424062,Iran-Women fearing honour crimes-CPIN (draft)v2.0,en,PDF
"uk,gov,service,publishing,assets)/government/uploads/system/uploads/attachment_data/file/641609/iraq_-_kurdish__honour__crimes_-_cpin_-_version_1_0.pdf",20210227105832,https://assets.publishing.service.gov.uk/government/uploads/system/uploads/attachment_data/file/641609/Iraq_-_Kurdish__honour__crimes_-_CPIN_-_version_1_0.pdf,assets.publishing.service.gov.uk,application/pdf,6LF2FPJ3EBL2GUTIYYZEVOIXIOMO5GPW,262174,259107835,Iraq_-_Kurdish__honour__crimes_-_CPIN_-_version_1_0.pdf,en,PDF
"uk,gov,service,publishing,assets)/government/uploads/system/uploads/attachment_data/file/1030393/afg_cpin_medical_and_healthcare.pdf",20230803235023,https://assets.publishing.service.gov.uk/government/uploads/system/uploads/attachment_data/file/1030393/AFG_CPIN_Medical_and_healthcare.pdf,assets.publishing.service.gov.uk,application/pdf,PTR4R7KI2R22DSNHJ2DU745RV647RNU2,319509,314512150,AFG CPIN Medical and healthcare,en,PDF
"uk,gov,service,publishing,assets)/government/uploads/system/uploads/attachment_data/file/636488/cpin_-_iran_-_forced_marriage_august_2017.pdf",20200206223251,https://assets.publishing.service.gov.uk/government/uploads/system/uploads/attachment_data/file/636488/CPIN_-_Iran_-_Forced_marriage_August_2017.pdf,assets.publishing.service.gov.uk,application/pdf,CTPXTYFXXA67R2Y4ML2VLA3DZMQIQJU6,274647,357326119,CPIN_-_Iran_-_Forced_marriage_August_2017.pdf,en,PDF
"uk,gov,service,publishing,assets)/government/uploads/system/uploads/attachment_data/file/641597/iraq_-_blood_feuds_-_cpin_-_version_1_0.pdf",20200207193910,https://assets.publishing.service.gov.uk/government/uploads/system/uploads/attachment_data/file/641597/Iraq_-_Blood_feuds_-_CPIN_-_version_1_0.pdf,assets.publishing.service.gov.uk,application/pdf,6ZIV5HXKM7V7RYGR3LK3BOEKAHN6LJ6D,207016,110961144,CIG Template,en,PDF
"com,amazonaws,s3,moj-tribunals-documents-prod)/decision/pdf_file/68848/rp000722017.pdf",20210601125453,https://moj-tribunals-documents-prod.s3.amazonaws.com/decision/pdf_file/68848/RP000722017.pdf,moj-tribunals-documents-prod.s3.amazonaws.com,application/pdf,6Y5AVPNH6V4Q6IVR2TLSYW32AVWSRQBN,229952,411219771,RP000722017.pdf,en,PDF
"uk,gov,service,publishing,assets)/government/uploads/system/uploads/attachment_data/file/866082/pakistan-women-cpin-v4.0_feb_2020_.pdf",20221117204344,https://assets.publishing.service.gov.uk/government/uploads/system/uploads/attachment_data/file/866082/Pakistan-Women-CPIN-v4.0_Feb_2020_.pdf,assets.publishing.service.gov.uk,application/pdf,HT7U7LA52RCTSYPATUIN2TDRPRBII5PD,3255689,405792733,CPIN Template 2018 - v3,en,PDF
"uk,gov,service,publishing,assets)/government/uploads/system/uploads/attachment_data/file/832016/jamaica-background-cpin-v3.0-september-2019.pdf",20230203133329,https://assets.publishing.service.gov.uk/government/uploads/system/uploads/attachment_data/file/832016/Jamaica-Background-CPIN-v3.0-September-2019.pdf,assets.publishing.service.gov.uk,application/pdf,XIXQQ4CGUQDY7WSYGLDLP6EJK47QRNEF,365626,475224084,Jamaica - Background - CPIN - v3.0 (Sept 2019),en,PDF
"com,amazonaws,s3,moj-tribunals-documents-prod)/decision/pdf_file/58177/pa138842016.pdf",20221201133345,https://moj-tribunals-documents-prod.s3.amazonaws.com/decision/pdf_file/58177/PA138842016.pdf,moj-tribunals-documents-prod.s3.amazonaws.com,application/pdf,SDWX5PKA5DQAJLPU5TLEZBXZAGKU4TN2,165211,424704184,PA138842016.pdf,en,PDF
"uk,gov,service,publishing,assets)/government/uploads/system/uploads/attachment_data/file/1016838/nga_cpin_internal_relocation.pdf",20230903003918,https://assets.publishing.service.gov.uk/government/uploads/system/uploads/attachment_data/file/1016838/NGA_CPIN_Internal_Relocation.pdf,assets.publishing.service.gov.uk,application/pdf,JXXXID6A4BVWBI7HPM24JHLHJKEM3F46,760651,66153502,NGA CPIN Internal Relocation,en,PDF
"com,amazonaws,s3,moj-tribunals-documents-prod)/decision/pdf_file/75095/hu032672020.pdf",20231201065340,https://moj-tribunals-documents-prod.s3.amazonaws.com/decision/pdf_file/75095/HU032672020.pdf,moj-tribunals-documents-prod.s3.amazonaws.com,application/pdf,OGKTBDFCRYTU2B4E6WQDQTQCUCMOV75X,114859,468019845,HU032672020.pdf,en,PDF
"uk,gov,service,publishing,assets)/government/uploads/system/uploads/attachment_data/file/865876/iraq_-_blood_feuds_-_cpin_v2.0_-_feb_2020_-_ext__004_.pdf",20230705234242,https://assets.publishing.service.gov.uk/government/uploads/system/uploads/attachment_data/file/865876/Iraq_-_Blood_Feuds_-_CPIN_v2.0_-_Feb_2020_-_EXT__004_.pdf,assets.publishing.service.gov.uk,application/pdf,IWH5BOSFSYLBTVJKRIX3UTWZFOKFXSUB,317729,249787241,CPIN Template 2018 - v3,en,PDF
"com,amazonaws,s3,moj-tribunals-documents-prod)/decision/pdf_file/56142/aa073932015.pdf",20230601111631,https://moj-tribunals-documents-prod.s3.amazonaws.com/decision/pdf_file/56142/AA073932015.pdf,moj-tribunals-documents-prod.s3.amazonaws.com,application/pdf,24VVFPZOWUYNGK6G6LSDKWDXFMNKDHQ3,107627,487875832,AA073932015.pdf,en,PDF
"com,amazonaws,s3,moj-tribunals-documents-prod)/decision/pdf_file/69162/pa061842017.pdf",20231201065832,https://moj-tribunals-documents-prod.s3.amazonaws.com/decision/pdf_file/69162/PA061842017.pdf,moj-tribunals-documents-prod.s3.amazonaws.com,application/pdf,XRJ5UFDJQ72I4VDHS3QWVN7KTZTAIKHO,96799,134760402,PA061842017.pdf,en,PDF
"uk,gov,service,publishing,assets)/government/uploads/system/uploads/attachment_data/file/594901/jamaica_-_sogi_-_cpin_-_v2_0.pdf",20220511095620,https://assets.publishing.service.gov.uk/government/uploads/system/uploads/attachment_data/file/594901/Jamaica_-_SOGI_-_CPIN_-_v2_0.pdf,assets.publishing.service.gov.uk,application/pdf,BXEWCGKJ4JJ4AWTK6LEFRVWSGRBVNTWN,314986,388285805,Jamaica - SOGI - CPIN - v2.0 (February 2017),en,PDF
"uk,gov,service,publishing,assets)/government/uploads/system/uploads/attachment_data/file/1105165/alb_cin_medical_and_healthcare.pdf",20221107234342,https://assets.publishing.service.gov.uk/government/uploads/system/uploads/attachment_data/file/1105165/ALB_CIN_Medical_and_healthcare.pdf,assets.publishing.service.gov.uk,application/pdf,HP72FSD26UMQAUH2CXYW5SZWUDUF24SM,434368,76210232,ALB CIN Medical and healthcare,en,PDF
"uk,gov,service,publishing,assets)/government/uploads/system/uploads/attachment_data/file/1185592/bgd_cpin_sexual_orientation_and_gender_identity_and_expression.pdf",20230920174022,https://assets.publishing.service.gov.uk/government/uploads/system/uploads/attachment_data/file/1185592/BGD_CPIN_Sexual_orientation_and_gender_identity_and_expression.pdf,assets.publishing.service.gov.uk,application/pdf,LP7XP3ND4BMFBIC5S4XEJI4YJTBCB4X3,494141,147687433,BGD CPIN Sexual orientation and gender identity and expression,en,PDF
"com,amazonaws,s3,moj-tribunals-documents-prod)/decision/pdf_file/76069/ia024292021.pdf",20231201064937,https://moj-tribunals-documents-prod.s3.amazonaws.com/decision/pdf_file/76069/IA024292021.pdf,moj-tribunals-documents-prod.s3.amazonaws.com,application/pdf,VNHJ6BZ2N6PDY3A33HD3IHM74RW6226K,115249,320196672,IA024292021.pdf,en,PDF
"uk,gov,service,publishing,assets)/government/uploads/system/uploads/attachment_data/file/1105220/alb_cpin_actors_of_protection.pdf",20221213233105,https://assets.publishing.service.gov.uk/government/uploads/system/uploads/attachment_data/file/1105220/ALB_CPIN_Actors_of_Protection.pdf,assets.publishing.service.gov.uk,application/pdf,KA57IDRNTKEHFPOJLTLCRKFG6TNSJIEY,360377,306184316,ALB CPIN Actors of Protection,en,PDF
"uk,gov,service,publishing,assets)/media/5a82b3c040f0b6230269c40e/an_inspection_of_the_production_and_use_of_country_of_origin_information.pdf",20250605141654,https://assets.publishing.service.gov.uk/media/5a82b3c040f0b6230269c40e/An_inspection_of_the_production_and_use_of_Country_of_Origin_Information.pdf,assets.publishing.service.gov.uk,application/pdf,4NXLUYKJXBHQEOULCID5JFCR36W6RYZO,609769,450798133,An_inspection_of_the_production_and_use_of_Country_of_Origin_Information.pdf,en,PDF
"uk,gov,service,publishing,assets)/media/5e70e6eb86650c727eb66509/bangladesh-documentation-cpin-v2.0_march_2020_.pdf",20240607162217,https://assets.publishing.service.gov.uk/media/5e70e6eb86650c727eb66509/Bangladesh-Documentation-CPIN-v2.0_March_2020_.pdf,assets.publishing.service.gov.uk,application/pdf,G4OTZT6XWVIOHOUWLY5DDZDPQLIXZ4JY,326686,366086027,CPIN Template 2018 - v3,en,PDF
"com,amazonaws,s3,moj-tribunals-documents-prod)/decision/pdf_file/68646/pa048422018.pdf",20200901134946,https://moj-tribunals-documents-prod.s3.amazonaws.com/decision/pdf_file/68646/PA048422018.pdf,moj-tribunals-documents-prod.s3.amazonaws.com,application/pdf,P2DGQ5ES6GS2UFNKTCIWCYT3HJKBSXDI,114274,378475053,PA048422018.pdf,en,PDF
"uk,gov,service,publishing,assets)/media/6560d6f51fd90c000dac3ba4/bgd+cpin+sexual+orientation+and+gender+identity+and+expression.pdf",20250618172234,https://assets.publishing.service.gov.uk/media/6560d6f51fd90c000dac3ba4/BGD+CPIN+Sexual+orientation+and+gender+identity+and+expression.pdf,assets.publishing.service.gov.uk,application/pdf,H5MSJ3NBABLZ7EUO3XI6U3NMAR6UXYX5,494490,283664596,BGD CPIN Sexual orientation and gender identity and expression,en,PDF
"com,amazonaws,s3,moj-tribunals-documents-prod)/decision/pdf_file/68868/pa084792019.pdf",20231201070049,https://moj-tribunals-documents-prod.s3.amazonaws.com/decision/pdf_file/68868/PA084792019.pdf,moj-tribunals-documents-prod.s3.amazonaws.com,application/pdf,XB4DJATMPLHGNVEQCKR3P5DVKPI6MMNB,112086,206322139,PA084792019.pdf,en,PDF
"com,amazonaws,s3,moj-tribunals-documents-prod)/decision/pdf_file/78624/ui-2022-004854.pdf",20231201064031,https://moj-tribunals-documents-prod.s3.amazonaws.com/decision/pdf_file/78624/UI-2022-004854.pdf,moj-tribunals-documents-prod.s3.amazonaws.com,application/pdf,EGUIPY4KLIAGEF6ZEQ7TTFIPF6H2KLCH,95192,498249369,UI-2022-004854.pdf,en,PDF
"com,amazonaws,s3,moj-tribunals-documents-prod)/decision/pdf_file/76021/pa069322019.pdf",20231201065251,https://moj-tribunals-documents-prod.s3.amazonaws.com/decision/pdf_file/76021/PA069322019.pdf,moj-tribunals-documents-prod.s3.amazonaws.com,application/pdf,D2HLFSROU2N4NRXMQZVFDRSDDBKXB64A,109660,438739162,PA069322019.pdf,en,PDF
"com,amazonaws,s3,moj-tribunals-documents-prod)/decision/pdf_file/69078/pa101632018.pdf",20231201070136,https://moj-tribunals-documents-prod.s3.amazonaws.com/decision/pdf_file/69078/PA101632018.pdf,moj-tribunals-documents-prod.s3.amazonaws.com,application/pdf,6LDUTFNX6VCOD6WVNLS4LW2ISPQRUXGH,189923,230621849,PA101632018.pdf,en,PDF
"com,amazonaws,s3,moj-tribunals-documents-prod)/decision/pdf_file/72439/hu168652019.pdf",20221201133335,https://moj-tribunals-documents-prod.s3.amazonaws.com/decision/pdf_file/72439/HU168652019.pdf,moj-tribunals-documents-prod.s3.amazonaws.com,application/pdf,DRH657KGCUDVNJUUUBTYXMKCY4HH34FA,95433,420057938,HU168652019.pdf,en,PDF
"com,amazonaws,s3,moj-tribunals-documents-prod)/decision/pdf_file/68623/hu239792018___others.pdf",20231201070807,https://moj-tribunals-documents-prod.s3.amazonaws.com/decision/pdf_file/68623/HU239792018___Others.pdf,moj-tribunals-documents-prod.s3.amazonaws.com,application/pdf,RZBOZQP3LP3PJ6XHBDYD27VDNVZ33WW4,114416,444340304,HU239792018___Others.pdf,en,PDF
"com,amazonaws,s3,moj-tribunals-documents-prod)/decision/pdf_file/63072/pa093532017.pdf",20231201072243,https://moj-tribunals-documents-prod.s3.amazonaws.com/decision/pdf_file/63072/PA093532017.pdf,moj-tribunals-documents-prod.s3.amazonaws.com,application/pdf,FZSXTVBQFTOUTQKDT6STVRX234GSTUD2,110524,410701525,PA093532017.pdf,en,PDF
"uk,gov,service,publishing,assets)/government/uploads/system/uploads/attachment_data/file/865876/iraq_-_blood_feuds_-_cpin_v2.0_-_feb_2020_-_ext__004_.pdf",20240709144818,https://assets.publishing.service.gov.uk/government/uploads/system/uploads/attachment_data/file/865876/Iraq_-_Blood_Feuds_-_CPIN_v2.0_-_Feb_2020_-_EXT__004_.pdf,assets.publishing.service.gov.uk,application/pdf,IWH5BOSFSYLBTVJKRIX3UTWZFOKFXSUB,317772,438062721,CPIN Template 2018 - v3,en,PDF
"uk,gov)/government/uploads/system/uploads/attachment_data/file/622258/pakistan_-_background_-_cpin_-_v2_0__june_2017_.pdf",20170627202048,https://www.gov.uk/government/uploads/system/uploads/attachment_data/file/622258/Pakistan_-_Background_-_CPIN_-_v2_0__June_2017_.pdf,www.gov.uk,application/pdf,MHWFG5UM7JSDLXVJCZFQ3OJSAVBBVY7R,483131,12224361,Pakistan - Background - CPIN - v2.0 (June 2017),en,PDF
"uk,gov,service,publishing,assets)/government/uploads/system/uploads/attachment_data/file/873319/cpin_-_afghanistan_-_women_fearing_gbv.pdf",20200322162640,https://assets.publishing.service.gov.uk/government/uploads/system/uploads/attachment_data/file/873319/CPIN_-_Afghanistan_-_Women_fearing_GBV.pdf,assets.publishing.service.gov.uk,application/pdf,WB4MIZT2TGEITLJJ4446L664EB55TNTY,602876,440672500,CPIN Template - January 2020,en,PDF
"uk,gov,service,publishing,assets)/government/uploads/system/uploads/attachment_data/file/890518/kenya_-_actors_of_protection_-_cpin-_v1.0_.pdf",20211217123916,https://assets.publishing.service.gov.uk/government/uploads/system/uploads/attachment_data/file/890518/Kenya_-_Actors_of_Protection_-_CPIN-_v1.0_.pdf,assets.publishing.service.gov.uk,application/pdf,AID5YM4E5V4T6LBE5FY3S43UYVSNWE75,460915,204845356,CPIN Template 2018 - v3,en,PDF
"uk,gov,service,publishing,assets)/media/6757033fa63e1781efb877c3/syr_cpin_humanitarian_situation_withdrawn_9_dec_2024_-_do_not_use.pdf",20250604182436,https://assets.publishing.service.gov.uk/media/6757033fa63e1781efb877c3/SYR_CPIN_Humanitarian_situation_WITHDRAWN_9_DEC_2024_-_DO_NOT_USE.pdf,assets.publishing.service.gov.uk,application/pdf,JKKHLNENZUUDF3I4A564LK6WHTYMNG7P,1055165,478034584,SYR CPIN Humanitarian situation,en,PDF
"uk,gov,service,publishing,assets)/government/uploads/system/uploads/attachment_data/file/758230/namibia_-_sogie_-_cpin_-_v1.0e__november_2018_.pdf",20211108063219,https://assets.publishing.service.gov.uk/government/uploads/system/uploads/attachment_data/file/758230/Namibia_-_SOGIE_-_CPIN_-_v1.0e__November_2018_.pdf,assets.publishing.service.gov.uk,application/pdf,QCWGCPYVBCFM7JBVMXF36UDFZLRS5XOF,786464,350738935,Namibia_-_SOGIE_-_CPIN_-_v1.0e__November_2018_.pdf,en,PDF
"uk,gov,service,publishing,assets)/government/uploads/system/uploads/attachment_data/file/976210/india_-_sogie_-_cpin_-_v4.0_-_april_2021_ext.pdf",20230807214932,https://assets.publishing.service.gov.uk/government/uploads/system/uploads/attachment_data/file/976210/India_-_SOGIE_-_CPIN_-_V4.0_-_April_2021_ext.pdf,assets.publishing.service.gov.uk,application/pdf,44MYI2TOO5DY2ZWZTELG44HH5IIX6HZO,540799,201923372,India: Sexual orientation and gender identity and expression,en,PDF
"uk,gov,service,publishing,assets)/government/uploads/system/uploads/attachment_data/file/1023850/alb_cpin_roma_and_balkan_egyptians.pdf",20211007203452,https://assets.publishing.service.gov.uk/government/uploads/system/uploads/attachment_data/file/1023850/ALB_CPIN_Roma_and_Balkan_Egyptians.pdf,assets.publishing.service.gov.uk,application/pdf,ZID6GWXXQ4NTDKJ3TX2MET7JBRXJT3SM,434655,204118014,ALB CPIN Roma and Balkan Egyptians,en,PDF
"com,amazonaws,s3,moj-tribunals-documents-prod)/decision/pdf_file/64499/pa036762018.pdf",20231201072458,https://moj-tribunals-documents-prod.s3.amazonaws.com/decision/pdf_file/64499/PA036762018.pdf,moj-tribunals-documents-prod.s3.amazonaws.com,application/pdf,2LO2J5HEVLUIZL3XGMMP36HFFDRDLV35,105176,482781490,PA036762018.pdf,en,PDF
"uk,gov,service,publishing,assets)/government/uploads/system/uploads/attachment_data/file/1015790/pak_cpin_ahmadis.pdf",20230801220354,https://assets.publishing.service.gov.uk/government/uploads/system/uploads/attachment_data/file/1015790/PAK_CPIN_Ahmadis.pdf,assets.publishing.service.gov.uk,application/pdf,7DN7DO5N2THNNB2253EB3X4IVB3SEVR7,918383,111095401,PAK CPIN Ahmadis,en,PDF
"uk,gov,service,publishing,assets)/government/uploads/system/uploads/attachment_data/file/788028/_e__sudan_-_returnees_-_cpin_-_v4.0__july_2018_.pdf",20220413060857,https://assets.publishing.service.gov.uk/government/uploads/system/uploads/attachment_data/file/788028/_E__Sudan_-_Returnees_-_CPIN_-_v4.0__July_2018_.pdf,assets.publishing.service.gov.uk,application/pdf,4URXWHBUUAHFJ6UXXLHXV4QSGNCFKQMD,672878,275248126,Sudan - Returnees - CPIN - v4.0 (July 2018),en,PDF
"uk,gov,service,publishing,assets)/government/uploads/system/uploads/attachment_data/file/963724/country_information_and_guidance_christian_and_christian_converts__pakistan__february_2021.pdf",20230705054951,https://assets.publishing.service.gov.uk/government/uploads/system/uploads/attachment_data/file/963724/Country_information_and_guidance_Christian_and_Christian_converts__Pakistan__February_2021.pdf,assets.publishing.service.gov.uk,application/pdf,KYAWHDK4CEMFSI65HLHQ3YH6IGB5SGSQ,804686,196491539,Pakistan-Christians-Converts.v4.0,en,PDF
"com,amazonaws,s3,moj-tribunals-documents-prod)/decision/pdf_file/75188/pa061332016.pdf",20231201065402,https://moj-tribunals-documents-prod.s3.amazonaws.com/decision/pdf_file/75188/PA061332016.pdf,moj-tribunals-documents-prod.s3.amazonaws.com,application/pdf,ZEER6AAWCVK2CBFCEJFA3ZPFZB7OW5PP,110695,481372232,PA061332016.pdf,en,PDF
"uk,gov,service,publishing,assets)/media/613f3e6fd3bf7f05b2ac200e/nga_cpin_internal_relocation.pdf",20240606232202,https://assets.publishing.service.gov.uk/media/613f3e6fd3bf7f05b2ac200e/NGA_CPIN_Internal_Relocation.pdf,assets.publishing.service.gov.uk,application/pdf,JXXXID6A4BVWBI7HPM24JHLHJKEM3F46,760676,147713052,NGA CPIN Internal Relocation,en,PDF
"uk,gov,service,publishing,assets)/media/613776b7d3bf7f05b694d5f6/pak_cpin_ahmadis.pdf",20240305090609,https://assets.publishing.service.gov.uk/media/613776b7d3bf7f05b694d5f6/PAK_CPIN_Ahmadis.pdf,assets.publishing.service.gov.uk,application/pdf,7DN7DO5N2THNNB2253EB3X4IVB3SEVR7,918401,105067285,PAK CPIN Ahmadis,en,PDF
"uk,gov,service,publishing,assets)/government/uploads/system/uploads/attachment_data/file/1039877/ind_cpin_religious_minorities_and_scheduled_castes_and_tribes.pdf",20230808232732,https://assets.publishing.service.gov.uk/government/uploads/system/uploads/attachment_data/file/1039877/IND_CPIN_Religious_minorities_and_Scheduled_Castes_and_Tribes.pdf,assets.publishing.service.gov.uk,application/pdf,NZBAGJJTJHEL2A7GSYKQTQ4ZUGTQQEPA,1087974,260854608,IND CPIN Religious minorities and Scheduled Castes and Tribes,en,PDF
"uk,gov,service,publishing,assets)/government/uploads/system/uploads/attachment_data/file/680007/eritrea_-_religious_groups_-_cpin_-_v3.0.pdf",20230309030633,https://assets.publishing.service.gov.uk/government/uploads/system/uploads/attachment_data/file/680007/Eritrea_-_Religious_Groups_-_CPIN_-_v3.0.pdf,assets.publishing.service.gov.uk,application/pdf,27GZ6FC6NHYGDJGS7IYWBN5XD5ZYZXIW,473426,254481617,Eritrea - Religious Groups - CPIN - v3.0 ,en,PDF
"uk,gov,service,publishing,assets)/government/uploads/system/uploads/attachment_data/file/847564/sudan_-_non-arab_darfuris_-_cpin_-_v4.0__november_2019_.pdf",20200510032603,https://assets.publishing.service.gov.uk/government/uploads/system/uploads/attachment_data/file/847564/Sudan_-_Non-Arab_Darfuris_-_CPIN_-_v4.0__November_2019_.pdf,assets.publishing.service.gov.uk,application/pdf,SWVPAPYZDA4AD5T4VAKWHJRNDTV33XRI,266926,299097378,Sudan - Non-Arab Darfuris - CPIN - v4.0 (November 2019),en,PDF
"uk,gov,service,publishing,assets)/media/61b323798fa8f503816404d7/ind_cpin_religious_minorities_and_scheduled_castes_and_tribes.pdf",20231111064330,https://assets.publishing.service.gov.uk/media/61b323798fa8f503816404d7/IND_CPIN_Religious_minorities_and_Scheduled_Castes_and_Tribes.pdf,assets.publishing.service.gov.uk,application/pdf,NZBAGJJTJHEL2A7GSYKQTQ4ZUGTQQEPA,1087956,253679774,IND CPIN Religious minorities and Scheduled Castes and Tribes,en,PDF
"uk,gov,service,publishing,assets)/government/uploads/system/uploads/attachment_data/file/788028/_e__sudan_-_returnees_-_cpin_-_v4.0__july_2018_.pdf",20230908154920,https://assets.publishing.service.gov.uk/government/uploads/system/uploads/attachment_data/file/788028/_E__Sudan_-_Returnees_-_CPIN_-_v4.0__July_2018_.pdf,assets.publishing.service.gov.uk,application/pdf,4URXWHBUUAHFJ6UXXLHXV4QSGNCFKQMD,672808,325633001,Sudan - Returnees - CPIN - v4.0 (July 2018),en,PDF
"uk,gov,service,publishing,assets)/government/uploads/system/uploads/attachment_data/file/1073991/irn_cpin_kurds_and_kurdish_political_groups.pdf",20230903010922,https://assets.publishing.service.gov.uk/government/uploads/system/uploads/attachment_data/file/1073991/IRN_CPIN_Kurds_and_Kurdish_political_groups.pdf,assets.publishing.service.gov.uk,application/pdf,XNRROONJ53ZAAVQDIO55ZURZ2YPI3K3Q,955028,181689130,IRN CPIN Kurds and Kurdish political groups,en,PDF
"uk,gov,service,publishing,assets)/government/uploads/system/uploads/attachment_data/file/994246/sri_lanka_-_tamil_separatism_-_cpin_-_june_2021_-_ext.pdf",20220427222114,https://assets.publishing.service.gov.uk/government/uploads/system/uploads/attachment_data/file/994246/Sri_Lanka_-_Tamil_separatism_-_CPIN_-_June_2021_-_ext.pdf,assets.publishing.service.gov.uk,application/pdf,47WJZ6B2DMZP4EOJTCV4NR6LS6RCPHIU,241528,247422163,Sri Lanka - Tamil separatism - CPIN - June 2021,en,PDF
"uk,gov,service,publishing,assets)/government/uploads/system/uploads/attachment_data/file/931834/_e__egypt_-_christians_-_cpin_v4.0.pdf",20220518032051,https://assets.publishing.service.gov.uk/government/uploads/system/uploads/attachment_data/file/931834/_E__Egypt_-_Christians_-_CPIN_v4.0.pdf,assets.publishing.service.gov.uk,application/pdf,L24L5UIPBE2ZYEYXHSKBYQROHG4L4IUX,518483,146280344,CPIN Template - January 2020,en,PDF
"uk,gov,service,publishing,assets)/government/uploads/system/uploads/attachment_data/file/601994/gambia_-_pol_opn_-_cpin_-_v2_0.pdf",20200306022654,https://assets.publishing.service.gov.uk/government/uploads/system/uploads/attachment_data/file/601994/Gambia_-_Pol_Opn_-_CPIN_-_v2_0.pdf,assets.publishing.service.gov.uk,application/pdf,ZI73MA54PLEEMSJPE6V762FEMPQRQPVR,476914,32988950,Gambia - Pol Opn - CPIN - v2.0 (March 2017),en,PDF
"uk,gov,service,publishing,assets)/government/uploads/system/uploads/attachment_data/file/677540/use_of_coi_home_office_response.pdf",20230911201422,https://assets.publishing.service.gov.uk/government/uploads/system/uploads/attachment_data/file/677540/Use_of_COI_Home_Office_Response.pdf,assets.publishing.service.gov.uk,application/pdf,7VGC5XIZJ2YOR53XWQ54IWJMUH62B4J4,439322,230553386,Use_of_COI_Home_Office_Response.pdf,en,PDF
"uk,gov,service,publishing,assets)/government/uploads/system/uploads/attachment_data/file/686072/china_-_background_-_cpin_-_v2.0_march_2018_.pdf",20220518033152,https://assets.publishing.service.gov.uk/government/uploads/system/uploads/attachment_data/file/686072/China_-_Background_-_CPIN_-_v2.0_March_2018_.pdf,assets.publishing.service.gov.uk,application/pdf,3E2R72HPXLCA4MQDDG5G4AY7SA6D6JOV,903008,331123623,China - Background - CPIN - v2.0 (February 2018),en,PDF
"uk,gov)/government/uploads/system/uploads/attachment_data/file/587350/jamaica_-_women_fearing_dv.pdf",20170201014159,https://www.gov.uk/government/uploads/system/uploads/attachment_data/file/587350/Jamaica_-_Women_fearing_DV.pdf,www.gov.uk,application/pdf,7VDOKZSYROMDMUU2JL3XKAQMYYY36LLC,317204,32220065,Jamaica - Women fearing DV - CPIN - v2.0 (January 2017),en,PDF
"com,amazonaws,s3,moj-tribunals-documents-prod)/decision/pdf_file/78434/ui-2022-006080.pdf",20231201064021,https://moj-tribunals-documents-prod.s3.amazonaws.com/decision/pdf_file/78434/UI-2022-006080.pdf,moj-tribunals-documents-prod.s3.amazonaws.com,application/pdf,C4HUSRHVQUFYW6T4RGEQWGCKCRHAM2H3,106983,492248628,UI-2022-006080.pdf,en,PDF
"uk,gov,service,publishing,assets)/government/uploads/system/uploads/attachment_data/file/677556/an_inspection_of_the_production_and_use_of_country_of_origin_information.pdf",20241223174553,https://assets.publishing.service.gov.uk/government/uploads/system/uploads/attachment_data/file/677556/An_inspection_of_the_production_and_use_of_Country_of_Origin_Information.pdf,assets.publishing.service.gov.uk,application/pdf,4NXLUYKJXBHQEOULCID5JFCR36W6RYZO,609769,488122247,An_inspection_of_the_production_and_use_of_Country_of_Origin_Information.pdf,en,PDF
"uk,gov,service,publishing,assets)/media/65cf4870e1bdec001a32223b/eth+cpin+background+information_+including+internal+relocation.pdf",20240522194618,https://assets.publishing.service.gov.uk/media/65cf4870e1bdec001a32223b/ETH+CPIN+Background+information_+including+internal+relocation.pdf,assets.publishing.service.gov.uk,application/pdf,VYX64LANPSB3JRPXT5SAUX72SQTN2HKZ,984083,215372555,"ETH CPIN Background information, including internal relocation",en,PDF
"com,amazonaws,s3,moj-tribunals-documents-prod)/decision/pdf_file/75922/pa022912020.pdf",20231201065211,https://moj-tribunals-documents-prod.s3.amazonaws.com/decision/pdf_file/75922/PA022912020.pdf,moj-tribunals-documents-prod.s3.amazonaws.com,application/pdf,XRMOMAHICSJ4HOB2CACUL7YS67I2VLMT,182746,414514867,PA022912020.pdf,en,PDF
"uk,gov,service,publishing,assets)/government/uploads/system/uploads/attachment_data/file/1062352/irn_cpin_social_media__surveillance_and_sur_place_activities.pdf",20220504185245,https://assets.publishing.service.gov.uk/government/uploads/system/uploads/attachment_data/file/1062352/IRN_CPIN_Social_media__surveillance_and_sur_place_activities.pdf,assets.publishing.service.gov.uk,application/pdf,LZGAVI3A23ZEIZRQSCTSIPFACHFDUBCT,503459,311809312,"IRN CPIN Social media, surveillance and sur place activities",en,PDF
"uk,gov,service,publishing,assets)/media/630e140f8fa8f5535f413ee1/rus_cpin_chechnya_critics_of_the_state.pdf",20250606055901,https://assets.publishing.service.gov.uk/media/630e140f8fa8f5535f413ee1/RUS_CPIN_Chechnya_Critics_of_the_state.pdf,assets.publishing.service.gov.uk,application/pdf,3LBH674QJCKQPZBYNQOC6JZRSWDW4TBR,251836,350569411,RUS CPIN Chechnya Critics of the state,en,PDF
"uk,gov,service,publishing,assets)/government/uploads/system/uploads/attachment_data/file/1026670/alb_cpin_roma_and_balkan_egyptians.pdf",20211023134554,https://assets.publishing.service.gov.uk/government/uploads/system/uploads/attachment_data/file/1026670/ALB_CPIN_Roma_and_Balkan_Egyptians.pdf,assets.publishing.service.gov.uk,application/pdf,2GMVQ6QB64YORXLHMOWPIZKSI5VRI4QF,450293,174321759,ALB CPIN Roma and Balkan Egyptians,en,PDF
"uk,gov,service,publishing,assets)/government/uploads/system/uploads/attachment_data/file/1072852/irn_cpin_women_fearing_honour-based_violence.pdf",20250604185659,https://assets.publishing.service.gov.uk/government/uploads/system/uploads/attachment_data/file/1072852/IRN_CPIN_Women_fearing_honour-based_violence.pdf,assets.publishing.service.gov.uk,application/pdf,DJFG43D3EJULFFPEV7GGIWWEDZHQ2ZUN,487773,312553142,Iran-Women fearing honour crimes-CPIN (draft)v2.0,en,PDF
"uk,gov,service,publishing,assets)/media/5c938f2ded915d07a3220e75/_e__sudan_-_returnees_-_cpin_-_v4.0__july_2018_.pdf",20240119224610,https://assets.publishing.service.gov.uk/media/5c938f2ded915d07a3220e75/_E__Sudan_-_Returnees_-_CPIN_-_v4.0__July_2018_.pdf,assets.publishing.service.gov.uk,application/pdf,4URXWHBUUAHFJ6UXXLHXV4QSGNCFKQMD,672832,131782646,Sudan - Returnees - CPIN - v4.0 (July 2018),en,PDF
"uk,gov,service,publishing,assets)/media/615c4d08e90e07197483b655/vnm_cpin_unaccompanied_children.pdf",20240607203900,https://assets.publishing.service.gov.uk/media/615c4d08e90e07197483b655/VNM_CPIN_Unaccompanied_children.pdf,assets.publishing.service.gov.uk,application/pdf,GOKFEJPKHEMZ6PSN3BZTDEQVWI6P5INX,549202,497953301,VNM CPIN Unaccompanied children,en,PDF
"uk,gov,service,publishing,assets)/government/uploads/system/uploads/attachment_data/file/864833/icibi_an_inspection_of_the_home_office_s_country_of_origin_information_on_ethiopia_and_jamaica.pdf",20230704193129,https://assets.publishing.service.gov.uk/government/uploads/system/uploads/attachment_data/file/864833/ICIBI_An_inspection_of_the_Home_Office_s_Country_of_Origin_Information_on_Ethiopia_and_Jamaica.pdf,assets.publishing.service.gov.uk,application/pdf,A55D626DMCFLWT7J4P7N2YJTO674MP2M,887495,450278023,ICIBI_An_inspection_of_the_Home_Office_s_Country_of_Origin_Information_on_Ethiopia_and_Jamaica.pdf,en,PDF
"uk,gov,service,publishing,assets)/government/uploads/system/uploads/attachment_data/file/1073991/irn_cpin_kurds_and_kurdish_political_groups.pdf",20250604185653,https://assets.publishing.service.gov.uk/government/uploads/system/uploads/attachment_data/file/1073991/IRN_CPIN_Kurds_and_Kurdish_political_groups.pdf,assets.publishing.service.gov.uk,application/pdf,XNRROONJ53ZAAVQDIO55ZURZ2YPI3K3Q,955074,302391302,IRN CPIN Kurds and Kurdish political groups,en,PDF
"uk,gov,service,publishing,assets)/media/67bde8765d6b30e896ac6d3b/lka+cpin+minority+religious+groups.pdf",20250606044411,https://assets.publishing.service.gov.uk/media/67bde8765d6b30e896ac6d3b/LKA+CPIN+Minority+religious+groups.pdf,assets.publishing.service.gov.uk,application/pdf,K5XDZSMAYYHOWDCIBOUH2H4IH3BQKE53,935087,112024577,LKA CPIN Minority religious groups,en,PDF
"uk,gov,service,publishing,assets)/media/657ad4c40467eb001355f7ef/ind+cpin+political+parties+and+affiliation.pdf",20250508035515,https://assets.publishing.service.gov.uk/media/657ad4c40467eb001355f7ef/IND+CPIN+Political+parties+and+affiliation.pdf,assets.publishing.service.gov.uk,application/pdf,ZWMSFIWZEAWNCZVLMDQWPKR3NGT6QKCA,766190,412739069,IND CPIN Political parties and affiliation,en,PDF
"uk,gov,service,publishing,assets)/government/uploads/system/uploads/attachment_data/file/1019089/eri_cpin_national_service_and_illegal_exit.pdf",20210921025112,https://assets.publishing.service.gov.uk/government/uploads/system/uploads/attachment_data/file/1019089/ERI_CPIN_National_service_and_illegal_exit.pdf,assets.publishing.service.gov.uk,application/pdf,RSEBWCSKCHOWXW3L46LQXZBTQCOU37YB,535785,441412816,ERI CPIN National service and Illegal exit,en,PDF
"uk,gov,service,publishing,assets)/media/5fabfb07e90e075c52f90223/brazil_-_actors_of_protection_-_cpin_-_v1.0__nov_2020__gov.uk.pdf",20250605225535,https://assets.publishing.service.gov.uk/media/5fabfb07e90e075c52f90223/Brazil_-_Actors_of_protection_-_CPIN_-_v1.0__Nov_2020__Gov.uk.pdf,assets.publishing.service.gov.uk,application/pdf,FYD3F7ET2R7EIDRFTNTQ6HBWT2L4FY2I,386202,188459591,CPIN Template - January 2020,en,PDF
"uk,gov,service,publishing,assets)/government/uploads/system/uploads/attachment_data/file/1003788/nga_-_islamist_extremist_groups_in_north_east_nigeria_-_cpin_-_v3.0__final_gov_uk_.pdf",20220517191145,https://assets.publishing.service.gov.uk/government/uploads/system/uploads/attachment_data/file/1003788/NGA_-_Islamist_extremist_groups_in_North_East_Nigeria_-_CPIN_-_v3.0__FINAL_Gov_UK_.pdf,assets.publishing.service.gov.uk,application/pdf,VXG24TUNEAD35ATDC2U65QMG36MQGG72,1185822,465018732,CPIN Template - January 2020,en,PDF
"uk,gov,service,publishing,assets)/government/uploads/system/uploads/attachment_data/file/1065896/bgd_cpin_religious_minorities_and_atheists.pdf",20230920174023,https://assets.publishing.service.gov.uk/government/uploads/system/uploads/attachment_data/file/1065896/BGD_CPIN_Religious_minorities_and_atheists.pdf,assets.publishing.service.gov.uk,application/pdf,LJFBXOCQB4JGYHAHZNN7KJ54QVZDK4RX,750887,149259593,BGD CPIN Religious minorities and atheists.docx,en,PDF
"uk,gov,service,publishing,assets)/media/6279420f8fa8f560aeccde55/irn_cpin_kurds_and_kurdish_political_groups.pdf",20250509021043,https://assets.publishing.service.gov.uk/media/6279420f8fa8f560aeccde55/IRN_CPIN_Kurds_and_Kurdish_political_groups.pdf,assets.publishing.service.gov.uk,application/pdf,XNRROONJ53ZAAVQDIO55ZURZ2YPI3K3Q,955043,314675876,IRN CPIN Kurds and Kurdish political groups,en,PDF
"uk,gov,service,publishing,assets)/media/5e46774aed915d4fff2dbeca/iraq_-_blood_feuds_-_cpin_v2.0_-_feb_2020_-_ext__004_.pdf",20240711205509,https://assets.publishing.service.gov.uk/media/5e46774aed915d4fff2dbeca/Iraq_-_Blood_Feuds_-_CPIN_v2.0_-_Feb_2020_-_EXT__004_.pdf,assets.publishing.service.gov.uk,application/pdf,IWH5BOSFSYLBTVJKRIX3UTWZFOKFXSUB,317757,100659351,CPIN Template 2018 - v3,en,PDF
"uk,ac,ids,opendocs)/opendocs/bitstream/handle/20.500.12413/15870/the%20multi-layered%20minority_v2.pdf?isallowed=y&sequence=1",20210602023053,https://opendocs.ids.ac.uk/opendocs/bitstream/handle/20.500.12413/15870/The%20Multi-Layered%20Minority_v2.pdf?sequence=1&isAllowed=y,opendocs.ids.ac.uk,application/pdf,4SMKMSHPJWBR3QPIGN73B2DLG2A7IKXD,1089131,117124439,The%20Multi-Layered%20Minority_v2.pdf?sequence=1&isAllowed=y,en,PDF
"uk,gov,service,publishing,assets)/government/uploads/system/uploads/attachment_data/file/686072/china_-_background_-_cpin_-_v2.0_march_2018_.pdf",20221117204250,https://assets.publishing.service.gov.uk/government/uploads/system/uploads/attachment_data/file/686072/China_-_Background_-_CPIN_-_v2.0_March_2018_.pdf,assets.publishing.service.gov.uk,application/pdf,3E2R72HPXLCA4MQDDG5G4AY7SA6D6JOV,903021,365478517,China - Background - CPIN - v2.0 (February 2018),en,PDF
"com,amazonaws,s3,moj-tribunals-documents-prod)/decision/pdf_file/79006/ui-2021-000307.pdf",20231201064013,https://moj-tribunals-documents-prod.s3.amazonaws.com/decision/pdf_file/79006/UI-2021-000307.pdf,moj-tribunals-documents-prod.s3.amazonaws.com,application/pdf,HQF3WTDCQRTFP2OVDV5XZ27A3YECHCUI,110091,488068680,UI-2021-000307.pdf,en,PDF
"com,amazonaws,s3,moj-tribunals-documents-prod)/decision/pdf_file/68564/pa136802018.pdf",20231201070530,https://moj-tribunals-documents-prod.s3.amazonaws.com/decision/pdf_file/68564/PA136802018.pdf,moj-tribunals-documents-prod.s3.amazonaws.com,application/pdf,ISEMNXKKIBBVPO2UBVMKNQFEREJOCAGG,119331,357399492,PA136802018.pdf,en,PDF
"uk,gov,service,publishing,assets)/media/612dfeb08fa8f53dd0d601b7/sri_lanka_-_religious_minorities_-_cpin_-_v2.0_-_august_2021.pdf",20240305084911,https://assets.publishing.service.gov.uk/media/612dfeb08fa8f53dd0d601b7/Sri_Lanka_-_Religious_Minorities_-_CPIN_-_v2.0_-_August_2021.pdf,assets.publishing.service.gov.uk,application/pdf,TPECESK3NMQI56H4CP3JGGX2YA7TPG4L,625813,410323100,CPIN - Sri Lanka - Religious minorities - August 2021,en,PDF
"uk,gov,service,publishing,assets)/media/662f995787bdbae4ab19ad58/ind_cpin_religious_minorities_and_scheduled_castes_and_tribes.pdf",20240502174814,https://assets.publishing.service.gov.uk/media/662f995787bdbae4ab19ad58/IND_CPIN_Religious_minorities_and_Scheduled_Castes_and_Tribes.pdf,assets.publishing.service.gov.uk,application/pdf,AMFU4YIKU6TYTKSBHKNHVWO5TGDEBAFE,925099,186358608,IND CPIN Religious minorities and Scheduled Castes and Tribes,en,PDF
"uk,gov,service,publishing,assets)/government/uploads/system/uploads/attachment_data/file/1014171/sri_lanka_-_religious_minorities_-_cpin_-_v2.0_-_august_2021.pdf",20230804004152,https://assets.publishing.service.gov.uk/government/uploads/system/uploads/attachment_data/file/1014171/Sri_Lanka_-_Religious_Minorities_-_CPIN_-_v2.0_-_August_2021.pdf,assets.publishing.service.gov.uk,application/pdf,TPECESK3NMQI56H4CP3JGGX2YA7TPG4L,625774,227639372,CPIN - Sri Lanka - Religious minorities - August 2021,en,PDF
"uk,gov,service,publishing,assets)/media/5e427abc40f0b6090fbcd9c9/icibi_an_inspection_of_the_home_office_s_country_of_origin_information_on_ethiopia_and_jamaica.pdf",20250604195735,https://assets.publishing.service.gov.uk/media/5e427abc40f0b6090fbcd9c9/ICIBI_An_inspection_of_the_Home_Office_s_Country_of_Origin_Information_on_Ethiopia_and_Jamaica.pdf,assets.publishing.service.gov.uk,application/pdf,A55D626DMCFLWT7J4P7N2YJTO674MP2M,887528,388458385,ICIBI_An_inspection_of_the_Home_Office_s_Country_of_Origin_Information_on_Ethiopia_and_Jamaica.pdf,en,PDF
"com,amazonaws,s3,moj-tribunals-documents-prod)/decision/pdf_file/69679/rp000142018.pdf",20231201070320,https://moj-tribunals-documents-prod.s3.amazonaws.com/decision/pdf_file/69679/RP000142018.pdf,moj-tribunals-documents-prod.s3.amazonaws.com,application/pdf,ZAML2WZVYGI6YPO4JEO2ZX7BUXM6OUGN,96403,285756563,RP000142018.pdf,en,PDF
"com,amazonaws,s3,moj-tribunals-documents-prod)/decision/pdf_file/58800/pa068932016.pdf",20221201143054,https://moj-tribunals-documents-prod.s3.amazonaws.com/decision/pdf_file/58800/PA068932016.pdf,moj-tribunals-documents-prod.s3.amazonaws.com,application/pdf,T2UVBKFW7R5W5G3WBAYQDNKYHC27IZYI,124429,124655690,PA068932016.pdf,en,PDF
"com,amazonaws,s3,moj-tribunals-documents-prod)/decision/pdf_file/74792/pa114062016.pdf",20231201065334,https://moj-tribunals-documents-prod.s3.amazonaws.com/decision/pdf_file/74792/PA114062016.pdf,moj-tribunals-documents-prod.s3.amazonaws.com,application/pdf,2MJ6LXADCSYWSHN5MRWBXVAVQQFJU6ZD,113133,464265879,PA114062016.pdf,en,PDF
"com,amazonaws,s3,moj-tribunals-documents-prod)/decision/pdf_file/56670/pa087332916.pdf",20221201133247,https://moj-tribunals-documents-prod.s3.amazonaws.com/decision/pdf_file/56670/PA087332916.pdf,moj-tribunals-documents-prod.s3.amazonaws.com,application/pdf,BF5ZRN4SUPD5JCFLK2YYKBE4O2X2OLD6,87017,396540194,PA087332916.pdf,en,PDF
"com,amazonaws,s3,moj-tribunals-documents-prod)/decision/pdf_file/58508/pa100582016.pdf",20221201141855,https://moj-tribunals-documents-prod.s3.amazonaws.com/decision/pdf_file/58508/PA100582016.pdf,moj-tribunals-documents-prod.s3.amazonaws.com,application/pdf,72CJAGMYO4IDEMKYUAISKJ4TQOMXSDWV,84405,269286947,PA100582016.pdf,en,PDF
"com,amazonaws,s3,moj-tribunals-documents-prod)/decision/pdf_file/78769/ui-2022-002536.pdf",20231201064028,https://moj-tribunals-documents-prod.s3.amazonaws.com/decision/pdf_file/78769/UI-2022-002536.pdf,moj-tribunals-documents-prod.s3.amazonaws.com,application/pdf,J3AJRHLZGLPW72VB5I2EKALHCG3VGCXI,107365,496428698,UI-2022-002536.pdf,en,PDF
"com,amazonaws,s3,moj-tribunals-documents-prod)/decision/pdf_file/56728/pa087332016.pdf",20221201133341,https://moj-tribunals-documents-prod.s3.amazonaws.com/decision/pdf_file/56728/PA087332016.pdf,moj-tribunals-documents-prod.s3.amazonaws.com,application/pdf,HNJKBQXHUMVD7ZJR3NXYS5TU2AYFY2KD,73198,422770785,PA087332016.pdf,en,PDF
"uk,gov)/government/uploads/system/uploads/attachment_data/file/580345/bangladesh_-_cpin_sexual_orientation_and_gender_identity_-_december_2016.pdf",20170426084419,https://www.gov.uk/government/uploads/system/uploads/attachment_data/file/580345/Bangladesh_-_CPIN_Sexual_orientation_and_gender_identity_-_December_2016.pdf,www.gov.uk,application/pdf,YV4IHUU4PLVHFGDYVVA46KW2ZKA7ZRSL,458954,43616350,CIG Template,en,PDF
"com,amazonaws,s3,moj-tribunals-documents-prod)/decision/pdf_file/78612/ui-2023-000905.pdf",20231201064024,https://moj-tribunals-documents-prod.s3.amazonaws.com/decision/pdf_file/78612/UI-2023-000905.pdf,moj-tribunals-documents-prod.s3.amazonaws.com,application/pdf,HH2RUGZ7QWCL7JPZCT3EPQEQFYORQQV6,93507,493967433,UI-2023-000905.pdf,en,PDF
"com,amazonaws,s3,moj-tribunals-documents-prod)/decision/pdf_file/68646/pa048422018.pdf",20231201070537,https://moj-tribunals-documents-prod.s3.amazonaws.com/decision/pdf_file/68646/PA048422018.pdf,moj-tribunals-documents-prod.s3.amazonaws.com,application/pdf,P2DGQ5ES6GS2UFNKTCIWCYT3HJKBSXDI,114266,361471678,PA048422018.pdf,en,PDF
"com,amazonaws,s3,moj-tribunals-documents-prod)/decision/pdf_file/62352/pa031042017.pdf",20231201072307,https://moj-tribunals-documents-prod.s3.amazonaws.com/decision/pdf_file/62352/PA031042017.pdf,moj-tribunals-documents-prod.s3.amazonaws.com,application/pdf,QHGFDMR3XPNM4BZD3S3TIUMIXMP5KT3B,113374,423581215,PA031042017.pdf,en,PDF
"uk,ac,ids,opendocs)/opendocs/bitstream/handle/20.500.12413/16599/947_somaliland_decision_making.pdf?sequence=1",20211202060420,https://opendocs.ids.ac.uk/opendocs/bitstream/handle/20.500.12413/16599/947_Somaliland_decision_making.pdf?sequence=1,opendocs.ids.ac.uk,application/pdf,YM6ZWFIZMREHFS3RIBCCLU6KIFJLNT7B,282897,359050126,947_Somaliland_decision_making.pdf?sequence=1,en,PDF
"com,amazonaws,s3,moj-tribunals-documents-prod)/decision/pdf_file/68469/pa029792019.pdf",20231201070537,https://moj-tribunals-documents-prod.s3.amazonaws.com/decision/pdf_file/68469/PA029792019.pdf,moj-tribunals-documents-prod.s3.amazonaws.com,application/pdf,F2DHDIPC74ZNDMAAXVPMHYGCZZKKWF2B,126840,361028788,PA029792019.pdf,en,PDF
"uk,gov,service,publishing,assets)/media/63c6b784d3bf7f580416e78e/vnm_cpin_fear_of_illegal_money_lenders.pdf",20240201190201,https://assets.publishing.service.gov.uk/media/63c6b784d3bf7f580416e78e/VNM_CPIN_Fear_of_illegal_money_lenders.pdf,assets.publishing.service.gov.uk,application/pdf,J3MWGUUQYWCGNGRT2OY5DCGOH36GQJLB,394212,347039991,VNM CPIN Fear of illegal money lenders,en,PDF
"uk,gov,service,publishing,assets)/government/uploads/system/uploads/attachment_data/file/944238/china_-_falun_gong_-_cpin_-_v2.0.pdf",20230704100217,https://assets.publishing.service.gov.uk/government/uploads/system/uploads/attachment_data/file/944238/China_-_Falun_Gong_-_CPIN_-_v2.0.pdf,assets.publishing.service.gov.uk,application/pdf,KNKT6KQLT3XYPAMB7MOAPVKV4ZZQFJ5V,395021,218632647,CPIN Template - January 2020,en,PDF
"uk,org,ofcom)/__data/assets/pdf_file/0026/170882/issue-388-broadcast-and-on-demand-bulletin.pdf",20191018175243,https://www.ofcom.org.uk/__data/assets/pdf_file/0026/170882/issue-388-broadcast-and-on-demand-bulletin.pdf,www.ofcom.org.uk,application/pdf,3GYQ7WYW47ELMX2M3MTCLXLIMQ4OQCL7,1072406,192224479,Issue 388 of Ofcom's Broadcast and On Demand Bulletin,en,PDF
"com,amazonaws,s3,moj-tribunals-documents-prod)/decision/pdf_file/56979/pa036282016.pdf",20221201141151,https://moj-tribunals-documents-prod.s3.amazonaws.com/decision/pdf_file/56979/PA036282016.pdf,moj-tribunals-documents-prod.s3.amazonaws.com,application/pdf,VVGTYGINQ2JXBQWFBDO3ZKXVL76OM3PG,90150,49171060,PA036282016.pdf,en,PDF
"uk,gov,service,publishing,assets)/government/uploads/system/uploads/attachment_data/file/864833/icibi_an_inspection_of_the_home_office_s_country_of_origin_information_on_ethiopia_and_jamaica.pdf",20241223175446,https://assets.publishing.service.gov.uk/government/uploads/system/uploads/attachment_data/file/864833/ICIBI_An_inspection_of_the_Home_Office_s_Country_of_Origin_Information_on_Ethiopia_and_Jamaica.pdf,assets.publishing.service.gov.uk,application/pdf,A55D626DMCFLWT7J4P7N2YJTO674MP2M,887538,284921679,ICIBI_An_inspection_of_the_Home_Office_s_Country_of_Origin_Information_on_Ethiopia_and_Jamaica.pdf,en,PDF
"uk,gov,service,publishing,assets)/government/uploads/system/uploads/attachment_data/file/698322/somalia-women-fearing-gender-based-violence-cpin.pdf",20220511095438,https://assets.publishing.service.gov.uk/government/uploads/system/uploads/attachment_data/file/698322/somalia-women-fearing-gender-based-violence-cpin.pdf,assets.publishing.service.gov.uk,application/pdf,7GKX5CPFC4MLOZVGQRH627VQCKONVCSU,770022,173323936,somalia-women-fearing-gender-based-violence-cpin.pdf,en,PDF
"uk,gov,service,publishing,assets)/government/uploads/system/uploads/attachment_data/file/975221/iraq_-_honour_crimes_-_cpin_-_v2.0_-_march_2021_-_ext.pdf",20230803180649,https://assets.publishing.service.gov.uk/government/uploads/system/uploads/attachment_data/file/975221/Iraq_-_Honour_Crimes_-_CPIN_-_v2.0_-_March_2021_-_EXT.pdf,assets.publishing.service.gov.uk,application/pdf,4ZT7CZLNRMCN6P7OCGOZQF436NCZRE6Q,1007706,7669391,Iraq - Honour Crimes - CPIN - v2.0 - March 2021,en,PDF
"uk,gov,service,publishing,assets)/media/5f9fd5668fa8f57f425e9fd9/_e__egypt_-_christians_-_cpin_v4.0.pdf",20231222182557,https://assets.publishing.service.gov.uk/media/5f9fd5668fa8f57f425e9fd9/_E__Egypt_-_Christians_-_CPIN_v4.0.pdf,assets.publishing.service.gov.uk,application/pdf,L24L5UIPBE2ZYEYXHSKBYQROHG4L4IUX,518410,172027471,CPIN Template - January 2020,en,PDF
"uk,gov,service,publishing,assets)/media/60646a59d3bf7f0c8c97da1a/iraq_-_honour_crimes_-_cpin_-_v2.0_-_march_2021_-_ext.pdf",20231027175658,https://assets.publishing.service.gov.uk/media/60646a59d3bf7f0c8c97da1a/Iraq_-_Honour_Crimes_-_CPIN_-_v2.0_-_March_2021_-_EXT.pdf,assets.publishing.service.gov.uk,application/pdf,4ZT7CZLNRMCN6P7OCGOZQF436NCZRE6Q,1007695,248546037,Iraq - Honour Crimes - CPIN - v2.0 - March 2021,en,PDF
"uk,gov,service,publishing,assets)/media/663b68f474933dccbbb6c3d5/pak+cpin+christians+and+christian+converts.pdf",20240520210931,https://assets.publishing.service.gov.uk/media/663b68f474933dccbbb6c3d5/PAK+CPIN+Christians+and+Christian+converts.pdf,assets.publishing.service.gov.uk,application/pdf,N4FOF64L3IQ6K7NW63M7FA73ZK5WVXMM,699709,101961410,PAK CPIN Christians and Christian converts,en,PDF
"com,amazonaws,s3,moj-tribunals-documents-prod)/decision/pdf_file/74790/pa091592019.pdf",20231201065405,https://moj-tribunals-documents-prod.s3.amazonaws.com/decision/pdf_file/74790/PA091592019.pdf,moj-tribunals-documents-prod.s3.amazonaws.com,application/pdf,LBGT2ZW5N4ABWO7D5LCWHSEKAWP2SYKL,160439,483165055,PA091592019.pdf,en,PDF
"uk,gov,service,publishing,assets)/media/65d89ef687005a001180f8f0/sdn+cpin+humanitarian+situation.pdf",20240304190533,https://assets.publishing.service.gov.uk/media/65d89ef687005a001180f8f0/SDN+CPIN+Humanitarian+Situation.pdf,assets.publishing.service.gov.uk,application/pdf,CGK7IA7TZWO7IYASTBFBZ3TU4QPLCMWP,1417952,92858889,SDN CPIN Humanitarian Situation,en,PDF
"uk,gov,service,publishing,assets)/media/66c83c38acf4f3fbe9f6d26b/nga+cpin+actors+of+protection.pdf",20250612201740,https://assets.publishing.service.gov.uk/media/66c83c38acf4f3fbe9f6d26b/NGA+CPIN+Actors+of+Protection.pdf,assets.publishing.service.gov.uk,application/pdf,EXYBLLHJ5TDXE3TZAOIZ2RP7OLIYJLIQ,560788,191643947,NGA CPIN Actors of Protection,en,PDF
"uk,gov,service,publishing,assets)/government/uploads/system/uploads/attachment_data/file/1062352/irn_cpin_social_media__surveillance_and_sur_place_activities.pdf",20230803042748,https://assets.publishing.service.gov.uk/government/uploads/system/uploads/attachment_data/file/1062352/IRN_CPIN_Social_media__surveillance_and_sur_place_activities.pdf,assets.publishing.service.gov.uk,application/pdf,LZGAVI3A23ZEIZRQSCTSIPFACHFDUBCT,503364,19334578,"IRN CPIN Social media, surveillance and sur place activities",en,PDF
"uk,gov,service,publishing,assets)/media/6239e399d3bf7f6ab571075a/irn_cpin_social_media__surveillance_and_sur_place_activities.pdf",20240308133831,https://assets.publishing.service.gov.uk/media/6239e399d3bf7f6ab571075a/IRN_CPIN_Social_media__surveillance_and_sur_place_activities.pdf,assets.publishing.service.gov.uk,application/pdf,LZGAVI3A23ZEIZRQSCTSIPFACHFDUBCT,503385,199002677,"IRN CPIN Social media, surveillance and sur place activities",en,PDF
"uk,gov,service,publishing,assets)/government/uploads/system/uploads/attachment_data/file/931834/_e__egypt_-_christians_-_cpin_v4.0.pdf",20230814174612,https://assets.publishing.service.gov.uk/government/uploads/system/uploads/attachment_data/file/931834/_E__Egypt_-_Christians_-_CPIN_v4.0.pdf,assets.publishing.service.gov.uk,application/pdf,L24L5UIPBE2ZYEYXHSKBYQROHG4L4IUX,518417,94367014,CPIN Template - January 2020,en,PDF
"uk,gov,service,publishing,assets)/media/5a82cdbd40f0b62305b946dd/use_of_coi_home_office_response.pdf",20250605033244,https://assets.publishing.service.gov.uk/media/5a82cdbd40f0b62305b946dd/Use_of_COI_Home_Office_Response.pdf,assets.publishing.service.gov.uk,application/pdf,7VGC5XIZJ2YOR53XWQ54IWJMUH62B4J4,439356,163526368,Use_of_COI_Home_Office_Response.pdf,en,PDF
"uk,gov,service,publishing,assets)/media/66a79ca849b9c0597fdb065e/vnm+cpin+unaccompanied+children.pdf",20250205154807,https://assets.publishing.service.gov.uk/media/66a79ca849b9c0597fdb065e/VNM+CPIN+Unaccompanied+children.pdf,assets.publishing.service.gov.uk,application/pdf,6FENMMMOBI7MTAM6B2ZAWG3WJS6CLM6B,535806,279431059,VNM CPIN Unaccompanied children,en,PDF
"uk,gov,service,publishing,assets)/media/6246e43ad3bf7f32abac14c9/bgd_cpin_religious_minorities_and_atheists.pdf",20250612201656,https://assets.publishing.service.gov.uk/media/6246e43ad3bf7f32abac14c9/BGD_CPIN_Religious_minorities_and_atheists.pdf,assets.publishing.service.gov.uk,application/pdf,LJFBXOCQB4JGYHAHZNN7KJ54QVZDK4RX,750906,129537961,BGD CPIN Religious minorities and atheists.docx,en,PDF
"uk,gov,service,publishing,assets)/media/60f57ab1e90e0764cfc22a46/nga_-_islamist_extremist_groups_in_north_east_nigeria_-_cpin_-_v3.0__final_gov_uk_.pdf",20231221231619,https://assets.publishing.service.gov.uk/media/60f57ab1e90e0764cfc22a46/NGA_-_Islamist_extremist_groups_in_North_East_Nigeria_-_CPIN_-_v3.0__FINAL_Gov_UK_.pdf,assets.publishing.service.gov.uk,application/pdf,VXG24TUNEAD35ATDC2U65QMG36MQGG72,1185719,44542027,CPIN Template - January 2020,en,PDF
"uk,gov,service,publishing,assets)/government/uploads/system/uploads/attachment_data/file/885874/algeria_sogie_cpin_v3.0_may_2020.pdf",20220329055018,https://assets.publishing.service.gov.uk/government/uploads/system/uploads/attachment_data/file/885874/Algeria_SOGIE_CPIN_v3.0_May_2020.pdf,assets.publishing.service.gov.uk,application/pdf,H34XJ6EJRYPUTTZCNXGENOWGZ5CZ2EDD,370082,117686704,CPIN Template - January 2020,en,PDF
"uk,gov,service,publishing,assets)/government/uploads/system/uploads/attachment_data/file/1069648/afg_cpin_humanitarian_situation.pdf",20230920205136,https://assets.publishing.service.gov.uk/government/uploads/system/uploads/attachment_data/file/1069648/AFG_CPIN_Humanitarian_situation.pdf,assets.publishing.service.gov.uk,application/pdf,PNMVSVDTPU2XVE7J3QTDLZMC5YBLWTZK,535691,23501377,AFG CPIN Humanitarian situation,en,PDF
"uk,gov,service,publishing,assets)/government/uploads/system/uploads/attachment_data/file/779968/iraq-ifa_docs_rtn-cpin-v9_feb_2019e.pdf",20200305020735,https://assets.publishing.service.gov.uk/government/uploads/system/uploads/attachment_data/file/779968/Iraq-IFA_docs_rtn-CPIN-v9_Feb_2019e.pdf,assets.publishing.service.gov.uk,application/pdf,D755GQUVGRJWH3AQITISWU6HIH2T2WPH,1180452,337681782,"Iraq - IFA, docs, rtn - CPIN - v9.0 (Feb 2019)",en,PDF
"uk,gov,service,publishing,assets)/government/uploads/system/uploads/attachment_data/file/1129612/vnm_cpin_fear_of_illegal_money_lenders.pdf",20231203133246,https://assets.publishing.service.gov.uk/government/uploads/system/uploads/attachment_data/file/1129612/VNM_CPIN_Fear_of_illegal_money_lenders.pdf,assets.publishing.service.gov.uk,application/pdf,J3MWGUUQYWCGNGRT2OY5DCGOH36GQJLB,394179,435967039,VNM CPIN Fear of illegal money lenders,en,PDF
"uk,gov,service,publishing,assets)/media/6580205295bf65000d719138/vnm+cpin+victims+of+trafficking.pdf",20250109221921,https://assets.publishing.service.gov.uk/media/6580205295bf65000d719138/VNM+CPIN+Victims+of+trafficking.pdf,assets.publishing.service.gov.uk,application/pdf,JIBHUATRPXIE7ABQVQNRIJ4D5C3ARU6D,482395,141367170,VNM CPIN Victims of trafficking,en,PDF
"com,amazonaws,s3,moj-tribunals-documents-prod)/decision/pdf_file/68926/pa111392018.pdf",20231201070926,https://moj-tribunals-documents-prod.s3.amazonaws.com/decision/pdf_file/68926/PA111392018.pdf,moj-tribunals-documents-prod.s3.amazonaws.com,application/pdf,JA7MVF6ORBN6N6MODKLCTCNVRPVAJYHK,164487,486860689,PA111392018.pdf,en,PDF
"uk,gov,service,publishing,assets)/media/6797b296419bdbc8514fdebf/ukr+cpin+humanitarian+situation.pdf",20250604142217,https://assets.publishing.service.gov.uk/media/6797b296419bdbc8514fdebf/UKR+CPIN+Humanitarian+situation.pdf,assets.publishing.service.gov.uk,application/pdf,HSBQDLPUGIDXYIGM57Y7YK7QQ7FLZSXQ,1645296,28972427,UKR CPIN Humanitarian situation,en,PDF
"uk,gov,service,publishing,assets)/media/67bf413a16dc9038974dbbc9/vnm+cpin+unaccompanied+children.pdf",20250605235126,https://assets.publishing.service.gov.uk/media/67bf413a16dc9038974dbbc9/VNM+CPIN+Unaccompanied+children.pdf,assets.publishing.service.gov.uk,application/pdf,Y54Z2BRRNUQ5SR3WXGYWJ3BUBWQGO25K,595300,200824360,VNM CPIN Unaccompanied children,en,PDF
"com,amazonaws,s3,moj-tribunals-documents-prod)/decision/pdf_file/74778/hu090622019.pdf",20231201065411,https://moj-tribunals-documents-prod.s3.amazonaws.com/decision/pdf_file/74778/HU090622019.pdf,moj-tribunals-documents-prod.s3.amazonaws.com,application/pdf,W7LN2KCVMJT5NWFR6RTJZDL7T35QSBTF,183319,486209674,HU090622019.pdf,en,PDF
"uk,gov,service,publishing,assets)/government/uploads/system/uploads/attachment_data/file/846810/iran_-_aofp_-_cpin_-_v1.0_-_nov_2019_-_ext.pdf",20220816191932,https://assets.publishing.service.gov.uk/government/uploads/system/uploads/attachment_data/file/846810/Iran_-_AofP_-_CPIN_-_v1.0_-_Nov_2019_-_EXT.pdf,assets.publishing.service.gov.uk,application/pdf,G75REP4BF4BPKV3MPL5LUEUUJCIMYGZN,4877162,5054423,Iran - AofP - CPIN - v1.0 (November 2019),en,PDF
"com,amazonaws,s3,moj-tribunals-documents-prod)/decision/pdf_file/65421/pa089432018.pdf",20231201071713,https://moj-tribunals-documents-prod.s3.amazonaws.com/decision/pdf_file/65421/PA089432018.pdf,moj-tribunals-documents-prod.s3.amazonaws.com,application/pdf,YKRSFWJ5D3IT5NXJFMBYWLEQITFSFTO6,108496,240686182,PA089432018.pdf,en,PDF
"uk,org,ofcom)/__data/assets/pdf_file/0026/170882/issue-388-broadcast-and-on-demand-bulletin.pdf",20210701102351,https://www.ofcom.org.uk/__data/assets/pdf_file/0026/170882/issue-388-broadcast-and-on-demand-bulletin.pdf,www.ofcom.org.uk,application/pdf,OTTWD25G23HXQY4AEDSEEMACB5LEYA2N,1114897,197006086,Issue 388 of Ofcom's Broadcast and On Demand Bulletin,en,PDF
"uk,gov,service,publishing,assets)/government/uploads/system/uploads/attachment_data/file/1003788/nga_-_islamist_extremist_groups_in_north_east_nigeria_-_cpin_-_v3.0__final_gov_uk_.pdf",20231102220422,https://assets.publishing.service.gov.uk/government/uploads/system/uploads/attachment_data/file/1003788/NGA_-_Islamist_extremist_groups_in_North_East_Nigeria_-_CPIN_-_v3.0__FINAL_Gov_UK_.pdf,assets.publishing.service.gov.uk,application/pdf,VXG24TUNEAD35ATDC2U65QMG36MQGG72,1185732,419633945,CPIN Template - January 2020,en,PDF
"uk,gov,service,publishing,assets)/government/uploads/system/uploads/attachment_data/file/887741/iraq_-_security_and_humanitarian_-_cpin_v6.0_-_may_2020_-_270520.pdf",20220507085030,https://assets.publishing.service.gov.uk/government/uploads/system/uploads/attachment_data/file/887741/Iraq_-_Security_and_Humanitarian_-_CPIN_v6.0_-_May_2020_-_270520.pdf,assets.publishing.service.gov.uk,application/pdf,B2VFT5EKZZWGWCUWEW7MRMRO7II57OYV,1676437,330745380,Iraq: security and humanitarian situation,en,PDF
"uk,gov,service,publishing,assets)/media/67322d390d90eee304badb7b/bgd+cin+documentation.pdf",20250612201523,https://assets.publishing.service.gov.uk/media/67322d390d90eee304badb7b/BGD+CIN+Documentation.pdf,assets.publishing.service.gov.uk,application/pdf,CVC3N46G6PNCLD65TDUJWPGF56YKQN65,366097,11086421,Country Information Note: Bangladesh: Documentation,en,PDF
"uk,gov,service,publishing,assets)/government/uploads/system/uploads/attachment_data/file/872473/turkey_-_peoples_democratic_party__hdp_-_external.pdf",20230909163619,https://assets.publishing.service.gov.uk/government/uploads/system/uploads/attachment_data/file/872473/Turkey_-_Peoples_Democratic_Party__HDP_-_EXTERNAL.pdf,assets.publishing.service.gov.uk,application/pdf,CIU3MYNTHMDU574FVY3SSNXSBPDA5ZKM,685962,217209736,CPIN Template 2018 - v3,en,PDF
"uk,gov,service,publishing,assets)/media/5e6b69fce90e070acd195b52/turkey_-_peoples_democratic_party__hdp_-_external.pdf",20231019172039,https://assets.publishing.service.gov.uk/media/5e6b69fce90e070acd195b52/Turkey_-_Peoples_Democratic_Party__HDP_-_EXTERNAL.pdf,assets.publishing.service.gov.uk,application/pdf,CIU3MYNTHMDU574FVY3SSNXSBPDA5ZKM,685945,204800235,CPIN Template 2018 - v3,en,PDF
"com,amazonaws,s3,moj-tribunals-documents-prod)/decision/pdf_file/78299/jr-2022-lon-001810.pdf",20231201064004,https://moj-tribunals-documents-prod.s3.amazonaws.com/decision/pdf_file/78299/JR-2022-LON-001810.pdf,moj-tribunals-documents-prod.s3.amazonaws.com,application/pdf,KZBSM2JK4C4PNEQPZCF7O2TS7SUMKVC7,142559,482514208,JR-2022-LON-001810.pdf,en,PDF
"com,amazonaws,s3,moj-tribunals-documents-prod)/decision/pdf_file/79103/ui-2021-0001445.pdf",20231201063933,https://moj-tribunals-documents-prod.s3.amazonaws.com/decision/pdf_file/79103/UI-2021-0001445.pdf,moj-tribunals-documents-prod.s3.amazonaws.com,application/pdf,PAB4QVGKKUIVVSGPR35U7GFOSDBICSIN,126967,465039494,UI-2021-0001445.pdf,en,PDF
"com,amazonaws,s3,moj-tribunals-documents-prod)/decision/pdf_file/75058/hu034812020.pdf",20231201065428,https://moj-tribunals-documents-prod.s3.amazonaws.com/decision/pdf_file/75058/HU034812020.pdf,moj-tribunals-documents-prod.s3.amazonaws.com,application/pdf,DSV7MHLG4ISEJIZWZ6K7LPKDJZB6YEH6,112026,496926797,HU034812020.pdf,en,PDF
"uk,gov)/government/uploads/system/uploads/attachment_data/file/576895/cpin-afghanistan-fear-of-ages-v2-december-2016.pdf",20161221094111,https://www.gov.uk/government/uploads/system/uploads/attachment_data/file/576895/CPIN-Afghanistan-Fear-of-AGEs-v2-December-2016.pdf,www.gov.uk,application/pdf,U57UL7VJEAVTAXJUD4ISKHZG5TXW2G25,414960,38185812,CPIN - Afghanistan - Fear of AGEs - v2.0 (December 2016),en,PDF
"uk,gov,service,publishing,assets)/government/uploads/system/uploads/attachment_data/file/1068774/nga_cpin_separatist_groups_in_the_south-east.pdf",20220517190946,https://assets.publishing.service.gov.uk/government/uploads/system/uploads/attachment_data/file/1068774/NGA_CPIN_Separatist_groups_in_the_South-East.pdf,assets.publishing.service.gov.uk,application/pdf,NFCKBZNXLPTEPZ7LLJF3KU7B4EETMFSH,742306,240495710,NGA CPIN Separatist groups in the South-East,en,PDF
"uk,gov,service,publishing,assets)/media/67c9ae8875d7505462fc6661/vnm+cpin+victims+of+trafficking.pdf",20250606001127,https://assets.publishing.service.gov.uk/media/67c9ae8875d7505462fc6661/VNM+CPIN+Victims+of+trafficking.pdf,assets.publishing.service.gov.uk,application/pdf,4AT7EMUDNVAABPRYWPFQGUGPTYU2KYOP,457541,460304643,VNM CPIN Victims of trafficking,en,PDF
"uk,gov,service,publishing,assets)/government/uploads/system/uploads/attachment_data/file/755345/china_-_family_planning_-_cpin_-_v3.0_.pdf",20220518032042,https://assets.publishing.service.gov.uk/government/uploads/system/uploads/attachment_data/file/755345/China_-_Family_Planning_-_CPIN_-_v3.0_.pdf,assets.publishing.service.gov.uk,application/pdf,4LXWZFTJNRGGTF2X4H623FRQYYXKW55Z,694625,143468830,China - Family Planning - CPIN - v3.0 (November 2018),en,PDF
"uk,gov,service,publishing,assets)/government/uploads/system/uploads/attachment_data/file/848422/liberia_-_sogi_-_cpin_-_v2_0.pdf",20220403233703,https://assets.publishing.service.gov.uk/government/uploads/system/uploads/attachment_data/file/848422/Liberia_-_SOGI_-_CPIN_-_v2_0.pdf,assets.publishing.service.gov.uk,application/pdf,ZYAE57IF44MF6OTBVE3Y2O54PVGJKJDM,1505700,495668355,Liberia - SOGI - CPIN - v2.0 (February 2017),en,PDF
"uk,gov,service,publishing,assets)/government/uploads/system/uploads/attachment_data/file/573349/cpin_-_china_-_falun_gong_-_v1_0.pdf",20201108221557,https://assets.publishing.service.gov.uk/government/uploads/system/uploads/attachment_data/file/573349/CPIN_-_China_-_Falun_Gong_-_v1_0.pdf,assets.publishing.service.gov.uk,application/pdf,AKD3NQ35EQZXSBWP7KDDQWLRKSYBXWBF,277718,213498892,CPIN - China - Falun Gong - v1.0 (November 2016),en,PDF
"com,amazonaws,s3,moj-tribunals-documents-prod)/decision/pdf_file/74481/pa065822019.pdf",20231201065237,https://moj-tribunals-documents-prod.s3.amazonaws.com/decision/pdf_file/74481/PA065822019.pdf,moj-tribunals-documents-prod.s3.amazonaws.com,application/pdf,2NZSF7Q2Y752JGHQ4BHSXE26T5XNSTNU,127801,430793271,PA065822019.pdf,en,PDF
"com,amazonaws,s3,moj-tribunals-documents-prod)/decision/pdf_file/74789/pa030602020.pdf",20231201065300,https://moj-tribunals-documents-prod.s3.amazonaws.com/decision/pdf_file/74789/PA030602020.pdf,moj-tribunals-documents-prod.s3.amazonaws.com,application/pdf,UIAJAFBF4AZE4LWB6BZNRPT3GOU3BK6N,130937,444391298,PA030602020.pdf,en,PDF
"com,amazonaws,s3,moj-tribunals-documents-prod)/decision/pdf_file/78495/ui-2023-000162___others.pdf",20231201063929,https://moj-tribunals-documents-prod.s3.amazonaws.com/decision/pdf_file/78495/UI-2023-000162___Others.pdf,moj-tribunals-documents-prod.s3.amazonaws.com,application/pdf,OJY2G6KZV3ZDPWBQIPESXM4UHRRUJY6Z,149996,461973122,UI-2023-000162___Others.pdf,en,PDF
"uk,gov,service,publishing,assets)/government/uploads/system/uploads/attachment_data/file/884618/sri_lanka_-_tamil_separatism_-cpin-_v6.0.pdf",20210303182859,https://assets.publishing.service.gov.uk/government/uploads/system/uploads/attachment_data/file/884618/Sri_Lanka_-_Tamil_Separatism_-CPIN-_v6.0.pdf,assets.publishing.service.gov.uk,application/pdf,FLMKV35HXWDQUAFCZQKWINXKXMUG3LE4,958398,50874149,Sri Lanka Tamil separatism CPIN v6.0,en,PDF
"uk,gov,service,publishing,assets)/government/uploads/system/uploads/attachment_data/file/1100458/pse_cpin_gaza_humanitarian_situation.pdf",20230910014718,https://assets.publishing.service.gov.uk/government/uploads/system/uploads/attachment_data/file/1100458/PSE_CPIN_Gaza_humanitarian_situation.pdf,assets.publishing.service.gov.uk,application/pdf,VYRA5BJZF6HB6UKWQADRYW6ZHTVVQ4MU,948895,167314111,PSE CPIN Gaza humanitarian situation,en,PDF
"uk,gov,service,publishing,assets)/government/uploads/system/uploads/attachment_data/file/891387/kenya_-_background_note_-_cpin_-_v2.0__gov.uk_.pdf",20230920200419,https://assets.publishing.service.gov.uk/government/uploads/system/uploads/attachment_data/file/891387/Kenya_-_Background_Note_-_CPIN_-_v2.0__GOV.UK_.pdf,assets.publishing.service.gov.uk,application/pdf,6AC5MYCRWQY57O2XBNQVRBPJ6F3QBR3T,1069614,246363637,CPIN Template 2018 - v3,en,PDF
"uk,gov,service,publishing,assets)/government/uploads/system/uploads/attachment_data/file/1168368/ind_cpin_actors_of_protection.pdf",20230821143342,https://assets.publishing.service.gov.uk/government/uploads/system/uploads/attachment_data/file/1168368/IND_CPIN_Actors_of_protection.pdf,assets.publishing.service.gov.uk,application/pdf,6BK6EZWEACO23BD5VMKI7OCHRGTEDUBN,407659,17919455,IND CPIN Actors of protection,en,PDF
"uk,gov,service,publishing,assets)/government/uploads/system/uploads/attachment_data/file/867861/el_salvador_-_cpin_-_gangs_-_v1.ext.cleared.pdf",20210101002439,https://assets.publishing.service.gov.uk/government/uploads/system/uploads/attachment_data/file/867861/El_Salvador_-_CPIN_-_Gangs_-_v1.EXT.cleared.pdf,assets.publishing.service.gov.uk,application/pdf,WGEYDYIOOCHKKRHCN55IRSBCSDIY3EQ3,800861,305344442,CPIN Template - November 2019,en,PDF
"uk,gov,service,publishing,assets)/government/uploads/system/uploads/attachment_data/file/1125093/alb_-_cpin_-_sexual_orientation_and_gender_identity_and_expression.pdf",20221222233910,https://assets.publishing.service.gov.uk/government/uploads/system/uploads/attachment_data/file/1125093/ALB_-_CPIN_-_Sexual_orientation_and_gender_identity_and_expression.pdf,assets.publishing.service.gov.uk,application/pdf,PP44B4ASUNCVDZZZH2VRSXJMOTKLMGRX,518543,25650280,ALB - CPIN - Sexual orientation and gender identity and expression,en,PDF
"uk,gov,service,publishing,assets)/government/uploads/system/uploads/attachment_data/file/573345/cpin_-_afghanistan_-_women_fearing_gbv.pdf",20200207044314,https://assets.publishing.service.gov.uk/government/uploads/system/uploads/attachment_data/file/573345/CPIN_-_Afghanistan_-_Women_fearing_GBV.pdf,assets.publishing.service.gov.uk,application/pdf,G66KBDRFNWKE772OLRXNCFLR4CSJS7D3,451378,285861368,CPIN - Afghanistan - Women fearing GBV - v2.0 (November 2016),en,PDF
"com,amazonaws,s3,moj-tribunals-documents-prod)/decision/pdf_file/67968/jr064102018.pdf",20231201070530,https://moj-tribunals-documents-prod.s3.amazonaws.com/decision/pdf_file/67968/JR064102018.pdf,moj-tribunals-documents-prod.s3.amazonaws.com,application/pdf,ROZM4TWT7H3LRW4HNK5PQNKB4V4WDM7X,164524,357699676,JR064102018.pdf,en,PDF
"com,amazonaws,s3,moj-tribunals-documents-prod)/decision/pdf_file/58234/da008642010.pdf",20221201141731,https://moj-tribunals-documents-prod.s3.amazonaws.com/decision/pdf_file/58234/DA008642010.pdf,moj-tribunals-documents-prod.s3.amazonaws.com,application/pdf,GHAAD6OUGJZT6PM2YYUVGUJEJTIU2GDD,136794,225348455,DA008642010.pdf,en,PDF
"uk,gov,service,publishing,assets)/media/63d26d5fe90e071ba62d8519/alb_cpin_blood_feuds.pdf",20240106235408,https://assets.publishing.service.gov.uk/media/63d26d5fe90e071ba62d8519/ALB_CPIN_Blood_feuds.pdf,assets.publishing.service.gov.uk,application/pdf,IBA2TIDN5V6B2TEDR7Y3QVC425TIJPC5,584649,417868002,ALB CPIN Blood feuds,en,PDF
"uk,gov,service,publishing,assets)/government/uploads/system/uploads/attachment_data/file/1131963/alb_cpin_blood_feuds.pdf",20231102215844,https://assets.publishing.service.gov.uk/government/uploads/system/uploads/attachment_data/file/1131963/ALB_CPIN_Blood_feuds.pdf,assets.publishing.service.gov.uk,application/pdf,IBA2TIDN5V6B2TEDR7Y3QVC425TIJPC5,584662,118031910,ALB CPIN Blood feuds,en,PDF
"uk,gov,service,publishing,assets)/media/5acb8e69ed915d5a90e44cd7/somalia-women-fearing-gender-based-violence-cpin.pdf",20231204083400,https://assets.publishing.service.gov.uk/media/5acb8e69ed915d5a90e44cd7/somalia-women-fearing-gender-based-violence-cpin.pdf,assets.publishing.service.gov.uk,application/pdf,7GKX5CPFC4MLOZVGQRH627VQCKONVCSU,769890,1305144,somalia-women-fearing-gender-based-violence-cpin.pdf,en,PDF
"uk,gov,service,publishing,assets)/government/uploads/system/uploads/attachment_data/file/941548/pakistan-political_parties_and_affiliation-cpin.v1.0_december_2020_.pdf",20230506152222,https://assets.publishing.service.gov.uk/government/uploads/system/uploads/attachment_data/file/941548/Pakistan-Political_parties_and_affiliation-CPIN.v1.0_December_2020_.pdf,assets.publishing.service.gov.uk,application/pdf,YQ7O2UAQEYFV4LVXPKXDQS3ZD6WAUH6A,599097,310238645,Pakistan-Political parties and affiliation-CPIN.v1.0(December 2020),en,PDF
"uk,gov,service,publishing,assets)/government/uploads/system/uploads/attachment_data/file/698322/somalia-women-fearing-gender-based-violence-cpin.pdf",20230804002923,https://assets.publishing.service.gov.uk/government/uploads/system/uploads/attachment_data/file/698322/somalia-women-fearing-gender-based-violence-cpin.pdf,assets.publishing.service.gov.uk,application/pdf,7GKX5CPFC4MLOZVGQRH627VQCKONVCSU,769912,351432244,somalia-women-fearing-gender-based-violence-cpin.pdf,en,PDF
"uk,gov,service,publishing,assets)/media/5ec29af1d3bf7f5d364bfc38/algeria_sogie_cpin_v3.0_may_2020.pdf",20240307210946,https://assets.publishing.service.gov.uk/media/5ec29af1d3bf7f5d364bfc38/Algeria_SOGIE_CPIN_v3.0_May_2020.pdf,assets.publishing.service.gov.uk,application/pdf,H34XJ6EJRYPUTTZCNXGENOWGZ5CZ2EDD,369989,440136158,CPIN Template - January 2020,en,PDF
"uk,gov,service,publishing,assets)/government/uploads/system/uploads/attachment_data/file/885874/algeria_sogie_cpin_v3.0_may_2020.pdf",20230909213132,https://assets.publishing.service.gov.uk/government/uploads/system/uploads/attachment_data/file/885874/Algeria_SOGIE_CPIN_v3.0_May_2020.pdf,assets.publishing.service.gov.uk,application/pdf,H34XJ6EJRYPUTTZCNXGENOWGZ5CZ2EDD,369954,321495615,CPIN Template - January 2020,en,PDF
"uk,co,healthwatch,nds)/sites/default/files/reports_library/20220217_oxfordshire_albanian-and-arabic-speaking-communities-views-on-speaking-up-about-nhs-services.pdf",20231101112103,https://nds.healthwatch.co.uk/sites/default/files/reports_library/20220217_Oxfordshire_Albanian-and-Arabic-speaking-communities-views-on-speaking-up-about-NHS-services.pdf,nds.healthwatch.co.uk,application/pdf,KJ56VSDAOBZPAWIHYYTHMBJF5RDSKNNR,617096,197555213,HW Guidance,en,PDF
"uk,gov,service,publishing,assets)/media/655362fc4ac0e1001277d806/cod+cpin+opposition+to+the+government.pdf",20240309030255,https://assets.publishing.service.gov.uk/media/655362fc4ac0e1001277d806/COD+CPIN+Opposition+to+the+Government.pdf,assets.publishing.service.gov.uk,application/pdf,TSJ3XT4KLVO4O3VFLD6RUGGGGPX7DY26,848168,373918961,COD CPIN Opposition to the Government,en,PDF
"uk,gov,service,publishing,assets)/government/uploads/system/uploads/attachment_data/file/1035840/nam_cpin_sexual_orientation_gender_identity_and_expression__002_.pdf",20220408055233,https://assets.publishing.service.gov.uk/government/uploads/system/uploads/attachment_data/file/1035840/NAM_CPIN_Sexual_orientation_gender_identity_and_expression__002_.pdf,assets.publishing.service.gov.uk,application/pdf,BVWH2JWEDJLS5OBF4CGP44BNM7OFHENU,723419,480169327,NAM CPIN Sexual orientation gender identity and expression.docx,en,PDF
"uk,gov,service,publishing,assets)/government/uploads/system/uploads/attachment_data/file/913735/algeria-actors_of_protection-cpin-v-0.1.pdf",20220407073438,https://assets.publishing.service.gov.uk/government/uploads/system/uploads/attachment_data/file/913735/Algeria-Actors_of_Protection-CPIN-v-0.1.pdf,assets.publishing.service.gov.uk,application/pdf,SEPC2DDKO7N32YC72SMFS5BRFHDRX7IU,425451,154005308,CPIN Template - January 2020,en,PDF
"uk,gov,service,publishing,assets)/government/uploads/system/uploads/attachment_data/file/777959/libya_-_ethnic_groups_-_cpin_-_v3.0__february_2019_.pdf",20221118081611,https://assets.publishing.service.gov.uk/government/uploads/system/uploads/attachment_data/file/777959/Libya_-_Ethnic_Groups_-_CPIN_-_v3.0__February_2019_.pdf,assets.publishing.service.gov.uk,application/pdf,WNQYLD6INHBU6VZ3JPGB5QPZZB4RGK2F,719095,68518658,Libya - Ethnic Groups - CPIN - v3.0 (February 2019),en,PDF
"uk,gov,service,publishing,assets)/media/656753ab75007400131dee31/bgd+cpin+internal+relocation.pdf",20250618172219,https://assets.publishing.service.gov.uk/media/656753ab75007400131dee31/BGD+CPIN+Internal+relocation.pdf,assets.publishing.service.gov.uk,application/pdf,H656ICOKS23YLU5SC7KDCQKK4QZGYMYO,283900,247591209,BGD CPIN Internal relocation,en,PDF
"uk,gov)/government/uploads/system/uploads/attachment_data/file/565823/cpin-iran-journalists-and-internet-based-media-v2-october-2016.pdf",20170429004804,https://www.gov.uk/government/uploads/system/uploads/attachment_data/file/565823/CPIN-Iran-Journalists-and-internet-based-media-v2-October-2016.pdf,www.gov.uk,application/pdf,5A6LN5I33MAOGCGF23JSN4QHQWS3MP7B,360750,71845843,CPIN - Iran - Journalists and Bloggers - v2.0 (October 2016),en,PDF
"uk,gov,service,publishing,assets)/government/uploads/system/uploads/attachment_data/file/671147/malawi_country_policy_and_information_note_background_document_-_v1.0.pdf",20200208135847,https://assets.publishing.service.gov.uk/government/uploads/system/uploads/attachment_data/file/671147/Malawi_country_policy_and_information_note_background_document_-_v1.0.pdf,assets.publishing.service.gov.uk,application/pdf,6MRZ5KLBIRP75QK4MAKXSEUOCR3CGM3V,737943,146101,Malawi - Background - CPIN - v1.0 (December 2017),en,PDF
"uk,gov,service,publishing,assets)/media/5ee0edf886650c42194d162c/kenya_-_background_note_-_cpin_-_v2.0__gov.uk_.pdf",20240703235111,https://assets.publishing.service.gov.uk/media/5ee0edf886650c42194d162c/Kenya_-_Background_Note_-_CPIN_-_v2.0__GOV.UK_.pdf,assets.publishing.service.gov.uk,application/pdf,6AC5MYCRWQY57O2XBNQVRBPJ6F3QBR3T,1069639,1464299,CPIN Template 2018 - v3,en,PDF
"com,amazonaws,s3,moj-tribunals-documents-prod)/decision/pdf_file/76260/pa074082019.pdf",20221201133243,https://moj-tribunals-documents-prod.s3.amazonaws.com/decision/pdf_file/76260/PA074082019.pdf,moj-tribunals-documents-prod.s3.amazonaws.com,application/pdf,F3CYYBRYNUNOMRECCZQBTGFEOHN566MM,140055,394499008,PA074082019.pdf,en,PDF
"uk,gov,service,publishing,assets)/government/uploads/system/uploads/attachment_data/file/784644/opts__sec_hmt_in_gaza_cpin_v2.0_march_2019.pdf",20200322192224,https://assets.publishing.service.gov.uk/government/uploads/system/uploads/attachment_data/file/784644/OPTs__Sec_Hmt_in_Gaza_CPIN_v2.0_March_2019.pdf,assets.publishing.service.gov.uk,application/pdf,QCCT2MGJJ43HUV4TC3LAFS7MOIA555OG,1083827,290045041,OPTs - Sec-Hmt in Gaza - CPIN - v1.0 (Feb 2019),en,PDF
"uk,gov,service,publishing,assets)/government/uploads/system/uploads/attachment_data/file/1035840/nam_cpin_sexual_orientation_gender_identity_and_expression__002_.pdf",20230804001937,https://assets.publishing.service.gov.uk/government/uploads/system/uploads/attachment_data/file/1035840/NAM_CPIN_Sexual_orientation_gender_identity_and_expression__002_.pdf,assets.publishing.service.gov.uk,application/pdf,BVWH2JWEDJLS5OBF4CGP44BNM7OFHENU,723306,150250020,NAM CPIN Sexual orientation gender identity and expression.docx,en,PDF
"uk,gov,service,publishing,assets)/government/uploads/system/uploads/attachment_data/file/921445/bangladesh-political_parties_and_affiliation-cpin.pdf",20230920174451,https://assets.publishing.service.gov.uk/government/uploads/system/uploads/attachment_data/file/921445/Bangladesh-Political_parties_and_affiliation-CPIN.pdf,assets.publishing.service.gov.uk,application/pdf,PEY5JVWS5RU7UY6KANBUHTWLI2NNTFX4,695950,316116407,Bangladesh-Political parties and affiliation-CPIN,en,PDF
"com,amazonaws,s3,moj-tribunals-documents-prod)/decision/pdf_file/55798/pa088752016.pdf",20230601121210,https://moj-tribunals-documents-prod.s3.amazonaws.com/decision/pdf_file/55798/PA088752016.pdf,moj-tribunals-documents-prod.s3.amazonaws.com,application/pdf,ZZJRTFD5GQMPQP4HC3FVE3GSUM6ZXQNQ,102214,134596278,PA088752016.pdf,en,PDF
"com,amazonaws,s3,moj-tribunals-documents-prod)/decision/pdf_file/68975/pa051432017.pdf",20231201070105,https://moj-tribunals-documents-prod.s3.amazonaws.com/decision/pdf_file/68975/PA051432017.pdf,moj-tribunals-documents-prod.s3.amazonaws.com,application/pdf,TIBGBVGOEAVNAOG7DP3A5S2GPOQMO3SI,137652,214181769,PA051432017.pdf,en,PDF
"uk,gov,service,publishing,assets)/media/67c97f7575d7505462fc662e/vnm+cpin+fear+of+illegal+money+lenders.pdf",20250606000045,https://assets.publishing.service.gov.uk/media/67c97f7575d7505462fc662e/VNM+CPIN+Fear+of+illegal+money+lenders.pdf,assets.publishing.service.gov.uk,application/pdf,DSBES7SGPDTOD4QXDJS62BBSXN6VJ6ZC,440035,110625875,VNM CPIN Fear of illegal money lenders,en,PDF
"uk,gov,service,publishing,assets)/government/uploads/system/uploads/attachment_data/file/931826/appeal-pf1-and-bundles-guidance-v4.0ext.pdf",20230704225504,https://assets.publishing.service.gov.uk/government/uploads/system/uploads/attachment_data/file/931826/appeal-pf1-and-bundles-guidance-v4.0ext.pdf,assets.publishing.service.gov.uk,application/pdf,TLNX3L2Z3LCUQNTCCV2X4HATHIQFCTCE,236089,232100849,Bundles: preparing appeal PF1,en,PDF
"uk,gov,service,publishing,assets)/government/uploads/system/uploads/attachment_data/file/1155862/pak_cpin_political_parties_and_affiliation.pdf",20230906183604,https://assets.publishing.service.gov.uk/government/uploads/system/uploads/attachment_data/file/1155862/PAK_CPIN_Political_parties_and_affiliation.pdf,assets.publishing.service.gov.uk,application/pdf,PHHTL5Q5IXTWFPRNTLXZMFVKLIW5BMYS,636071,209456898,PAK CPIN Political parties and affiliation,en,PDF
"uk,gov,service,publishing,assets)/government/uploads/system/uploads/attachment_data/file/880555/bgd-sogie-cpin-v4.0__april_2020_.pdf",20230705214001,https://assets.publishing.service.gov.uk/government/uploads/system/uploads/attachment_data/file/880555/BGD-SOGIE-CPIN-v4.0__April_2020_.pdf,assets.publishing.service.gov.uk,application/pdf,XX4EI3HNYXB4WZ2QTGX353HKLHNMPBVL,648126,118782999,CPIN Template - January 2020,en,PDF
"uk,gov,service,publishing,assets)/media/62558e8cd3bf7f6010c0ed73/nga_cpin_separatist_groups_in_the_south-east.pdf",20240206165637,https://assets.publishing.service.gov.uk/media/62558e8cd3bf7f6010c0ed73/NGA_CPIN_Separatist_groups_in_the_South-East.pdf,assets.publishing.service.gov.uk,application/pdf,NFCKBZNXLPTEPZ7LLJF3KU7B4EETMFSH,742231,219468826,NGA CPIN Separatist groups in the South-East,en,PDF
"uk,gov,service,publishing,assets)/government/uploads/system/uploads/attachment_data/file/896259/bgd-women-gbv-cpin-v3.0__june_2020_.pdf",20230920173933,https://assets.publishing.service.gov.uk/government/uploads/system/uploads/attachment_data/file/896259/BGD-Women-GBV-CPIN-v3.0__June_2020_.pdf,assets.publishing.service.gov.uk,application/pdf,ZUG4RQXIRHJJHHRXEHWC5UPLMOBBURXP,526986,82200593,CPIN Template - January 2020,en,PDF
"uk,gov,service,publishing,assets)/government/uploads/system/uploads/attachment_data/file/1084534/irn_cpin_sexual_orientation_and_gender_identity_or_expression.pdf",20230705035015,https://assets.publishing.service.gov.uk/government/uploads/system/uploads/attachment_data/file/1084534/IRN_CPIN_Sexual_orientation_and_gender_identity_or_expression.pdf,assets.publishing.service.gov.uk,application/pdf,JLUNHJPDRZGC2CVK4FQZBSAUA4JYTT3R,495935,370284523,IRN CPIN Sexual orientation and gender identity or expression,en,PDF
"uk,gov,service,publishing,assets)/government/uploads/system/uploads/attachment_data/file/1088205/chn_cpin_hong_kong_national_security_law.pdf",20230704100216,https://assets.publishing.service.gov.uk/government/uploads/system/uploads/attachment_data/file/1088205/CHN_CPIN_Hong_Kong_National_Security_Law.pdf,assets.publishing.service.gov.uk,application/pdf,YI2J2DBKO4BC5TWXXJAEGWHBX7TD22HH,569328,217962324,CHN CPIN Hong Kong National Security Law,en,PDF
"uk,gov,service,publishing,assets)/government/uploads/system/uploads/attachment_data/file/1133771/alb_cpin_human_trafficking.pdf",20230202220517,https://assets.publishing.service.gov.uk/government/uploads/system/uploads/attachment_data/file/1133771/ALB_CPIN_Human_trafficking.pdf,assets.publishing.service.gov.uk,application/pdf,MJHP542J4ZH5I4EIP5OS7HE57DX6XHEH,1468039,152611757,ALB CPIN Human trafficking,en,PDF
"uk,gov,service,publishing,assets)/government/uploads/system/uploads/attachment_data/file/948164/cameroon_-_background_-_cpin_-_v1.0__final__gov.uk.pdf",20230705211911,https://assets.publishing.service.gov.uk/government/uploads/system/uploads/attachment_data/file/948164/Cameroon_-_Background_-_CPIN_-_v1.0__final__Gov.uk.pdf,assets.publishing.service.gov.uk,application/pdf,WXRYRACSEQI2JQLJCJTBHFKQQR6XV6CJ,519775,445587804,cameroon background note,en,PDF
"uk,gov,service,publishing,assets)/media/679764b0fe1eabe7d7a22c64/ukr+cpin+security+situation.pdf",20250604142510,https://assets.publishing.service.gov.uk/media/679764b0fe1eabe7d7a22c64/UKR+CPIN+Security+situation.pdf,assets.publishing.service.gov.uk,application/pdf,E6LBIF4XVKNB6SPCRDBVINE7NPMBTXQO,2109974,283926664,UKR CPIN Security situation,en,PDF
"uk,gov,service,publishing,assets)/government/uploads/system/uploads/attachment_data/file/679150/kenya_-_background_-_cpin_-_v1_0.pdf",20200403181146,https://assets.publishing.service.gov.uk/government/uploads/system/uploads/attachment_data/file/679150/Kenya_-_Background_-_CPIN_-_v1_0.pdf,assets.publishing.service.gov.uk,application/pdf,F7XLDZNEVAZZA5HWB5YUO47XY7PZDVDJ,379451,26248398,Kenya - Background - CPIN - v1.0,en,PDF
"uk,gov,service,publishing,assets)/government/uploads/system/uploads/attachment_data/file/1178798/ind_cpin_sexual_orientation_and_gender_identity_and_expression.pdf",20230816185842,https://assets.publishing.service.gov.uk/government/uploads/system/uploads/attachment_data/file/1178798/IND_CPIN_Sexual_orientation_and_gender_identity_and_expression.pdf,assets.publishing.service.gov.uk,application/pdf,V5I57GUYEBHMGAPCVCNE3XWL2W7DT2CN,526924,121422007,IND CPIN Sexual orientation and gender identity and expression,en,PDF
"uk,gov,service,publishing,assets)/media/5d554e28ed915d08d586a296/636_civil_documentation__for_idps.pdf",20230705121846,https://assets.publishing.service.gov.uk/media/5d554e28ed915d08d586a296/636_Civil_Documentation__for_IDPs.pdf,assets.publishing.service.gov.uk,application/pdf,7RG4HFXDNMPZ22ESTHDDSPV4HI4PZTIE,737116,188493,636_Civil_Documentation__for_IDPs.pdf,en,PDF
"uk,gov,service,publishing,assets)/media/65a7d524b2f3c6000de5d410/bgd_cpin_women_fearing_gender_based_violence.pdf",20250612201653,https://assets.publishing.service.gov.uk/media/65a7d524b2f3c6000de5d410/BGD_CPIN_Women_fearing_gender_based_violence.pdf,assets.publishing.service.gov.uk,application/pdf,LN3AFN3WTKHN2NMPNMD7JYTTR7CSM3EO,786423,127970928,BGD CPIN Women fearing gender-based violence,en,PDF
"uk,gov,service,publishing,assets)/government/uploads/system/uploads/attachment_data/file/1076887/chn_cpin_contravention_of_national_population_and_family-planning_laws.pdf",20230704100911,https://assets.publishing.service.gov.uk/government/uploads/system/uploads/attachment_data/file/1076887/CHN_CPIN_Contravention_of_national_population_and_family-planning_laws.pdf,assets.publishing.service.gov.uk,application/pdf,AKCOOERJ6JBRAEPGA5BYQ3QZFS2C3HS6,888705,284915362,CHN CPIN Contravention of national population and family-planning laws,en,PDF
"com,amazonaws,s3,moj-tribunals-documents-prod)/decision/pdf_file/75520/pa069252019.pdf",20231201065147,https://moj-tribunals-documents-prod.s3.amazonaws.com/decision/pdf_file/75520/PA069252019.pdf,moj-tribunals-documents-prod.s3.amazonaws.com,application/pdf,XKY7EJI72S6Y6LHRKXV536WFVBM4PAGS,239895,398408244,PA069252019.pdf,en,PDF
"uk,gov,service,publishing,assets)/government/uploads/system/uploads/attachment_data/file/1068774/nga_cpin_separatist_groups_in_the_south-east.pdf",20230801215210,https://assets.publishing.service.gov.uk/government/uploads/system/uploads/attachment_data/file/1068774/NGA_CPIN_Separatist_groups_in_the_South-East.pdf,assets.publishing.service.gov.uk,application/pdf,NFCKBZNXLPTEPZ7LLJF3KU7B4EETMFSH,742212,286270940,NGA CPIN Separatist groups in the South-East,en,PDF
"uk,ac,ids,opendocs)/opendocs/bitstream/handle/20.500.12413/15800/creid_intersections_series_violence_and_discrimination_against_women_of_religious_minority_backgrounds_in_pakistan.pdf?isallowed=y&sequence=6",20210601192747,https://opendocs.ids.ac.uk/opendocs/bitstream/handle/20.500.12413/15800/CREID_Intersections_Series_Violence_and_Discrimination_against_Women_of_Religious_Minority_Backgrounds_in_Pakistan.pdf?sequence=6&isAllowed=y,opendocs.ids.ac.uk,application/pdf,H5E7I7S4OCKDETGWNIGJY6UD5IUJ3R6O,5711358,301522799,CREID_Intersections_Series_Violence_and_Discrimination_against_Women_of_Religious_Minority_Backgrounds_in_Pakistan.pdf?sequence=6&isAllowed=y,en,PDF
"uk,gov,service,publishing,assets)/media/625ed354d3bf7f600aff0a76/afg_cpin_humanitarian_situation.pdf",20240804180616,https://assets.publishing.service.gov.uk/media/625ed354d3bf7f600aff0a76/AFG_CPIN_Humanitarian_situation.pdf,assets.publishing.service.gov.uk,application/pdf,PNMVSVDTPU2XVE7J3QTDLZMC5YBLWTZK,535724,50019638,AFG CPIN Humanitarian situation,en,PDF
"uk,gov,service,publishing,assets)/media/62bd5adfd3bf7f291c368e57/syr_cpin_security_situation.pdf",20240305091120,https://assets.publishing.service.gov.uk/media/62bd5adfd3bf7f291c368e57/SYR_CPIN_Security_Situation.pdf,assets.publishing.service.gov.uk,application/pdf,ZRFXDI7BXYI34TQR55YRRNW7RC6VHPXA,1354235,445403431,SYR CPIN Security Situation,en,PDF
"uk,gov,service,publishing,assets)/media/6835a4665f8330ed48e72ae3/pak+cpin+sexual+orientation+and+gender+identity+or+expression.pdf",20250612201510,https://assets.publishing.service.gov.uk/media/6835a4665f8330ed48e72ae3/PAK+CPIN+Sexual+orientation+and+gender+identity+or+expression.pdf,assets.publishing.service.gov.uk,application/pdf,ZQM2QPA4PG4RQJ6HNDWQ6LIRGLALEUG2,464533,469467959,PAK CPIN Sexual orientation and gender identity or expression,en,PDF
"uk,gov,service,publishing,assets)/government/uploads/system/uploads/attachment_data/file/772989/india-aofp-cpin-v1.0__jan_2019_.pdf",20230705111100,https://assets.publishing.service.gov.uk/government/uploads/system/uploads/attachment_data/file/772989/India-AofP-CPIN-v1.0__Jan_2019_.pdf,assets.publishing.service.gov.uk,application/pdf,BHAFTWCXZJXIDYM5DBQ37M4DVUPVQBCY,706072,374293916,India - AofP - CPIN - v1.0 (DRAFT),en,PDF
"uk,gov,service,publishing,assets)/government/uploads/system/uploads/attachment_data/file/921359/ghana_-_background_note__including_ir_-_cpin_-_v1.0_final_gov.uk.pdf",20220511095404,https://assets.publishing.service.gov.uk/government/uploads/system/uploads/attachment_data/file/921359/Ghana_-_Background_note__including_IR_-_CPIN_-_v1.0_final_gov.uk.pdf,assets.publishing.service.gov.uk,application/pdf,UNHMTTQ4OK6NAKKIQJFAD5TMKOQ2LZ7J,664173,103179768,ghana background note,en,PDF
"uk,gov,service,publishing,assets)/media/5d554e28ed915d08d586a296/636_civil_documentation__for_idps.pdf",20250605195544,https://assets.publishing.service.gov.uk/media/5d554e28ed915d08d586a296/636_Civil_Documentation__for_IDPs.pdf,assets.publishing.service.gov.uk,application/pdf,7RG4HFXDNMPZ22ESTHDDSPV4HI4PZTIE,737166,197232399,636_Civil_Documentation__for_IDPs.pdf,en,PDF
"uk,gov,service,publishing,assets)/media/6531493c26b9b1000faf1c0d/tur+cpin+g_lenist+movement.pdf",20231221231357,https://assets.publishing.service.gov.uk/media/6531493c26b9b1000faf1c0d/TUR+CPIN+G_lenist+movement.pdf,assets.publishing.service.gov.uk,application/pdf,YVKPLE7RIH3HMTBHWVGRYVURWTUHISTC,465064,226357618,TUR CPIN Gülenist movement,en,PDF
"uk,gov,service,publishing,assets)/government/uploads/system/uploads/attachment_data/file/887741/iraq_-_security_and_humanitarian_-_cpin_v6.0_-_may_2020_-_270520.pdf",20221005180923,https://assets.publishing.service.gov.uk/government/uploads/system/uploads/attachment_data/file/887741/Iraq_-_Security_and_Humanitarian_-_CPIN_v6.0_-_May_2020_-_270520.pdf,assets.publishing.service.gov.uk,application/pdf,B2VFT5EKZZWGWCUWEW7MRMRO7II57OYV,1676438,6009701,Iraq: security and humanitarian situation,en,PDF
"uk,gov,service,publishing,assets)/government/uploads/system/uploads/attachment_data/file/873394/pakistan-documentation-cpin-v2.0_march_2020__2.pdf",20230705054735,https://assets.publishing.service.gov.uk/government/uploads/system/uploads/attachment_data/file/873394/Pakistan-Documentation-CPIN-v2.0_March_2020__2.pdf,assets.publishing.service.gov.uk,application/pdf,YC7EO67WYCLZZ5UHSR7UVUZDV3OK5OZ2,510977,229322791,CPIN Template 2018 - v3,en,PDF
"uk,gov,service,publishing,assets)/government/uploads/system/uploads/attachment_data/file/866087/iraq_-__fgm_-_cpin_-_v2.0_-_february_2020_-_ext.pdf",20221005180925,https://assets.publishing.service.gov.uk/government/uploads/system/uploads/attachment_data/file/866087/Iraq_-__FGM_-_CPIN_-_v2.0_-_February_2020_-_EXT.pdf,assets.publishing.service.gov.uk,application/pdf,NXL2B7JGG2GCLAG3UHCYD7C542B7EAVN,556856,8530267,CPIN Template 2018 - v3,en,PDF
"uk,gov,service,publishing,assets)/government/uploads/system/uploads/attachment_data/file/1087040/syr_cpin_security_situation.pdf",20231102150329,https://assets.publishing.service.gov.uk/government/uploads/system/uploads/attachment_data/file/1087040/SYR_CPIN_Security_Situation.pdf,assets.publishing.service.gov.uk,application/pdf,ZRFXDI7BXYI34TQR55YRRNW7RC6VHPXA,1354148,283352922,SYR CPIN Security Situation,en,PDF
"uk,gov,service,publishing,assets)/government/uploads/system/uploads/attachment_data/file/1158905/pak_cpin_actors_of_protection.pdf",20230906183909,https://assets.publishing.service.gov.uk/government/uploads/system/uploads/attachment_data/file/1158905/PAK_CPIN_actors_of_protection.pdf,assets.publishing.service.gov.uk,application/pdf,KEXDDZXI5ZNTE2UALSUUZTOQED6S4DBA,456541,496453670,PAK CPIN actors of protection,en,PDF
"uk,gov,service,publishing,assets)/media/5f6ce241d3bf7f7231ac65ef/bangladesh-political_parties_and_affiliation-cpin.pdf",20241218185741,https://assets.publishing.service.gov.uk/media/5f6ce241d3bf7f7231ac65ef/Bangladesh-Political_parties_and_affiliation-CPIN.pdf,assets.publishing.service.gov.uk,application/pdf,PEY5JVWS5RU7UY6KANBUHTWLI2NNTFX4,695984,121985901,Bangladesh-Political parties and affiliation-CPIN,en,PDF
"uk,gov,service,publishing,assets)/government/uploads/system/uploads/attachment_data/file/921353/ghana_-_actors_of_protection_-_cpin_-_v1.0_final_gov.uk.pdf",20230903053304,https://assets.publishing.service.gov.uk/government/uploads/system/uploads/attachment_data/file/921353/Ghana_-_Actors_of_protection_-_CPIN_-_v1.0_final_gov.uk.pdf,assets.publishing.service.gov.uk,application/pdf,TXZLMVVBH4EJMAWVSWLVINPYF6E4FIW3,411770,494036822,"Ghana, actors of protection",en,PDF
"uk,gov,service,publishing,assets)/government/uploads/system/uploads/attachment_data/file/846236/pakistan_-_prisons_-_cpin_-_v3.0__november_2019_.pdf",20220401083130,https://assets.publishing.service.gov.uk/government/uploads/system/uploads/attachment_data/file/846236/Pakistan_-_Prisons_-_CPIN_-_v3.0__November_2019_.pdf,assets.publishing.service.gov.uk,application/pdf,AJVGOVRJL7H2ESXUMVXRHJ5ED2N3EWTL,406562,494995947,Pakistan - Prisons - CPIN - v3.0 (October 2019),en,PDF
"uk,co,healthwatch,nds)/sites/default/files/reports_library/202202017_oxfordshire_voices-of-oxfordshires-albanian-community.pdf",20221103141043,https://nds.healthwatch.co.uk/sites/default/files/reports_library/202202017_Oxfordshire_Voices-of-Oxfordshires-Albanian-community.pdf,nds.healthwatch.co.uk,application/pdf,7A52OVJF3BNWOUZPTG7WVU3LEE3RCTFI,366191,382755315,HW Guidance,en,PDF
"uk,gov,service,publishing,assets)/government/uploads/system/uploads/attachment_data/file/865446/vietnam-_hoa_hao-_cpin-_v1.0__2019_.pdf",20230706041956,https://assets.publishing.service.gov.uk/government/uploads/system/uploads/attachment_data/file/865446/Vietnam-_Hoa_Hao-_CPIN-_v1.0__2019_.pdf,assets.publishing.service.gov.uk,application/pdf,6PNRWHAR26VLPOVUI4XTT4IU7KPGVTWY,343848,368950371,CPIN Template 2018 - v3,en,PDF
"uk,gov,charitycommission,register-of-charities)/charity-search?_uk_gov_ccew_onereg_charitydetails_web_portlet_charitydetailsportlet_objectiveid=a12447310&_uk_gov_ccew_onereg_charitydetails_web_portlet_charitydetailsportlet_priv_r_p_mvcrendercommandname=/accounts-and-annual-returns&_uk_gov_ccew_onereg_charitydetails_web_portlet_charitydetailsportlet_priv_r_p_organisationnumber=5041661&p_p_cacheability=cachelevelpage&p_p_id=uk_gov_ccew_onereg_charitydetails_web_portlet_charitydetailsportlet&p_p_lifecycle=2&p_p_mode=view&p_p_resource_id=/accounts-resource&p_p_state=maximized",20240112225505,https://register-of-charities.charitycommission.gov.uk/charity-search?p_p_id=uk_gov_ccew_onereg_charitydetails_web_portlet_CharityDetailsPortlet&p_p_lifecycle=2&p_p_state=maximized&p_p_mode=view&p_p_resource_id=%2Faccounts-resource&p_p_cacheability=cacheLevelPage&_uk_gov_ccew_onereg_charitydetails_web_portlet_CharityDetailsPortlet_objectiveId=A12447310&_uk_gov_ccew_onereg_charitydetails_web_portlet_CharityDetailsPortlet_priv_r_p_mvcRenderCommandName=%2Faccounts-and-annual-returns&_uk_gov_ccew_onereg_charitydetails_web_portlet_CharityDetailsPortlet_priv_r_p_organisationNumber=5041661,register-of-charities.charitycommission.gov.uk,application/pdf,VBOWPBJ6TBZAACG6QMJ4HWHTBCHBL7UL,1216781,107880125,charity-search?p_p_id=uk_gov_ccew_onereg_charitydetails_web_portlet_CharityDetailsPortlet&p_p_lifecycle=2&p_p_state=maximized&p_p_mode=view&p_p_resource_id=%2Faccounts-resource&p_p_cacheability=cacheLevelPage&_uk_gov_ccew_onereg_charitydetails_web_portlet_CharityDetailsPortlet_objectiveId=A12447310&_uk_gov_ccew_onereg_charitydetails_web_portlet_CharityDetailsPortlet_priv_r_p_mvcRenderCommandName=%2Faccounts-and-annual-returns&_uk_gov_ccew_onereg_charitydetails_web_portlet_CharityDetailsPortlet_priv_r_p_organisationNumber=5041661,en,PDF
"uk,gov,service,publishing,assets)/media/619e5e8c8fa8f5037d67b731/nam_cpin_sexual_orientation_gender_identity_and_expression__002_.pdf",20240309050331,https://assets.publishing.service.gov.uk/media/619e5e8c8fa8f5037d67b731/NAM_CPIN_Sexual_orientation_gender_identity_and_expression__002_.pdf,assets.publishing.service.gov.uk,application/pdf,BVWH2JWEDJLS5OBF4CGP44BNM7OFHENU,723333,388621673,NAM CPIN Sexual orientation gender identity and expression.docx,en,PDF
"com,amazonaws,s3,moj-tribunals-documents-prod)/decision/pdf_file/64547/aa048282015.pdf",20231201071952,https://moj-tribunals-documents-prod.s3.amazonaws.com/decision/pdf_file/64547/AA048282015.pdf,moj-tribunals-documents-prod.s3.amazonaws.com,application/pdf,ZAD62CVPDE52JQJEEQHGFY6AGBV5CY6Y,124167,324295279,AA048282015.pdf,en,PDF
"uk,gov,service,publishing,assets)/government/uploads/system/uploads/attachment_data/file/761740/inspection_of_country_of_origin_information__may_2018..pdf",20200206081543,https://assets.publishing.service.gov.uk/government/uploads/system/uploads/attachment_data/file/761740/Inspection_of_Country_of_Origin_Information__May_2018..pdf,assets.publishing.service.gov.uk,application/pdf,OXGTF57YOO55VJDITUFLRCNBBTI7LPEB,1173103,319707350,Inspection_of_Country_of_Origin_Information__May_2018..pdf,en,PDF
"uk,gov,service,publishing,assets)/government/uploads/system/uploads/attachment_data/file/775001/cpin-_zim_-_sogie._v4.0e__jan_2019_.pdf",20230705201032,https://assets.publishing.service.gov.uk/government/uploads/system/uploads/attachment_data/file/775001/CPIN-_ZIM_-_SOGIE._V4.0e__Jan_2019_.pdf,assets.publishing.service.gov.uk,application/pdf,Z24US5HUUUJSBVNNAUYBEEX2L2LJCYO5,698813,287670255,CPIN-_ZIM_-_SOGIE._V4.0e__Jan_2019_.pdf,en,PDF
"uk,gov,service,publishing,assets)/media/64a6d8157a4c230013bba2e9/ind_cpin_actors_of_protection.pdf",20250508041403,https://assets.publishing.service.gov.uk/media/64a6d8157a4c230013bba2e9/IND_CPIN_Actors_of_protection.pdf,assets.publishing.service.gov.uk,application/pdf,6BK6EZWEACO23BD5VMKI7OCHRGTEDUBN,407683,466257888,IND CPIN Actors of protection,en,PDF
"uk,gov,service,publishing,assets)/government/uploads/system/uploads/attachment_data/file/866082/pakistan-women-cpin-v4.0_feb_2020_.pdf",20221117204344,https://assets.publishing.service.gov.uk/government/uploads/system/uploads/attachment_data/file/866082/Pakistan-Women-CPIN-v4.0_Feb_2020_.pdf,assets.publishing.service.gov.uk,application/pdf,HT7U7LA52RCTSYPATUIN2TDRPRBII5PD,3255689,405792733,CPIN Template 2018 - v3,en,PDF
"uk,gov,service,publishing,assets)/government/uploads/system/uploads/attachment_data/file/1085713/syr_cpin_returnees.pdf",20230903173812,https://assets.publishing.service.gov.uk/government/uploads/system/uploads/attachment_data/file/1085713/SYR_CPIN_Returnees.pdf,assets.publishing.service.gov.uk,application/pdf,FBH3HIV3ZOGKOF4VCO7OJTB7M7HKIFKT,302272,102263107,SYR CPIN Returnees,en,PDF
"com,amazonaws,s3,moj-tribunals-documents-prod)/decision/pdf_file/74442/lp000032020.pdf",20231201065353,https://moj-tribunals-documents-prod.s3.amazonaws.com/decision/pdf_file/74442/LP000032020.pdf,moj-tribunals-documents-prod.s3.amazonaws.com,application/pdf,YLUJPPUPTNEIXUOZBMJJ62WKQBZB4FSS,120685,475545901,LP000032020.pdf,en,PDF
"uk,gov,service,publishing,assets)/government/uploads/system/uploads/attachment_data/file/986707/political_parties_and_affiliation_-_v.0.1.pdf",20220317031350,https://assets.publishing.service.gov.uk/government/uploads/system/uploads/attachment_data/file/986707/Political_parties_and_affiliation_-_v.0.1.pdf,assets.publishing.service.gov.uk,application/pdf,4SIKWSHBG677SMTWA3PKQPXD7ZY2ZMEM,477480,356604392,CPIN Template - January 2020,en,PDF
"uk,gov,service,publishing,assets)/media/5feb14f5d3bf7f089e48ded5/cameroon_-_background_-_cpin_-_v1.0__final__gov.uk.pdf",20240804071527,https://assets.publishing.service.gov.uk/media/5feb14f5d3bf7f089e48ded5/Cameroon_-_Background_-_CPIN_-_v1.0__final__Gov.uk.pdf,assets.publishing.service.gov.uk,application/pdf,WXRYRACSEQI2JQLJCJTBHFKQQR6XV6CJ,519802,83729634,cameroon background note,en,PDF
"uk,gov,service,publishing,assets)/government/uploads/system/uploads/attachment_data/file/1088205/chn_cpin_hong_kong_national_security_law.pdf",20250406080055,https://assets.publishing.service.gov.uk/government/uploads/system/uploads/attachment_data/file/1088205/CHN_CPIN_Hong_Kong_National_Security_Law.pdf,assets.publishing.service.gov.uk,application/pdf,YI2J2DBKO4BC5TWXXJAEGWHBX7TD22HH,569360,57813917,CHN CPIN Hong Kong National Security Law,en,PDF
"uk,gov,service,publishing,assets)/government/uploads/system/uploads/attachment_data/file/766760/vietnam_-_moneylenders_-_cpin_-_v1.0__december_2018__ex__002_.pdf",20230104190359,https://assets.publishing.service.gov.uk/government/uploads/system/uploads/attachment_data/file/766760/Vietnam_-_Moneylenders_-_CPIN_-_v1.0__December_2018__ex__002_.pdf,assets.publishing.service.gov.uk,application/pdf,JXQXEAW5CPZWGTPKW3NZHRSZJYCEA7MS,470867,53816776,Vietnam - Moneylenders - CPIN - v1.0 (December 2018),en,PDF
"uk,gov,service,publishing,assets)/government/uploads/system/uploads/attachment_data/file/1030393/afg_cpin_medical_and_healthcare.pdf",20230920204853,https://assets.publishing.service.gov.uk/government/uploads/system/uploads/attachment_data/file/1030393/AFG_CPIN_Medical_and_healthcare.pdf,assets.publishing.service.gov.uk,application/pdf,PTR4R7KI2R22DSNHJ2DU745RV647RNU2,319507,193109696,AFG CPIN Medical and healthcare,en,PDF
"uk,gov,service,publishing,assets)/government/uploads/system/uploads/attachment_data/file/627380/cpin_morocco_sexual_orientation_and_identity_july_2017.pdf",20200319071921,https://assets.publishing.service.gov.uk/government/uploads/system/uploads/attachment_data/file/627380/cpin_morocco_sexual_orientation_and_identity_july_2017.pdf,assets.publishing.service.gov.uk,application/pdf,EE24SU5I64DAYGUYORMUZEUH74MSOZHM,392949,428117001,Morocco - SOGI - CPIN - v1.0 (July 2017),en,PDF
"uk,gov,service,publishing,assets)/government/uploads/system/uploads/attachment_data/file/1168368/ind_cpin_actors_of_protection.pdf",20240702105245,https://assets.publishing.service.gov.uk/government/uploads/system/uploads/attachment_data/file/1168368/IND_CPIN_Actors_of_protection.pdf,assets.publishing.service.gov.uk,application/pdf,6BK6EZWEACO23BD5VMKI7OCHRGTEDUBN,407694,109564679,IND CPIN Actors of protection,en,PDF
"uk,ac,ref,results2021)/impact/f16ca238-8e02-4424-bbbe-fdbc993a0f54/pdf",20250107162925,https://results2021.ref.ac.uk/impact/f16ca238-8e02-4424-bbbe-fdbc993a0f54/pdf,results2021.ref.ac.uk,application/pdf,VY7AOQLRNS2OVUZ24N5CJJUM5B3QWKIC,417354,209125095,pdf,en,PDF
"uk,gov,service,publishing,assets)/government/uploads/system/uploads/attachment_data/file/741222/pakistan_-_christians_-_cpin_-_v3.0__september_2018_.pdf",20200105113313,https://assets.publishing.service.gov.uk/government/uploads/system/uploads/attachment_data/file/741222/Pakistan_-_Christians_-_CPIN_-_v3.0__September_2018_.pdf,assets.publishing.service.gov.uk,application/pdf,W4AEDDRFXLXMFWLGKIJKKER7ARLOS7ZT,919207,311864681,Pakistan - Christians - CPIN - v3.0 (September 2018),en,PDF
"uk,gov,service,publishing,assets)/government/uploads/system/uploads/attachment_data/file/587350/jamaica_-_women_fearing_dv.pdf",20220922232348,https://assets.publishing.service.gov.uk/government/uploads/system/uploads/attachment_data/file/587350/Jamaica_-_Women_fearing_DV.pdf,assets.publishing.service.gov.uk,application/pdf,7VDOKZSYROMDMUU2JL3XKAQMYYY36LLC,317467,479944579,Jamaica - Women fearing DV - CPIN - v2.0 (January 2017),en,PDF
"uk,gov,service,publishing,assets)/government/uploads/system/uploads/attachment_data/file/745437/sri_lanka_-_sogie_-_cpin_-_v3.0__october_2018_.pdf",20200207071306,https://assets.publishing.service.gov.uk/government/uploads/system/uploads/attachment_data/file/745437/Sri_Lanka_-_SOGIE_-_CPIN_-_v3.0__October_2018_.pdf,assets.publishing.service.gov.uk,application/pdf,LBNB57MJSYJYXQ6IAXC2PLCTAREQDU3E,852699,171048494,Sri Lanka - SOGIE - CPIN - v3.0 (October 2018),en,PDF
"uk,gov,service,publishing,assets)/media/64ee0b7c13ae15000d6e2fea/vnm_cpin_opposition_to_state.pdf",20240201190200,https://assets.publishing.service.gov.uk/media/64ee0b7c13ae15000d6e2fea/VNM_CPIN_Opposition_to_state.pdf,assets.publishing.service.gov.uk,application/pdf,TJJWSXW45CUMN4JLKSKBRY3BZTD5S7A6,496953,346201084,VNM CPIN Opposition to state.docx,en,PDF
"uk,gov,service,publishing,assets)/government/uploads/system/uploads/attachment_data/file/1015790/pak_cpin_ahmadis.pdf",20230906183631,https://assets.publishing.service.gov.uk/government/uploads/system/uploads/attachment_data/file/1015790/PAK_CPIN_Ahmadis.pdf,assets.publishing.service.gov.uk,application/pdf,7DN7DO5N2THNNB2253EB3X4IVB3SEVR7,918383,245738931,PAK CPIN Ahmadis,en,PDF
"uk,gov,service,publishing,assets)/government/uploads/system/uploads/attachment_data/file/878219/iran_-_military_service_-_cpin_-_v2.0_-_april_2020.pdf",20221117223907,https://assets.publishing.service.gov.uk/government/uploads/system/uploads/attachment_data/file/878219/Iran_-_Military_Service_-_CPIN_-_v2.0_-_April_2020.pdf,assets.publishing.service.gov.uk,application/pdf,F5EPEDJZWVXT4HXMB3FZFXLIZ4UGXE5U,509311,226129098,CPIN Template - November 2019,en,PDF
"uk,gov,service,publishing,assets)/government/uploads/system/uploads/attachment_data/file/1105220/alb_cpin_actors_of_protection.pdf",20221117212106,https://assets.publishing.service.gov.uk/government/uploads/system/uploads/attachment_data/file/1105220/ALB_CPIN_Actors_of_Protection.pdf,assets.publishing.service.gov.uk,application/pdf,KA57IDRNTKEHFPOJLTLCRKFG6TNSJIEY,360379,223678437,ALB CPIN Actors of Protection,en,PDF
"org,gsdrc)/wp-content/uploads/2017/06/042-persecution-of-christians-in-the-middle-east.pdf",20201201121338,https://gsdrc.org/wp-content/uploads/2017/06/042-Persecution-of-Christians-in-the-Middle-East.pdf,gsdrc.org,application/pdf,DVUQUURHLTRWC5PLWFMD5MLYYT6YXJXZ,246829,440584017,042-Persecution-of-Christians-in-the-Middle-East.pdf,en,PDF
"uk,gov,service,publishing,assets)/government/uploads/system/uploads/attachment_data/file/913735/algeria-actors_of_protection-cpin-v-0.1.pdf",20230909213335,https://assets.publishing.service.gov.uk/government/uploads/system/uploads/attachment_data/file/913735/Algeria-Actors_of_Protection-CPIN-v-0.1.pdf,assets.publishing.service.gov.uk,application/pdf,SEPC2DDKO7N32YC72SMFS5BRFHDRX7IU,425337,6045662,CPIN Template - January 2020,en,PDF
"uk,gov,service,publishing,assets)/media/5f6c9304e90e07751687e854/ghana_-_actors_of_protection_-_cpin_-_v1.0_final_gov.uk.pdf",20250306100805,https://assets.publishing.service.gov.uk/media/5f6c9304e90e07751687e854/Ghana_-_Actors_of_protection_-_CPIN_-_v1.0_final_gov.uk.pdf,assets.publishing.service.gov.uk,application/pdf,TXZLMVVBH4EJMAWVSWLVINPYF6E4FIW3,411801,189901808,"Ghana, actors of protection",en,PDF
"uk,gov,service,publishing,assets)/media/5f4e7042e90e071c70aedcc7/algeria-actors_of_protection-cpin-v-0.1.pdf",20240305090323,https://assets.publishing.service.gov.uk/media/5f4e7042e90e071c70aedcc7/Algeria-Actors_of_Protection-CPIN-v-0.1.pdf,assets.publishing.service.gov.uk,application/pdf,SEPC2DDKO7N32YC72SMFS5BRFHDRX7IU,425370,252734114,CPIN Template - January 2020,en,PDF
"uk,gov)/government/uploads/system/uploads/attachment_data/file/601479/cpin_-_cmr_-_fgm_-_v_1_0.pdf",20170428010826,https://www.gov.uk/government/uploads/system/uploads/attachment_data/file/601479/CPIN_-_CMR_-_FGM_-_v_1_0.pdf,www.gov.uk,application/pdf,6V7CONXG3C3VFZC7GKQ2JPJRSAC23QSQ,250963,37632233,Cameroon - FGM - CPIN - v1.0 (DRAFT),en,PDF
"uk,gov,service,publishing,assets)/government/uploads/system/uploads/attachment_data/file/948168/cameroon_-_aofp_-_cpin_-_v1.0__final__gov.uk.pdf",20220331060134,https://assets.publishing.service.gov.uk/government/uploads/system/uploads/attachment_data/file/948168/Cameroon_-_AofP_-_CPIN_-_v1.0__final__Gov.uk.pdf,assets.publishing.service.gov.uk,application/pdf,3R6JX4R37YBMZGHIHKGP7HOPIIFGCAC4,396941,30501828,cameroon actors of protection,en,PDF
"com,amazonaws,s3,moj-tribunals-documents-prod)/decision/pdf_file/56142/aa073932015.pdf",20221201133705,https://moj-tribunals-documents-prod.s3.amazonaws.com/decision/pdf_file/56142/AA073932015.pdf,moj-tribunals-documents-prod.s3.amazonaws.com,application/pdf,24VVFPZOWUYNGK6G6LSDKWDXFMNKDHQ3,107626,9365706,AA073932015.pdf,en,PDF
"com,amazonaws,s3,moj-tribunals-documents-prod)/decision/pdf_file/72439/hu168652019.pdf",20221201133335,https://moj-tribunals-documents-prod.s3.amazonaws.com/decision/pdf_file/72439/HU168652019.pdf,moj-tribunals-documents-prod.s3.amazonaws.com,application/pdf,DRH657KGCUDVNJUUUBTYXMKCY4HH34FA,95433,420057938,HU168652019.pdf,en,PDF
"uk,gov,service,publishing,assets)/media/660d61ec97e60600112b2241/chn+cpin+christians.pdf",20240514203945,https://assets.publishing.service.gov.uk/media/660d61ec97e60600112b2241/CHN+CPIN+Christians.pdf,assets.publishing.service.gov.uk,application/pdf,I37XVL2OBKI33O5WOZUOAGA5GA67KJEZ,688486,397039104,CHN CPIN Christians,en,PDF
"uk,gov,service,publishing,assets)/government/uploads/system/uploads/attachment_data/file/594901/jamaica_-_sogi_-_cpin_-_v2_0.pdf",20220922232639,https://assets.publishing.service.gov.uk/government/uploads/system/uploads/attachment_data/file/594901/Jamaica_-_SOGI_-_CPIN_-_v2_0.pdf,assets.publishing.service.gov.uk,application/pdf,BXEWCGKJ4JJ4AWTK6LEFRVWSGRBVNTWN,314986,259136646,Jamaica - SOGI - CPIN - v2.0 (February 2017),en,PDF
"uk,gov,service,publishing,assets)/government/uploads/system/uploads/attachment_data/file/879628/bangladesh-actors_of_protection-cpin-v1.0._april_2020_.pdf",20200509172611,https://assets.publishing.service.gov.uk/government/uploads/system/uploads/attachment_data/file/879628/Bangladesh-Actors_of_protection-CPIN-v1.0._April_2020_.pdf,assets.publishing.service.gov.uk,application/pdf,NNDKXVEL43QVY3JKD4R5YKVJE5AK265Q,492382,8868178,CPIN Template 2018 - v3,en,PDF
"org,gsdrc)/wp-content/uploads/2017/06/042-persecution-of-christians-in-the-middle-east.pdf",20180411142038,http://gsdrc.org/wp-content/uploads/2017/06/042-Persecution-of-Christians-in-the-Middle-East.pdf,gsdrc.org,application/pdf,DVUQUURHLTRWC5PLWFMD5MLYYT6YXJXZ,246840,450485995,042-Persecution-of-Christians-in-the-Middle-East.pdf,en,PDF
"com,amazonaws,s3,moj-tribunals-documents-prod)/decision/pdf_file/68969/hu233902018.pdf",20231201070103,https://moj-tribunals-documents-prod.s3.amazonaws.com/decision/pdf_file/68969/HU233902018.pdf,moj-tribunals-documents-prod.s3.amazonaws.com,application/pdf,VOU4V5MF5RJ4AYQCOUWCWLML43CF4GLF,139916,213251873,HU233902018.pdf,en,PDF
"uk,gov,service,publishing,assets)/government/uploads/system/uploads/attachment_data/file/1181171/vnm_cpin_opposition_to_state.pdf",20230831183011,https://assets.publishing.service.gov.uk/government/uploads/system/uploads/attachment_data/file/1181171/VNM_CPIN_Opposition_to_state.pdf,assets.publishing.service.gov.uk,application/pdf,TJJWSXW45CUMN4JLKSKBRY3BZTD5S7A6,496928,294865053,VNM CPIN Opposition to state.docx,en,PDF
"uk,gov,service,publishing,assets)/government/uploads/system/uploads/attachment_data/file/1105165/alb_cin_medical_and_healthcare.pdf",20220922190737,https://assets.publishing.service.gov.uk/government/uploads/system/uploads/attachment_data/file/1105165/ALB_CIN_Medical_and_healthcare.pdf,assets.publishing.service.gov.uk,application/pdf,HP72FSD26UMQAUH2CXYW5SZWUDUF24SM,434368,313284165,ALB CIN Medical and healthcare,en,PDF
"com,amazonaws,s3,moj-tribunals-documents-prod)/decision/pdf_file/79335/ui-2023-002373.pdf",20231201063847,https://moj-tribunals-documents-prod.s3.amazonaws.com/decision/pdf_file/79335/UI-2023-002373.pdf,moj-tribunals-documents-prod.s3.amazonaws.com,application/pdf,IKCOQDFRFFFGHCCCZB3PNM2ULWYCAYHZ,130724,437942835,UI-2023-002373.pdf,en,PDF
"uk,gov,service,publishing,assets)/media/5c51bf4de5274a49171e1593/cpin-_zim_-_sogie._v4.0e__jan_2019_.pdf",20240703142418,https://assets.publishing.service.gov.uk/media/5c51bf4de5274a49171e1593/CPIN-_ZIM_-_SOGIE._V4.0e__Jan_2019_.pdf,assets.publishing.service.gov.uk,application/pdf,Z24US5HUUUJSBVNNAUYBEEX2L2LJCYO5,698842,33536600,CPIN-_ZIM_-_SOGIE._V4.0e__Jan_2019_.pdf,en,PDF
"uk,gov,service,publishing,assets)/media/62b5e0168fa8f5356b96cb28/syr_cpin_returnees.pdf",20241207113945,https://assets.publishing.service.gov.uk/media/62b5e0168fa8f5356b96cb28/SYR_CPIN_Returnees.pdf,assets.publishing.service.gov.uk,application/pdf,FBH3HIV3ZOGKOF4VCO7OJTB7M7HKIFKT,302309,161728881,SYR CPIN Returnees,en,PDF
"com,amazonaws,s3,moj-tribunals-documents-prod)/decision/pdf_file/65149/pa133662017.pdf",20231201072355,https://moj-tribunals-documents-prod.s3.amazonaws.com/decision/pdf_file/65149/PA133662017.pdf,moj-tribunals-documents-prod.s3.amazonaws.com,application/pdf,WCY2RNZAMABYYLV2DUBNAS6QHUPVEFUP,122465,448465195,PA133662017.pdf,en,PDF
"com,amazonaws,s3,moj-tribunals-documents-prod)/decision/pdf_file/79288/ui-2023-002174.pdf",20231201063724,https://moj-tribunals-documents-prod.s3.amazonaws.com/decision/pdf_file/79288/UI-2023-002174.pdf,moj-tribunals-documents-prod.s3.amazonaws.com,application/pdf,TVQEHRK6AQDELHTSH5K4JS6RVKT5WX6K,120928,406033823,UI-2023-002174.pdf,en,PDF
"uk,gov,service,publishing,assets)/media/5e720e96d3bf7f269dbeef59/pakistan-documentation-cpin-v2.0_march_2020__2.pdf",20240703091144,https://assets.publishing.service.gov.uk/media/5e720e96d3bf7f269dbeef59/Pakistan-Documentation-CPIN-v2.0_March_2020__2.pdf,assets.publishing.service.gov.uk,application/pdf,YC7EO67WYCLZZ5UHSR7UVUZDV3OK5OZ2,511014,432119183,CPIN Template 2018 - v3,en,PDF
"uk,gov,service,publishing,assets)/media/66bca83c3effd5b79ba4909c/withdrawn-cameroon_-_background_-_cpin_-_v1.0__final__gov.uk.pdf",20250616094543,https://assets.publishing.service.gov.uk/media/66bca83c3effd5b79ba4909c/Withdrawn-Cameroon_-_Background_-_CPIN_-_v1.0__final__Gov.uk.pdf,assets.publishing.service.gov.uk,application/pdf,WH4MASCVTZ3QTKGHTHS3S246TQCRBLDG,1931530,495138268,cameroon background note,en,PDF
"uk,gov,service,publishing,assets)/government/uploads/system/uploads/attachment_data/file/1089848/chn_cpin_-_muslims.pdf",20240308065608,https://assets.publishing.service.gov.uk/government/uploads/system/uploads/attachment_data/file/1089848/CHN_CPIN_-_Muslims.pdf,assets.publishing.service.gov.uk,application/pdf,67GWME53VGXUROTTCEI5J5WGRZMOKOH4,695949,442530493,CHN CPIN - Muslims,en,PDF
"uk,gov,service,publishing,assets)/media/5f6c9988e90e077512435245/ghana_-_background_note__including_ir_-_cpin_-_v1.0_final_gov.uk.pdf",20240308102216,https://assets.publishing.service.gov.uk/media/5f6c9988e90e077512435245/Ghana_-_Background_note__including_IR_-_CPIN_-_v1.0_final_gov.uk.pdf,assets.publishing.service.gov.uk,application/pdf,UNHMTTQ4OK6NAKKIQJFAD5TMKOQ2LZ7J,664091,113715794,ghana background note,en,PDF
"uk,gov)/government/uploads/system/uploads/attachment_data/file/608565/ukraine_-_military_service_-_cpin_-_v4.pdf",20170425160243,https://www.gov.uk/government/uploads/system/uploads/attachment_data/file/608565/Ukraine_-_Military_Service_-_CPIN_-_v4.pdf,www.gov.uk,application/pdf,B4WOGH6RJ2G2HWZEFBRHOCDR7RK6OAHA,445201,726073,Ukraine - Military Service - CPIN - v4.0 (April 2017),en,PDF
"com,amazonaws,s3,moj-tribunals-documents-prod)/decision/pdf_file/68001/pa033832019.pdf",20231201070731,https://moj-tribunals-documents-prod.s3.amazonaws.com/decision/pdf_file/68001/PA033832019.pdf,moj-tribunals-documents-prod.s3.amazonaws.com,application/pdf,PPRBCTBYUBDLFSUY77AYL5KIDG2SHPSS,136463,424240400,PA033832019.pdf,en,PDF
"uk,gov,service,publishing,assets)/government/uploads/system/uploads/attachment_data/file/729333/india_-_women_fearing_gbv_-_cpin_-_v2.0__july_2018_.pdf",20220419221524,https://assets.publishing.service.gov.uk/government/uploads/system/uploads/attachment_data/file/729333/India_-_Women_fearing_GBV_-_CPIN_-_v2.0__July_2018_.pdf,assets.publishing.service.gov.uk,application/pdf,ZHAI2LWR5YZRMYD34PV2MM2GCZ6BKD7L,994558,45244847,India - Women fearing GBV - CPIN - v2.0 (July 2018),en,PDF
"uk,gov,service,publishing,assets)/media/64dba4a760d123001332c5c7/ind_cpin_sexual_orientation_and_gender_identity_and_expression.pdf",20250508041402,https://assets.publishing.service.gov.uk/media/64dba4a760d123001332c5c7/IND_CPIN_Sexual_orientation_and_gender_identity_and_expression.pdf,assets.publishing.service.gov.uk,application/pdf,V5I57GUYEBHMGAPCVCNE3XWL2W7DT2CN,526962,465026623,IND CPIN Sexual orientation and gender identity and expression,en,PDF
"uk,gov,service,publishing,assets)/media/62cd5d87e90e07748814bcec/chn_cpin_-_muslims.pdf",20240305090543,https://assets.publishing.service.gov.uk/media/62cd5d87e90e07748814bcec/CHN_CPIN_-_Muslims.pdf,assets.publishing.service.gov.uk,application/pdf,67GWME53VGXUROTTCEI5J5WGRZMOKOH4,695930,36579890,CHN CPIN - Muslims,en,PDF
"uk,ac,ids,opendocs)/opendocs/bitstream/handle/20.500.12413/16598/946_somaliland_security_and_justice.pdf?sequence=1",20211202060356,https://opendocs.ids.ac.uk/opendocs/bitstream/handle/20.500.12413/16598/946_Somaliland_security_and_justice.pdf?sequence=1,opendocs.ids.ac.uk,application/pdf,QYM727GEJC6DT2JH27J5WR2I6O46XMWF,311825,345518030,946_Somaliland_security_and_justice.pdf?sequence=1,en,PDF
"uk,gov,service,publishing,assets)/government/uploads/system/uploads/attachment_data/file/825234/gambia_-_sogie_-_cpin_-_v2.0___august_2019_.pdf",20220303112943,https://assets.publishing.service.gov.uk/government/uploads/system/uploads/attachment_data/file/825234/Gambia_-_SOGIE_-_CPIN_-_v2.0___August_2019_.pdf,assets.publishing.service.gov.uk,application/pdf,LBKQSUK7MEO5DY2PXBMZBZON5YQUEM4V,527113,398124291,Gambia - SOGIE - CPIN - v2.0 (August 2019),en,PDF
"uk,gov,service,publishing,assets)/government/uploads/system/uploads/attachment_data/file/891626/kenya_-_internal_relocation_-_cpin_-_v1.0_.pdf",20220511095623,https://assets.publishing.service.gov.uk/government/uploads/system/uploads/attachment_data/file/891626/Kenya_-_internal_relocation_-_CPIN_-_v1.0_.pdf,assets.publishing.service.gov.uk,application/pdf,NW2X6MECNU3KHRMAQ4ARZ3UIS6XWVFOD,362490,393634710,CPIN Template 2018 - v3,en,PDF
"uk,gov,service,publishing,assets)/government/uploads/system/uploads/attachment_data/file/629583/kenya_-_female_genital_mutilation__fgm__cpin_-_v1_0.pdf",20200105222053,https://assets.publishing.service.gov.uk/government/uploads/system/uploads/attachment_data/file/629583/Kenya_-_female_genital_mutilation__FGM__CPIN_-_v1_0.pdf,assets.publishing.service.gov.uk,application/pdf,357UZH42UWO7UYQEONJG2I2MNK7RH24E,288493,345921454,Kenya - FGM - CPIN - v1.0 (July 2017),en,PDF
"uk,gov,service,publishing,assets)/government/uploads/system/uploads/attachment_data/file/921359/ghana_-_background_note__including_ir_-_cpin_-_v1.0_final_gov.uk.pdf",20240106221151,https://assets.publishing.service.gov.uk/government/uploads/system/uploads/attachment_data/file/921359/Ghana_-_Background_note__including_IR_-_CPIN_-_v1.0_final_gov.uk.pdf,assets.publishing.service.gov.uk,application/pdf,UNHMTTQ4OK6NAKKIQJFAD5TMKOQ2LZ7J,664080,195362647,ghana background note,en,PDF
"uk,gov,service,publishing,assets)/government/uploads/system/uploads/attachment_data/file/788028/_e__sudan_-_returnees_-_cpin_-_v4.0__july_2018_.pdf",20230920204930,https://assets.publishing.service.gov.uk/government/uploads/system/uploads/attachment_data/file/788028/_E__Sudan_-_Returnees_-_CPIN_-_v4.0__July_2018_.pdf,assets.publishing.service.gov.uk,application/pdf,4URXWHBUUAHFJ6UXXLHXV4QSGNCFKQMD,672808,270075003,Sudan - Returnees - CPIN - v4.0 (July 2018),en,PDF
"com,amazonaws,s3,moj-tribunals-documents-prod)/decision/pdf_file/68868/pa084792019.pdf",20221201133203,https://moj-tribunals-documents-prod.s3.amazonaws.com/decision/pdf_file/68868/PA084792019.pdf,moj-tribunals-documents-prod.s3.amazonaws.com,application/pdf,XB4DJATMPLHGNVEQCKR3P5DVKPI6MMNB,112086,372724051,PA084792019.pdf,en,PDF
"uk,gov,service,publishing,assets)/government/uploads/system/uploads/attachment_data/file/976210/india_-_sogie_-_cpin_-_v4.0_-_april_2021_ext.pdf",20230705113105,https://assets.publishing.service.gov.uk/government/uploads/system/uploads/attachment_data/file/976210/India_-_SOGIE_-_CPIN_-_V4.0_-_April_2021_ext.pdf,assets.publishing.service.gov.uk,application/pdf,44MYI2TOO5DY2ZWZTELG44HH5IIX6HZO,540806,189061877,India: Sexual orientation and gender identity and expression,en,PDF
"uk,gov,service,publishing,assets)/media/5f9fd152e90e07041299b9b2/appeal-pf1-and-bundles-guidance-v4.0ext.pdf",20250604215815,https://assets.publishing.service.gov.uk/media/5f9fd152e90e07041299b9b2/appeal-pf1-and-bundles-guidance-v4.0ext.pdf,assets.publishing.service.gov.uk,application/pdf,TLNX3L2Z3LCUQNTCCV2X4HATHIQFCTCE,236116,372282525,Bundles: preparing appeal PF1,en,PDF
"uk,ac,ids,opendocs)/opendocs/bitstream/handle/20.500.12413/13055/k4d_hdr_persecution%20of%20christians%20in%20the%20middle%20east.pdf?sequence=142",20211201160044,https://opendocs.ids.ac.uk/opendocs/bitstream/handle/20.500.12413/13055/K4D_HDR_Persecution%20of%20Christians%20in%20the%20Middle%20East.pdf?sequence=142,opendocs.ids.ac.uk,application/pdf,V3ZI7NPDZEDP73QXFVML3XTGLGTZZ2KI,260758,353267973,K4D_HDR_Persecution%20of%20Christians%20in%20the%20Middle%20East.pdf?sequence=142,en,PDF
"uk,gov,service,publishing,assets)/government/uploads/system/uploads/attachment_data/file/826146/external_jamaica_-_actors_of_protection_-_cpin_-_v1.0__august_2019_.pdf",20220922233433,https://assets.publishing.service.gov.uk/government/uploads/system/uploads/attachment_data/file/826146/External_Jamaica_-_Actors_of_Protection_-_CPIN_-_v1.0__August_2019_.pdf,assets.publishing.service.gov.uk,application/pdf,2LVIZKQ6GYSF7LOQTKW4MDLBY2UMQK6G,233589,310442408,Jamaica - Actors of Protection - CPIN - v1.0 (August 2019),en,PDF
"uk,gov,service,publishing,assets)/media/62b2d583e90e0765d523ca79/irn_cpin_sexual_orientation_and_gender_identity_or_expression.pdf",20250509022725,https://assets.publishing.service.gov.uk/media/62b2d583e90e0765d523ca79/IRN_CPIN_Sexual_orientation_and_gender_identity_or_expression.pdf,assets.publishing.service.gov.uk,application/pdf,JLUNHJPDRZGC2CVK4FQZBSAUA4JYTT3R,495975,340923507,IRN CPIN Sexual orientation and gender identity or expression,en,PDF
"uk,gov,service,publishing,assets)/government/uploads/system/uploads/attachment_data/file/948168/cameroon_-_aofp_-_cpin_-_v1.0__final__gov.uk.pdf",20230803203302,https://assets.publishing.service.gov.uk/government/uploads/system/uploads/attachment_data/file/948168/Cameroon_-_AofP_-_CPIN_-_v1.0__final__Gov.uk.pdf,assets.publishing.service.gov.uk,application/pdf,3R6JX4R37YBMZGHIHKGP7HOPIIFGCAC4,396829,329374995,cameroon actors of protection,en,PDF
"uk,gov)/government/uploads/system/uploads/attachment_data/file/598136/jamaica_-_org_crim_gangs_-_cpin_-_feb_2017_-_v.2.pdf",20170428133104,https://www.gov.uk/government/uploads/system/uploads/attachment_data/file/598136/Jamaica_-_Org_Crim_Gangs_-_CPIN_-_Feb_2017_-_v.2.pdf,www.gov.uk,application/pdf,ODBP73PQCUOVNRIEOZ7FKFYXIDD4GT6V,458782,74558994,Jamaica_-_Org_Crim_Gangs_-_CPIN_-_Feb_2017_-_v.2.pdf,en,PDF
"uk,gov,service,publishing,assets)/media/646e0e0624315700136f41a3/pak_cpin_actors_of_protection.pdf",20240711171720,https://assets.publishing.service.gov.uk/media/646e0e0624315700136f41a3/PAK_CPIN_actors_of_protection.pdf,assets.publishing.service.gov.uk,application/pdf,KEXDDZXI5ZNTE2UALSUUZTOQED6S4DBA,456588,471353743,PAK CPIN actors of protection,en,PDF
"uk,gov,service,publishing,assets)/government/uploads/system/uploads/attachment_data/file/1039877/ind_cpin_religious_minorities_and_scheduled_castes_and_tribes.pdf",20230705111007,https://assets.publishing.service.gov.uk/government/uploads/system/uploads/attachment_data/file/1039877/IND_CPIN_Religious_minorities_and_Scheduled_Castes_and_Tribes.pdf,assets.publishing.service.gov.uk,application/pdf,NZBAGJJTJHEL2A7GSYKQTQ4ZUGTQQEPA,1087975,209977970,IND CPIN Religious minorities and Scheduled Castes and Tribes,en,PDF
"uk,gov,service,publishing,assets)/media/5feb153fe90e0711ffe07d15/cameroon_-_aofp_-_cpin_-_v1.0__final__gov.uk.pdf",20240308173100,https://assets.publishing.service.gov.uk/media/5feb153fe90e0711ffe07d15/Cameroon_-_AofP_-_CPIN_-_v1.0__final__Gov.uk.pdf,assets.publishing.service.gov.uk,application/pdf,3R6JX4R37YBMZGHIHKGP7HOPIIFGCAC4,396851,348300844,cameroon actors of protection,en,PDF
"uk,gov,service,publishing,assets)/media/62865bb2e90e071f5b6723f5/chn_cpin_contravention_of_national_population_and_family-planning_laws.pdf",20250612202156,https://assets.publishing.service.gov.uk/media/62865bb2e90e071f5b6723f5/CHN_CPIN_Contravention_of_national_population_and_family-planning_laws.pdf,assets.publishing.service.gov.uk,application/pdf,AKCOOERJ6JBRAEPGA5BYQ3QZFS2C3HS6,888737,218160802,CHN CPIN Contravention of national population and family-planning laws,en,PDF
"com,amazonaws,s3,moj-tribunals-documents-prod)/decision/pdf_file/75635/hu196802019.pdf",20231201064914,https://moj-tribunals-documents-prod.s3.amazonaws.com/decision/pdf_file/75635/HU196802019.pdf,moj-tribunals-documents-prod.s3.amazonaws.com,application/pdf,6DAIGIQCJ7BMFOK63PGOUJNKB376ACTB,133331,305933344,HU196802019.pdf,en,PDF
"uk,gov,service,publishing,assets)/government/uploads/system/uploads/attachment_data/file/1158905/pak_cpin_actors_of_protection.pdf",20240703014557,https://assets.publishing.service.gov.uk/government/uploads/system/uploads/attachment_data/file/1158905/PAK_CPIN_actors_of_protection.pdf,assets.publishing.service.gov.uk,application/pdf,KEXDDZXI5ZNTE2UALSUUZTOQED6S4DBA,456598,210543552,PAK CPIN actors of protection,en,PDF
"com,amazonaws,s3,moj-tribunals-documents-prod)/decision/pdf_file/75046/pa092782019.pdf",20231201065330,https://moj-tribunals-documents-prod.s3.amazonaws.com/decision/pdf_file/75046/PA092782019.pdf,moj-tribunals-documents-prod.s3.amazonaws.com,application/pdf,P3VVWPNGBJ3RRJEDNOJIHVKKHKPPN5AL,138624,461110755,PA092782019.pdf,en,PDF
"uk,gov)/government/uploads/system/uploads/attachment_data/file/573349/cpin_-_china_-_falun_gong_-_v1_0.pdf",20170426190135,https://www.gov.uk/government/uploads/system/uploads/attachment_data/file/573349/CPIN_-_China_-_Falun_Gong_-_v1_0.pdf,www.gov.uk,application/pdf,AKD3NQ35EQZXSBWP7KDDQWLRKSYBXWBF,277462,53126960,CPIN - China - Falun Gong - v1.0 (November 2016),en,PDF
"com,amazonaws,s3,moj-tribunals-documents-prod)/decision/pdf_file/74474/hu227882018.pdf",20231201065343,https://moj-tribunals-documents-prod.s3.amazonaws.com/decision/pdf_file/74474/HU227882018.pdf,moj-tribunals-documents-prod.s3.amazonaws.com,application/pdf,QMYDQDXR6PEBLT72UNEDXBFKJ4QFLFYB,135082,469822777,HU227882018.pdf,en,PDF
"uk,gov,service,publishing,assets)/media/62c460e8d3bf7f2ffaa4a9b0/chn_cpin_hong_kong_national_security_law.pdf",20250425211325,https://assets.publishing.service.gov.uk/media/62c460e8d3bf7f2ffaa4a9b0/CHN_CPIN_Hong_Kong_National_Security_Law.pdf,assets.publishing.service.gov.uk,application/pdf,YI2J2DBKO4BC5TWXXJAEGWHBX7TD22HH,569351,414448281,CHN CPIN Hong Kong National Security Law,en,PDF
"uk,gov,service,publishing,assets)/media/6757036243b2de5fee8daea0/syr_cpin_returnees_withdrawn_9_dec_2024_-_do_not_use.pdf",20250604182128,https://assets.publishing.service.gov.uk/media/6757036243b2de5fee8daea0/SYR_CPIN_Returnees_WITHDRAWN_9_DEC_2024_-_DO_NOT_USE.pdf,assets.publishing.service.gov.uk,application/pdf,LNUWI3G7WPWYVPPRRESMDD3UOAMEXRFO,930292,254718136,SYR CPIN Returnees,en,PDF
"com,amazonaws,s3,moj-tribunals-documents-prod)/decision/pdf_file/74823/pa075312018.pdf",20231201065200,https://moj-tribunals-documents-prod.s3.amazonaws.com/decision/pdf_file/74823/PA075312018.pdf,moj-tribunals-documents-prod.s3.amazonaws.com,application/pdf,2HEFPJ6MRGAK566S4QV3GK5LEOJCUXYG,137798,407293306,PA075312018.pdf,en,PDF
"uk,gov,service,publishing,assets)/media/61812585d3bf7f56077ce7f3/afg_cpin_medical_and_healthcare.pdf",20250604144639,https://assets.publishing.service.gov.uk/media/61812585d3bf7f56077ce7f3/AFG_CPIN_Medical_and_healthcare.pdf,assets.publishing.service.gov.uk,application/pdf,PTR4R7KI2R22DSNHJ2DU745RV647RNU2,319532,235598616,AFG CPIN Medical and healthcare,en,PDF
"com,amazonaws,s3,moj-tribunals-documents-prod)/decision/pdf_file/71979/pa041712019.pdf",20230601105822,https://moj-tribunals-documents-prod.s3.amazonaws.com/decision/pdf_file/71979/PA041712019.pdf,moj-tribunals-documents-prod.s3.amazonaws.com,application/pdf,U36FFXEBJV6NIHF4MS6RIBZEQP6EIX2X,157521,480162441,PA041712019.pdf,en,PDF
"uk,gov,service,publishing,assets)/government/uploads/system/uploads/attachment_data/file/1120933/egy_cpin_opposition_to_state.pdf",20231204102243,https://assets.publishing.service.gov.uk/government/uploads/system/uploads/attachment_data/file/1120933/EGY_CPIN_Opposition_to_state.pdf,assets.publishing.service.gov.uk,application/pdf,5NKS2MFRCIENISU7KAWQ6CUIBJKHB6ET,529180,42734071,EGY CPIN Opposition to state,en,PDF
"uk,gov)/government/uploads/system/uploads/attachment_data/file/607266/cpin_-_turkey_-_gulenists_-_v1.pdf",20170426183833,https://www.gov.uk/government/uploads/system/uploads/attachment_data/file/607266/CPIN_-_Turkey_-_Gulenists_-_v1.pdf,www.gov.uk,application/pdf,T5FQFJX6KU33M2WETT3FLJN6SUIWDBD7,647382,63775955,CPIN - Turkey - Gulenists - v1.0 (DRAFT),en,PDF
"com,amazonaws,s3,moj-tribunals-documents-prod)/decision/pdf_file/69618/pa135722018.pdf",20231201070526,https://moj-tribunals-documents-prod.s3.amazonaws.com/decision/pdf_file/69618/PA135722018.pdf,moj-tribunals-documents-prod.s3.amazonaws.com,application/pdf,4TIZ74GF7XKNB652I7UTPXB6GWBUIZZL,163141,355537169,PA135722018.pdf,en,PDF
"uk,gov,service,publishing,assets)/government/uploads/system/uploads/attachment_data/file/852768/cpin-iran-illegal-exit_-_ext.pdf",20220504185251,https://assets.publishing.service.gov.uk/government/uploads/system/uploads/attachment_data/file/852768/cpin-iran-illegal-exit_-_ext.pdf,assets.publishing.service.gov.uk,application/pdf,SIVEPWXWCURZK7RI72HFUYPYDUEYO45P,303803,328247914,cpin-iran-illegal-exit_-_ext.pdf,en,PDF
"uk,gov,service,publishing,assets)/government/uploads/system/uploads/attachment_data/file/1014171/sri_lanka_-_religious_minorities_-_cpin_-_v2.0_-_august_2021.pdf",20230705121501,https://assets.publishing.service.gov.uk/government/uploads/system/uploads/attachment_data/file/1014171/Sri_Lanka_-_Religious_Minorities_-_CPIN_-_v2.0_-_August_2021.pdf,assets.publishing.service.gov.uk,application/pdf,TPECESK3NMQI56H4CP3JGGX2YA7TPG4L,625777,277160052,CPIN - Sri Lanka - Religious minorities - August 2021,en,PDF
"uk,gov,service,publishing,assets)/government/uploads/system/uploads/attachment_data/file/686072/china_-_background_-_cpin_-_v2.0_march_2018_.pdf",20221117204250,https://assets.publishing.service.gov.uk/government/uploads/system/uploads/attachment_data/file/686072/China_-_Background_-_CPIN_-_v2.0_March_2018_.pdf,assets.publishing.service.gov.uk,application/pdf,3E2R72HPXLCA4MQDDG5G4AY7SA6D6JOV,903021,365478517,China - Background - CPIN - v2.0 (February 2018),en,PDF
"uk,co,healthwatch,nds)/sites/default/files/reports_library/202202017_oxfordshire_voices-of-oxfordshires-albanian-community.pdf",20250506062054,https://nds.healthwatch.co.uk/sites/default/files/reports_library/202202017_Oxfordshire_Voices-of-Oxfordshires-Albanian-community.pdf,nds.healthwatch.co.uk,application/pdf,7A52OVJF3BNWOUZPTG7WVU3LEE3RCTFI,366200,177232592,HW Guidance,en,PDF
"uk,gov)/government/uploads/system/uploads/attachment_data/file/566672/cpin-drc-po-lopps-v1-november-2016.pdf",20161220182623,https://www.gov.uk/government/uploads/system/uploads/attachment_data/file/566672/CPIN-DRC-Po-lOpps-v1-November-2016.pdf,www.gov.uk,application/pdf,5EBRGDWSXE4XPN4G43AWURAPTHVGNSMB,328690,82046229,CIG Template,en,PDF
"uk,gov,service,publishing,assets)/government/uploads/system/uploads/attachment_data/file/818130/query-12-gaza-mapping.pdf",20230804144053,https://assets.publishing.service.gov.uk/government/uploads/system/uploads/attachment_data/file/818130/query-12-Gaza-mapping.pdf,assets.publishing.service.gov.uk,application/pdf,UOQPEBBDRTBVMXMYP67DYK7SPWESFDFE,283400,184439621,"Disability in Gaza: policy, barriers to inclusion and a mapping of interventions",en,PDF
"uk,judiciary)/wp-content/uploads/2022/07/hussain-and-ga-v-sshd-judgment.pdf",20231201062742,https://www.judiciary.uk/wp-content/uploads/2022/07/Hussain-and-GA-v-SSHD-judgment.pdf,www.judiciary.uk,application/pdf,NNEOH655KF2GB2ZT3A2G45Z5YDIP3GIX,378311,59881448,Hussain and GA v SSHD judgment.docx,en,PDF
"com,amazonaws,s3,moj-tribunals-documents-prod)/decision/pdf_file/56578/pa045492016.pdf",20231201073350,https://moj-tribunals-documents-prod.s3.amazonaws.com/decision/pdf_file/56578/PA045492016.pdf,moj-tribunals-documents-prod.s3.amazonaws.com,application/pdf,S4C42HYXUQBCGWVPTU3F3AOIHVP5MYE2,138921,261842835,PA045492016.pdf,en,PDF
"com,amazonaws,s3,moj-tribunals-documents-prod)/decision/pdf_file/69091/pa051832019.pdf",20231201070856,https://moj-tribunals-documents-prod.s3.amazonaws.com/decision/pdf_file/69091/PA051832019.pdf,moj-tribunals-documents-prod.s3.amazonaws.com,application/pdf,YVGYP33F7G5M34U3SRAXETHS7QJ4DP7T,144465,469926372,PA051832019.pdf,en,PDF
"uk,gov)/government/uploads/system/uploads/attachment_data/file/565636/cpin-eritrea-religious-groups-v2-october-2016.pdf",20161220182559,https://www.gov.uk/government/uploads/system/uploads/attachment_data/file/565636/CPIN-Eritrea-Religious-Groups-v2-October-2016.pdf,www.gov.uk,application/pdf,VL4JCG73GP4A6CDOOABW4OTGBV6VNUTT,214798,74716820,CPIN - Eritrea - Religious Groups - v2.0 (October 2016),en,PDF
"uk,gov,service,publishing,assets)/government/uploads/system/uploads/attachment_data/file/994246/sri_lanka_-_tamil_separatism_-_cpin_-_june_2021_-_ext.pdf",20220902192658,https://assets.publishing.service.gov.uk/government/uploads/system/uploads/attachment_data/file/994246/Sri_Lanka_-_Tamil_separatism_-_CPIN_-_June_2021_-_ext.pdf,assets.publishing.service.gov.uk,application/pdf,47WJZ6B2DMZP4EOJTCV4NR6LS6RCPHIU,241529,442995397,Sri Lanka - Tamil separatism - CPIN - June 2021,en,PDF
"uk,gov,service,publishing,assets)/media/5d2f2646e5274a14e426d01c/query-12-gaza-mapping.pdf?ref=disabilitydebrief.org",20240111113305,https://assets.publishing.service.gov.uk/media/5d2f2646e5274a14e426d01c/query-12-Gaza-mapping.pdf?ref=disabilitydebrief.org,assets.publishing.service.gov.uk,application/pdf,UOQPEBBDRTBVMXMYP67DYK7SPWESFDFE,283399,2490944758,"Disability in Gaza: policy, barriers to inclusion and a mapping of interventions",en,PDF
"uk,gov,service,publishing,assets)/government/uploads/system/uploads/attachment_data/file/975221/iraq_-_honour_crimes_-_cpin_-_v2.0_-_march_2021_-_ext.pdf",20230705234928,https://assets.publishing.service.gov.uk/government/uploads/system/uploads/attachment_data/file/975221/Iraq_-_Honour_Crimes_-_CPIN_-_v2.0_-_March_2021_-_EXT.pdf,assets.publishing.service.gov.uk,application/pdf,4ZT7CZLNRMCN6P7OCGOZQF436NCZRE6Q,1007705,61672581,Iraq - Honour Crimes - CPIN - v2.0 - March 2021,en,PDF
"uk,gov,service,publishing,assets)/government/uploads/system/uploads/attachment_data/file/731885/pakistan_-_medical_and_healthcare_cpinv2.0.pdf",20200405163619,https://assets.publishing.service.gov.uk/government/uploads/system/uploads/attachment_data/file/731885/Pakistan_-_Medical_and_Healthcare_CPINv2.0.pdf,assets.publishing.service.gov.uk,application/pdf,ZEMERN4RWOBJGSVLLGJVIOZJTR7XLGKT,639633,449218135,Pakistan - Medical and Healthcare - CPIN - v2.0 (August 2018),en,PDF
"uk,gov,service,publishing,assets)/government/uploads/system/uploads/attachment_data/file/883982/alb_-_mental_health_-_cpin_-_v1.0_2020.05.07_pdf1.pdf",20200512041619,https://assets.publishing.service.gov.uk/government/uploads/system/uploads/attachment_data/file/883982/ALB_-_Mental_Health_-_CPIN_-_V1.0_2020.05.07_pdf1.pdf,assets.publishing.service.gov.uk,application/pdf,JWJUKIBCXEAJVWP6RZBJFUG5YTCGKKFF,359092,345620215,"Albania: Mental Health, May 2020",en,PDF
"uk,gov,service,publishing,assets)/government/uploads/system/uploads/attachment_data/file/678301/malawi_-_sogi_-_cpin_-_v3.0__february_2017_.pdf",20200404085443,https://assets.publishing.service.gov.uk/government/uploads/system/uploads/attachment_data/file/678301/Malawi_-_SOGI_-_CPIN_-_v3.0__February_2017_.pdf,assets.publishing.service.gov.uk,application/pdf,5WCRVEPUBSVORZIMMGXBB45MVODDFGC2,354080,378744970,Malawi - SOGI - CPIN - v3.0 (February 2017),en,PDF
"uk,gov,service,publishing,assets)/media/5d2f2646e5274a14e426d01c/query-12-gaza-mapping.pdf",20240305133652,https://assets.publishing.service.gov.uk/media/5d2f2646e5274a14e426d01c/query-12-Gaza-mapping.pdf,assets.publishing.service.gov.uk,application/pdf,UOQPEBBDRTBVMXMYP67DYK7SPWESFDFE,283412,482858113,"Disability in Gaza: policy, barriers to inclusion and a mapping of interventions",en,PDF
"uk,gov,service,publishing,assets)/government/uploads/system/uploads/attachment_data/file/931834/_e__egypt_-_christians_-_cpin_v4.0.pdf",20230704192111,https://assets.publishing.service.gov.uk/government/uploads/system/uploads/attachment_data/file/931834/_E__Egypt_-_Christians_-_CPIN_v4.0.pdf,assets.publishing.service.gov.uk,application/pdf,L24L5UIPBE2ZYEYXHSKBYQROHG4L4IUX,518418,444279369,CPIN Template - January 2020,en,PDF
"uk,gov,service,publishing,assets)/government/uploads/system/uploads/attachment_data/file/761740/inspection_of_country_of_origin_information__may_2018..pdf",20240126111844,https://assets.publishing.service.gov.uk/government/uploads/system/uploads/attachment_data/file/761740/Inspection_of_Country_of_Origin_Information__May_2018..pdf,assets.publishing.service.gov.uk,application/pdf,OXGTF57YOO55VJDITUFLRCNBBTI7LPEB,1173030,51346926,Inspection_of_Country_of_Origin_Information__May_2018..pdf,en,PDF
"uk,gov,service,publishing,assets)/government/uploads/system/uploads/attachment_data/file/1116804/alb_cin_medical_and_healthcare.pdf",20230602170002,https://assets.publishing.service.gov.uk/government/uploads/system/uploads/attachment_data/file/1116804/ALB_CIN_Medical_and_healthcare.pdf,assets.publishing.service.gov.uk,application/pdf,EZVM2ZDQJSHV7QFMS7FDAAJB5CRQ7EXE,457863,230034630,ALB CIN Medical and healthcare,en,PDF
"com,amazonaws,s3,moj-tribunals-documents-prod)/decision/pdf_file/75841/pa048712016.pdf",20221201133409,https://moj-tribunals-documents-prod.s3.amazonaws.com/decision/pdf_file/75841/PA048712016.pdf,moj-tribunals-documents-prod.s3.amazonaws.com,application/pdf,JIBDYIJG3H2TVS2LU76QUG2NTOQLLYRC,175222,435271908,PA048712016.pdf,en,PDF
"uk,gov,service,publishing,assets)/government/uploads/system/uploads/attachment_data/file/631316/an-inspection-of-country-of-origin-information.pdf",20220511082555,https://assets.publishing.service.gov.uk/government/uploads/system/uploads/attachment_data/file/631316/An-Inspection-of-Country-of-Origin-Information.pdf,assets.publishing.service.gov.uk,application/pdf,KLO2SGKNNRCC63YXMSBDIDPUFNTVCX2O,4914895,446301393,An-Inspection-of-Country-of-Origin-Information.pdf,en,PDF
"com,amazonaws,s3,moj-tribunals-documents-prod)/decision/pdf_file/54891/pa046632016.pdf",20231201075940,https://moj-tribunals-documents-prod.s3.amazonaws.com/decision/pdf_file/54891/PA046632016.pdf,moj-tribunals-documents-prod.s3.amazonaws.com,application/pdf,FNBZVFEKG7WDUUM3AEFT5R6PD5KOAJEO,132072,84827234,PA046632016.pdf,en,PDF
"uk,gov,service,publishing,assets)/government/uploads/system/uploads/attachment_data/file/1039053/sri_lanka_final_pdf.pdf",20220422194420,https://assets.publishing.service.gov.uk/government/uploads/system/uploads/attachment_data/file/1039053/Sri_Lanka_Final_PDF.pdf,assets.publishing.service.gov.uk,application/pdf,DO25HJLZDZLWJVDJ7BP2S5UDAI4GCFQY,680223,616,Sri Lanka sexual orientation and gender identity and expression,en,PDF
"uk,gov,service,publishing,assets)/government/uploads/system/uploads/attachment_data/file/825873/ethiopia__-_oppn_-_cpin_-_v3.0e__august_2019_.pdf",20200510054125,https://assets.publishing.service.gov.uk/government/uploads/system/uploads/attachment_data/file/825873/Ethiopia__-_Oppn_-_CPIN_-_v3.0e__August_2019_.pdf,assets.publishing.service.gov.uk,application/pdf,3BTOREJJSAVQVW55HRZNV2LKP6R7HUMO,1155084,494224810,Ethiopia  - Oppn - CPIN - v3.0 (August 2019),en,PDF
"uk,gov,service,publishing,assets)/media/6131df92e90e07043e85df81/irq_cpin_sexual_orientation__and_gender_identity_and_expression.pdf",20231104212136,https://assets.publishing.service.gov.uk/media/6131df92e90e07043e85df81/IRQ_CPIN_Sexual_orientation__and_gender_identity_and_expression.pdf,assets.publishing.service.gov.uk,application/pdf,RLURFZ4LIEEVVEN24Z72ZZ7OLE2U4ZDW,412710,72570865,"IRQ CPIN Sexual orientation, and gender identity and expression.docx",en,PDF
"com,amazonaws,s3,moj-tribunals-documents-prod)/decision/pdf_file/54365/pa018302015.pdf",20211201135209,https://moj-tribunals-documents-prod.s3.amazonaws.com/decision/pdf_file/54365/PA018302015.pdf,moj-tribunals-documents-prod.s3.amazonaws.com,application/pdf,5O3A4RUSCQMGIN52FBVFE2ROE2AWOY3D,184779,64456856,PA018302015.pdf,en,PDF
"uk,gov,service,publishing,assets)/media/5c079df840f0b6705f11cf31/inspection_of_country_of_origin_information__may_2018..pdf",20240131203809,https://assets.publishing.service.gov.uk/media/5c079df840f0b6705f11cf31/Inspection_of_Country_of_Origin_Information__May_2018..pdf,assets.publishing.service.gov.uk,application/pdf,OXGTF57YOO55VJDITUFLRCNBBTI7LPEB,1173019,233094117,Inspection_of_Country_of_Origin_Information__May_2018..pdf,en,PDF
"uk,gov,service,publishing,assets)/media/5c938f2ded915d07a3220e75/_e__sudan_-_returnees_-_cpin_-_v4.0__july_2018_.pdf",20240809221909,https://assets.publishing.service.gov.uk/media/5c938f2ded915d07a3220e75/_E__Sudan_-_Returnees_-_CPIN_-_v4.0__July_2018_.pdf,assets.publishing.service.gov.uk,application/pdf,4URXWHBUUAHFJ6UXXLHXV4QSGNCFKQMD,672834,475325145,Sudan - Returnees - CPIN - v4.0 (July 2018),en,PDF
"uk,gov,service,publishing,assets)/government/uploads/system/uploads/attachment_data/file/986707/political_parties_and_affiliation_-_v.0.1.pdf",20230909195400,https://assets.publishing.service.gov.uk/government/uploads/system/uploads/attachment_data/file/986707/Political_parties_and_affiliation_-_v.0.1.pdf,assets.publishing.service.gov.uk,application/pdf,4SIKWSHBG677SMTWA3PKQPXD7ZY2ZMEM,477388,379269031,CPIN Template - January 2020,en,PDF
"uk,gov,service,publishing,assets)/media/65cf4870e1bdec001a32223b/eth+cpin+background+information_+including+internal+relocation.pdf",20241223184358,https://assets.publishing.service.gov.uk/media/65cf4870e1bdec001a32223b/ETH+CPIN+Background+information_+including+internal+relocation.pdf,assets.publishing.service.gov.uk,application/pdf,VYX64LANPSB3JRPXT5SAUX72SQTN2HKZ,984091,13618699,"ETH CPIN Background information, including internal relocation",en,PDF
"uk,gov,service,publishing,assets)/government/uploads/system/uploads/attachment_data/file/1015024/irq_cpin_sexual_orientation__and_gender_identity_and_expression.pdf",20230802151049,https://assets.publishing.service.gov.uk/government/uploads/system/uploads/attachment_data/file/1015024/IRQ_CPIN_Sexual_orientation__and_gender_identity_and_expression.pdf,assets.publishing.service.gov.uk,application/pdf,RLURFZ4LIEEVVEN24Z72ZZ7OLE2U4ZDW,412713,404170233,"IRQ CPIN Sexual orientation, and gender identity and expression.docx",en,PDF
"uk,gov,service,publishing,assets)/media/676e758e3229e84d9bbdea6b/gha+cpin+internal+relocation.pdf",20250605072808,https://assets.publishing.service.gov.uk/media/676e758e3229e84d9bbdea6b/GHA+CPIN+Internal+relocation.pdf,assets.publishing.service.gov.uk,application/pdf,SAMVRULEJ6FBOJTTJ2NQJEOIZRSBNUSS,2068995,8267149,GHA CPIN Internal relocation,en,PDF
"uk,gov,service,publishing,assets)/media/609ea185e90e07356e2bbc17/political_parties_and_affiliation_-_v.0.1.pdf",20231218205314,https://assets.publishing.service.gov.uk/media/609ea185e90e07356e2bbc17/Political_parties_and_affiliation_-_v.0.1.pdf,assets.publishing.service.gov.uk,application/pdf,4SIKWSHBG677SMTWA3PKQPXD7ZY2ZMEM,477377,2349582,CPIN Template - January 2020,en,PDF
"uk,gov,service,publishing,assets)/media/613776b7d3bf7f05b694d5f6/pak_cpin_ahmadis.pdf",20250306215511,https://assets.publishing.service.gov.uk/media/613776b7d3bf7f05b694d5f6/PAK_CPIN_Ahmadis.pdf,assets.publishing.service.gov.uk,application/pdf,7DN7DO5N2THNNB2253EB3X4IVB3SEVR7,918408,296819545,PAK CPIN Ahmadis,en,PDF
"uk,gov,service,publishing,assets)/media/59786a0040f0b65dcb00000a/042-persecution-of-christians-in-the-middle-east.pdf",20240107120113,https://assets.publishing.service.gov.uk/media/59786a0040f0b65dcb00000a/042-Persecution-of-Christians-in-the-Middle-East.pdf,assets.publishing.service.gov.uk,application/pdf,DVUQUURHLTRWC5PLWFMD5MLYYT6YXJXZ,246993,435498228,042-Persecution-of-Christians-in-the-Middle-East.pdf,en,PDF
"uk,gov,service,publishing,assets)/media/5e56433386650c10f1affe1c/reintegration_of_idps_and_refugees_final_report.pdf",20200305233714,https://assets.publishing.service.gov.uk/media/5e56433386650c10f1affe1c/Reintegration_of_IDPs_and_Refugees_Final_Report.pdf,assets.publishing.service.gov.uk,application/pdf,FTELOZZM4TQJ2ON2TV42NQPX542J5B6C,883618,130838062,Microsoft Word - 8a35-cff1-e429-8d8e,en,PDF
"org,gsdrc)/wp-content/uploads/2017/06/042-persecution-of-christians-in-the-middle-east.pdf",20230901110752,https://gsdrc.org/wp-content/uploads/2017/06/042-Persecution-of-Christians-in-the-Middle-East.pdf,gsdrc.org,application/pdf,DVUQUURHLTRWC5PLWFMD5MLYYT6YXJXZ,246882,388834591,042-Persecution-of-Christians-in-the-Middle-East.pdf,en,PDF
"uk,gov,service,publishing,assets)/media/65671647750074000d1dedd8/npl+cpin+political+affiliation.pdf",20240207051441,https://assets.publishing.service.gov.uk/media/65671647750074000d1dedd8/NPL+CPIN+Political+affiliation.pdf,assets.publishing.service.gov.uk,application/pdf,QCMLDFLMQQSHRTAA4SDPKCBYCO7KC2NW,549775,81084984,NPL CPIN Political affiliation,en,PDF
"uk,gov,service,publishing,assets)/government/uploads/system/uploads/attachment_data/file/1062352/irn_cpin_social_media__surveillance_and_sur_place_activities.pdf",20230705035017,https://assets.publishing.service.gov.uk/government/uploads/system/uploads/attachment_data/file/1062352/IRN_CPIN_Social_media__surveillance_and_sur_place_activities.pdf,assets.publishing.service.gov.uk,application/pdf,LZGAVI3A23ZEIZRQSCTSIPFACHFDUBCT,503361,376299662,"IRN CPIN Social media, surveillance and sur place activities",en,PDF
"uk,gov,service,publishing,assets)/media/668ef326a3c2a28abb50cd72/pak+cpin+actors+of+protection__2_.pdf",20250612201533,https://assets.publishing.service.gov.uk/media/668ef326a3c2a28abb50cd72/PAK+CPIN+actors+of+protection__2_.pdf,assets.publishing.service.gov.uk,application/pdf,L7BAC62RDBSQ5UO3SUBO4SYHLXCGAN7O,444087,13686276,PAK CPIN actors of protection,en,PDF
"uk,gov,service,publishing,assets)/media/5fda21508fa8f54d58640da7/_e__cpin_sudan_-_nuba_december_2020.pdf",20240117225844,https://assets.publishing.service.gov.uk/media/5fda21508fa8f54d58640da7/_E__CPIN_Sudan_-_Nuba_December_2020.pdf,assets.publishing.service.gov.uk,application/pdf,57HNQDA4JJC5UXSB5U7PFOFOHH5MQWDN,344226,8378266,CPIN Template - January 2020,en,PDF
"uk,gov,service,publishing,assets)/government/uploads/system/uploads/attachment_data/file/1003788/nga_-_islamist_extremist_groups_in_north_east_nigeria_-_cpin_-_v3.0__final_gov_uk_.pdf",20230903012559,https://assets.publishing.service.gov.uk/government/uploads/system/uploads/attachment_data/file/1003788/NGA_-_Islamist_extremist_groups_in_North_East_Nigeria_-_CPIN_-_v3.0__FINAL_Gov_UK_.pdf,assets.publishing.service.gov.uk,application/pdf,VXG24TUNEAD35ATDC2U65QMG36MQGG72,1185730,155737773,CPIN Template - January 2020,en,PDF
"uk,gov,service,publishing,assets)/media/684feddb06337b7382f79e57/bgd+cpin+religious+minorities+and+atheists.pdf",20250618172218,https://assets.publishing.service.gov.uk/media/684feddb06337b7382f79e57/BGD+CPIN+Religious+minorities+and+atheists.pdf,assets.publishing.service.gov.uk,application/pdf,TFXALOEQTXG2U6RDJZ456R2IF6TO3LCY,901010,246616249,BGD CPIN Religious minorities and atheists.docx,en,PDF
"uk,gov,service,publishing,assets)/government/uploads/system/uploads/attachment_data/file/711142/restricted-leave-v3.0ext.pdf",20200405134510,https://assets.publishing.service.gov.uk/government/uploads/system/uploads/attachment_data/file/711142/restricted-leave-v3.0ext.pdf,assets.publishing.service.gov.uk,application/pdf,K4GRCXYCIAEUVLPQUKC3CCXAC5KCSSAY,489236,41902716,restricted leave,en,PDF
"uk,gov,service,publishing,assets)/government/uploads/system/uploads/attachment_data/file/812958/ghana_-_medical_and_healthcare_-_cpin_-_v1.0__gov.uk_.pdf",20220511095406,https://assets.publishing.service.gov.uk/government/uploads/system/uploads/attachment_data/file/812958/Ghana_-_Medical_and_Healthcare_-_CPIN_-_v1.0__GOV.UK_.pdf,assets.publishing.service.gov.uk,application/pdf,SXGNAFXM6KWQYELFV7KW6ULHPGYR5A3Z,617210,110247483,Ghana_-_Medical_and_Healthcare_-_CPIN_-_v1.0__GOV.UK_.pdf,en,PDF
"uk,gov,service,publishing,assets)/media/612dfeb08fa8f53dd0d601b7/sri_lanka_-_religious_minorities_-_cpin_-_v2.0_-_august_2021.pdf",20250206052529,https://assets.publishing.service.gov.uk/media/612dfeb08fa8f53dd0d601b7/Sri_Lanka_-_Religious_Minorities_-_CPIN_-_v2.0_-_August_2021.pdf,assets.publishing.service.gov.uk,application/pdf,TPECESK3NMQI56H4CP3JGGX2YA7TPG4L,625821,404830713,CPIN - Sri Lanka - Religious minorities - August 2021,en,PDF
"uk,gov,service,publishing,assets)/government/uploads/system/uploads/attachment_data/file/945107/_e__cpin_sudan_-_nuba_december_2020.pdf",20230707204406,https://assets.publishing.service.gov.uk/government/uploads/system/uploads/attachment_data/file/945107/_E__CPIN_Sudan_-_Nuba_December_2020.pdf,assets.publishing.service.gov.uk,application/pdf,57HNQDA4JJC5UXSB5U7PFOFOHH5MQWDN,344214,367306495,CPIN Template - January 2020,en,PDF
"uk,gov,service,publishing,assets)/media/5ee21497d3bf7f1eb4a1b4f9/kenya_-_internal_relocation_-_cpin_-_v1.0_.pdf",20240107212826,https://assets.publishing.service.gov.uk/media/5ee21497d3bf7f1eb4a1b4f9/Kenya_-_internal_relocation_-_CPIN_-_v1.0_.pdf,assets.publishing.service.gov.uk,application/pdf,NW2X6MECNU3KHRMAQ4ARZ3UIS6XWVFOD,362386,357751809,CPIN Template 2018 - v3,en,PDF
"uk,gov,service,publishing,assets)/government/uploads/system/uploads/attachment_data/file/736479/nigeria_-_medical_and_healthcare_-_cpin_-_v2.0__august_2018__ext.pdf",20200106100241,https://assets.publishing.service.gov.uk/government/uploads/system/uploads/attachment_data/file/736479/Nigeria_-_Medical_and_Healthcare_-_CPIN_-_v2.0__August_2018__Ext.pdf,assets.publishing.service.gov.uk,application/pdf,4LDDUEFAXZO6Y46F7SUTIXR5AG75QH3I,714111,265497721,Nigeria - Medical and Healthcare - CPIN - v2.0 (August 2018),en,PDF
"com,amazonaws,s3,moj-tribunals-documents-prod)/decision/pdf_file/75800/00161_ukut_iac_2022_kb_albania.pdf",20231201065124,https://moj-tribunals-documents-prod.s3.amazonaws.com/decision/pdf_file/75800/00161_ukut_iac_2022_kb_albania.pdf,moj-tribunals-documents-prod.s3.amazonaws.com,application/pdf,MSZS5OYMXBXF4WFH7IMDFD3IPSICHH3V,165515,383805296,00161_ukut_iac_2022_kb_albania.pdf,en,PDF
"uk,gov,service,publishing,assets)/media/5ddd089140f0b650e4a64cfe/liberia_-_sogi_-_cpin_-_v2_0.pdf",20231008052842,https://assets.publishing.service.gov.uk/media/5ddd089140f0b650e4a64cfe/Liberia_-_SOGI_-_CPIN_-_v2_0.pdf,assets.publishing.service.gov.uk,application/pdf,ZYAE57IF44MF6OTBVE3Y2O54PVGJKJDM,1505574,229174349,Liberia - SOGI - CPIN - v2.0 (February 2017),en,PDF
"com,amazonaws,s3,moj-tribunals-documents-prod)/decision/pdf_file/56812/pa022192017.pdf",20230601122025,https://moj-tribunals-documents-prod.s3.amazonaws.com/decision/pdf_file/56812/PA022192017.pdf,moj-tribunals-documents-prod.s3.amazonaws.com,application/pdf,HNHWREQKX3GRNWT2UO2AJ73SFFOAYZPF,149143,380585936,PA022192017.pdf,en,PDF
"uk,gov,service,publishing,assets)/government/uploads/system/uploads/attachment_data/file/891626/kenya_-_internal_relocation_-_cpin_-_v1.0_.pdf",20230909215850,https://assets.publishing.service.gov.uk/government/uploads/system/uploads/attachment_data/file/891626/Kenya_-_internal_relocation_-_CPIN_-_v1.0_.pdf,assets.publishing.service.gov.uk,application/pdf,NW2X6MECNU3KHRMAQ4ARZ3UIS6XWVFOD,362405,444813217,CPIN Template 2018 - v3,en,PDF
"uk,gov,service,publishing,assets)/government/uploads/system/uploads/attachment_data/file/848422/liberia_-_sogi_-_cpin_-_v2_0.pdf",20230818201322,https://assets.publishing.service.gov.uk/government/uploads/system/uploads/attachment_data/file/848422/Liberia_-_SOGI_-_CPIN_-_v2_0.pdf,assets.publishing.service.gov.uk,application/pdf,ZYAE57IF44MF6OTBVE3Y2O54PVGJKJDM,1505587,379629531,Liberia - SOGI - CPIN - v2.0 (February 2017),en,PDF
"uk,gov,service,publishing,assets)/government/uploads/system/uploads/attachment_data/file/857358/nga_-_medicalissues_-_cpin_-_v3.0.finalg.pdf",20220113103121,https://assets.publishing.service.gov.uk/government/uploads/system/uploads/attachment_data/file/857358/NGA_-_Medicalissues_-_CPIN_-_v3.0.finalG.pdf,assets.publishing.service.gov.uk,application/pdf,SMSCFIQFBBZ52RMIQQH65PKZTRBNU7P7,445837,437513930,CPIN Template 2018 - v3,en,PDF
"uk,gov,service,publishing,assets)/government/uploads/system/uploads/attachment_data/file/825234/gambia_-_sogie_-_cpin_-_v2.0___august_2019_.pdf",20230304142715,https://assets.publishing.service.gov.uk/government/uploads/system/uploads/attachment_data/file/825234/Gambia_-_SOGIE_-_CPIN_-_v2.0___August_2019_.pdf,assets.publishing.service.gov.uk,application/pdf,LBKQSUK7MEO5DY2PXBMZBZON5YQUEM4V,527118,308318123,Gambia - SOGIE - CPIN - v2.0 (August 2019),en,PDF
"uk,gov,service,publishing,assets)/government/uploads/system/uploads/attachment_data/file/1129612/vnm_cpin_fear_of_illegal_money_lenders.pdf",20230706041949,https://assets.publishing.service.gov.uk/government/uploads/system/uploads/attachment_data/file/1129612/VNM_CPIN_Fear_of_illegal_money_lenders.pdf,assets.publishing.service.gov.uk,application/pdf,J3MWGUUQYWCGNGRT2OY5DCGOH36GQJLB,394182,363227451,VNM CPIN Fear of illegal money lenders,en,PDF
"com,amazonaws,s3,moj-tribunals-documents-prod)/decision/pdf_file/74778/hu090622019.pdf",20221201133617,https://moj-tribunals-documents-prod.s3.amazonaws.com/decision/pdf_file/74778/HU090622019.pdf,moj-tribunals-documents-prod.s3.amazonaws.com,application/pdf,W7LN2KCVMJT5NWFR6RTJZDL7T35QSBTF,183321,488048935,HU090622019.pdf,en,PDF
"com,amazonaws,s3,moj-tribunals-documents-prod)/decision/pdf_file/56094/aa094482015.pdf",20221201135020,https://moj-tribunals-documents-prod.s3.amazonaws.com/decision/pdf_file/56094/AA094482015.pdf,moj-tribunals-documents-prod.s3.amazonaws.com,application/pdf,IFB7TH6I6BSWM3VEJEM7TC2ZMWKPFHVE,150656,401854014,AA094482015.pdf,en,PDF
"uk,gov,service,publishing,assets)/media/59786a0040f0b65dcb00000a/042-persecution-of-christians-in-the-middle-east.pdf?lang=en",20240216080250,https://assets.publishing.service.gov.uk/media/59786a0040f0b65dcb00000a/042-Persecution-of-Christians-in-the-Middle-East.pdf?lang=en,assets.publishing.service.gov.uk,application/pdf,DVUQUURHLTRWC5PLWFMD5MLYYT6YXJXZ,247006,291464643,042-Persecution-of-Christians-in-the-Middle-East.pdf?lang=en,en,PDF
"uk,gov,service,publishing,assets)/government/uploads/system/uploads/attachment_data/file/872473/turkey_-_peoples_democratic_party__hdp_-_external.pdf",20230903030307,https://assets.publishing.service.gov.uk/government/uploads/system/uploads/attachment_data/file/872473/Turkey_-_Peoples_Democratic_Party__HDP_-_EXTERNAL.pdf,assets.publishing.service.gov.uk,application/pdf,CIU3MYNTHMDU574FVY3SSNXSBPDA5ZKM,685956,41892994,CPIN Template 2018 - v3,en,PDF
"uk,gov,service,publishing,assets)/media/64a5614cc531eb001364feac/mmr_cpin_rohingya_including_rohingya_in_bangladesh.pdf",20240320001851,https://assets.publishing.service.gov.uk/media/64a5614cc531eb001364feac/MMR_CPIN_Rohingya_including_Rohingya_in_Bangladesh.pdf,assets.publishing.service.gov.uk,application/pdf,DZWDH7N2YYPIRH6R7RT5SKJITLWVKZ5B,559708,232608461,MMR CPIN Rohingya including Rohingya in Bangladesh,en,PDF
"com,amazonaws,s3,moj-tribunals-documents-prod)/decision/pdf_file/68189/pa088792016.pdf",20231201070908,https://moj-tribunals-documents-prod.s3.amazonaws.com/decision/pdf_file/68189/PA088792016.pdf,moj-tribunals-documents-prod.s3.amazonaws.com,application/pdf,KUTWU3F3ZTAMTWHJYS542KPPYCJSZZGS,175166,476783167,PA088792016.pdf,en,PDF
"uk,gov,service,publishing,assets)/media/65368fb1e839fd0014867381/tur+cpin+-+kurdistan+workers+party+pkk.pdf",20231221231252,https://assets.publishing.service.gov.uk/media/65368fb1e839fd0014867381/TUR+CPIN+-+Kurdistan+workers+party+PKK.pdf,assets.publishing.service.gov.uk,application/pdf,JXMQFJ5G32WID5I33VBEADCP24H2JOZQ,674079,136798040,Kurdistan workers' party (PKK),en,PDF
"uk,gov,service,publishing,assets)/government/uploads/system/uploads/attachment_data/file/870314/jamaica_-_medical_-_cpin_-_v0.1_july_2019.pdf",20200611045653,https://assets.publishing.service.gov.uk/government/uploads/system/uploads/attachment_data/file/870314/Jamaica_-_Medical_-_CPIN_-_v0.1_July_2019.pdf,assets.publishing.service.gov.uk,application/pdf,5IKORFGJXNXQKVJAZ2QXWDVPOF67JNFA,466456,206054181,CPIN Template 2018 - v3,en,PDF
"uk,gov,service,publishing,assets)/government/uploads/system/uploads/attachment_data/file/1167898/mmr_cpin_rohingya_including_rohingya_in_bangladesh.pdf",20240107055114,https://assets.publishing.service.gov.uk/government/uploads/system/uploads/attachment_data/file/1167898/MMR_CPIN_Rohingya_including_Rohingya_in_Bangladesh.pdf,assets.publishing.service.gov.uk,application/pdf,DZWDH7N2YYPIRH6R7RT5SKJITLWVKZ5B,559687,101663826,MMR CPIN Rohingya including Rohingya in Bangladesh,en,PDF
"uk,gov,service,publishing,assets)/government/uploads/system/uploads/attachment_data/file/1094725/mya_cpin_critics_of_the_military_regime+hk_july_2022.pdf",20230603001101,https://assets.publishing.service.gov.uk/government/uploads/system/uploads/attachment_data/file/1094725/MYA_CPIN_Critics_of_the_military_regime+HK_July_2022.pdf,assets.publishing.service.gov.uk,application/pdf,5PQ52NYXN6Y3VOCJUKX4HJ76UFWBZH4R,554685,95747505,MYA CPIN Critics of the military regime,en,PDF
"uk,gov,service,publishing,assets)/media/62554b85e90e0729fef7bb5f/pakistan_sexual_orientation_and_gender_identity_or_expression.pdf",20240107162609,https://assets.publishing.service.gov.uk/media/62554b85e90e0729fef7bb5f/Pakistan_Sexual_orientation_and_gender_identity_or_expression.pdf,assets.publishing.service.gov.uk,application/pdf,CGO6C2NB4HWKEN7OGILJPPBWF3WGDBFZ,534558,63502306,Pakistan: Sexual orientation and gender identity or expression,en,PDF
"uk,gov,service,publishing,assets)/government/uploads/system/uploads/attachment_data/file/578098/cpin_-_ghana_-_fgm_-_v1.0__december_2016_.pdf",20200914225427,https://assets.publishing.service.gov.uk/government/uploads/system/uploads/attachment_data/file/578098/CPIN_-_Ghana_-_FGM_-_v1.0__December_2016_.pdf,assets.publishing.service.gov.uk,application/pdf,CUW7V334DHNO42NZU5RMXPQGJGVCEQB7,833901,462985205,CPIN - Ghana - FGM - v1.0 (December 2016),en,PDF
"uk,gov,service,publishing,assets)/government/uploads/system/uploads/attachment_data/file/1020368/vietnam_-_mental_health_-_cpin_-_v1.0.pdf",20220422195142,https://assets.publishing.service.gov.uk/government/uploads/system/uploads/attachment_data/file/1020368/Vietnam_-_Mental_health_-_CPIN_-_v1.0.pdf,assets.publishing.service.gov.uk,application/pdf,NKNH7BPVBMUKRKPN5Z5Z33XMCJWDBFQY,497042,616,Vietnam: Mental healthcare,en,PDF
"uk,gov,service,publishing,assets)/government/uploads/system/uploads/attachment_data/file/1068353/pakistan_sexual_orientation_and_gender_identity_or_expression.pdf",20230906183841,https://assets.publishing.service.gov.uk/government/uploads/system/uploads/attachment_data/file/1068353/Pakistan_Sexual_orientation_and_gender_identity_or_expression.pdf,assets.publishing.service.gov.uk,application/pdf,CGO6C2NB4HWKEN7OGILJPPBWF3WGDBFZ,534578,449069829,Pakistan: Sexual orientation and gender identity or expression,en,PDF
"uk,gov,service,publishing,assets)/government/uploads/system/uploads/attachment_data/file/993220/cpin_kenya_fgm_10.06.2021.pdf",20220511095622,https://assets.publishing.service.gov.uk/government/uploads/system/uploads/attachment_data/file/993220/CPIN_Kenya_FGM_10.06.2021.pdf,assets.publishing.service.gov.uk,application/pdf,TBIE35R2Z3KKMSZ6HGKOENRUP7CZ6J3I,586551,392457093,CPIN kenya FGM,en,PDF
"uk,gov,service,publishing,assets)/media/6239e399d3bf7f6ab571075a/irn_cpin_social_media__surveillance_and_sur_place_activities.pdf",20250406201308,https://assets.publishing.service.gov.uk/media/6239e399d3bf7f6ab571075a/IRN_CPIN_Social_media__surveillance_and_sur_place_activities.pdf,assets.publishing.service.gov.uk,application/pdf,LZGAVI3A23ZEIZRQSCTSIPFACHFDUBCT,503394,50168018,"IRN CPIN Social media, surveillance and sur place activities",en,PDF
"com,amazonaws,s3,moj-tribunals-documents-prod)/decision/pdf_file/74789/pa030602020.pdf",20221201133540,https://moj-tribunals-documents-prod.s3.amazonaws.com/decision/pdf_file/74789/PA030602020.pdf,moj-tribunals-documents-prod.s3.amazonaws.com,application/pdf,UIAJAFBF4AZE4LWB6BZNRPT3GOU3BK6N,130936,471908582,PA030602020.pdf,en,PDF
"uk,gov,service,publishing,assets)/media/5e56433386650c10f1affe1c/reintegration_of_idps_and_refugees_final_-_revised.pdf",20220410185202,https://assets.publishing.service.gov.uk/media/5e56433386650c10f1affe1c/Reintegration_of_IDPs_and_Refugees_final_-_REVISED.pdf,assets.publishing.service.gov.uk,application/pdf,L4C6MAE2AJGJANTNGS3PKFITV3MO6W5N,1073066,323994428,Reintegration_of_IDPs_and_Refugees_final_-_REVISED.pdf,en,PDF
"uk,gov,service,publishing,assets)/media/662f995787bdbae4ab19ad58/ind_cpin_religious_minorities_and_scheduled_castes_and_tribes.pdf",20250606052159,https://assets.publishing.service.gov.uk/media/662f995787bdbae4ab19ad58/IND_CPIN_Religious_minorities_and_Scheduled_Castes_and_Tribes.pdf,assets.publishing.service.gov.uk,application/pdf,AMFU4YIKU6TYTKSBHKNHVWO5TGDEBAFE,925102,146323078,IND CPIN Religious minorities and Scheduled Castes and Tribes,en,PDF
"uk,gov,service,publishing,assets)/government/uploads/system/uploads/attachment_data/file/602447/kenya_-_sogi_-_cpin_-_v2__march_2017_.pdf",20200403181152,https://assets.publishing.service.gov.uk/government/uploads/system/uploads/attachment_data/file/602447/Kenya_-_SOGI_-_CPIN_-_v2__March_2017_.pdf,assets.publishing.service.gov.uk,application/pdf,4UBJZLNXSA4AUWZHYIL5NEVZ2FLPIPT2,310456,31293933,Kenya - SOGI - CPIN - v2.0 (March 2017),en,PDF
"uk,gov,service,publishing,assets)/media/65687c305936bb000d3167a5/bgd+cpin+actors+of+protection.pdf",20240109204835,https://assets.publishing.service.gov.uk/media/65687c305936bb000d3167a5/BGD+CPIN+Actors+of+Protection.pdf,assets.publishing.service.gov.uk,application/pdf,RGXCAW57ACAR3O2WLWXF2ZZY5QMSH4ZI,447489,207652401,BGD CPIN Actors of Protection,en,PDF
"uk,gov,service,publishing,assets)/media/5e972c3fd3bf7f4127045e9c/bangladesh-actors_of_protection-cpin-v1.0._april_2020_.pdf",20231008053841,https://assets.publishing.service.gov.uk/media/5e972c3fd3bf7f4127045e9c/Bangladesh-Actors_of_protection-CPIN-v1.0._April_2020_.pdf,assets.publishing.service.gov.uk,application/pdf,NNDKXVEL43QVY3JKD4R5YKVJE5AK265Q,492250,383023762,CPIN Template 2018 - v3,en,PDF
"uk,gov,service,publishing,assets)/government/uploads/system/uploads/attachment_data/file/795440/nigeria_-_cpin_-_sogie_-_final_version.g__april_2019_.pdf",20200305213259,https://assets.publishing.service.gov.uk/government/uploads/system/uploads/attachment_data/file/795440/Nigeria_-_CPIN_-_SOGIE_-_final_version.G__April_2019_.pdf,assets.publishing.service.gov.uk,application/pdf,JFRZ2FTGL3HMXSWRBICRA3YW2MJOIRAK,734395,494888167,Nigeria - CPIN - SOGIE - v2.0 (April 2019),en,PDF
"uk,gov,service,publishing,assets)/government/uploads/system/uploads/attachment_data/file/879628/bangladesh-actors_of_protection-cpin-v1.0._april_2020_.pdf",20230919172951,https://assets.publishing.service.gov.uk/government/uploads/system/uploads/attachment_data/file/879628/Bangladesh-Actors_of_protection-CPIN-v1.0._April_2020_.pdf,assets.publishing.service.gov.uk,application/pdf,NNDKXVEL43QVY3JKD4R5YKVJE5AK265Q,492264,310906946,CPIN Template 2018 - v3,en,PDF
"uk,gov,service,publishing,assets)/government/uploads/system/uploads/attachment_data/file/640951/algeria_-_background_-_v1_0_-_august_2017.pdf",20200104160046,https://assets.publishing.service.gov.uk/government/uploads/system/uploads/attachment_data/file/640951/Algeria_-_Background_-_v1_0_-_August_2017.pdf,assets.publishing.service.gov.uk,application/pdf,LGT5IDTLXK4SX2CBFFOW244VQLWWSN2F,379298,278808316,CPIN Template - Prison conditions,en,PDF
"uk,gov,service,publishing,assets)/government/uploads/system/uploads/attachment_data/file/570623/cpin-irq-baathists-november-2016.pdf",20200104173013,https://assets.publishing.service.gov.uk/government/uploads/system/uploads/attachment_data/file/570623/CPIN-IRQ-Baathists-November-2016.pdf,assets.publishing.service.gov.uk,application/pdf,35ODCI2IBAHRW5INVLYBSP3THD734A2I,469534,350358961,CIG - Iraq - Baathists - v1.0 (DRAFT),en,PDF
"uk,gov,service,publishing,assets)/government/uploads/system/uploads/attachment_data/file/632457/albania_-_bkgnd_-_cpin_-_v2_0__july_2017_.pdf",20200207080000,https://assets.publishing.service.gov.uk/government/uploads/system/uploads/attachment_data/file/632457/Albania_-_Bkgnd_-_CPIN_-_v2_0__July_2017_.pdf,assets.publishing.service.gov.uk,application/pdf,V4GBTL4HN3YE2EBMLKQY37XXBOHHJNNJ,323296,324569648,Albania - Bkgnd - CPIN - v2.0 (July 2017),en,PDF
"uk,gov,service,publishing,assets)/government/uploads/system/uploads/attachment_data/file/1100458/pse_cpin_gaza_humanitarian_situation.pdf",20230704171807,https://assets.publishing.service.gov.uk/government/uploads/system/uploads/attachment_data/file/1100458/PSE_CPIN_Gaza_humanitarian_situation.pdf,assets.publishing.service.gov.uk,application/pdf,VYRA5BJZF6HB6UKWQADRYW6ZHTVVQ4MU,948895,89394124,PSE CPIN Gaza humanitarian situation,en,PDF
"uk,co,healthwatch,nds)/sites/default/files/reports_library/20220217_oxfordshire_albanian-and-arabic-speaking-communities-views-on-speaking-up-about-nhs-services.pdf",20221103140950,https://nds.healthwatch.co.uk/sites/default/files/reports_library/20220217_Oxfordshire_Albanian-and-Arabic-speaking-communities-views-on-speaking-up-about-NHS-services.pdf,nds.healthwatch.co.uk,application/pdf,KJ56VSDAOBZPAWIHYYTHMBJF5RDSKNNR,617095,275542287,HW Guidance,en,PDF
"uk,gov,service,publishing,assets)/government/uploads/system/uploads/attachment_data/file/1125088/alb_cin_mental_health__1_.pdf",20231102215845,https://assets.publishing.service.gov.uk/government/uploads/system/uploads/attachment_data/file/1125088/ALB_CIN_Mental_Health__1_.pdf,assets.publishing.service.gov.uk,application/pdf,UFR4LMYFV2DGAXN3OWPV4UM4DO6WKGA5,414448,119448311,ALB CIN Mental Health,en,PDF
"uk,gov,service,publishing,assets)/government/uploads/system/uploads/attachment_data/file/846772/iran_-_medical_-_cpin_-_v1.0_-_nov_2019_-_ext.pdf",20220321210133,https://assets.publishing.service.gov.uk/government/uploads/system/uploads/attachment_data/file/846772/Iran_-_Medical_-_CPIN_-_v1.0_-_Nov_2019_-_EXT.pdf,assets.publishing.service.gov.uk,application/pdf,QOLNPE5KRPQDDIYKU3Q6VIA74AFXLNLJ,380580,485780106,Iran - Medical - CPIN - v1.0 (August 2019),en,PDF
"uk,gov,service,publishing,assets)/media/616ea52ae90e07197a68c2b7/nam_cpin_women_fearing_gbv.pdf",20240309052010,https://assets.publishing.service.gov.uk/media/616ea52ae90e07197a68c2b7/NAM_CPIN_Women_fearing_GBV.pdf,assets.publishing.service.gov.uk,application/pdf,232LRJN2MGKQUYO73PKCGM2CLQKMZNMX,753914,311868201,NAM CPIN Women fearing GBV,en,PDF
"com,amazonaws,s3,moj-tribunals-documents-prod)/decision/pdf_file/79211/ui-2023-001100.pdf",20231201063919,https://moj-tribunals-documents-prod.s3.amazonaws.com/decision/pdf_file/79211/UI-2023-001100.pdf,moj-tribunals-documents-prod.s3.amazonaws.com,application/pdf,73UFQH7E2TEB6WBBG6OMVE2LUULWFQK7,238875,456397499,UI-2023-001100.pdf,en,PDF
"uk,gov,service,publishing,assets)/government/uploads/system/uploads/attachment_data/file/1100900/irq_cpin_humanitarian_situation.pdf",20230602090553,https://assets.publishing.service.gov.uk/government/uploads/system/uploads/attachment_data/file/1100900/IRQ_CPIN_Humanitarian_situation.pdf,assets.publishing.service.gov.uk,application/pdf,D2MMMXH6TT4RMKWKF7MQYC4PPBJ4UWG3,941261,402222452,Country policy information note: Iraq: humanitarian situation,en,PDF
"uk,gov,service,publishing,assets)/media/639b514ed3bf7f7f977e57ad/alb_cin_mental_health__1_.pdf",20231221230754,https://assets.publishing.service.gov.uk/media/639b514ed3bf7f7f977e57ad/ALB_CIN_Mental_Health__1_.pdf,assets.publishing.service.gov.uk,application/pdf,UFR4LMYFV2DGAXN3OWPV4UM4DO6WKGA5,414432,224442688,ALB CIN Mental Health,en,PDF
"uk,gov,service,publishing,assets)/government/uploads/system/uploads/attachment_data/file/741212/vietnam_-_trafficking_-_cpin_-_v3.0__sep_-2018_.pdf",20200105001803,https://assets.publishing.service.gov.uk/government/uploads/system/uploads/attachment_data/file/741212/Vietnam_-_Trafficking_-_CPIN_-_v3.0__Sep_-2018_.pdf,assets.publishing.service.gov.uk,application/pdf,MJ72EFFXKRMBBU7KURVNNTBSBIVKMCG5,742941,100874797,Vietnam - Trafficking - CPIN - v3.0 (August 2018),en,PDF
"uk,gov)/government/uploads/system/uploads/attachment_data/file/573412/cpin_-_vietnam_-_political_opponents_-_v2__november_2016_.pdf",20161219104026,https://www.gov.uk/government/uploads/system/uploads/attachment_data/file/573412/CPIN_-_Vietnam_-_Political_Opponents_-_v2__November_2016_.pdf,www.gov.uk,application/pdf,MEMAKZ46AOX6CWMZ6YRG4PELMC5TEZ5K,271651,58090125,CPIN - Vietnam - Political Opponents - v2.0 (November 2016),en,PDF
"uk,gov,service,publishing,assets)/government/uploads/system/uploads/attachment_data/file/1026636/nam_cpin_women_fearing_gbv.pdf",20230909193957,https://assets.publishing.service.gov.uk/government/uploads/system/uploads/attachment_data/file/1026636/NAM_CPIN_Women_fearing_GBV.pdf,assets.publishing.service.gov.uk,application/pdf,232LRJN2MGKQUYO73PKCGM2CLQKMZNMX,753892,48424957,NAM CPIN Women fearing GBV,en,PDF
"uk,gov,service,publishing,assets)/government/uploads/system/uploads/attachment_data/file/1131963/alb_cpin_blood_feuds.pdf",20230705034142,https://assets.publishing.service.gov.uk/government/uploads/system/uploads/attachment_data/file/1131963/ALB_CPIN_Blood_feuds.pdf,assets.publishing.service.gov.uk,application/pdf,IBA2TIDN5V6B2TEDR7Y3QVC425TIJPC5,584661,1413625,ALB CPIN Blood feuds,en,PDF
"uk,gov,service,publishing,assets)/government/uploads/system/uploads/attachment_data/file/1125093/alb_-_cpin_-_sexual_orientation_and_gender_identity_and_expression.pdf",20221219164605,https://assets.publishing.service.gov.uk/government/uploads/system/uploads/attachment_data/file/1125093/ALB_-_CPIN_-_Sexual_orientation_and_gender_identity_and_expression.pdf,assets.publishing.service.gov.uk,application/pdf,PP44B4ASUNCVDZZZH2VRSXJMOTKLMGRX,518539,208938864,ALB - CPIN - Sexual orientation and gender identity and expression,en,PDF
"uk,gov,service,publishing,assets)/government/uploads/system/uploads/attachment_data/file/1032173/nga_cpin_actors_of_protection.pdf",20220517190958,https://assets.publishing.service.gov.uk/government/uploads/system/uploads/attachment_data/file/1032173/NGA_CPIN_Actors_of_Protection.pdf,assets.publishing.service.gov.uk,application/pdf,IUWHXCL7SOEB7QKQC5WSCZBU5AXAWNWA,482382,253287648,NGA CPIN Actors of Protection,en,PDF
"uk,gov,service,publishing,assets)/government/uploads/system/uploads/attachment_data/file/698322/somalia-women-fearing-gender-based-violence-cpin.pdf",20230903142450,https://assets.publishing.service.gov.uk/government/uploads/system/uploads/attachment_data/file/698322/somalia-women-fearing-gender-based-violence-cpin.pdf,assets.publishing.service.gov.uk,application/pdf,7GKX5CPFC4MLOZVGQRH627VQCKONVCSU,769904,381706915,somalia-women-fearing-gender-based-violence-cpin.pdf,en,PDF
"uk,gov,service,publishing,assets)/media/60f57ab1e90e0764cfc22a46/nga_-_islamist_extremist_groups_in_north_east_nigeria_-_cpin_-_v3.0__final_gov_uk_.pdf",20250612201821,https://assets.publishing.service.gov.uk/media/60f57ab1e90e0764cfc22a46/NGA_-_Islamist_extremist_groups_in_North_East_Nigeria_-_CPIN_-_v3.0__FINAL_Gov_UK_.pdf,assets.publishing.service.gov.uk,application/pdf,VXG24TUNEAD35ATDC2U65QMG36MQGG72,1185754,224458769,CPIN Template - January 2020,en,PDF
"uk,gov,service,publishing,assets)/government/uploads/system/uploads/attachment_data/file/885874/algeria_sogie_cpin_v3.0_may_2020.pdf",20230705231956,https://assets.publishing.service.gov.uk/government/uploads/system/uploads/attachment_data/file/885874/Algeria_SOGIE_CPIN_v3.0_May_2020.pdf,assets.publishing.service.gov.uk,application/pdf,H34XJ6EJRYPUTTZCNXGENOWGZ5CZ2EDD,369957,343516837,CPIN Template - January 2020,en,PDF
"uk,gov,service,publishing,assets)/government/uploads/system/uploads/attachment_data/file/887742/iraq_-_internal_relocation_._civil_documentation_._returns_-_cpin_v10.0_-_may_2020_-_270520.pdf",20200610194729,https://assets.publishing.service.gov.uk/government/uploads/system/uploads/attachment_data/file/887742/Iraq_-_Internal_Relocation_._Civil_Documentation_._Returns_-_CPIN_v10.0_-_May_2020_-_270520.pdf,assets.publishing.service.gov.uk,application/pdf,TCQEKJFW3AHTNM6AQTKZRMYOFKUGI66U,1171358,206515692,"Iraq: Internal relocation, civil documentation and returns",en,PDF
"uk,gov,service,publishing,assets)/media/668faf000808eaf43b50cda1/som+cpin+women+fearing+gender-based+violence.pdf",20250604215721,https://assets.publishing.service.gov.uk/media/668faf000808eaf43b50cda1/SOM+CPIN+women+fearing+gender-based+violence.pdf,assets.publishing.service.gov.uk,application/pdf,MCBAYYKBS65YPLGMJZJSY7XQI6BVR6SP,514467,306013577,SOM CPIN women fearing gender-based violence.docx,en,PDF
"uk,gov,service,publishing,assets)/government/uploads/system/uploads/attachment_data/file/805075/iran_-_christians-converts_-_cpin_-_v5.0.pdf",20200105000607,https://assets.publishing.service.gov.uk/government/uploads/system/uploads/attachment_data/file/805075/Iran_-_Christians-Converts_-_CPIN_-_v5.0.pdf,assets.publishing.service.gov.uk,application/pdf,IVGCP65BG7EXDYV2YO2PXLU7S34DZDK2,738889,262349535,Iran - Xians-Converts - CPIN - v5.0 (DRAFT),en,PDF
"uk,gov,service,publishing,assets)/government/uploads/system/uploads/attachment_data/file/665440/south_africa_-_background__actors_of_protection__and_internal_relocation_v1.0.pdf",20200509083712,https://assets.publishing.service.gov.uk/government/uploads/system/uploads/attachment_data/file/665440/South_Africa_-_Background__actors_of_protection__and_internal_relocation_v1.0.pdf,assets.publishing.service.gov.uk,application/pdf,4MGLTZYG5ZK27Z5ZDZRM2L5NPZ25Y4YT,385359,80249268,South Africa Background - v1.0,en,PDF
"uk,gov,service,publishing,assets)/media/60646a59d3bf7f0c8c97da1a/iraq_-_honour_crimes_-_cpin_-_v2.0_-_march_2021_-_ext.pdf",20240607185152,https://assets.publishing.service.gov.uk/media/60646a59d3bf7f0c8c97da1a/Iraq_-_Honour_Crimes_-_CPIN_-_v2.0_-_March_2021_-_EXT.pdf,assets.publishing.service.gov.uk,application/pdf,4ZT7CZLNRMCN6P7OCGOZQF436NCZRE6Q,1007743,491087274,Iraq - Honour Crimes - CPIN - v2.0 - March 2021,en,PDF
"uk,gov,service,publishing,assets)/media/637617158fa8f5771717890f/rus_cpin_muslims_in_russia.pdf",20240118215709,https://assets.publishing.service.gov.uk/media/637617158fa8f5771717890f/RUS_CPIN_Muslims_in_Russia.pdf,assets.publishing.service.gov.uk,application/pdf,ULPTQVD6Y6BIVB3E7M73RGLVRATZKHL6,574205,149012461,RUS CPIN Muslims in Russia,en,PDF
"uk,gov,service,publishing,assets)/government/uploads/system/uploads/attachment_data/file/762931/china_-_oppn_to_the_state_-_cpin_-_v3.0__dec_2018__.pdf",20221117203748,https://assets.publishing.service.gov.uk/government/uploads/system/uploads/attachment_data/file/762931/China_-_Oppn_to_the_State_-_CPIN_-_v3.0__Dec_2018__.pdf,assets.publishing.service.gov.uk,application/pdf,NIDRQJV4KXIVU4NA3AZ3ORBEFLA6Q7OI,852866,226766771,China - Oppn to the State - CPIN - v3.0 (Nov 2018),en,PDF
"uk,gov,service,publishing,assets)/government/uploads/system/uploads/attachment_data/file/897158/_e__jamaica_-_medical_-_cpin_-_v0.1_march_2020.pdf",20220311141013,https://assets.publishing.service.gov.uk/government/uploads/system/uploads/attachment_data/file/897158/_E__Jamaica_-_Medical_-_CPIN_-_v0.1_March_2020.pdf,assets.publishing.service.gov.uk,application/pdf,HUXSZTDV76UMMGHBR65Z5EVZFSMETLZT,413953,9784106,CPIN Template 2018 - v3,en,PDF
"uk,gov,service,publishing,assets)/government/uploads/system/uploads/attachment_data/file/1094082/irq_cpin_internal_relocation_civil_documentation_and_returns.pdf",20230818230255,https://assets.publishing.service.gov.uk/government/uploads/system/uploads/attachment_data/file/1094082/IRQ_CPIN_Internal_relocation_civil_documentation_and_returns.pdf,assets.publishing.service.gov.uk,application/pdf,QX76VG7ZDFM36VRJO3H3ENVZLERC6AFA,948126,178497241,"IRQ CPIN Internal relocation, civil documentation and returns",en,PDF
"org,gsdrc)/wp-content/uploads/2017/06/042-persecution-of-christians-in-the-middle-east.pdf",20171207155443,http://www.gsdrc.org/wp-content/uploads/2017/06/042-Persecution-of-Christians-in-the-Middle-East.pdf,www.gsdrc.org,application/pdf,DVUQUURHLTRWC5PLWFMD5MLYYT6YXJXZ,246764,9195044,042-Persecution-of-Christians-in-the-Middle-East.pdf,en,PDF
"uk,gov,service,publishing,assets)/government/uploads/system/uploads/attachment_data/file/944073/cameroon_-_north-west_south-west_crisis_-_cpin_-_v2.0_.pdf",20230909210304,https://assets.publishing.service.gov.uk/government/uploads/system/uploads/attachment_data/file/944073/Cameroon_-_North-West_South-West_crisis_-_CPIN_-_v2.0_.pdf,assets.publishing.service.gov.uk,application/pdf,DDP6DTAXAWW42KXA7WQ6MJRUVFKD2OWI,1306077,91182044,CPIN Template 2018 - v3,en,PDF
"uk,gov,service,publishing,assets)/government/uploads/system/uploads/attachment_data/file/924925/india.medical_and_healthcare_cpin.v1.0.october_2020_uk.pdf",20201008095515,https://assets.publishing.service.gov.uk/government/uploads/system/uploads/attachment_data/file/924925/INDIA.Medical_and_Healthcare_CPIN.v1.0.October_2020_UK.pdf,assets.publishing.service.gov.uk,application/pdf,X2EAWCUP2SCVV34GW7XB44Z6PX4JPKLQ,546386,278125170,India - Medical and Healthcare - CPIN - v1.0,en,PDF
"uk,gov,service,publishing,assets)/government/uploads/system/uploads/attachment_data/file/1039053/sri_lanka_final_pdf.pdf",20230804004152,https://assets.publishing.service.gov.uk/government/uploads/system/uploads/attachment_data/file/1039053/Sri_Lanka_Final_PDF.pdf,assets.publishing.service.gov.uk,application/pdf,DO25HJLZDZLWJVDJ7BP2S5UDAI4GCFQY,680126,228751373,Sri Lanka sexual orientation and gender identity and expression,en,PDF
"uk,gov,service,publishing,assets)/government/uploads/system/uploads/attachment_data/file/1054108/nga_cpin_sexual_orientation_and_gender_identity_or_expression.pdf",20230801214827,https://assets.publishing.service.gov.uk/government/uploads/system/uploads/attachment_data/file/1054108/NGA_CPIN_Sexual_orientation_and_gender_identity_or_expression.pdf,assets.publishing.service.gov.uk,application/pdf,FRNBUQENQ3OHW24YMPPLY56CU2QPIJDE,621960,17906202,NGA CPIN Sexual orientation and gender identity or expression,en,PDF
"uk,gov,service,publishing,assets)/media/620525788fa8f510b2203cd5/nga_cpin_sexual_orientation_and_gender_identity_or_expression.pdf",20231221231544,https://assets.publishing.service.gov.uk/media/620525788fa8f510b2203cd5/NGA_CPIN_Sexual_orientation_and_gender_identity_or_expression.pdf,assets.publishing.service.gov.uk,application/pdf,FRNBUQENQ3OHW24YMPPLY56CU2QPIJDE,621936,20363605,NGA CPIN Sexual orientation and gender identity or expression,en,PDF
"uk,gov,service,publishing,assets)/media/65ba3157ee7d490013984a3b/vnm+cpin+hoa+hao+buddhism.pdf",20240305090552,https://assets.publishing.service.gov.uk/media/65ba3157ee7d490013984a3b/VNM+CPIN+Hoa+Hao+Buddhism.pdf,assets.publishing.service.gov.uk,application/pdf,6LKAV2MCNQC3E3EISWYPTPQNMA4T4UBM,347540,54759554,VNM CPIN Hoa Hao Buddhism,en,PDF
"uk,gov,service,publishing,assets)/media/5fd7999ce90e07662d2a2de6/cameroon_-_north-west_south-west_crisis_-_cpin_-_v2.0_.pdf",20240308171943,https://assets.publishing.service.gov.uk/media/5fd7999ce90e07662d2a2de6/Cameroon_-_North-West_South-West_crisis_-_CPIN_-_v2.0_.pdf,assets.publishing.service.gov.uk,application/pdf,DDP6DTAXAWW42KXA7WQ6MJRUVFKD2OWI,1306104,224860289,CPIN Template 2018 - v3,en,PDF
"uk,gov,service,publishing,assets)/media/5a82a6c8ed915d74e3402dfd/an-inspection-of-country-of-origin-information.pdf",20240305074906,https://assets.publishing.service.gov.uk/media/5a82a6c8ed915d74e3402dfd/An-Inspection-of-Country-of-Origin-Information.pdf,assets.publishing.service.gov.uk,application/pdf,KLO2SGKNNRCC63YXMSBDIDPUFNTVCX2O,4914844,179291920,An-Inspection-of-Country-of-Origin-Information.pdf,en,PDF
"uk,gov,service,publishing,assets)/government/uploads/system/uploads/attachment_data/file/1035840/nam_cpin_sexual_orientation_gender_identity_and_expression__002_.pdf",20230705150517,https://assets.publishing.service.gov.uk/government/uploads/system/uploads/attachment_data/file/1035840/NAM_CPIN_Sexual_orientation_gender_identity_and_expression__002_.pdf,assets.publishing.service.gov.uk,application/pdf,BVWH2JWEDJLS5OBF4CGP44BNM7OFHENU,723309,10565711,NAM CPIN Sexual orientation gender identity and expression.docx,en,PDF
"uk,gov,service,publishing,assets)/media/651d3315bef21800156ded0e/china_-_opposition_to_the_state.pdf",20231103064313,https://assets.publishing.service.gov.uk/media/651d3315bef21800156ded0e/China_-_opposition_to_the_state.pdf,assets.publishing.service.gov.uk,application/pdf,RVJOJJQ6OZACCNG3DLUSC35UF46CO7CS,556332,234871387,China - Oppn to the State - CPIN - v3.0 (Nov 2018),en,PDF
"uk,gov,service,publishing,assets)/government/uploads/system/uploads/attachment_data/file/631316/an-inspection-of-country-of-origin-information.pdf",20230603101059,https://assets.publishing.service.gov.uk/government/uploads/system/uploads/attachment_data/file/631316/An-Inspection-of-Country-of-Origin-Information.pdf,assets.publishing.service.gov.uk,application/pdf,KLO2SGKNNRCC63YXMSBDIDPUFNTVCX2O,4914842,189280501,An-Inspection-of-Country-of-Origin-Information.pdf,en,PDF
"uk,gov,service,publishing,assets)/media/61af845c8fa8f5037778c2f3/sri_lanka_final_pdf.pdf",20231104025820,https://assets.publishing.service.gov.uk/media/61af845c8fa8f5037778c2f3/Sri_Lanka_Final_PDF.pdf,assets.publishing.service.gov.uk,application/pdf,DO25HJLZDZLWJVDJ7BP2S5UDAI4GCFQY,680113,91196383,Sri Lanka sexual orientation and gender identity and expression,en,PDF
"uk,gov,service,publishing,assets)/media/5f7dc8ece90e070ddf1e81bc/algeria_background_note_v1.0_september_2020.pdf",20240307211831,https://assets.publishing.service.gov.uk/media/5f7dc8ece90e070ddf1e81bc/Algeria_Background_Note_v1.0_September_2020.pdf,assets.publishing.service.gov.uk,application/pdf,ATU7YSSMU4PQV4QEQJEHUYI4PHUVHKQ3,746799,466634080,CPIN Template - January 2020,en,PDF
"uk,gov,service,publishing,assets)/government/uploads/system/uploads/attachment_data/file/1118431/rus_cpin_muslims_in_russia.pdf",20231204211345,https://assets.publishing.service.gov.uk/government/uploads/system/uploads/attachment_data/file/1118431/RUS_CPIN_Muslims_in_Russia.pdf,assets.publishing.service.gov.uk,application/pdf,ULPTQVD6Y6BIVB3E7M73RGLVRATZKHL6,574172,185683796,RUS CPIN Muslims in Russia,en,PDF
"uk,gov,service,publishing,assets)/media/60c37679d3bf7f4bd9814e7e/cpin_kenya_fgm_10.06.2021.pdf",20231208225018,https://assets.publishing.service.gov.uk/media/60c37679d3bf7f4bd9814e7e/CPIN_Kenya_FGM_10.06.2021.pdf,assets.publishing.service.gov.uk,application/pdf,TBIE35R2Z3KKMSZ6HGKOENRUP7CZ6J3I,586442,115454956,CPIN kenya FGM,en,PDF
"uk,gov,service,publishing,assets)/media/65368fc826b9b1000daf1dc5/tur+cpin+-+military+service.pdf",20240229220328,https://assets.publishing.service.gov.uk/media/65368fc826b9b1000daf1dc5/TUR+CPIN+-+Military+service.pdf,assets.publishing.service.gov.uk,application/pdf,HT5UPQFCRCOSH5CMC4NNVVDTC2HWNV6E,732879,50451297,Military service,en,PDF
"com,amazonaws,s3,moj-tribunals-documents-prod)/decision/pdf_file/76260/pa074082019.pdf",20221201133243,https://moj-tribunals-documents-prod.s3.amazonaws.com/decision/pdf_file/76260/PA074082019.pdf,moj-tribunals-documents-prod.s3.amazonaws.com,application/pdf,F3CYYBRYNUNOMRECCZQBTGFEOHN566MM,140055,394499008,PA074082019.pdf,en,PDF
"org,wfd)/sites/default/files/2022-11/the_impact_on_covid-19_on_lgbt_individuals_in_indonesia_nigeria_and_sri_lanaka_0.pdf",20240306053817,https://www.wfd.org/sites/default/files/2022-11/the_impact_on_covid-19_on_lgbt_individuals_in_indonesia_nigeria_and_sri_lanaka_0.pdf,www.wfd.org,application/pdf,4NQMUSIQAE65ZKV2H5YS7LN4GGD2FA5D,847249,414417751,JN_0079_Impact of Covid 19-V5.indd,en,PDF
"com,amazonaws,s3,moj-tribunals-documents-prod)/decision/pdf_file/79265/ui-2022-003131.pdf",20231201063722,https://moj-tribunals-documents-prod.s3.amazonaws.com/decision/pdf_file/79265/UI-2022-003131.pdf,moj-tribunals-documents-prod.s3.amazonaws.com,application/pdf,SURN7YZXGVN74RVS5V3KAVE3DOR3VZRW,209779,405256362,UI-2022-003131.pdf,en,PDF
"uk,gov,service,publishing,assets)/government/uploads/system/uploads/attachment_data/file/993220/cpin_kenya_fgm_10.06.2021.pdf",20230803202809,https://assets.publishing.service.gov.uk/government/uploads/system/uploads/attachment_data/file/993220/CPIN_Kenya_FGM_10.06.2021.pdf,assets.publishing.service.gov.uk,application/pdf,TBIE35R2Z3KKMSZ6HGKOENRUP7CZ6J3I,586471,292513438,CPIN kenya FGM,en,PDF
"uk,gov,service,publishing,assets)/government/uploads/system/uploads/attachment_data/file/771648/albania_-_d.a._-_cpin_-_v3.0__december_2018_.pdf",20220423000750,https://assets.publishing.service.gov.uk/government/uploads/system/uploads/attachment_data/file/771648/Albania_-_D.A._-_CPIN_-_v3.0__December_2018_.pdf,assets.publishing.service.gov.uk,application/pdf,L5J3NESEQHOTW55VHWICGEJQ7D7SC2LA,945979,213087227,Albania - D.A. - CPIN - v3.0 (December 2018),en,PDF
"uk,gov,service,publishing,assets)/government/uploads/system/uploads/attachment_data/file/924924/algeria_background_note_v1.0_september_2020.pdf",20230909213334,https://assets.publishing.service.gov.uk/government/uploads/system/uploads/attachment_data/file/924924/Algeria_Background_Note_v1.0_September_2020.pdf,assets.publishing.service.gov.uk,application/pdf,ATU7YSSMU4PQV4QEQJEHUYI4PHUVHKQ3,746756,5215460,CPIN Template - January 2020,en,PDF
"com,amazonaws,s3,moj-tribunals-documents-prod)/decision/pdf_file/54365/pa018302015.pdf",20231201080116,https://moj-tribunals-documents-prod.s3.amazonaws.com/decision/pdf_file/54365/PA018302015.pdf,moj-tribunals-documents-prod.s3.amazonaws.com,application/pdf,5O3A4RUSCQMGIN52FBVFE2ROE2AWOY3D,184775,136705383,PA018302015.pdf,en,PDF
"uk,gov,service,publishing,assets)/media/63c6b784d3bf7f580416e78e/vnm_cpin_fear_of_illegal_money_lenders.pdf",20250205154727,https://assets.publishing.service.gov.uk/media/63c6b784d3bf7f580416e78e/VNM_CPIN_Fear_of_illegal_money_lenders.pdf,assets.publishing.service.gov.uk,application/pdf,J3MWGUUQYWCGNGRT2OY5DCGOH36GQJLB,394216,227509034,VNM CPIN Fear of illegal money lenders,en,PDF
"com,amazonaws,s3,moj-tribunals-documents-prod)/decision/pdf_file/79264/ui-2022-002571.pdf",20231201063848,https://moj-tribunals-documents-prod.s3.amazonaws.com/decision/pdf_file/79264/UI-2022-002571.pdf,moj-tribunals-documents-prod.s3.amazonaws.com,application/pdf,ZUXFPNNYARIAVG3COTTJHXTFISXJM4UZ,169937,438689187,UI-2022-002571.pdf,en,PDF
"uk,gov,service,publishing,assets)/media/5bb2236ded915d259eaa7776/413_girls_education_libya.pdf",20240307114707,https://assets.publishing.service.gov.uk/media/5bb2236ded915d259eaa7776/413_Girls_education_Libya.pdf,assets.publishing.service.gov.uk,application/pdf,K2ZF6DZUP5GFE3CX2JQBNTKGQ2NBYDXI,867158,415937339,413_Girls_education_Libya.pdf,en,PDF
"uk,gov,service,publishing,assets)/government/uploads/system/uploads/attachment_data/file/887741/iraq_-_security_and_humanitarian_-_cpin_v6.0_-_may_2020_-_270520.pdf",20220930002129,https://assets.publishing.service.gov.uk/government/uploads/system/uploads/attachment_data/file/887741/Iraq_-_Security_and_Humanitarian_-_CPIN_v6.0_-_May_2020_-_270520.pdf,assets.publishing.service.gov.uk,application/pdf,B2VFT5EKZZWGWCUWEW7MRMRO7II57OYV,1676440,484654764,Iraq: security and humanitarian situation,en,PDF
"uk,gov,service,publishing,assets)/government/uploads/system/uploads/attachment_data/file/1068774/nga_cpin_separatist_groups_in_the_south-east.pdf",20230903003916,https://assets.publishing.service.gov.uk/government/uploads/system/uploads/attachment_data/file/1068774/NGA_CPIN_Separatist_groups_in_the_South-East.pdf,assets.publishing.service.gov.uk,application/pdf,NFCKBZNXLPTEPZ7LLJF3KU7B4EETMFSH,742213,59918061,NGA CPIN Separatist groups in the South-East,en,PDF
"uk,gov,service,publishing,assets)/government/uploads/system/uploads/attachment_data/file/1133771/alb_cpin_human_trafficking.pdf",20230202215022,https://assets.publishing.service.gov.uk/government/uploads/system/uploads/attachment_data/file/1133771/ALB_CPIN_Human_trafficking.pdf,assets.publishing.service.gov.uk,application/pdf,MJHP542J4ZH5I4EIP5OS7HE57DX6XHEH,1468047,217189891,ALB CPIN Human trafficking,en,PDF
"uk,gov,service,publishing,assets)/government/uploads/system/uploads/attachment_data/file/695864/vietnam_-_ethnic_and_religious_groups_-_cpin_v2.0_ex.pdf",20220113182209,https://assets.publishing.service.gov.uk/government/uploads/system/uploads/attachment_data/file/695864/Vietnam_-_Ethnic_and_Religious_groups_-_CPIN_v2.0_ex.pdf,assets.publishing.service.gov.uk,application/pdf,LCGSXE5NUPZSUQTZMZOWNBDSS567H52D,624771,216714387,vietnam - ethnic and religious groups,en,PDF
"uk,gov,service,publishing,assets)/government/uploads/system/uploads/attachment_data/file/866087/iraq_-__fgm_-_cpin_-_v2.0_-_february_2020_-_ext.pdf",20221013204706,https://assets.publishing.service.gov.uk/government/uploads/system/uploads/attachment_data/file/866087/Iraq_-__FGM_-_CPIN_-_v2.0_-_February_2020_-_EXT.pdf,assets.publishing.service.gov.uk,application/pdf,NXL2B7JGG2GCLAG3UHCYD7C542B7EAVN,556854,74188860,CPIN Template 2018 - v3,en,PDF
"uk,gov,service,publishing,assets)/government/uploads/system/uploads/attachment_data/file/1087040/syr_cpin_security_situation.pdf",20230903173813,https://assets.publishing.service.gov.uk/government/uploads/system/uploads/attachment_data/file/1087040/SYR_CPIN_Security_Situation.pdf,assets.publishing.service.gov.uk,application/pdf,ZRFXDI7BXYI34TQR55YRRNW7RC6VHPXA,1354155,102670774,SYR CPIN Security Situation,en,PDF
"uk,gov,service,publishing,assets)/media/663b68f474933dccbbb6c3d5/pak+cpin+christians+and+christian+converts.pdf",20250613201010,https://assets.publishing.service.gov.uk/media/663b68f474933dccbbb6c3d5/PAK+CPIN+Christians+and+Christian+converts.pdf,assets.publishing.service.gov.uk,application/pdf,N4FOF64L3IQ6K7NW63M7FA73ZK5WVXMM,699721,219232056,PAK CPIN Christians and Christian converts,en,PDF
"uk,gov,service,publishing,assets)/government/uploads/system/uploads/attachment_data/file/770254/opts_-_background_-_cpin_-_v1.0__december_2018_.pdf",20220308110332,https://assets.publishing.service.gov.uk/government/uploads/system/uploads/attachment_data/file/770254/OPTs_-_Background_-_CPIN_-_v1.0__December_2018_.pdf,assets.publishing.service.gov.uk,application/pdf,LMC3RDWMKZ4AUYB62DJ4UI5VSFWZYY62,1308976,116570960,OPTs - Background - CPIN - v1.0 (December 2018),en,PDF
"uk,gov,service,publishing,assets)/government/uploads/system/uploads/attachment_data/file/1006265/iraq_-_religious_minorities_cpin_v3.0__july_2021.pdf",20230908214048,https://assets.publishing.service.gov.uk/government/uploads/system/uploads/attachment_data/file/1006265/Iraq_-_Religious_Minorities_CPIN_v3.0__July_2021.pdf,assets.publishing.service.gov.uk,application/pdf,LHNH7C3RU2R2QNC46KUWEDBKAOBPFLDF,491994,345212493,Iraq - Religious Minorities - CPIN - v3.0 - July 2021,en,PDF
"uk,gov,service,publishing,assets)/government/uploads/system/uploads/attachment_data/file/879496/kenya_-sogie-cpin-v3.0__gov.uk_.pdf",20220317091609,https://assets.publishing.service.gov.uk/government/uploads/system/uploads/attachment_data/file/879496/Kenya_-SOGIE-CPIN-v3.0__GOV.UK_.pdf,assets.publishing.service.gov.uk,application/pdf,P4L6K7YITOMN2PIWEORPCHVNN4MYNA4R,639300,372434723,Kenya_-SOGIE-CPIN-v3.0__GOV.UK_.pdf,en,PDF
"uk,supremecourt)/cases/docs/uksc-2023-0093-etc-judgment.pdf",20231115162601,https://www.supremecourt.uk/cases/docs/uksc-2023-0093-etc-judgment.pdf,www.supremecourt.uk,application/pdf,VB3VZJTBW3CSBPS5GNJELKLMK3H5LDV3,341420,175755320,R (on the application of AAA (Syria) and others) (Respondents/Cross Appellants) v Secretary of State for the Home Department (Appellant/Cross Respondent); ,en,PDF
"uk,gov,service,publishing,assets)/government/uploads/system/uploads/attachment_data/file/1032173/nga_cpin_actors_of_protection.pdf",20230801214816,https://assets.publishing.service.gov.uk/government/uploads/system/uploads/attachment_data/file/1032173/NGA_CPIN_Actors_of_Protection.pdf,assets.publishing.service.gov.uk,application/pdf,IUWHXCL7SOEB7QKQC5WSCZBU5AXAWNWA,482302,11740716,NGA CPIN Actors of Protection,en,PDF
"com,amazonaws,s3,moj-tribunals-documents-prod)/decision/pdf_file/74810/rp000302019.pdf",20231201065403,https://moj-tribunals-documents-prod.s3.amazonaws.com/decision/pdf_file/74810/RP000302019.pdf,moj-tribunals-documents-prod.s3.amazonaws.com,application/pdf,I44LDV5UZ77FJMZTTOYR4YTOC4ISO7II,166769,481726305,RP000302019.pdf,en,PDF
"uk,gov,service,publishing,assets)/media/61002107e90e0703b4af6bb6/iraq_-_religious_minorities_cpin_v3.0__july_2021.pdf",20231104212947,https://assets.publishing.service.gov.uk/media/61002107e90e0703b4af6bb6/Iraq_-_Religious_Minorities_CPIN_v3.0__July_2021.pdf,assets.publishing.service.gov.uk,application/pdf,LHNH7C3RU2R2QNC46KUWEDBKAOBPFLDF,491979,178427495,Iraq - Religious Minorities - CPIN - v3.0 - July 2021,en,PDF
"uk,gov,service,publishing,assets)/media/62c58777d3bf7f2fffd66c16/ukr_cpin_military_service.pdf",20240108013802,https://assets.publishing.service.gov.uk/media/62c58777d3bf7f2fffd66c16/UKR_CPIN_Military_Service.pdf,assets.publishing.service.gov.uk,application/pdf,Y6QZZP3FUWV2KVEYR2NKAJNZADLV7P5Y,474589,249615697,UKR CPIN Military Service,en,PDF
"uk,ac,ids,opendocs)/opendocs/bitstream/handle/20.500.12413/16578/977_gender_inequalities_in_eastern_neighbourhood_region.pdf?sequence=1",20211201141019,https://opendocs.ids.ac.uk/opendocs/bitstream/handle/20.500.12413/16578/977_gender_inequalities_in_Eastern_Neighbourhood_region.pdf?sequence=1,opendocs.ids.ac.uk,application/pdf,RRBKGUD2Y5PHPMSD4NS4KO3XKE2DQTOP,484256,342841971,977_gender_inequalities_in_Eastern_Neighbourhood_region.pdf?sequence=1,en,PDF
"uk,gov)/government/uploads/system/uploads/attachment_data/file/578095/cpin_-_gambia_-_fgm_-_v1.0__december_2016_.pdf",20170207115859,https://www.gov.uk/government/uploads/system/uploads/attachment_data/file/578095/CPIN_-_Gambia_-_FGM_-_v1.0__December_2016_.pdf,www.gov.uk,application/pdf,7VVN3W35KKY4PUPQHQPBGVZBFX2DJHJX,286840,30699477,CPIN - Gambia - FGM - v1.0 (December 2016),en,PDF
"uk,gov,service,publishing,assets)/government/uploads/system/uploads/attachment_data/file/1088614/ukr_cpin_military_service.pdf",20231204053028,https://assets.publishing.service.gov.uk/government/uploads/system/uploads/attachment_data/file/1088614/UKR_CPIN_Military_Service.pdf,assets.publishing.service.gov.uk,application/pdf,Y6QZZP3FUWV2KVEYR2NKAJNZADLV7P5Y,474606,149110589,UKR CPIN Military Service,en,PDF
"uk,gov)/government/uploads/system/uploads/attachment_data/file/571064/cpin_-_zimbabwe_-_sogi_-_v2_0__november_2016_.pdf",20170627202147,https://www.gov.uk/government/uploads/system/uploads/attachment_data/file/571064/CPIN_-_Zimbabwe_-_SOGI_-_v2_0__November_2016_.pdf,www.gov.uk,application/pdf,JAWUYIVPWEY4YB2O7ZNDVAXETAM6GUNB,281015,26235956,CPIN - Zimbabwe - SOGI - v2.0 (November 2016),en,PDF
"uk,gov,service,publishing,assets)/media/614dad2cd3bf7f718a54c0ef/vietnam_-_mental_health_-_cpin_-_v1.0.pdf",20231219181906,https://assets.publishing.service.gov.uk/media/614dad2cd3bf7f718a54c0ef/Vietnam_-_Mental_health_-_CPIN_-_v1.0.pdf,assets.publishing.service.gov.uk,application/pdf,NKNH7BPVBMUKRKPN5Z5Z33XMCJWDBFQY,496916,343798758,Vietnam: Mental healthcare,en,PDF
"uk,gov)/government/uploads/system/uploads/attachment_data/file/590858/zimbabwe_-_prison_conditions_-_cpin_-_v2_0__february_2017_.pdf",20170425071555,https://www.gov.uk/government/uploads/system/uploads/attachment_data/file/590858/Zimbabwe_-_Prison_Conditions_-_CPIN_-_v2_0__February_2017_.pdf,www.gov.uk,application/pdf,TYYE4WMTWQJB7IXMKTW6FAG6WQCBBH4E,258007,88046513,Zimbabwe - Prison Conditions - CPIN - v2.0 (February 2017),en,PDF
"uk,gov,service,publishing,assets)/government/uploads/system/uploads/attachment_data/file/1020368/vietnam_-_mental_health_-_cpin_-_v1.0.pdf",20230831183011,https://assets.publishing.service.gov.uk/government/uploads/system/uploads/attachment_data/file/1020368/Vietnam_-_Mental_health_-_CPIN_-_v1.0.pdf,assets.publishing.service.gov.uk,application/pdf,NKNH7BPVBMUKRKPN5Z5Z33XMCJWDBFQY,496935,295380918,Vietnam: Mental healthcare,en,PDF
"uk,gov,service,publishing,assets)/media/618a730c8fa8f52982a86368/nga_cpin_actors_of_protection.pdf",20240108031229,https://assets.publishing.service.gov.uk/media/618a730c8fa8f52982a86368/NGA_CPIN_Actors_of_Protection.pdf,assets.publishing.service.gov.uk,application/pdf,IUWHXCL7SOEB7QKQC5WSCZBU5AXAWNWA,482291,341293738,NGA CPIN Actors of Protection,en,PDF
"uk,gov,service,publishing,assets)/media/6686794e4a94d44125d9cccf/alb+cpin+blood+feuds.pdf",20250606023537,https://assets.publishing.service.gov.uk/media/6686794e4a94d44125d9cccf/ALB+CPIN+Blood+feuds.pdf,assets.publishing.service.gov.uk,application/pdf,TPWM53KBPEQ4TR4UDU2TCSIAHP3UC3XE,619586,443787361,ALB CPIN Blood feuds,en,PDF
"uk,gov,service,publishing,assets)/government/uploads/system/uploads/attachment_data/file/865882/cameroon_-_sogie_-_cpin_-_v1.0__final_feb_20__gov.uk.pdf",20220322090025,https://assets.publishing.service.gov.uk/government/uploads/system/uploads/attachment_data/file/865882/Cameroon_-_SOGIE_-_CPIN_-_v1.0__Final_Feb_20__Gov.uk.pdf,assets.publishing.service.gov.uk,application/pdf,FGNOLHQZ76N6IBTHPEYW6QYFUKOKEE5N,579698,11019317,CPIN Template 2018 - v3,en,PDF
"uk,gov,charitycommission,register-of-charities)/charity-search?_uk_gov_ccew_onereg_charitydetails_web_portlet_charitydetailsportlet_objectiveid=a12447310&_uk_gov_ccew_onereg_charitydetails_web_portlet_charitydetailsportlet_priv_r_p_mvcrendercommandname=/accounts-and-annual-returns&_uk_gov_ccew_onereg_charitydetails_web_portlet_charitydetailsportlet_priv_r_p_organisationnumber=5041661&p_p_cacheability=cachelevelpage&p_p_id=uk_gov_ccew_onereg_charitydetails_web_portlet_charitydetailsportlet&p_p_lifecycle=2&p_p_mode=view&p_p_resource_id=/accounts-resource&p_p_state=maximized",20230712032420,https://register-of-charities.charitycommission.gov.uk/charity-search?p_p_id=uk_gov_ccew_onereg_charitydetails_web_portlet_CharityDetailsPortlet&p_p_lifecycle=2&p_p_state=maximized&p_p_mode=view&p_p_resource_id=%2Faccounts-resource&p_p_cacheability=cacheLevelPage&_uk_gov_ccew_onereg_charitydetails_web_portlet_CharityDetailsPortlet_objectiveId=A12447310&_uk_gov_ccew_onereg_charitydetails_web_portlet_CharityDetailsPortlet_priv_r_p_mvcRenderCommandName=%2Faccounts-and-annual-returns&_uk_gov_ccew_onereg_charitydetails_web_portlet_CharityDetailsPortlet_priv_r_p_organisationNumber=5041661,register-of-charities.charitycommission.gov.uk,application/pdf,VBOWPBJ6TBZAACG6QMJ4HWHTBCHBL7UL,1216784,25329327,charity-search?p_p_id=uk_gov_ccew_onereg_charitydetails_web_portlet_CharityDetailsPortlet&p_p_lifecycle=2&p_p_state=maximized&p_p_mode=view&p_p_resource_id=%2Faccounts-resource&p_p_cacheability=cacheLevelPage&_uk_gov_ccew_onereg_charitydetails_web_portlet_CharityDetailsPortlet_objectiveId=A12447310&_uk_gov_ccew_onereg_charitydetails_web_portlet_CharityDetailsPortlet_priv_r_p_mvcRenderCommandName=%2Faccounts-and-annual-returns&_uk_gov_ccew_onereg_charitydetails_web_portlet_CharityDetailsPortlet_priv_r_p_organisationNumber=5041661,en,PDF
"uk,gov,service,publishing,assets)/government/uploads/system/uploads/attachment_data/file/1105170/alb_cin_mental_health.pdf",20221216011212,https://assets.publishing.service.gov.uk/government/uploads/system/uploads/attachment_data/file/1105170/ALB_CIN_Mental_Health.pdf,assets.publishing.service.gov.uk,application/pdf,UYBN657ZZRVWYYEDZIL3DEPMYD3XT56D,356017,383153144,ALB CIN Mental Health,en,PDF
"uk,gov,service,publishing,assets)/government/uploads/system/uploads/attachment_data/file/1125080/alb_cpin_actors_of_protection.pdf",20221220191733,https://assets.publishing.service.gov.uk/government/uploads/system/uploads/attachment_data/file/1125080/ALB_CPIN_Actors_of_Protection.pdf,assets.publishing.service.gov.uk,application/pdf,WYPD3LQU6BIKIM7LEQSW4S753KBDQPVP,344486,274272329,ALB CPIN Actors of Protection,en,PDF
"uk,gov,service,publishing,assets)/government/uploads/system/uploads/attachment_data/file/948170/cameroon_-_internal_relocation_-_cpin_-_v1.0__final__gov.uk.pdf",20220331070233,https://assets.publishing.service.gov.uk/government/uploads/system/uploads/attachment_data/file/948170/Cameroon_-_Internal_relocation_-_CPIN_-_V1.0__Final__Gov.uk.pdf,assets.publishing.service.gov.uk,application/pdf,RC6L7CAQBGFIANYSIF7U2TSMEVDOTE27,382848,414762476,cameroon internal relocation,en,PDF
"uk,gov,service,publishing,assets)/media/66bf3978a44f1c4c23e5bd27/afg+cpin+humanitarian+situation.pdf",20250604144810,https://assets.publishing.service.gov.uk/media/66bf3978a44f1c4c23e5bd27/AFG+CPIN+Humanitarian+situation.pdf,assets.publishing.service.gov.uk,application/pdf,E5Z6QC63W7QY5S3DRHV5GHVIQDXQ7XAL,716690,407368051,AFG CPIN Humanitarian situation,en,PDF
"uk,gov,service,publishing,assets)/media/639b554e8fa8f5068980a3dd/alb_cpin_domestic_violence_against_women.pdf",20240106231909,https://assets.publishing.service.gov.uk/media/639b554e8fa8f5068980a3dd/ALB_CPIN_Domestic_violence_against_women.pdf,assets.publishing.service.gov.uk,application/pdf,GLXFINSBVFBXO2PUPLOEZCLHCYCV37AZ,526610,386383912,ALB CPIN Domestic violence against women,en,PDF
"uk,gov,service,publishing,assets)/media/5e56433386650c10f1affe1c/reintegration_of_idps_and_refugees_final_-_revised.pdf",20231203073202,https://assets.publishing.service.gov.uk/media/5e56433386650c10f1affe1c/Reintegration_of_IDPs_and_Refugees_final_-_REVISED.pdf,assets.publishing.service.gov.uk,application/pdf,L4C6MAE2AJGJANTNGS3PKFITV3MO6W5N,1073040,267969528,Reintegration_of_IDPs_and_Refugees_final_-_REVISED.pdf,en,PDF
"uk,gov,service,publishing,assets)/media/655362fc4ac0e1001277d806/cod+cpin+opposition+to+the+government.pdf",20250606045752,https://assets.publishing.service.gov.uk/media/655362fc4ac0e1001277d806/COD+CPIN+Opposition+to+the+Government.pdf,assets.publishing.service.gov.uk,application/pdf,TSJ3XT4KLVO4O3VFLD6RUGGGGPX7DY26,848173,180871768,COD CPIN Opposition to the Government,en,PDF
"uk,gov)/government/uploads/system/uploads/attachment_data/file/571971/cpin_-_egypt_-_christians_-_v2.0__november_2016_.pdf",20161220182606,https://www.gov.uk/government/uploads/system/uploads/attachment_data/file/571971/CPIN_-_Egypt_-_Christians_-_v2.0__November_2016_.pdf,www.gov.uk,application/pdf,5QTBYB2AFCUCBRHMX3IMCGZ7P4VZDTAX,441112,77983044,CPIN - Egypt - Christians - v2.0 (November 2016),en,PDF
"uk,ac,ids,opendocs)/opendocs/bitstream/handle/20.500.12413/15870/the%20multi-layered%20minority_v2.pdf?sequence=1",20211201141250,https://opendocs.ids.ac.uk/opendocs/bitstream/handle/20.500.12413/15870/The%20Multi-Layered%20Minority_v2.pdf?sequence=1,opendocs.ids.ac.uk,application/pdf,4SMKMSHPJWBR3QPIGN73B2DLG2A7IKXD,1089117,463247308,The%20Multi-Layered%20Minority_v2.pdf?sequence=1,en,PDF
"uk,gov,service,publishing,assets)/government/uploads/system/uploads/attachment_data/file/1125094/alb_cpin_domestic_violence_against_women.pdf",20231102220425,https://assets.publishing.service.gov.uk/government/uploads/system/uploads/attachment_data/file/1125094/ALB_CPIN_Domestic_violence_against_women.pdf,assets.publishing.service.gov.uk,application/pdf,GLXFINSBVFBXO2PUPLOEZCLHCYCV37AZ,526619,421593367,ALB CPIN Domestic violence against women,en,PDF
"uk,gov,service,publishing,assets)/government/uploads/system/uploads/attachment_data/file/857567/drc_-_cpin_-_uas_-_v4_-_final.pdf",20230506154110,https://assets.publishing.service.gov.uk/government/uploads/system/uploads/attachment_data/file/857567/DRC_-_CPIN_-_UAS_-_v4_-_final.pdf,assets.publishing.service.gov.uk,application/pdf,M6HFTNMCPY5JVI76XVKK26TLTUJWLBJN,1050989,361131542,CPIN Template 2018 - v3,en,PDF
"uk,gov,service,publishing,assets)/government/uploads/system/uploads/attachment_data/file/913735/algeria-actors_of_protection-cpin-v-0.1.pdf",20230705231355,https://assets.publishing.service.gov.uk/government/uploads/system/uploads/attachment_data/file/913735/Algeria-Actors_of_Protection-CPIN-v-0.1.pdf,assets.publishing.service.gov.uk,application/pdf,SEPC2DDKO7N32YC72SMFS5BRFHDRX7IU,425342,263830251,CPIN Template - January 2020,en,PDF
"uk,gov,service,publishing,assets)/government/uploads/system/uploads/attachment_data/file/742590/drc._gbv._2018.v2_ext__003_.pdf",20220303094749,https://assets.publishing.service.gov.uk/government/uploads/system/uploads/attachment_data/file/742590/DRC._GBV._2018.v2_ext__003_.pdf,assets.publishing.service.gov.uk,application/pdf,G5TLU7ZW75ZPU6ZR2ATFKIA7ZF6G67TV,576580,67067658,DRC._GBV._2018.v2_ext__003_.pdf,en,PDF
"uk,gov,service,publishing,assets)/media/6172c769e90e071975128263/sdn_cpin_non-arab_darfuris.pdf",20240119224250,https://assets.publishing.service.gov.uk/media/6172c769e90e071975128263/SDN_CPIN_Non-Arab_Darfuris.pdf,assets.publishing.service.gov.uk,application/pdf,7B4YJO27XKA7SWRYS3OYJKHS2XOZEVXX,807887,299128946,SDN CPIN Non-Arab Darfuris,en,PDF
"uk,gov,service,publishing,assets)/government/uploads/system/uploads/attachment_data/file/740184/vietnam_-_oppn_to_vcp_-_cpin_-_v3.0__september_2018_.pdf",20220510225350,https://assets.publishing.service.gov.uk/government/uploads/system/uploads/attachment_data/file/740184/Vietnam_-_Oppn_to_VCP_-_CPIN_-_v3.0__September_2018_.pdf,assets.publishing.service.gov.uk,application/pdf,6MS2CQFG55HYCXYAZMWJ3ABHKL6JFHPE,824398,445116422,Vietnam - Oppn to VCP - CPIN - v3.0 (September 2018),en,PDF
"uk,gov,service,publishing,assets)/government/uploads/system/uploads/attachment_data/file/1097928/nga_cpin_female_genital_mutilation_july_2022.pdf",20231102220400,https://assets.publishing.service.gov.uk/government/uploads/system/uploads/attachment_data/file/1097928/NGA_CPIN_Female_genital_mutilation_July_2022.pdf,assets.publishing.service.gov.uk,application/pdf,CXKP23ZA5CL3OCSIUBZGO6OWB5WJI4NP,730778,400825406,NGA CPIN Female genital mutilation,en,PDF
"com,amazonaws,s3,moj-tribunals-documents-prod)/decision/pdf_file/75704/pa110422019.pdf",20231201064925,https://moj-tribunals-documents-prod.s3.amazonaws.com/decision/pdf_file/75704/PA110422019.pdf,moj-tribunals-documents-prod.s3.amazonaws.com,application/pdf,HGZN2F6L22JCJZMVTHO5SOB24BVZSYWM,173642,313050266,PA110422019.pdf,en,PDF
"uk,gov,service,publishing,assets)/government/uploads/system/uploads/attachment_data/file/896362/country_policy_and_information_note_-_internal_relocation__civil_documentation_and_returns__iraq__june_2020.pdf",20220511034111,https://assets.publishing.service.gov.uk/government/uploads/system/uploads/attachment_data/file/896362/Country_policy_and_information_note_-_internal_relocation__civil_documentation_and_returns__Iraq__June_2020.pdf,assets.publishing.service.gov.uk,application/pdf,EJ45VQSBG2MT5EZZUUIXVRXMTF3H6ZOI,2868199,296681862,CPIN Template - January 2020,en,PDF
"uk,gov,service,publishing,assets)/government/uploads/system/uploads/attachment_data/file/865400/albania_-_blood_feuds_-_cpin_-_v.4__pdf.pdf",20200706022255,https://assets.publishing.service.gov.uk/government/uploads/system/uploads/attachment_data/file/865400/Albania_-_Blood_feuds_-_CPIN_-_v.4__pdf.pdf,assets.publishing.service.gov.uk,application/pdf,PRX6X63YEVW2UXTBDSBJ2TTQSB3NPAII,694017,75359532,CPIN Template - January 2020,en,PDF
"uk,gov,service,publishing,assets)/government/uploads/system/uploads/attachment_data/file/1072753/nga_cpin_trafficking_of_women.pdf",20220517192330,https://assets.publishing.service.gov.uk/government/uploads/system/uploads/attachment_data/file/1072753/NGA_CPIN_Trafficking_of_women.pdf,assets.publishing.service.gov.uk,application/pdf,BPXHTF7VY7UO4XGDYOIDPXDARE67MYSC,632122,374053379,NGA CPIN Trafficking of women,en,PDF
"uk,gov,service,publishing,assets)/government/uploads/system/uploads/attachment_data/file/878219/iran_-_military_service_-_cpin_-_v2.0_-_april_2020.pdf",20221005062134,https://assets.publishing.service.gov.uk/government/uploads/system/uploads/attachment_data/file/878219/Iran_-_Military_Service_-_CPIN_-_v2.0_-_April_2020.pdf,assets.publishing.service.gov.uk,application/pdf,F5EPEDJZWVXT4HXMB3FZFXLIZ4UGXE5U,509298,200588234,CPIN Template - November 2019,en,PDF
"uk,gov,service,publishing,assets)/media/65f05f41ff11700019615973/china_-_christians_-_cpin_-_v3.0__november_2019_.pdf",20240312213445,https://assets.publishing.service.gov.uk/media/65f05f41ff11700019615973/China_-_Christians_-_CPIN_-_v3.0__November_2019_.pdf,assets.publishing.service.gov.uk,application/pdf,5JIYFS4SFAZEYUJN2EYP5YHWVPQHFUQN,550970,458018729,China - Christians - CPIN - v3.0 (November 2019),en,PDF
"uk,gov,service,publishing,assets)/government/uploads/system/uploads/attachment_data/file/752687/albania_-_blood_feuds_-_cpin_-_v3.0__october_2018_.pdf",20200206055341,https://assets.publishing.service.gov.uk/government/uploads/system/uploads/attachment_data/file/752687/Albania_-_Blood_Feuds_-_CPIN_-_v3.0__October_2018_.pdf,assets.publishing.service.gov.uk,application/pdf,EKPXKVD7L25ZSHYJIVHEI3XFLUJJN44H,1178712,148386916,Albania - Blood Feuds - CPIN - v3.0 (October 2018),en,PDF
"uk,gov,service,publishing,assets)/government/uploads/system/uploads/attachment_data/file/928000/india.medical_and_healthcare_cpin.v1.0.october_2020_rev.pdf",20220506194904,https://assets.publishing.service.gov.uk/government/uploads/system/uploads/attachment_data/file/928000/INDIA.Medical_and_Healthcare_CPIN.v1.0.October_2020_REV.pdf,assets.publishing.service.gov.uk,application/pdf,NQZMUUF2ISRMOWQNTPR2I5E74TXKYTN7,546349,141593553,India - Medical and Healthcare - CPIN - v1.0,en,PDF
"uk,gov,service,publishing,assets)/government/uploads/system/uploads/attachment_data/file/1028042/sdn_cpin_non-arab_darfuris.pdf",20230803042058,https://assets.publishing.service.gov.uk/government/uploads/system/uploads/attachment_data/file/1028042/SDN_CPIN_Non-Arab_Darfuris.pdf,assets.publishing.service.gov.uk,application/pdf,7B4YJO27XKA7SWRYS3OYJKHS2XOZEVXX,807861,476329382,SDN CPIN Non-Arab Darfuris,en,PDF
"com,amazonaws,s3,moj-tribunals-documents-prod)/decision/pdf_file/74575/00016_ukut_iac_2022_ymka.pdf",20231201065414,https://moj-tribunals-documents-prod.s3.amazonaws.com/decision/pdf_file/74575/00016_ukut_iac_2022_ymka.pdf,moj-tribunals-documents-prod.s3.amazonaws.com,application/pdf,IDTB7UAEJ6OVLUKFK4TAM6NFYPSI7OSE,225610,488080292,00016_ukut_iac_2022_ymka.pdf,en,PDF
"uk,gov,independent,icinspector)/wp-content/uploads/2017/07/an-inspection-of-country-of-origin-information.pdf",20170803100532,http://icinspector.independent.gov.uk/wp-content/uploads/2017/07/An-Inspection-of-Country-of-Origin-Information.pdf,icinspector.independent.gov.uk,application/pdf,KLO2SGKNNRCC63YXMSBDIDPUFNTVCX2O,4914626,40304179,An-Inspection-of-Country-of-Origin-Information.pdf,en,PDF
"uk,gov,service,publishing,assets)/media/62f6405bd3bf7f4c6138405d/nga_cpin_female_genital_mutilation_july_2022.pdf",20231221231651,https://assets.publishing.service.gov.uk/media/62f6405bd3bf7f4c6138405d/NGA_CPIN_Female_genital_mutilation_July_2022.pdf,assets.publishing.service.gov.uk,application/pdf,CXKP23ZA5CL3OCSIUBZGO6OWB5WJI4NP,730766,81267739,NGA CPIN Female genital mutilation,en,PDF
"uk,gov,service,publishing,assets)/government/uploads/system/uploads/attachment_data/file/868800/iran_-_christians-converts_-_cpin_-_v6.0_-_feb_2020_-_ext_pdf.pdf",20220504185247,https://assets.publishing.service.gov.uk/government/uploads/system/uploads/attachment_data/file/868800/Iran_-_Christians-Converts_-_CPIN_-_v6.0_-_Feb_2020_-_EXT_PDF.pdf,assets.publishing.service.gov.uk,application/pdf,A3GF6WB7XMQLSV572XMVEHX72DFRAL3Q,723181,319774249,Iran - Xians-Converts - CPIN - v5.0 (DRAFT),en,PDF
"uk,gov,service,publishing,assets)/government/uploads/system/uploads/attachment_data/file/1120001/irq_cpin_security_situation.pdf",20230803180718,https://assets.publishing.service.gov.uk/government/uploads/system/uploads/attachment_data/file/1120001/IRQ_CPIN_security_situation.pdf,assets.publishing.service.gov.uk,application/pdf,Q3ZPARQXLLHLWDEQRJWZIGNY7F533LJW,921647,23784803,IRQ CPIN security situation,en,PDF
"uk,gov,service,publishing,assets)/government/uploads/system/uploads/attachment_data/file/1140252/gmb_cpin_sexual_orientation_and_gender_identity.pdf",20231104054222,https://assets.publishing.service.gov.uk/government/uploads/system/uploads/attachment_data/file/1140252/GMB_CPIN_sexual_orientation_and_gender_identity.pdf,assets.publishing.service.gov.uk,application/pdf,3Y435B7DQZLR3GFLWG2E5ZSD66O5KFMS,339520,407564759,GMB CPIN sexual orientation and gender identity.docx,en,PDF
"uk,gov,service,publishing,assets)/media/63d26d5fe90e071ba62d8519/alb_cpin_blood_feuds.pdf",20240703023040,https://assets.publishing.service.gov.uk/media/63d26d5fe90e071ba62d8519/ALB_CPIN_Blood_feuds.pdf,assets.publishing.service.gov.uk,application/pdf,IBA2TIDN5V6B2TEDR7Y3QVC425TIJPC5,584691,106540189,ALB CPIN Blood feuds,en,PDF
"uk,gov,service,publishing,assets)/media/5acb8e69ed915d5a90e44cd7/somalia-women-fearing-gender-based-violence-cpin.pdf",20240607161229,https://assets.publishing.service.gov.uk/media/5acb8e69ed915d5a90e44cd7/somalia-women-fearing-gender-based-violence-cpin.pdf,assets.publishing.service.gov.uk,application/pdf,7GKX5CPFC4MLOZVGQRH627VQCKONVCSU,769944,348882762,somalia-women-fearing-gender-based-violence-cpin.pdf,en,PDF
"uk,gov,service,publishing,assets)/media/6405bb9f8fa8f527fc6d9d4b/gmb_cpin_sexual_orientation_and_gender_identity.pdf",20240305091323,https://assets.publishing.service.gov.uk/media/6405bb9f8fa8f527fc6d9d4b/GMB_CPIN_sexual_orientation_and_gender_identity.pdf,assets.publishing.service.gov.uk,application/pdf,3Y435B7DQZLR3GFLWG2E5ZSD66O5KFMS,339544,316652263,GMB CPIN sexual orientation and gender identity.docx,en,PDF
"uk,gov,service,publishing,assets)/media/637f4dc78fa8f56ead6bafe6/irq_cpin_security_situation.pdf",20231104212945,https://assets.publishing.service.gov.uk/media/637f4dc78fa8f56ead6bafe6/IRQ_CPIN_security_situation.pdf,assets.publishing.service.gov.uk,application/pdf,Q3ZPARQXLLHLWDEQRJWZIGNY7F533LJW,921634,177441718,IRQ CPIN security situation,en,PDF
"uk,gov,service,publishing,assets)/government/uploads/system/uploads/attachment_data/file/846772/iran_-_medical_-_cpin_-_v1.0_-_nov_2019_-_ext.pdf",20230602234333,https://assets.publishing.service.gov.uk/government/uploads/system/uploads/attachment_data/file/846772/Iran_-_Medical_-_CPIN_-_v1.0_-_Nov_2019_-_EXT.pdf,assets.publishing.service.gov.uk,application/pdf,QOLNPE5KRPQDDIYKU3Q6VIA74AFXLNLJ,380461,294882365,Iran - Medical - CPIN - v1.0 (August 2019),en,PDF
"uk,gov,service,publishing,assets)/media/5dde6e3b40f0b650c03fd845/china_-_christians_-_cpin_-_v3.0__november_2019_.pdf",20240305091321,https://assets.publishing.service.gov.uk/media/5dde6e3b40f0b650c03fd845/China_-_Christians_-_CPIN_-_v3.0__November_2019_.pdf,assets.publishing.service.gov.uk,application/pdf,KACKLO3VIDS7VFV3XIGE2YSPBY2IUFBL,547525,310972486,China - Christians - CPIN - v3.0 (November 2019),en,PDF
"com,amazonaws,s3,moj-tribunals-documents-prod)/decision/pdf_file/78912/hu013522020.pdf",20231201063853,https://moj-tribunals-documents-prod.s3.amazonaws.com/decision/pdf_file/78912/HU013522020.pdf,moj-tribunals-documents-prod.s3.amazonaws.com,application/pdf,EI3IR7UUOK4CLMRTFB5574SXM7EQFNAJ,178463,441205072,HU013522020.pdf,en,PDF
"uk,gov,service,publishing,assets)/government/uploads/system/uploads/attachment_data/file/848830/china_-_christians_-_cpin_-_v3.0__november_2019_.pdf",20230801215425,https://assets.publishing.service.gov.uk/government/uploads/system/uploads/attachment_data/file/848830/China_-_Christians_-_CPIN_-_v3.0__November_2019_.pdf,assets.publishing.service.gov.uk,application/pdf,KACKLO3VIDS7VFV3XIGE2YSPBY2IUFBL,547498,449757722,China - Christians - CPIN - v3.0 (November 2019),en,PDF
"uk,gov,service,publishing,assets)/media/5dcea7ace5274a073b4c9580/iran_-_medical_-_cpin_-_v1.0_-_nov_2019_-_ext.pdf",20240308133835,https://assets.publishing.service.gov.uk/media/5dcea7ace5274a073b4c9580/Iran_-_Medical_-_CPIN_-_v1.0_-_Nov_2019_-_EXT.pdf,assets.publishing.service.gov.uk,application/pdf,QOLNPE5KRPQDDIYKU3Q6VIA74AFXLNLJ,380487,208364601,Iran - Medical - CPIN - v1.0 (August 2019),en,PDF
"com,amazonaws,s3,moj-tribunals-documents-prod)/decision/pdf_file/69781/pa117592017.pdf",20231201070449,https://moj-tribunals-documents-prod.s3.amazonaws.com/decision/pdf_file/69781/PA117592017.pdf,moj-tribunals-documents-prod.s3.amazonaws.com,application/pdf,LFRQG3XVGWG3DOOEDAGQXIMKKNM2DV6V,180207,334796209,PA117592017.pdf,en,PDF
"uk,gov,service,publishing,assets)/government/uploads/system/uploads/attachment_data/file/1181171/vnm_cpin_opposition_to_state.pdf",20230831183011,https://assets.publishing.service.gov.uk/government/uploads/system/uploads/attachment_data/file/1181171/VNM_CPIN_Opposition_to_state.pdf,assets.publishing.service.gov.uk,application/pdf,TJJWSXW45CUMN4JLKSKBRY3BZTD5S7A6,496928,294865053,VNM CPIN Opposition to state.docx,en,PDF
"uk,co,healthwatch,nds)/sites/default/files/reports_library/20220217_oxfordshire_albanian-and-arabic-speaking-communities-views-on-speaking-up-about-nhs-services.pdf",20250506062310,https://nds.healthwatch.co.uk/sites/default/files/reports_library/20220217_Oxfordshire_Albanian-and-Arabic-speaking-communities-views-on-speaking-up-about-NHS-services.pdf,nds.healthwatch.co.uk,application/pdf,KJ56VSDAOBZPAWIHYYTHMBJF5RDSKNNR,617098,110819892,HW Guidance,en,PDF
"uk,gov,service,publishing,assets)/media/679b68026bb4c44f0805e7c4/sdn+cpin+-+security+situation.pdf",20250605145829,https://assets.publishing.service.gov.uk/media/679b68026bb4c44f0805e7c4/SDN+CPIN+-+Security+situation.pdf,assets.publishing.service.gov.uk,application/pdf,RUNNHG2ZTHPYEFRQJ2S4S6ES23BDUMKY,1994128,377311082,SDN CPIN - Security situation,en,PDF
"uk,gov)/government/uploads/system/uploads/attachment_data/file/567636/cpin-nigeria-pcs-v1-november-2016.pdf",20170428231438,https://www.gov.uk/government/uploads/system/uploads/attachment_data/file/567636/CPIN-Nigeria-PCs-v1-November-2016.pdf,www.gov.uk,application/pdf,LVOQ3WPTF3EBSSCAPSN6PLW6BZPZUDLZ,372978,14716432,CIG Template,en,PDF
"uk,gov,service,publishing,assets)/media/5c372663e5274a65a5da0417/opts_-_background_-_cpin_-_v1.0__december_2018_.pdf",20240305091203,https://assets.publishing.service.gov.uk/media/5c372663e5274a65a5da0417/OPTs_-_Background_-_CPIN_-_v1.0__December_2018_.pdf,assets.publishing.service.gov.uk,application/pdf,LMC3RDWMKZ4AUYB62DJ4UI5VSFWZYY62,1308910,63161903,OPTs - Background - CPIN - v1.0 (December 2018),en,PDF
"uk,gov,service,publishing,assets)/government/uploads/system/uploads/attachment_data/file/781706/zimbabwe_-_pol_oppn_-_cpin_-_v4.0__feb_2019__gov.uk.pdf",20200205184310,https://assets.publishing.service.gov.uk/government/uploads/system/uploads/attachment_data/file/781706/Zimbabwe_-_Pol_Oppn_-_CPIN_-_v4.0__Feb_2019__GOV.UK.pdf,assets.publishing.service.gov.uk,application/pdf,W736BLYDOQVZYF6BKQIZZIR44ONRCNF3,1085259,91639188,Zimbabwe - Pol Oppn - CPIN - v4.0 (Feb 2019),en,PDF
"uk,gov,service,publishing,assets)/government/uploads/system/uploads/attachment_data/file/770254/opts_-_background_-_cpin_-_v1.0__december_2018_.pdf",20230910014026,https://assets.publishing.service.gov.uk/government/uploads/system/uploads/attachment_data/file/770254/OPTs_-_Background_-_CPIN_-_v1.0__December_2018_.pdf,assets.publishing.service.gov.uk,application/pdf,LMC3RDWMKZ4AUYB62DJ4UI5VSFWZYY62,1308854,132972089,OPTs - Background - CPIN - v1.0 (December 2018),en,PDF
"uk,gov)/government/uploads/system/uploads/attachment_data/file/565771/cpin-india-prison-conditions-v2-november-2016.pdf",20170207115916,https://www.gov.uk/government/uploads/system/uploads/attachment_data/file/565771/CPIN-India-Prison-Conditions-v2-November-2016.pdf,www.gov.uk,application/pdf,ZQAIK5IROFEXRVWVVSIPK6VZHTZGHOTF,364200,57098403,CIG - India - Prison Conditions - v2.0 (November 2016),en,PDF
"uk,gov)/government/uploads/system/uploads/attachment_data/file/571076/cpin_-_vietnam_-_trafficking_-_v2.0__november_2016_.pdf",20170426183820,https://www.gov.uk/government/uploads/system/uploads/attachment_data/file/571076/CPIN_-_Vietnam_-_Trafficking_-_v2.0__November_2016_.pdf,www.gov.uk,application/pdf,55TKQVLD7OBHTFEXNWQHTIP5LRKMVZA6,318303,61961800,CPIN - Vietnam - Trafficking - v2.0 (November 2016),en,PDF
"com,amazonaws,s3,moj-tribunals-documents-prod)/decision/pdf_file/73814/hu088992017.pdf",20231201065431,https://moj-tribunals-documents-prod.s3.amazonaws.com/decision/pdf_file/73814/HU088992017.pdf,moj-tribunals-documents-prod.s3.amazonaws.com,application/pdf,SOWF63UJF4MLKQXICTYJRCFU47FCHU7I,199232,498842425,HU088992017.pdf,en,PDF
"uk,gov,service,publishing,assets)/government/uploads/system/uploads/attachment_data/file/1020555/eri_cpin_national_service_and_illegal_exit.pdf",20220428030527,https://assets.publishing.service.gov.uk/government/uploads/system/uploads/attachment_data/file/1020555/ERI_CPIN_National_service_and_illegal_exit.pdf,assets.publishing.service.gov.uk,application/pdf,A6573N67DPGEIO3VXMRNXMLOOOREM6MT,544597,17362151,ERI CPIN National service and illegal exit,en,PDF
"uk,gov,service,publishing,assets)/media/6582c8aaed3c3400133bfc43/chn+cpin+opposition+to+the+state.pdf",20240305091321,https://assets.publishing.service.gov.uk/media/6582c8aaed3c3400133bfc43/CHN+CPIN+Opposition+to+the+state.pdf,assets.publishing.service.gov.uk,application/pdf,UCUSDHQJJA7DDARLDXWZ5SMNWNU23AYP,793182,311521091,CHN CPIN Opposition to the state,en,PDF
"uk,gov,service,publishing,assets)/government/uploads/system/uploads/attachment_data/file/873402/cameroon_-_anglophones_-_cpin_-_v1.0__march_2020_.pdf",20201218051818,https://assets.publishing.service.gov.uk/government/uploads/system/uploads/attachment_data/file/873402/Cameroon_-_Anglophones_-_CPIN_-_v1.0__March_2020_.pdf,assets.publishing.service.gov.uk,application/pdf,GQSPGCDSR34EPHVLYI6D3JOKFPAR373L,1150856,153062857,CPIN Template 2018 - v3,en,PDF
"uk,gov,service,publishing,assets)/government/uploads/system/uploads/attachment_data/file/897158/_e__jamaica_-_medical_-_cpin_-_v0.1_march_2020.pdf",20230909163019,https://assets.publishing.service.gov.uk/government/uploads/system/uploads/attachment_data/file/897158/_E__Jamaica_-_Medical_-_CPIN_-_v0.1_March_2020.pdf,assets.publishing.service.gov.uk,application/pdf,HUXSZTDV76UMMGHBR65Z5EVZFSMETLZT,413843,140602549,CPIN Template 2018 - v3,en,PDF
"uk,gov,service,publishing,assets)/government/uploads/system/uploads/attachment_data/file/1089848/chn_cpin_-_muslims.pdf",20230704100215,https://assets.publishing.service.gov.uk/government/uploads/system/uploads/attachment_data/file/1089848/CHN_CPIN_-_Muslims.pdf,assets.publishing.service.gov.uk,application/pdf,67GWME53VGXUROTTCEI5J5WGRZMOKOH4,695904,206898039,CHN CPIN - Muslims,en,PDF
"uk,gov,service,publishing,assets)/media/670e6d4930536cb9274831a6/chn+cpin+modern+slavery.pdf",20250425211822,https://assets.publishing.service.gov.uk/media/670e6d4930536cb9274831a6/CHN+CPIN+Modern+slavery.pdf,assets.publishing.service.gov.uk,application/pdf,W6JBDT7TGWZGAEMWVTNDEXHOKKR3BUFD,433456,2784934,CHN CPIN Modern Slavery,en,PDF
"uk,gov,service,publishing,assets)/government/uploads/system/uploads/attachment_data/file/977224/sudan_-_opposition_to_state_-_cpin__-_v3.0.pdf",20220511060743,https://assets.publishing.service.gov.uk/government/uploads/system/uploads/attachment_data/file/977224/Sudan_-_opposition_to_state_-_CPIN__-_v3.0.pdf,assets.publishing.service.gov.uk,application/pdf,FJGGUMLZWHJ7D2VLCXHFJXHUE2AOSUZS,744908,31449401,CPIN Sudan: Opposition to the government,en,PDF
"uk,gov,service,publishing,assets)/media/62d80f008fa8f50bfd7dc7e9/country_policy_and_information_note_bangladesh_medical_treatment_and_healthcare.pdf",20240117191330,https://assets.publishing.service.gov.uk/media/62d80f008fa8f50bfd7dc7e9/Country_Policy_and_Information_Note_Bangladesh_Medical_treatment_and_healthcare.pdf,assets.publishing.service.gov.uk,application/pdf,PK2CPIETPJS53ULXHGNXS56PFWVWMAKT,421836,7439082,BGD CIN Medical treatment and healthcare,en,PDF
"uk,gov,service,publishing,assets)/government/uploads/system/uploads/attachment_data/file/1092700/country_policy_and_information_note_bangladesh_medical_treatment_and_healthcare.pdf",20230920174012,https://assets.publishing.service.gov.uk/government/uploads/system/uploads/attachment_data/file/1092700/Country_Policy_and_Information_Note_Bangladesh_Medical_treatment_and_healthcare.pdf,assets.publishing.service.gov.uk,application/pdf,PK2CPIETPJS53ULXHGNXS56PFWVWMAKT,421802,125346871,BGD CIN Medical treatment and healthcare,en,PDF
"uk,gov,service,publishing,assets)/media/5e96ed80d3bf7f4128b01ee1/kenya_-sogie-cpin-v3.0__gov.uk_.pdf",20231208225019,https://assets.publishing.service.gov.uk/media/5e96ed80d3bf7f4128b01ee1/Kenya_-SOGIE-CPIN-v3.0__GOV.UK_.pdf,assets.publishing.service.gov.uk,application/pdf,P4L6K7YITOMN2PIWEORPCHVNN4MYNA4R,639204,116137817,Kenya_-SOGIE-CPIN-v3.0__GOV.UK_.pdf,en,PDF
"uk,gov,service,publishing,assets)/government/uploads/system/uploads/attachment_data/file/879496/kenya_-sogie-cpin-v3.0__gov.uk_.pdf",20240416120403,https://assets.publishing.service.gov.uk/government/uploads/system/uploads/attachment_data/file/879496/Kenya_-SOGIE-CPIN-v3.0__GOV.UK_.pdf,assets.publishing.service.gov.uk,application/pdf,P4L6K7YITOMN2PIWEORPCHVNN4MYNA4R,639253,137724629,Kenya_-SOGIE-CPIN-v3.0__GOV.UK_.pdf,en,PDF
"uk,gov,service,publishing,assets)/media/5efda1bf3a6f4023c4d1999c/_e__jamaica_-_medical_-_cpin_-_v0.1_march_2020.pdf",20240107191845,https://assets.publishing.service.gov.uk/media/5efda1bf3a6f4023c4d1999c/_E__Jamaica_-_Medical_-_CPIN_-_v0.1_March_2020.pdf,assets.publishing.service.gov.uk,application/pdf,HUXSZTDV76UMMGHBR65Z5EVZFSMETLZT,413836,469542785,CPIN Template 2018 - v3,en,PDF
"uk,gov,service,publishing,assets)/media/5ec29af1d3bf7f5d364bfc38/algeria_sogie_cpin_v3.0_may_2020.pdf",20241006230254,https://assets.publishing.service.gov.uk/media/5ec29af1d3bf7f5d364bfc38/Algeria_SOGIE_CPIN_v3.0_May_2020.pdf,assets.publishing.service.gov.uk,application/pdf,H34XJ6EJRYPUTTZCNXGENOWGZ5CZ2EDD,369988,28383498,CPIN Template - January 2020,en,PDF
"uk,gov,service,publishing,assets)/government/uploads/system/uploads/attachment_data/file/1123460/alb_cpin_human_trafficking.pdf",20230130195850,https://assets.publishing.service.gov.uk/government/uploads/system/uploads/attachment_data/file/1123460/ALB_CPIN_Human_trafficking.pdf,assets.publishing.service.gov.uk,application/pdf,MM7DWOFC7MV3GVTYNYW7MRR3DKZOWZED,729201,163540289,ALB CPIN Human trafficking,en,PDF
"uk,gov,service,publishing,assets)/government/uploads/system/uploads/attachment_data/file/948168/cameroon_-_aofp_-_cpin_-_v1.0__final__gov.uk.pdf",20230705210647,https://assets.publishing.service.gov.uk/government/uploads/system/uploads/attachment_data/file/948168/Cameroon_-_AofP_-_CPIN_-_v1.0__final__Gov.uk.pdf,assets.publishing.service.gov.uk,application/pdf,3R6JX4R37YBMZGHIHKGP7HOPIIFGCAC4,396830,20415664,cameroon actors of protection,en,PDF
"uk,gov,service,publishing,assets)/government/uploads/system/uploads/attachment_data/file/759280/sudan_-_ffm_report_2018_-_nad-returns.pdf",20200510032600,https://assets.publishing.service.gov.uk/government/uploads/system/uploads/attachment_data/file/759280/Sudan_-_FFM_report_2018_-_NAD-returns.pdf,assets.publishing.service.gov.uk,application/pdf,N3W2FBZSE46H4HLSNTII2WTGMDPPAPG5,1915506,295930922,Sudan_-_FFM_report_2018_-_NAD-returns.pdf,en,PDF
"uk,gov,service,publishing,assets)/government/uploads/system/uploads/attachment_data/file/921359/ghana_-_background_note__including_ir_-_cpin_-_v1.0_final_gov.uk.pdf",20230903053254,https://assets.publishing.service.gov.uk/government/uploads/system/uploads/attachment_data/file/921359/Ghana_-_Background_note__including_IR_-_CPIN_-_v1.0_final_gov.uk.pdf,assets.publishing.service.gov.uk,application/pdf,UNHMTTQ4OK6NAKKIQJFAD5TMKOQ2LZ7J,664066,487841712,ghana background note,en,PDF
"org,wfd)/sites/default/files/2023-10/health_sector_report-_final.pdf",20240306053719,https://www.wfd.org/sites/default/files/2023-10/health_sector_report-_final.pdf,www.wfd.org,application/pdf,NTTRPBPJTFF5EHR3OS4QWKVODR2QGIAA,308950,199081379,health_sector_report-_final.pdf,en,PDF
"uk,gov,service,publishing,assets)/government/uploads/system/uploads/attachment_data/file/1160881/irq_cpin_humanitarian_situation.pdf",20240107054745,https://assets.publishing.service.gov.uk/government/uploads/system/uploads/attachment_data/file/1160881/IRQ_CPIN_Humanitarian_situation.pdf,assets.publishing.service.gov.uk,application/pdf,B7OFTTCNVKQW6QFIGC4OXAH6DNFWZWSG,759939,469023805,Iraq CPIN: Humanitarian situation,en,PDF
"com,amazonaws,s3,moj-tribunals-documents-prod)/decision/pdf_file/75525/00131_ukut_iac_2022_am_zimbabwe.pdf",20231201065203,https://moj-tribunals-documents-prod.s3.amazonaws.com/decision/pdf_file/75525/00131_ukut_iac_2022_am_zimbabwe.pdf,moj-tribunals-documents-prod.s3.amazonaws.com,application/pdf,RNTGL7MNFFU6Y43G44PPECC6YVO6MSMI,241107,408853566,00131_ukut_iac_2022_am_zimbabwe.pdf,en,PDF
"uk,gov,service,publishing,assets)/government/uploads/system/uploads/attachment_data/file/1105210/alb_cpin_domestic_abuse_and_violence_against_women.pdf",20221213232810,https://assets.publishing.service.gov.uk/government/uploads/system/uploads/attachment_data/file/1105210/ALB_CPIN_Domestic_abuse_and_violence_against_women.pdf,assets.publishing.service.gov.uk,application/pdf,ERBA7L4GWMCH3UFYYVNUP3ECEMAR4GLC,578552,171300900,ALB CPIN Domestic abuse and violence against women,en,PDF
"uk,gov,service,publishing,assets)/media/649d32fb06179b000c3f74d8/inspection_report_on_home_office_country_of_origin_information__iraq_and_myanmar__burma__january_2023.pdf",20240109204845,https://assets.publishing.service.gov.uk/media/649d32fb06179b000c3f74d8/Inspection_report_on_Home_Office_country_of_origin_information__Iraq_and_Myanmar__Burma__January_2023.pdf,assets.publishing.service.gov.uk,application/pdf,EZZGH7Y5MBM5LAPLIY2ZUSOBXXVCETBN,624618,238692317,Inspection_report_on_Home_Office_country_of_origin_information__Iraq_and_Myanmar__Burma__January_2023.pdf,en,PDF
"com,amazonaws,s3,moj-tribunals-documents-prod)/decision/pdf_file/75269/da012092013.pdf",20231201065145,https://moj-tribunals-documents-prod.s3.amazonaws.com/decision/pdf_file/75269/DA012092013.pdf,moj-tribunals-documents-prod.s3.amazonaws.com,application/pdf,GAL7IGZAZ2WEWMCCLESFFVYMYM2BMTCO,229846,397442029,DA012092013.pdf,en,PDF
"uk,gov)/government/uploads/system/uploads/attachment_data/file/591507/cpin_pakistan_hazara_v1_0.pdf",20170627202026,https://www.gov.uk/government/uploads/system/uploads/attachment_data/file/591507/CPIN_Pakistan_Hazara_v1_0.pdf,www.gov.uk,application/pdf,HOBFVI25Q5JOUP63CM5G5QQQC5FTDKZY,331353,8976046,CIG Template,en,PDF
"uk,gov,service,publishing,assets)/media/647dcda8b32b9e0012a961c0/irq_cpin_humanitarian_situation.pdf",20240305084639,https://assets.publishing.service.gov.uk/media/647dcda8b32b9e0012a961c0/IRQ_CPIN_Humanitarian_situation.pdf,assets.publishing.service.gov.uk,application/pdf,B7OFTTCNVKQW6QFIGC4OXAH6DNFWZWSG,759969,185080036,Iraq CPIN: Humanitarian situation,en,PDF
"uk,gov,service,publishing,assets)/media/6531493c26b9b1000faf1c0d/tur+cpin+g_lenist+movement.pdf",20250605115849,https://assets.publishing.service.gov.uk/media/6531493c26b9b1000faf1c0d/TUR+CPIN+G_lenist+movement.pdf,assets.publishing.service.gov.uk,application/pdf,YVKPLE7RIH3HMTBHWVGRYVURWTUHISTC,465095,93038338,TUR CPIN Gülenist movement,en,PDF
"uk,gov,service,publishing,assets)/media/653b8352e6c9680014aa9c15/irq+cpin+internal+relocation_+civil+documentation+and+returns.pdf",20231027175041,https://assets.publishing.service.gov.uk/media/653b8352e6c9680014aa9c15/IRQ+CPIN+Internal+relocation_+civil+documentation+and+returns.pdf,assets.publishing.service.gov.uk,application/pdf,AN5FQRFDZSOLY6XGQH5WUPYFTIXBU4TX,1807216,220693019,"IRQ CPIN Internal relocation, civil documentation and returns",en,PDF
"uk,org,ofcom)/__data/assets/pdf_file/0026/170882/issue-388-broadcast-and-on-demand-bulletin.pdf",20200421161454,https://www.ofcom.org.uk/__data/assets/pdf_file/0026/170882/issue-388-broadcast-and-on-demand-bulletin.pdf,www.ofcom.org.uk,application/pdf,3GYQ7WYW47ELMX2M3MTCLXLIMQ4OQCL7,1072418,428398125,Issue 388 of Ofcom's Broadcast and On Demand Bulletin,en,PDF
"uk,gov,service,publishing,assets)/government/uploads/system/uploads/attachment_data/file/729333/india_-_women_fearing_gbv_-_cpin_-_v2.0__july_2018_.pdf",20221117231643,https://assets.publishing.service.gov.uk/government/uploads/system/uploads/attachment_data/file/729333/India_-_Women_fearing_GBV_-_CPIN_-_v2.0__July_2018_.pdf,assets.publishing.service.gov.uk,application/pdf,ZHAI2LWR5YZRMYD34PV2MM2GCZ6BKD7L,994561,88805379,India - Women fearing GBV - CPIN - v2.0 (July 2018),en,PDF
"uk,gov,service,publishing,assets)/media/62f67cfed3bf7f4c6138406c/rus_cpin_critics_and_opponents_of_the_government.pdf",20240118215718,https://assets.publishing.service.gov.uk/media/62f67cfed3bf7f4c6138406c/RUS_CPIN_Critics_and_opponents_of_the_government.pdf,assets.publishing.service.gov.uk,application/pdf,WQ5OT32MKZCO255VICSNQO7YUXPXFWYL,670951,157871756,RUS CPIN Critics and opponents of the government,en,PDF
"uk,gov,service,publishing,assets)/government/uploads/system/uploads/attachment_data/file/1044585/yem_cpin_security_and_humanitarian_situation.pdf",20220517201858,https://assets.publishing.service.gov.uk/government/uploads/system/uploads/attachment_data/file/1044585/YEM_CPIN_Security_and_humanitarian_situation.pdf,assets.publishing.service.gov.uk,application/pdf,VGAEI4NFMFHEGQJ56LSLLAWVRIY5NYXM,1696965,61436891,YEM CPIN Security and humanitarian situation,en,PDF
"uk,gov,service,publishing,assets)/government/uploads/system/uploads/attachment_data/file/901971/inspection_of_country_of_origin_information__albania_iran_vietnam_dec_19.pdf",20220423054016,https://assets.publishing.service.gov.uk/government/uploads/system/uploads/attachment_data/file/901971/Inspection_of_Country_of_Origin_Information__Albania_Iran_Vietnam_Dec_19.pdf,assets.publishing.service.gov.uk,application/pdf,V5M3K3G2NPSFD5WUB36MNMO4XZ7TGJPP,934738,1549871,Inpection of Country of Origin Information - December 2019,en,PDF
"uk,gov,service,publishing,assets)/government/uploads/system/uploads/attachment_data/file/752589/zimbabwe_-_women_and_gbv_-_cpin_-_v3.0e__october_2018_.pdf",20220518032056,https://assets.publishing.service.gov.uk/government/uploads/system/uploads/attachment_data/file/752589/Zimbabwe_-_Women_and_GBV_-_CPIN_-_v3.0e__October_2018_.pdf,assets.publishing.service.gov.uk,application/pdf,5YRHS5TTQW7RZHKLAINOCC3CRHHIOGDC,1166512,149058615,Zimbabwe - Women and GBV - CPIN - v3.0 (October 2018),en,PDF
"uk,gov,service,publishing,assets)/government/uploads/system/uploads/attachment_data/file/1166302/inspection_report_on_home_office_country_of_origin_information__iraq_and_myanmar__burma__january_2023.pdf",20231123202608,https://assets.publishing.service.gov.uk/government/uploads/system/uploads/attachment_data/file/1166302/Inspection_report_on_Home_Office_country_of_origin_information__Iraq_and_Myanmar__Burma__January_2023.pdf,assets.publishing.service.gov.uk,application/pdf,EZZGH7Y5MBM5LAPLIY2ZUSOBXXVCETBN,624632,113946489,Inspection_report_on_Home_Office_country_of_origin_information__Iraq_and_Myanmar__Burma__January_2023.pdf,en,PDF
"uk,gov,service,publishing,assets)/government/uploads/system/uploads/attachment_data/file/950057/iraq_-_actors_of_protection_-_v1.0_-_december_2020_-_ext.pdf",20220507085029,https://assets.publishing.service.gov.uk/government/uploads/system/uploads/attachment_data/file/950057/Iraq_-_Actors_of_Protection_-_v1.0_-_December_2020_-_ext.pdf,assets.publishing.service.gov.uk,application/pdf,OBJTFQBNN2U5XDCEQV6LLQ435X3I52ZW,557110,328957999,Iraq - Actors of Protection - v1.0 - November 2020,en,PDF
"uk,gov,service,publishing,assets)/government/uploads/system/uploads/attachment_data/file/1120933/egy_cpin_opposition_to_state.pdf",20230704192138,https://assets.publishing.service.gov.uk/government/uploads/system/uploads/attachment_data/file/1120933/EGY_CPIN_Opposition_to_state.pdf,assets.publishing.service.gov.uk,application/pdf,5NKS2MFRCIENISU7KAWQ6CUIBJKHB6ET,529180,15744159,EGY CPIN Opposition to state,en,PDF
"uk,gov,service,publishing,assets)/media/5feb15afe90e0711ffe07d16/cameroon_-_internal_relocation_-_cpin_-_v1.0__final__gov.uk.pdf",20240308173100,https://assets.publishing.service.gov.uk/media/5feb15afe90e0711ffe07d16/Cameroon_-_Internal_relocation_-_CPIN_-_V1.0__Final__Gov.uk.pdf,assets.publishing.service.gov.uk,application/pdf,RC6L7CAQBGFIANYSIF7U2TSMEVDOTE27,382764,348771999,cameroon internal relocation,en,PDF
"uk,gov,service,publishing,assets)/media/619e5e8c8fa8f5037d67b731/nam_cpin_sexual_orientation_gender_identity_and_expression__002_.pdf",20241103162629,https://assets.publishing.service.gov.uk/media/619e5e8c8fa8f5037d67b731/NAM_CPIN_Sexual_orientation_gender_identity_and_expression__002_.pdf,assets.publishing.service.gov.uk,application/pdf,BVWH2JWEDJLS5OBF4CGP44BNM7OFHENU,723329,345215655,NAM CPIN Sexual orientation gender identity and expression.docx,en,PDF
"com,amazonaws,s3,moj-tribunals-documents-prod)/decision/pdf_file/78842/ui-2023-000054.pdf",20231201063950,https://moj-tribunals-documents-prod.s3.amazonaws.com/decision/pdf_file/78842/UI-2023-000054.pdf,moj-tribunals-documents-prod.s3.amazonaws.com,application/pdf,FAVP35FBS2WNUMGNY3DNX3VE4N64HQVZ,184663,474425044,UI-2023-000054.pdf,en,PDF
"uk,gov,service,publishing,assets)/government/uploads/system/uploads/attachment_data/file/918003/libya_-_security__humanitarian_situation_-_cpin_-_v4.0_-_september_2020.pdf",20240305135343,https://assets.publishing.service.gov.uk/government/uploads/system/uploads/attachment_data/file/918003/Libya_-_Security__humanitarian_situation_-_CPIN_-_v4.0_-_September_2020.pdf,assets.publishing.service.gov.uk,application/pdf,HRSNJPGPLLGLTCNGYS76AGPYNCVLHYV4,994983,89162648,Libya Security and Humanitarian situation,en,PDF
"uk,gov,service,publishing,assets)/media/62558e8cd3bf7f6010c0ed73/nga_cpin_separatist_groups_in_the_south-east.pdf",20250612201744,https://assets.publishing.service.gov.uk/media/62558e8cd3bf7f6010c0ed73/NGA_CPIN_Separatist_groups_in_the_South-East.pdf,assets.publishing.service.gov.uk,application/pdf,NFCKBZNXLPTEPZ7LLJF3KU7B4EETMFSH,742238,195986301,NGA CPIN Separatist groups in the South-East,en,PDF
"uk,gov,service,publishing,assets)/media/628f6e46d3bf7f0371a9affe/sdn_cpin_sogie.pdf",20240117225843,https://assets.publishing.service.gov.uk/media/628f6e46d3bf7f0371a9affe/SDN_CPIN_SOGIE.pdf,assets.publishing.service.gov.uk,application/pdf,BWRDN5O7GVI7JEWDAFTTDGHGCPXWV4KJ,381066,7916925,SDN CPIN SOGIE,en,PDF
"uk,gov,service,publishing,assets)/government/uploads/system/uploads/attachment_data/file/1079018/sdn_cpin_sogie.pdf",20230803042039,https://assets.publishing.service.gov.uk/government/uploads/system/uploads/attachment_data/file/1079018/SDN_CPIN_SOGIE.pdf,assets.publishing.service.gov.uk,application/pdf,BWRDN5O7GVI7JEWDAFTTDGHGCPXWV4KJ,381034,446439423,SDN CPIN SOGIE,en,PDF
"com,amazonaws,s3,moj-tribunals-documents-prod)/decision/pdf_file/75678/pa101372019.pdf",20231201064806,https://moj-tribunals-documents-prod.s3.amazonaws.com/decision/pdf_file/75678/PA101372019.pdf,moj-tribunals-documents-prod.s3.amazonaws.com,application/pdf,73SLJRM3QEP5YKBHH6O52PMVE2UI6HE7,217102,265266455,PA101372019.pdf,en,PDF
"uk,org,ofcom)/__data/assets/pdf_file/0020/233462/nadim-malik-live,-samaa-tv,-5-may-2020,-1600-6-may-2020,-1600.pdf",20240205065853,"https://www.ofcom.org.uk/__data/assets/pdf_file/0020/233462/Nadim-Malik-Live,-Samaa-TV,-5-May-2020,-1600-6-May-2020,-1600.pdf",www.ofcom.org.uk,application/pdf,QPCMRHWKA6Z5HYGHT4X2FFSAY24DEIJQ,506138,430307315,"Nadim Malik Live, Samaa TV, 5 May 2020, 1600; 6 May 2020, 1600",en,PDF
"uk,gov,service,publishing,assets)/media/5f60d431e90e072bbd30c9ff/libya_-_security__humanitarian_situation_-_cpin_-_v4.0_-_september_2020.pdf",20240229235331,https://assets.publishing.service.gov.uk/media/5f60d431e90e072bbd30c9ff/Libya_-_Security__humanitarian_situation_-_CPIN_-_v4.0_-_September_2020.pdf,assets.publishing.service.gov.uk,application/pdf,HRSNJPGPLLGLTCNGYS76AGPYNCVLHYV4,994973,57831411,Libya Security and Humanitarian situation,en,PDF
"uk,gov,service,publishing,assets)/government/uploads/system/uploads/attachment_data/file/1097986/rus_cpin_critics_and_opponents_of_the_government.pdf",20231204211307,https://assets.publishing.service.gov.uk/government/uploads/system/uploads/attachment_data/file/1097986/RUS_CPIN_Critics_and_opponents_of_the_government.pdf,assets.publishing.service.gov.uk,application/pdf,WQ5OT32MKZCO255VICSNQO7YUXPXFWYL,670925,154390009,RUS CPIN Critics and opponents of the government,en,PDF
"uk,gov,service,publishing,assets)/government/uploads/system/uploads/attachment_data/file/948170/cameroon_-_internal_relocation_-_cpin_-_v1.0__final__gov.uk.pdf",20230803203302,https://assets.publishing.service.gov.uk/government/uploads/system/uploads/attachment_data/file/948170/Cameroon_-_Internal_relocation_-_CPIN_-_V1.0__Final__Gov.uk.pdf,assets.publishing.service.gov.uk,application/pdf,RC6L7CAQBGFIANYSIF7U2TSMEVDOTE27,382733,331298624,cameroon internal relocation,en,PDF
"uk,gov,service,publishing,assets)/government/uploads/system/uploads/attachment_data/file/1072753/nga_cpin_trafficking_of_women.pdf",20230801215212,https://assets.publishing.service.gov.uk/government/uploads/system/uploads/attachment_data/file/1072753/NGA_CPIN_Trafficking_of_women.pdf,assets.publishing.service.gov.uk,application/pdf,BPXHTF7VY7UO4XGDYOIDPXDARE67MYSC,632055,289400435,NGA CPIN Trafficking of women,en,PDF
"uk,gov)/government/uploads/system/uploads/attachment_data/file/572660/cpin.irn.baha_is.v.2-november-2016.pdf",20170207115927,https://www.gov.uk/government/uploads/system/uploads/attachment_data/file/572660/CPIN.IRN.Baha_is.v.2-November-2016.pdf,www.gov.uk,application/pdf,ZY6BCDYQNUG5CJGOFD7H2MC35GPZ5EHP,471659,31792420,CPIN Template,en,PDF
"uk,gov,service,publishing,assets)/media/6757038da63e1781efb877c4/syr_cpin_security_situation_withdrawn_9_dec_2024_-_do_not_use.pdf",20250604182437,https://assets.publishing.service.gov.uk/media/6757038da63e1781efb877c4/SYR_CPIN_Security_Situation_WITHDRAWN_9_DEC_2024_-_DO_NOT_USE.pdf,assets.publishing.service.gov.uk,application/pdf,BQBPZPEHGUJ4K6EE2SA7YDA7W4JYBAVT,1988005,488635765,SYR CPIN Security Situation,en,PDF
"uk,gov,service,publishing,assets)/media/672cd91a4f1735e02b96adab/sdn+cpin+non-arab+darfuris_new.pdf",20250605144954,https://assets.publishing.service.gov.uk/media/672cd91a4f1735e02b96adab/SDN+CPIN+Non-Arab+Darfuris_new.pdf,assets.publishing.service.gov.uk,application/pdf,HGP6JRWKLPMS4EAWWQY5SWNV6DAXDTDQ,576499,461388372,SDN CPIN Non-Arab Darfuris,en,PDF
"uk,judiciary)/wp-content/uploads/2022/07/s-and-az-v-sshd-judgment-090622.pdf",20230601104408,https://www.judiciary.uk/wp-content/uploads/2022/07/S-and-AZ-v-SSHD-judgment-090622.pdf,www.judiciary.uk,application/pdf,WEKQHDSR766Y22DQVWLPHPVELBYNU5AL,626121,444892960,S & AZ -v- SSHD judgment,en,PDF
"com,amazonaws,s3,moj-tribunals-documents-prod)/decision/pdf_file/75682/pa007232020.pdf",20231201064934,https://moj-tribunals-documents-prod.s3.amazonaws.com/decision/pdf_file/75682/PA007232020.pdf,moj-tribunals-documents-prod.s3.amazonaws.com,application/pdf,6XF5GI2DJDC2PEJV3U3DQPMC2AJ7TYYW,211384,318315798,PA007232020.pdf,en,PDF
"uk,gov)/government/uploads/system/uploads/attachment_data/file/575522/restricted-leave-v2.pdf",20170203210332,https://www.gov.uk/government/uploads/system/uploads/attachment_data/file/575522/Restricted-leave-v2.pdf,www.gov.uk,application/pdf,GPBF43WQQN36APAUQX3EBTA7YVLTZLDO,177738,32300276,Restricted-leave-v2.pdf,en,PDF
"uk,gov)/government/uploads/system/uploads/attachment_data/file/567077/pak_hazaras.pdf",20161220182300,https://www.gov.uk/government/uploads/system/uploads/attachment_data/file/567077/PAK_Hazaras.pdf,www.gov.uk,application/pdf,SBAXGMIKBX22ZWCQ75COWE2HHSM3FWJ4,332861,36654690,CIG Template,en,PDF
"uk,gov,service,publishing,assets)/government/uploads/system/uploads/attachment_data/file/740184/vietnam_-_oppn_to_vcp_-_cpin_-_v3.0__september_2018_.pdf",20230804003331,https://assets.publishing.service.gov.uk/government/uploads/system/uploads/attachment_data/file/740184/Vietnam_-_Oppn_to_VCP_-_CPIN_-_v3.0__September_2018_.pdf,assets.publishing.service.gov.uk,application/pdf,6MS2CQFG55HYCXYAZMWJ3ABHKL6JFHPE,824333,177479745,Vietnam - Oppn to VCP - CPIN - v3.0 (September 2018),en,PDF
"uk,gov,service,publishing,assets)/media/6270de30e90e0746ccd54e45/nga_cpin_trafficking_of_women.pdf",20231221231653,https://assets.publishing.service.gov.uk/media/6270de30e90e0746ccd54e45/NGA_CPIN_Trafficking_of_women.pdf,assets.publishing.service.gov.uk,application/pdf,BPXHTF7VY7UO4XGDYOIDPXDARE67MYSC,632044,82852761,NGA CPIN Trafficking of women,en,PDF
"uk,gov,service,publishing,assets)/media/67067e8c3b919067bb482ebb/algeria-actors+of+protection.pdf",20250109021014,https://assets.publishing.service.gov.uk/media/67067e8c3b919067bb482ebb/algeria-actors+of+protection.pdf,assets.publishing.service.gov.uk,application/pdf,VQKQDGYHKQGSBNZA7OP7JENYKPBFIJHK,372332,110540750,Algeria: Actors of protection,en,PDF
"com,amazonaws,s3,moj-tribunals-documents-prod)/decision/pdf_file/56578/pa045492016.pdf",20221201150854,https://moj-tribunals-documents-prod.s3.amazonaws.com/decision/pdf_file/56578/PA045492016.pdf,moj-tribunals-documents-prod.s3.amazonaws.com,application/pdf,S4C42HYXUQBCGWVPTU3F3AOIHVP5MYE2,138922,249523159,PA045492016.pdf,en,PDF
"uk,gov,service,publishing,assets)/media/5e467b00e5274a6d31130bff/cameroon_-_sogie_-_cpin_-_v1.0__final_feb_20__gov.uk.pdf",20240107212059,https://assets.publishing.service.gov.uk/media/5e467b00e5274a6d31130bff/Cameroon_-_SOGIE_-_CPIN_-_v1.0__Final_Feb_20__Gov.uk.pdf,assets.publishing.service.gov.uk,application/pdf,FGNOLHQZ76N6IBTHPEYW6QYFUKOKEE5N,579581,18937272,CPIN Template 2018 - v3,en,PDF
"uk,gov,service,publishing,assets)/government/uploads/system/uploads/attachment_data/file/1161442/alb_cin_medical_and_healthcare.pdf",20231102220252,https://assets.publishing.service.gov.uk/government/uploads/system/uploads/attachment_data/file/1161442/ALB_CIN_Medical_and_healthcare.pdf,assets.publishing.service.gov.uk,application/pdf,MGI4GDQ6LMNLAYW2UMWZYCUV54QYVYUX,453357,336000088,Albania: Medical and healthcare provision,en,PDF
"uk,gov,service,publishing,assets)/government/uploads/system/uploads/attachment_data/file/865882/cameroon_-_sogie_-_cpin_-_v1.0__final_feb_20__gov.uk.pdf",20230909210305,https://assets.publishing.service.gov.uk/government/uploads/system/uploads/attachment_data/file/865882/Cameroon_-_SOGIE_-_CPIN_-_v1.0__Final_Feb_20__Gov.uk.pdf,assets.publishing.service.gov.uk,application/pdf,FGNOLHQZ76N6IBTHPEYW6QYFUKOKEE5N,579596,92698390,CPIN Template 2018 - v3,en,PDF
"uk,gov,service,publishing,assets)/government/uploads/system/uploads/attachment_data/file/953512/iraq_-_medical_and_healthcare_provision_-_v2.0_-_january_2021_-_ext.pdf",20230803180650,https://assets.publishing.service.gov.uk/government/uploads/system/uploads/attachment_data/file/953512/Iraq_-_Medical_and_healthcare_provision_-_v2.0_-_January_2021_-_ext.pdf,assets.publishing.service.gov.uk,application/pdf,SVDMODDQAQGQFSFCEEPI735ZR2IYUCZX,796041,9843735,Iraq - Medical and Healthcare Provision - v2.0 - January 2021,en,PDF
"uk,gov,service,publishing,assets)/government/uploads/system/uploads/attachment_data/file/890518/kenya_-_actors_of_protection_-_cpin-_v1.0_.pdf",20230803201541,https://assets.publishing.service.gov.uk/government/uploads/system/uploads/attachment_data/file/890518/Kenya_-_Actors_of_Protection_-_CPIN-_v1.0_.pdf,assets.publishing.service.gov.uk,application/pdf,AID5YM4E5V4T6LBE5FY3S43UYVSNWE75,460827,238254844,CPIN Template 2018 - v3,en,PDF
"com,amazonaws,s3,moj-tribunals-documents-prod)/decision/pdf_file/68848/rp000722017.pdf",20221201133243,https://moj-tribunals-documents-prod.s3.amazonaws.com/decision/pdf_file/68848/RP000722017.pdf,moj-tribunals-documents-prod.s3.amazonaws.com,application/pdf,6Y5AVPNH6V4Q6IVR2TLSYW32AVWSRQBN,229952,393781068,RP000722017.pdf,en,PDF
"uk,gov,service,publishing,assets)/media/6006b796d3bf7f33ba58df2a/iraq_-_medical_and_healthcare_provision_-_v2.0_-_january_2021_-_ext.pdf",20240308033203,https://assets.publishing.service.gov.uk/media/6006b796d3bf7f33ba58df2a/Iraq_-_Medical_and_healthcare_provision_-_v2.0_-_January_2021_-_ext.pdf,assets.publishing.service.gov.uk,application/pdf,SVDMODDQAQGQFSFCEEPI735ZR2IYUCZX,796070,191051749,Iraq - Medical and Healthcare Provision - v2.0 - January 2021,en,PDF
"uk,gov,charitycommission,register-of-charities)/charity-search?_uk_gov_ccew_onereg_charitydetails_web_portlet_charitydetailsportlet_objectiveid=a12447310&_uk_gov_ccew_onereg_charitydetails_web_portlet_charitydetailsportlet_priv_r_p_mvcrendercommandname=/accounts-and-annual-returns&_uk_gov_ccew_onereg_charitydetails_web_portlet_charitydetailsportlet_priv_r_p_organisationnumber=5041661&p_p_cacheability=cachelevelpage&p_p_id=uk_gov_ccew_onereg_charitydetails_web_portlet_charitydetailsportlet&p_p_lifecycle=2&p_p_mode=view&p_p_resource_id=/accounts-resource&p_p_state=maximized",20240710112451,https://register-of-charities.charitycommission.gov.uk/charity-search?p_p_id=uk_gov_ccew_onereg_charitydetails_web_portlet_CharityDetailsPortlet&p_p_lifecycle=2&p_p_state=maximized&p_p_mode=view&p_p_resource_id=%2Faccounts-resource&p_p_cacheability=cacheLevelPage&_uk_gov_ccew_onereg_charitydetails_web_portlet_CharityDetailsPortlet_objectiveId=A12447310&_uk_gov_ccew_onereg_charitydetails_web_portlet_CharityDetailsPortlet_priv_r_p_mvcRenderCommandName=%2Faccounts-and-annual-returns&_uk_gov_ccew_onereg_charitydetails_web_portlet_CharityDetailsPortlet_priv_r_p_organisationNumber=5041661,register-of-charities.charitycommission.gov.uk,application/pdf,VBOWPBJ6TBZAACG6QMJ4HWHTBCHBL7UL,1216782,324699173,charity-search?p_p_id=uk_gov_ccew_onereg_charitydetails_web_portlet_CharityDetailsPortlet&p_p_lifecycle=2&p_p_state=maximized&p_p_mode=view&p_p_resource_id=%2Faccounts-resource&p_p_cacheability=cacheLevelPage&_uk_gov_ccew_onereg_charitydetails_web_portlet_CharityDetailsPortlet_objectiveId=A12447310&_uk_gov_ccew_onereg_charitydetails_web_portlet_CharityDetailsPortlet_priv_r_p_mvcRenderCommandName=%2Faccounts-and-annual-returns&_uk_gov_ccew_onereg_charitydetails_web_portlet_CharityDetailsPortlet_priv_r_p_organisationNumber=5041661,en,PDF
"uk,gov,service,publishing,assets)/media/64806478b32b9e0012a96369/alb_cin_medical_and_healthcare.pdf",20240106235725,https://assets.publishing.service.gov.uk/media/64806478b32b9e0012a96369/ALB_CIN_Medical_and_healthcare.pdf,assets.publishing.service.gov.uk,application/pdf,MGI4GDQ6LMNLAYW2UMWZYCUV54QYVYUX,453342,169753259,Albania: Medical and healthcare provision,en,PDF
"uk,gov,service,publishing,assets)/media/62cd5d87e90e07748814bcec/chn_cpin_-_muslims.pdf",20250612202154,https://assets.publishing.service.gov.uk/media/62cd5d87e90e07748814bcec/CHN_CPIN_-_Muslims.pdf,assets.publishing.service.gov.uk,application/pdf,67GWME53VGXUROTTCEI5J5WGRZMOKOH4,695937,216990625,CHN CPIN - Muslims,en,PDF
"uk,gov,service,publishing,assets)/media/5eda5e6be90e071b7a39a661/kenya_-_actors_of_protection_-_cpin-_v1.0_.pdf",20231208225233,https://assets.publishing.service.gov.uk/media/5eda5e6be90e071b7a39a661/Kenya_-_Actors_of_Protection_-_CPIN-_v1.0_.pdf,assets.publishing.service.gov.uk,application/pdf,AID5YM4E5V4T6LBE5FY3S43UYVSNWE75,460806,216117223,CPIN Template 2018 - v3,en,PDF
"uk,gov,service,publishing,assets)/government/uploads/system/uploads/attachment_data/file/1105163/alb_cpin_blood_feuds.pdf",20230111221332,https://assets.publishing.service.gov.uk/government/uploads/system/uploads/attachment_data/file/1105163/ALB_CPIN_Blood_feuds.pdf,assets.publishing.service.gov.uk,application/pdf,EDOCIFDFPENVDRKM4RIUWQIBXYFRF63L,469550,162613830,ALB CPIN Blood Feuds,en,PDF
"uk,gov,service,publishing,assets)/media/5f4e7042e90e071c70aedcc7/algeria-actors_of_protection-cpin-v-0.1.pdf",20241006222111,https://assets.publishing.service.gov.uk/media/5f4e7042e90e071c70aedcc7/Algeria-Actors_of_Protection-CPIN-v-0.1.pdf,assets.publishing.service.gov.uk,application/pdf,SEPC2DDKO7N32YC72SMFS5BRFHDRX7IU,425375,143768100,CPIN Template - January 2020,en,PDF
"uk,gov,service,publishing,assets)/media/66c84d0be7b39a1b6c5c29b4/sdn+cpin+non-arab+darfuris.pdf",20241105213814,https://assets.publishing.service.gov.uk/media/66c84d0be7b39a1b6c5c29b4/SDN+CPIN+Non-Arab+Darfuris.pdf,assets.publishing.service.gov.uk,application/pdf,VPMHX26RJOG3D2MDAXCPIVACH2YRDX6Y,548398,295420369,SDN CPIN Non-Arab Darfuris,en,PDF
"uk,gov,service,publishing,assets)/government/uploads/system/uploads/attachment_data/file/761740/inspection_of_country_of_origin_information__may_2018..pdf",20230911200535,https://assets.publishing.service.gov.uk/government/uploads/system/uploads/attachment_data/file/761740/Inspection_of_Country_of_Origin_Information__May_2018..pdf,assets.publishing.service.gov.uk,application/pdf,OXGTF57YOO55VJDITUFLRCNBBTI7LPEB,1172984,242472072,Inspection_of_Country_of_Origin_Information__May_2018..pdf,en,PDF
"uk,gov,service,publishing,assets)/government/uploads/system/uploads/attachment_data/file/908419/cpin_syria_civil_war.pdf",20220518032711,https://assets.publishing.service.gov.uk/government/uploads/system/uploads/attachment_data/file/908419/CPIN_Syria_Civil_War.pdf,assets.publishing.service.gov.uk,application/pdf,JMVOQGKF2DLD4F4GCPBPJBYCQVE5PKNO,1343183,46116289,CPIN Syria Civil War,en,PDF
"uk,gov,service,publishing,assets)/government/uploads/system/uploads/attachment_data/file/818130/query-12-gaza-mapping.pdf",20230706125331,https://assets.publishing.service.gov.uk/government/uploads/system/uploads/attachment_data/file/818130/query-12-Gaza-mapping.pdf,assets.publishing.service.gov.uk,application/pdf,UOQPEBBDRTBVMXMYP67DYK7SPWESFDFE,283397,497579238,"Disability in Gaza: policy, barriers to inclusion and a mapping of interventions",en,PDF
"uk,gov,service,publishing,assets)/government/uploads/system/uploads/attachment_data/file/1045212/alb-cpin-blood-feuds.pdf",20220816221959,https://assets.publishing.service.gov.uk/government/uploads/system/uploads/attachment_data/file/1045212/alb-cpin-blood-feuds.pdf,assets.publishing.service.gov.uk,application/pdf,PNIYD5S5SCHYDV65FCRHWFGRSVGYOMCF,661813,302220731,ALB CPIN Blood feuds.docx,en,PDF
"uk,gov,service,publishing,assets)/media/62bd5adfd3bf7f291c368e57/syr_cpin_security_situation.pdf",20241207114717,https://assets.publishing.service.gov.uk/media/62bd5adfd3bf7f291c368e57/SYR_CPIN_Security_Situation.pdf,assets.publishing.service.gov.uk,application/pdf,ZRFXDI7BXYI34TQR55YRRNW7RC6VHPXA,1354245,473357304,SYR CPIN Security Situation,en,PDF
"uk,gov,service,publishing,assets)/government/uploads/system/uploads/attachment_data/file/1015024/irq_cpin_sexual_orientation__and_gender_identity_and_expression.pdf",20230705234241,https://assets.publishing.service.gov.uk/government/uploads/system/uploads/attachment_data/file/1015024/IRQ_CPIN_Sexual_orientation__and_gender_identity_and_expression.pdf,assets.publishing.service.gov.uk,application/pdf,RLURFZ4LIEEVVEN24Z72ZZ7OLE2U4ZDW,412714,248334250,"IRQ CPIN Sexual orientation, and gender identity and expression.docx",en,PDF
"uk,gov,service,publishing,assets)/media/668d1303541aeb9e928f46fb/gha+cpin+sexual+orientation+and+gender+identity+or+expression.pdf",20250605073427,https://assets.publishing.service.gov.uk/media/668d1303541aeb9e928f46fb/GHA+CPIN+Sexual+orientation+and+gender+identity+or+expression.pdf,assets.publishing.service.gov.uk,application/pdf,KGZO5ZGE2E4ZX62OSOROK7MFUTAPDXCI,814905,389666870,GHA CPIN Sexual orientation and gender identity or expression,en,PDF
"com,amazonaws,s3,moj-tribunals-documents-prod)/decision/pdf_file/75841/pa048712016.pdf",20221201133409,https://moj-tribunals-documents-prod.s3.amazonaws.com/decision/pdf_file/75841/PA048712016.pdf,moj-tribunals-documents-prod.s3.amazonaws.com,application/pdf,JIBDYIJG3H2TVS2LU76QUG2NTOQLLYRC,175222,435271908,PA048712016.pdf,en,PDF
"uk,judiciary)/wp-content/uploads/2022/07/hussain-and-ga-v-sshd-judgment.pdf",20230601103922,https://www.judiciary.uk/wp-content/uploads/2022/07/Hussain-and-GA-v-SSHD-judgment.pdf,www.judiciary.uk,application/pdf,NNEOH655KF2GB2ZT3A2G45Z5YDIP3GIX,378284,457133641,Hussain and GA v SSHD judgment.docx,en,PDF
"uk,gov,service,publishing,assets)/media/6386150ad3bf7f7eb0dbb229/phl_cpin_trafficking.pdf",20240107003253,https://assets.publishing.service.gov.uk/media/6386150ad3bf7f7eb0dbb229/PHL_CPIN_Trafficking.pdf,assets.publishing.service.gov.uk,application/pdf,KDEC3A4AYINFR7Z3H2GTMVMVOSNSGYOB,523615,482704004,PHL CPIN Trafficking,en,PDF
"uk,gov,service,publishing,assets)/government/uploads/system/uploads/attachment_data/file/977224/sudan_-_opposition_to_state_-_cpin__-_v3.0.pdf",20240126112240,https://assets.publishing.service.gov.uk/government/uploads/system/uploads/attachment_data/file/977224/Sudan_-_opposition_to_state_-_CPIN__-_v3.0.pdf,assets.publishing.service.gov.uk,application/pdf,FJGGUMLZWHJ7D2VLCXHFJXHUE2AOSUZS,744850,147358488,CPIN Sudan: Opposition to the government,en,PDF
"uk,gov,service,publishing,assets)/media/6582ecb923b70a000d234d05/egy+cpin+opposition+to+state.pdf",20240106192011,https://assets.publishing.service.gov.uk/media/6582ecb923b70a000d234d05/EGY+CPIN+Opposition+to+state.pdf,assets.publishing.service.gov.uk,application/pdf,PP5INBCLVCHDNHBFIREWCZ64VO5AGHWL,494960,99983749,EGY CPIN Opposition to state,en,PDF
"uk,gov,service,publishing,assets)/government/uploads/system/uploads/attachment_data/file/928000/india.medical_and_healthcare_cpin.v1.0.october_2020_rev.pdf",20230506074710,https://assets.publishing.service.gov.uk/government/uploads/system/uploads/attachment_data/file/928000/INDIA.Medical_and_Healthcare_CPIN.v1.0.October_2020_REV.pdf,assets.publishing.service.gov.uk,application/pdf,NQZMUUF2ISRMOWQNTPR2I5E74TXKYTN7,546277,98638142,India - Medical and Healthcare - CPIN - v1.0,en,PDF
"uk,gov,service,publishing,assets)/government/uploads/system/uploads/attachment_data/file/1105222/alb_cpin_roma_and_balkan_egyptians.pdf",20221107234345,https://assets.publishing.service.gov.uk/government/uploads/system/uploads/attachment_data/file/1105222/ALB_CPIN_Roma_and_Balkan_Egyptians.pdf,assets.publishing.service.gov.uk,application/pdf,762KOFWUW6ACOF6LZ357X3WC4CK7ZK6B,449131,77538685,ALB CPIN Roma and Balkan Egyptians,en,PDF
"uk,gov,service,publishing,assets)/media/606f27d48fa8f5735e5a5b6e/sudan_-_opposition_to_state_-_cpin__-_v3.0.pdf",20240119224609,https://assets.publishing.service.gov.uk/media/606f27d48fa8f5735e5a5b6e/Sudan_-_opposition_to_state_-_CPIN__-_v3.0.pdf,assets.publishing.service.gov.uk,application/pdf,FJGGUMLZWHJ7D2VLCXHFJXHUE2AOSUZS,744838,130504241,CPIN Sudan: Opposition to the government,en,PDF
"com,amazonaws,s3,moj-tribunals-documents-prod)/decision/pdf_file/74728/hu014682018___hu014752018.pdf",20231201065422,https://moj-tribunals-documents-prod.s3.amazonaws.com/decision/pdf_file/74728/HU014682018___HU014752018.pdf,moj-tribunals-documents-prod.s3.amazonaws.com,application/pdf,5JMHYCAMPGWVV4K4EA2WUWKHEQ6IY2EF,257988,492867649,HU014682018___HU014752018.pdf,en,PDF
"uk,gov,service,publishing,assets)/government/uploads/system/uploads/attachment_data/file/1116804/alb_cin_medical_and_healthcare.pdf",20230602170002,https://assets.publishing.service.gov.uk/government/uploads/system/uploads/attachment_data/file/1116804/ALB_CIN_Medical_and_healthcare.pdf,assets.publishing.service.gov.uk,application/pdf,EZVM2ZDQJSHV7QFMS7FDAAJB5CRQ7EXE,457863,230034630,ALB CIN Medical and healthcare,en,PDF
"uk,gov,service,publishing,assets)/government/uploads/system/uploads/attachment_data/file/790310/burma_-_rohingya_-_cpin_-_v2.0__march_2019_.pdf",20220317115041,https://assets.publishing.service.gov.uk/government/uploads/system/uploads/attachment_data/file/790310/Burma_-_Rohingya_-_CPIN_-_v2.0__March_2019_.pdf,assets.publishing.service.gov.uk,application/pdf,A5PCLEQFOAL7DQP47EDG6QT4RPXWROUF,1113657,456238141,Burma - Rohingya- CPIN - v2.0 (March 2019),en,PDF
"uk,gov,service,publishing,assets)/government/uploads/system/uploads/attachment_data/file/848422/liberia_-_sogi_-_cpin_-_v2_0.pdf",20230903043931,https://assets.publishing.service.gov.uk/government/uploads/system/uploads/attachment_data/file/848422/Liberia_-_SOGI_-_CPIN_-_v2_0.pdf,assets.publishing.service.gov.uk,application/pdf,ZYAE57IF44MF6OTBVE3Y2O54PVGJKJDM,1505585,152086862,Liberia - SOGI - CPIN - v2.0 (February 2017),en,PDF
"uk,gov,service,publishing,assets)/government/uploads/system/uploads/attachment_data/file/742590/drc._gbv._2018.v2_ext__003_.pdf",20231007084907,https://assets.publishing.service.gov.uk/government/uploads/system/uploads/attachment_data/file/742590/DRC._GBV._2018.v2_ext__003_.pdf,assets.publishing.service.gov.uk,application/pdf,G5TLU7ZW75ZPU6ZR2ATFKIA7ZF6G67TV,576487,206310137,DRC._GBV._2018.v2_ext__003_.pdf,en,PDF
"com,amazonaws,s3,moj-tribunals-documents-prod)/decision/pdf_file/56884/pa022192017.pdf",20221201151456,https://moj-tribunals-documents-prod.s3.amazonaws.com/decision/pdf_file/56884/PA022192017.pdf,moj-tribunals-documents-prod.s3.amazonaws.com,application/pdf,JDAIGQSRJ2BBYBLLCC5YRYRQD4ZKQJQJ,149767,433280263,PA022192017.pdf,en,PDF
"org,gsdrc)/wp-content/uploads/2017/06/042-persecution-of-christians-in-the-middle-east.pdf",20221201135611,https://gsdrc.org/wp-content/uploads/2017/06/042-Persecution-of-Christians-in-the-Middle-East.pdf,gsdrc.org,application/pdf,DVUQUURHLTRWC5PLWFMD5MLYYT6YXJXZ,246823,430349523,042-Persecution-of-Christians-in-the-Middle-East.pdf,en,PDF
"com,amazonaws,s3,moj-tribunals-documents-prod)/decision/pdf_file/56812/pa022192017.pdf",20221201151816,https://moj-tribunals-documents-prod.s3.amazonaws.com/decision/pdf_file/56812/PA022192017.pdf,moj-tribunals-documents-prod.s3.amazonaws.com,application/pdf,HNHWREQKX3GRNWT2UO2AJ73SFFOAYZPF,149138,34667654,PA022192017.pdf,en,PDF
"uk,gov,service,publishing,assets)/government/uploads/system/uploads/attachment_data/file/986707/political_parties_and_affiliation_-_v.0.1.pdf",20230920200028,https://assets.publishing.service.gov.uk/government/uploads/system/uploads/attachment_data/file/986707/Political_parties_and_affiliation_-_v.0.1.pdf,assets.publishing.service.gov.uk,application/pdf,4SIKWSHBG677SMTWA3PKQPXD7ZY2ZMEM,477389,305369798,CPIN Template - January 2020,en,PDF
"uk,gov,service,publishing,assets)/government/uploads/system/uploads/attachment_data/file/1086135/assessing_credibility_and_refugee_status_pre_28_june_2022.pdf",20220628183253,https://assets.publishing.service.gov.uk/government/uploads/system/uploads/attachment_data/file/1086135/Assessing_credibility_and_refugee_status_pre_28_June_2022.pdf,assets.publishing.service.gov.uk,application/pdf,6CZSGNGENND3LWGBZIQ3PW7XKNG6RW42,480234,289640772,Assessing credibility and refugee status pre 28 June 2022,en,PDF
"uk,gov,service,publishing,assets)/government/uploads/system/uploads/attachment_data/file/1120808/phl_cpin_trafficking.pdf",20240109204720,https://assets.publishing.service.gov.uk/government/uploads/system/uploads/attachment_data/file/1120808/PHL_CPIN_Trafficking.pdf,assets.publishing.service.gov.uk,application/pdf,KDEC3A4AYINFR7Z3H2GTMVMVOSNSGYOB,523626,93592479,PHL CPIN Trafficking,en,PDF
"uk,gov,service,publishing,assets)/media/67f4ffe732b0da5c2a09e139/irn+cpin+social+media_+surveillance+and+sur+place+activities.pdf",20250606082759,https://assets.publishing.service.gov.uk/media/67f4ffe732b0da5c2a09e139/IRN+CPIN+Social+media_+surveillance+and+sur+place+activities.pdf,assets.publishing.service.gov.uk,application/pdf,PXBUETOQNMM2ZCEXQQWINQKFOQXFVWAB,600332,277279018,"IRN CPIN Social media, surveillance and sur place activities",en,PDF
"uk,gov,service,publishing,assets)/media/660d61ec97e60600112b2241/chn+cpin+christians.pdf",20250612202152,https://assets.publishing.service.gov.uk/media/660d61ec97e60600112b2241/CHN+CPIN+Christians.pdf,assets.publishing.service.gov.uk,application/pdf,I37XVL2OBKI33O5WOZUOAGA5GA67KJEZ,688490,215090351,CHN CPIN Christians,en,PDF
"uk,gov)/government/uploads/system/uploads/attachment_data/file/600176/egypt-military-service-cpin-v1.0_march-2017_.pdf",20170428061615,https://www.gov.uk/government/uploads/system/uploads/attachment_data/file/600176/Egypt-Military-Service-CPIN-v1.0_March-2017_.pdf,www.gov.uk,application/pdf,HUFYGGMXIUGROT52K64NOEYZPHATMDUE,381030,84837176,Egypt - Military Service - CPIN - v1.0 (March 2017),en,PDF
"uk,gov)/government/uploads/system/uploads/attachment_data/file/597489/cpin_-_egypt_-_women.pdf",20170428061617,https://www.gov.uk/government/uploads/system/uploads/attachment_data/file/597489/CPIN_-_Egypt_-_Women.pdf,www.gov.uk,application/pdf,W5F2YXJW6XFPOBEQXN3WUJ534M26WH4A,355984,85218206,CPIN_-_Egypt_-_Women.pdf,en,PDF
"uk,gov)/government/uploads/system/uploads/attachment_data/file/578098/cpin_-_ghana_-_fgm_-_v1.0__december_2016_.pdf",20161220182532,https://www.gov.uk/government/uploads/system/uploads/attachment_data/file/578098/CPIN_-_Ghana_-_FGM_-_v1.0__December_2016_.pdf,www.gov.uk,application/pdf,CUW7V334DHNO42NZU5RMXPQGJGVCEQB7,833566,68908919,CPIN - Ghana - FGM - v1.0 (December 2016),en,PDF
"uk,gov,service,publishing,assets)/government/uploads/system/uploads/attachment_data/file/903780/sri_lanka_-_medical_cpin_-_v.1.0_july_2020.pdf",20230910021829,https://assets.publishing.service.gov.uk/government/uploads/system/uploads/attachment_data/file/903780/Sri_Lanka_-_Medical_CPIN_-_v.1.0_July_2020.pdf,assets.publishing.service.gov.uk,application/pdf,VIVESEUJFXCLT3IT7QWLRHMQ4Q6BTGCE,1546021,5503481,CPIN Template - January 2020,en,PDF
"uk,gov,service,publishing,assets)/government/uploads/system/uploads/attachment_data/file/1020555/eri_cpin_national_service_and_illegal_exit.pdf",20230908195429,https://assets.publishing.service.gov.uk/government/uploads/system/uploads/attachment_data/file/1020555/ERI_CPIN_National_service_and_illegal_exit.pdf,assets.publishing.service.gov.uk,application/pdf,A6573N67DPGEIO3VXMRNXMLOOOREM6MT,544487,165232828,ERI CPIN National service and illegal exit,en,PDF
"uk,gov)/government/uploads/system/uploads/attachment_data/file/565635/cpin-eritrea-ns-and-illegal-exit-v4-october-2016.pdf",20170426190127,https://www.gov.uk/government/uploads/system/uploads/attachment_data/file/565635/CPIN-Eritrea-NS-and-Illegal-Exit-v4-October-2016.pdf,www.gov.uk,application/pdf,CYAOJENZCHNCUX36LF6HXHB4KBBI3WSV,783072,49077653,CPIN - Eritrea - National Service and Illegal Exit - v4.0 (DRAFT),en,PDF
"uk,gov,service,publishing,assets)/media/64ee0b7c13ae15000d6e2fea/vnm_cpin_opposition_to_state.pdf",20250606001822,https://assets.publishing.service.gov.uk/media/64ee0b7c13ae15000d6e2fea/VNM_CPIN_Opposition_to_state.pdf,assets.publishing.service.gov.uk,application/pdf,TJJWSXW45CUMN4JLKSKBRY3BZTD5S7A6,496953,295931817,VNM CPIN Opposition to state.docx,en,PDF
"uk,gov,service,publishing,assets)/government/uploads/system/uploads/attachment_data/file/1052283/tur_cpin_g%c3%bclenist_movement.pdf",20220506193610,https://assets.publishing.service.gov.uk/government/uploads/system/uploads/attachment_data/file/1052283/TUR_CPIN_G%C3%BClenist_movement.pdf,assets.publishing.service.gov.uk,application/pdf,OVD7JDH3R2CPNISNPXDH6EAW6WRUT4KN,716205,349878157,TUR CPIN Gülenist movement,en,PDF
"uk,gov,service,publishing,assets)/media/614dec63d3bf7f7192d4bf0f/eri_cpin_national_service_and_illegal_exit.pdf",20240305091138,https://assets.publishing.service.gov.uk/media/614dec63d3bf7f7192d4bf0f/ERI_CPIN_National_service_and_illegal_exit.pdf,assets.publishing.service.gov.uk,application/pdf,A6573N67DPGEIO3VXMRNXMLOOOREM6MT,544521,1340231,ERI CPIN National service and illegal exit,en,PDF
"uk,gov,service,publishing,assets)/government/uploads/system/uploads/attachment_data/file/825234/gambia_-_sogie_-_cpin_-_v2.0___august_2019_.pdf",20230204100652,https://assets.publishing.service.gov.uk/government/uploads/system/uploads/attachment_data/file/825234/Gambia_-_SOGIE_-_CPIN_-_v2.0___August_2019_.pdf,assets.publishing.service.gov.uk,application/pdf,LBKQSUK7MEO5DY2PXBMZBZON5YQUEM4V,527112,413847318,Gambia - SOGIE - CPIN - v2.0 (August 2019),en,PDF
"uk,gov,service,publishing,assets)/government/uploads/system/uploads/attachment_data/file/891626/kenya_-_internal_relocation_-_cpin_-_v1.0_.pdf",20230920200418,https://assets.publishing.service.gov.uk/government/uploads/system/uploads/attachment_data/file/891626/Kenya_-_internal_relocation_-_CPIN_-_v1.0_.pdf,assets.publishing.service.gov.uk,application/pdf,NW2X6MECNU3KHRMAQ4ARZ3UIS6XWVFOD,362406,245919710,CPIN Template 2018 - v3,en,PDF
"uk,gov,service,publishing,assets)/media/59786a0040f0b65dcb00000a/042-persecution-of-christians-in-the-middle-east.pdf",20230705035300,https://assets.publishing.service.gov.uk/media/59786a0040f0b65dcb00000a/042-Persecution-of-Christians-in-the-Middle-East.pdf,assets.publishing.service.gov.uk,application/pdf,DVUQUURHLTRWC5PLWFMD5MLYYT6YXJXZ,246990,275957375,042-Persecution-of-Christians-in-the-Middle-East.pdf,en,PDF
"uk,gov,service,publishing,assets)/government/uploads/system/uploads/attachment_data/file/945107/_e__cpin_sudan_-_nuba_december_2020.pdf",20230920205031,https://assets.publishing.service.gov.uk/government/uploads/system/uploads/attachment_data/file/945107/_E__CPIN_Sudan_-_Nuba_December_2020.pdf,assets.publishing.service.gov.uk,application/pdf,57HNQDA4JJC5UXSB5U7PFOFOHH5MQWDN,344217,420560403,CPIN Template - January 2020,en,PDF
"uk,gov,service,publishing,assets)/media/5feb153fe90e0711ffe07d15/cameroon_-_aofp_-_cpin_-_v1.0__final__gov.uk.pdf",20240804071523,https://assets.publishing.service.gov.uk/media/5feb153fe90e0711ffe07d15/Cameroon_-_AofP_-_CPIN_-_v1.0__final__Gov.uk.pdf,assets.publishing.service.gov.uk,application/pdf,3R6JX4R37YBMZGHIHKGP7HOPIIFGCAC4,396851,79193297,cameroon actors of protection,en,PDF
"uk,gov,service,publishing,assets)/media/65e06d45f1cab36b60fc47ad/an_inspection_of_asylum_casework_june_to_october_2023.pdf",20240308050602,https://assets.publishing.service.gov.uk/media/65e06d45f1cab36b60fc47ad/An_inspection_of_asylum_casework_June_to_October_2023.pdf,assets.publishing.service.gov.uk,application/pdf,OUR5YTFSXWKVN4QTFKEO7IHLTOWMO5LI,1642163,75053294,An inspection of asylum casework,en,PDF
"uk,gov,service,publishing,assets)/government/uploads/system/uploads/attachment_data/file/1094725/mya_cpin_critics_of_the_military_regime+hk_july_2022.pdf",20230603001101,https://assets.publishing.service.gov.uk/government/uploads/system/uploads/attachment_data/file/1094725/MYA_CPIN_Critics_of_the_military_regime+HK_July_2022.pdf,assets.publishing.service.gov.uk,application/pdf,5PQ52NYXN6Y3VOCJUKX4HJ76UFWBZH4R,554685,95747505,MYA CPIN Critics of the military regime,en,PDF
"uk,gov,service,publishing,assets)/media/6489a71a5f7bb700127faa17/sdn_cpin_security_situation.pdf",20240119224616,https://assets.publishing.service.gov.uk/media/6489a71a5f7bb700127faa17/SDN_CPIN_Security_situation.pdf,assets.publishing.service.gov.uk,application/pdf,2N2NJFVSRZQW2VCZNBO6JFTBXBDSCMTO,1285690,174400939,SDN CPIN Security situation,en,PDF
"uk,gov,service,publishing,assets)/media/64396dec22ef3b000f66f233/lka_cpin_tamil_separatism.pdf",20240307213115,https://assets.publishing.service.gov.uk/media/64396dec22ef3b000f66f233/LKA_CPIN_Tamil_Separatism.pdf,assets.publishing.service.gov.uk,application/pdf,VJC7CXEVP5UUO4HMUIUZRTM2RATGEJSJ,435734,307752175,LKA CPIN Tamil Separatism,en,PDF
"uk,gov,service,publishing,assets)/government/uploads/system/uploads/attachment_data/file/1162778/sdn_cpin_security_situation.pdf",20231024202709,https://assets.publishing.service.gov.uk/government/uploads/system/uploads/attachment_data/file/1162778/SDN_CPIN_Security_situation.pdf,assets.publishing.service.gov.uk,application/pdf,2N2NJFVSRZQW2VCZNBO6JFTBXBDSCMTO,1285676,195250060,SDN CPIN Security situation,en,PDF
"uk,gov,service,publishing,assets)/government/uploads/system/uploads/attachment_data/file/921359/ghana_-_background_note__including_ir_-_cpin_-_v1.0_final_gov.uk.pdf",20240702141727,https://assets.publishing.service.gov.uk/government/uploads/system/uploads/attachment_data/file/921359/Ghana_-_Background_note__including_IR_-_CPIN_-_v1.0_final_gov.uk.pdf,assets.publishing.service.gov.uk,application/pdf,UNHMTTQ4OK6NAKKIQJFAD5TMKOQ2LZ7J,664110,272717315,ghana background note,en,PDF
"uk,gov,service,publishing,assets)/government/uploads/system/uploads/attachment_data/file/1167898/mmr_cpin_rohingya_including_rohingya_in_bangladesh.pdf",20230803033913,https://assets.publishing.service.gov.uk/government/uploads/system/uploads/attachment_data/file/1167898/MMR_CPIN_Rohingya_including_Rohingya_in_Bangladesh.pdf,assets.publishing.service.gov.uk,application/pdf,DZWDH7N2YYPIRH6R7RT5SKJITLWVKZ5B,559688,329129579,MMR CPIN Rohingya including Rohingya in Bangladesh,en,PDF
"uk,gov,service,publishing,assets)/media/5f1b00c13a6f407271c70c4a/sri_lanka_-_medical_cpin_-_v.1.0_july_2020.pdf",20231202215033,https://assets.publishing.service.gov.uk/media/5f1b00c13a6f407271c70c4a/Sri_Lanka_-_Medical_CPIN_-_v.1.0_July_2020.pdf,assets.publishing.service.gov.uk,application/pdf,VIVESEUJFXCLT3IT7QWLRHMQ4Q6BTGCE,1546015,422170476,CPIN Template - January 2020,en,PDF
"uk,gov,service,publishing,assets)/media/5f6c9988e90e077512435245/ghana_-_background_note__including_ir_-_cpin_-_v1.0_final_gov.uk.pdf",20241227230137,https://assets.publishing.service.gov.uk/media/5f6c9988e90e077512435245/Ghana_-_Background_note__including_IR_-_CPIN_-_v1.0_final_gov.uk.pdf,assets.publishing.service.gov.uk,application/pdf,UNHMTTQ4OK6NAKKIQJFAD5TMKOQ2LZ7J,664097,34398903,ghana background note,en,PDF
"com,amazonaws,s3,moj-tribunals-documents-prod)/decision/pdf_file/56094/aa094482015.pdf",20221201135020,https://moj-tribunals-documents-prod.s3.amazonaws.com/decision/pdf_file/56094/AA094482015.pdf,moj-tribunals-documents-prod.s3.amazonaws.com,application/pdf,IFB7TH6I6BSWM3VEJEM7TC2ZMWKPFHVE,150656,401854014,AA094482015.pdf,en,PDF
"uk,gov,service,publishing,assets)/government/uploads/system/uploads/attachment_data/file/1150443/lka_cpin_tamil_separatism.pdf",20240116154959,https://assets.publishing.service.gov.uk/government/uploads/system/uploads/attachment_data/file/1150443/LKA_CPIN_Tamil_Separatism.pdf,assets.publishing.service.gov.uk,application/pdf,VJC7CXEVP5UUO4HMUIUZRTM2RATGEJSJ,435745,444593061,LKA CPIN Tamil Separatism,en,PDF
"uk,gov)/government/uploads/system/uploads/attachment_data/file/570623/cpin-irq-baathists-november-2016.pdf",20170210015718,https://www.gov.uk/government/uploads/system/uploads/attachment_data/file/570623/CPIN-IRQ-Baathists-November-2016.pdf,www.gov.uk,application/pdf,35ODCI2IBAHRW5INVLYBSP3THD734A2I,469216,60393256,CIG - Iraq - Baathists - v1.0 (DRAFT),en,PDF
"uk,gov,service,publishing,assets)/government/uploads/system/uploads/attachment_data/file/963208/inspection_report_on_country_of_origin_information_el_salvador_and_sudan_december_2020.pdf",20220331084124,https://assets.publishing.service.gov.uk/government/uploads/system/uploads/attachment_data/file/963208/Inspection_Report_on_Country_of_Origin_Information_El_Salvador_and_Sudan_December_2020.pdf,assets.publishing.service.gov.uk,application/pdf,NIZESPMJN7F37WDDXBZB3MFTL5M5N6GM,1080303,104527591,Inspection of Country of Origin Information,en,PDF
"uk,gov,service,publishing,assets)/government/uploads/system/uploads/attachment_data/file/901971/inspection_of_country_of_origin_information__albania_iran_vietnam_dec_19.pdf",20240126114430,https://assets.publishing.service.gov.uk/government/uploads/system/uploads/attachment_data/file/901971/Inspection_of_Country_of_Origin_Information__Albania_Iran_Vietnam_Dec_19.pdf,assets.publishing.service.gov.uk,application/pdf,V5M3K3G2NPSFD5WUB36MNMO4XZ7TGJPP,934684,433918917,Inpection of Country of Origin Information - December 2019,en,PDF
"uk,gov,service,publishing,assets)/media/642d87a3ddf8ad000cac0e97/phl_cpin_domestic_violence.pdf",20240106235431,https://assets.publishing.service.gov.uk/media/642d87a3ddf8ad000cac0e97/PHL_CPIN_Domestic_violence.pdf,assets.publishing.service.gov.uk,application/pdf,VQHRWAI6MIRC6CI5TVZ66MQAKATHFD73,483614,478648678,PHL CPIN Domestic violence,en,PDF
"uk,gov,service,publishing,assets)/government/uploads/system/uploads/attachment_data/file/943653/russia_-_sogie_-_cpin_-_v1.0_.pdf",20230803175839,https://assets.publishing.service.gov.uk/government/uploads/system/uploads/attachment_data/file/943653/Russia_-_SOGIE_-_CPIN_-_v1.0_.pdf,assets.publishing.service.gov.uk,application/pdf,56WSPB6ERBT5FUO5KVEZF5VIHTWWWRZF,869353,303396985,CPIN Template - January 2020,en,PDF
"uk,gov,service,publishing,assets)/government/uploads/system/uploads/attachment_data/file/1068353/pakistan_sexual_orientation_and_gender_identity_or_expression.pdf",20230906183841,https://assets.publishing.service.gov.uk/government/uploads/system/uploads/attachment_data/file/1068353/Pakistan_Sexual_orientation_and_gender_identity_or_expression.pdf,assets.publishing.service.gov.uk,application/pdf,CGO6C2NB4HWKEN7OGILJPPBWF3WGDBFZ,534578,449069829,Pakistan: Sexual orientation and gender identity or expression,en,PDF
"uk,gov,service,publishing,assets)/media/62c588158fa8f54e8d8ac95a/ukr_cpin_security_situation.pdf",20240207203212,https://assets.publishing.service.gov.uk/media/62c588158fa8f54e8d8ac95a/UKR_CPIN_Security_situation.pdf,assets.publishing.service.gov.uk,application/pdf,V7EXA4E2RODQPX6D2IIAO3KM5WF2BVZN,2365124,150233405,UKR CPIN Security situation,en,PDF
"uk,gov,service,publishing,assets)/government/uploads/system/uploads/attachment_data/file/1018765/zwe_cpin_opposition_to_the_government.pdf",20240207061422,https://assets.publishing.service.gov.uk/government/uploads/system/uploads/attachment_data/file/1018765/ZWE_CPIN_Opposition_to_the_government.pdf,assets.publishing.service.gov.uk,application/pdf,VFVN2373F4LDB7JAN657UY7KKZZEUWG7,799209,43463995,ZWE CPIN Opposition to the government,en,PDF
"uk,gov,service,publishing,assets)/government/uploads/system/uploads/attachment_data/file/992973/iraq_-_cpin_-_v2.0_-_opposition_to_the_government_in_the_kurdistan_region_of_iraq__kri__-_june_2021_.pdf",20230704125708,https://assets.publishing.service.gov.uk/government/uploads/system/uploads/attachment_data/file/992973/Iraq_-_CPIN_-_V2.0_-_Opposition_to_the_government_in_the_Kurdistan_Region_of_Iraq__KRI__-_June_2021_.pdf,assets.publishing.service.gov.uk,application/pdf,PJREXPH6N34ZIEBQET2YXHAACNPYPHO2,982602,60586707,Iraq - CPIN - V2.0 - Opposition to the government in the Kurdistan Region of Iraq (KRI) - June 2021,en,PDF
"uk,gov,service,publishing,assets)/media/5f1567e03a6f405c0314f603/inspection_of_country_of_origin_information__albania_iran_vietnam_dec_19.pdf",20240129222339,https://assets.publishing.service.gov.uk/media/5f1567e03a6f405c0314f603/Inspection_of_Country_of_Origin_Information__Albania_Iran_Vietnam_Dec_19.pdf,assets.publishing.service.gov.uk,application/pdf,V5M3K3G2NPSFD5WUB36MNMO4XZ7TGJPP,934668,234384701,Inpection of Country of Origin Information - December 2019,en,PDF
"uk,gov,service,publishing,assets)/government/uploads/system/uploads/attachment_data/file/1088622/ukr_cpin_security_situation.pdf",20231204051756,https://assets.publishing.service.gov.uk/government/uploads/system/uploads/attachment_data/file/1088622/UKR_CPIN_Security_situation.pdf,assets.publishing.service.gov.uk,application/pdf,V7EXA4E2RODQPX6D2IIAO3KM5WF2BVZN,2365080,117069179,UKR CPIN Security situation,en,PDF
"uk,gov,service,publishing,assets)/media/5fd39cc28fa8f54d60878a92/russia_-_sogie_-_cpin_-_v1.0_.pdf",20240107215920,https://assets.publishing.service.gov.uk/media/5fd39cc28fa8f54d60878a92/Russia_-_SOGIE_-_CPIN_-_v1.0_.pdf,assets.publishing.service.gov.uk,application/pdf,56WSPB6ERBT5FUO5KVEZF5VIHTWWWRZF,869340,144178283,CPIN Template - January 2020,en,PDF
"uk,gov,service,publishing,assets)/media/64c8f8f2d8b1a71bd8b05deb/rus_cpin_military_service.pdf",20240118215708,https://assets.publishing.service.gov.uk/media/64c8f8f2d8b1a71bd8b05deb/RUS_CPIN_Military_service.pdf,assets.publishing.service.gov.uk,application/pdf,IL7MW57DVF5WJHMSVDC6NNIUB74DJDGG,828751,147310804,RUS CPIN Military service,en,PDF
"uk,gov,service,publishing,assets)/government/uploads/system/uploads/attachment_data/file/1175669/rus_cpin_military_service.pdf",20231204211306,https://assets.publishing.service.gov.uk/government/uploads/system/uploads/attachment_data/file/1175669/RUS_CPIN_Military_service.pdf,assets.publishing.service.gov.uk,application/pdf,IL7MW57DVF5WJHMSVDC6NNIUB74DJDGG,828732,152719975,RUS CPIN Military service,en,PDF
"uk,gov,service,publishing,assets)/government/uploads/system/uploads/attachment_data/file/1089848/chn_cpin_-_muslims.pdf",20250605103335,https://assets.publishing.service.gov.uk/government/uploads/system/uploads/attachment_data/file/1089848/CHN_CPIN_-_Muslims.pdf,assets.publishing.service.gov.uk,application/pdf,67GWME53VGXUROTTCEI5J5WGRZMOKOH4,695960,71211285,CHN CPIN - Muslims,en,PDF
"uk,gov)/government/uploads/system/uploads/attachment_data/file/605475/sri_lanka_-_tamil_separatism_-_cpin_-_v4_0__march_2017_.pdf",20170425164230,https://www.gov.uk/government/uploads/system/uploads/attachment_data/file/605475/Sri_Lanka_-_Tamil_Separatism_-_CPIN_-_v4_0__March_2017_.pdf,www.gov.uk,application/pdf,IIOPZHRH3IKEQ3GFM72ER3TLISG36IBX,529276,3313395,CIG Template,en,PDF
"uk,gov,service,publishing,assets)/media/6144a639e90e070441639f97/zwe_cpin_opposition_to_the_government.pdf",20240105145315,https://assets.publishing.service.gov.uk/media/6144a639e90e070441639f97/ZWE_CPIN_Opposition_to_the_government.pdf,assets.publishing.service.gov.uk,application/pdf,VFVN2373F4LDB7JAN657UY7KKZZEUWG7,799158,213402526,ZWE CPIN Opposition to the government,en,PDF
"uk,co,antislaverycommissioner)/media/1265/vulnerability-to-human-trafficking-vietnam.pdf",20231118165328,https://www.antislaverycommissioner.co.uk/media/1265/vulnerability-to-human-trafficking-vietnam.pdf,www.antislaverycommissioner.co.uk,application/pdf,ZMGXUZKDL74G7W5KETLBDVWEMU5FANPC,484070,146806796,vulnerability-to-human-trafficking-vietnam.pdf,en,PDF
"uk,gov,service,publishing,assets)/media/656f5b1e1104cf000dfa7579/geo+cpin+sogie.pdf",20240109204721,https://assets.publishing.service.gov.uk/media/656f5b1e1104cf000dfa7579/GEO+CPIN+SOGIE.pdf,assets.publishing.service.gov.uk,application/pdf,JSCTH3H3WNLHRAPCXELHROXDWTDIBSLT,605999,94626937,GEO CPIN SOGIE,en,PDF
"uk,gov,service,publishing,assets)/government/uploads/system/uploads/attachment_data/file/1026636/nam_cpin_women_fearing_gbv.pdf",20230705150518,https://assets.publishing.service.gov.uk/government/uploads/system/uploads/attachment_data/file/1026636/NAM_CPIN_Women_fearing_GBV.pdf,assets.publishing.service.gov.uk,application/pdf,232LRJN2MGKQUYO73PKCGM2CLQKMZNMX,753894,16888151,NAM CPIN Women fearing GBV,en,PDF
"uk,gov,service,publishing,assets)/government/uploads/system/uploads/attachment_data/file/1149146/phl_cpin_domestic_violence.pdf",20240109204836,https://assets.publishing.service.gov.uk/government/uploads/system/uploads/attachment_data/file/1149146/PHL_CPIN_Domestic_violence.pdf,assets.publishing.service.gov.uk,application/pdf,VQHRWAI6MIRC6CI5TVZ66MQAKATHFD73,483634,208182469,PHL CPIN Domestic violence,en,PDF
"uk,gov)/government/uploads/system/uploads/attachment_data/file/567175/cpin_-_ukraine_-_military_service_v_3_0.pdf",20170207163400,https://www.gov.uk/government/uploads/system/uploads/attachment_data/file/567175/CPIN_-_Ukraine_-_Military_Service_v_3_0.pdf,www.gov.uk,application/pdf,WH4EQZHHV7M3726N5P4V3YEX4NE4YRMB,435701,77831433,CPIN - Ukraine - Military Service v.3.0 (November 2016),en,PDF
"uk,gov,service,publishing,assets)/media/67868155f041702a11ca0f6d/col+cpin+actors+of+protection.pdf",20250605203328,https://assets.publishing.service.gov.uk/media/67868155f041702a11ca0f6d/COL+CPIN+Actors+of+Protection.pdf,assets.publishing.service.gov.uk,application/pdf,DYUEQRZMPQ7DF2AFS3DPMOFP3QFQXNWN,855854,315963146,COL CPIN Actors of Protection,en,PDF
"uk,gov,service,publishing,assets)/government/uploads/system/uploads/attachment_data/file/752589/zimbabwe_-_women_and_gbv_-_cpin_-_v3.0e__october_2018_.pdf",20221014035435,https://assets.publishing.service.gov.uk/government/uploads/system/uploads/attachment_data/file/752589/Zimbabwe_-_Women_and_GBV_-_CPIN_-_v3.0e__October_2018_.pdf,assets.publishing.service.gov.uk,application/pdf,5YRHS5TTQW7RZHKLAINOCC3CRHHIOGDC,1166515,299842587,Zimbabwe - Women and GBV - CPIN - v3.0 (October 2018),en,PDF
"uk,gov,service,publishing,assets)/government/uploads/system/uploads/attachment_data/file/879628/bangladesh-actors_of_protection-cpin-v1.0._april_2020_.pdf",20230920174013,https://assets.publishing.service.gov.uk/government/uploads/system/uploads/attachment_data/file/879628/Bangladesh-Actors_of_protection-CPIN-v1.0._April_2020_.pdf,assets.publishing.service.gov.uk,application/pdf,NNDKXVEL43QVY3JKD4R5YKVJE5AK265Q,492263,126780194,CPIN Template 2018 - v3,en,PDF
"uk,gov,service,publishing,assets)/government/uploads/system/uploads/attachment_data/file/1125088/alb_cin_mental_health__1_.pdf",20230705181456,https://assets.publishing.service.gov.uk/government/uploads/system/uploads/attachment_data/file/1125088/ALB_CIN_Mental_Health__1_.pdf,assets.publishing.service.gov.uk,application/pdf,UFR4LMYFV2DGAXN3OWPV4UM4DO6WKGA5,414452,73406348,ALB CIN Mental Health,en,PDF
"uk,gov,service,publishing,assets)/media/61d44b66d3bf7f1f784a2601/yem_cpin_security_and_humanitarian_situation.pdf",20240305091330,https://assets.publishing.service.gov.uk/media/61d44b66d3bf7f1f784a2601/YEM_CPIN_Security_and_humanitarian_situation.pdf,assets.publishing.service.gov.uk,application/pdf,VGAEI4NFMFHEGQJ56LSLLAWVRIY5NYXM,1696923,329595786,YEM CPIN Security and humanitarian situation,en,PDF
"uk,gov,service,publishing,assets)/government/uploads/system/uploads/attachment_data/file/1044585/yem_cpin_security_and_humanitarian_situation.pdf",20230910040318,https://assets.publishing.service.gov.uk/government/uploads/system/uploads/attachment_data/file/1044585/YEM_CPIN_Security_and_humanitarian_situation.pdf,assets.publishing.service.gov.uk,application/pdf,VGAEI4NFMFHEGQJ56LSLLAWVRIY5NYXM,1696890,386115084,YEM CPIN Security and humanitarian situation,en,PDF
"uk,gov,service,publishing,assets)/media/6205424ce90e077f6eac17dd/uganda_cpin_sexual_orientation_and_gender.pdf",20240309081044,https://assets.publishing.service.gov.uk/media/6205424ce90e077f6eac17dd/Uganda_CPIN_sexual_orientation_and_gender.pdf,assets.publishing.service.gov.uk,application/pdf,IJFKELXHCFJZSBDDBQEQLDI7DD6CYL42,540829,203174006,UGA CPIN sexual orientation and gender,en,PDF
"uk,gov,service,publishing,assets)/media/5c079df840f0b6705f11cf31/inspection_of_country_of_origin_information__may_2018..pdf",20250606045449,https://assets.publishing.service.gov.uk/media/5c079df840f0b6705f11cf31/Inspection_of_Country_of_Origin_Information__May_2018..pdf,assets.publishing.service.gov.uk,application/pdf,OXGTF57YOO55VJDITUFLRCNBBTI7LPEB,1173020,322736550,Inspection_of_Country_of_Origin_Information__May_2018..pdf,en,PDF
"uk,gov,service,publishing,assets)/media/65817ce5fc07f300128d444c/geo+cpin+political+parties+and+affiliation+_2_.pdf",20240107112352,https://assets.publishing.service.gov.uk/media/65817ce5fc07f300128d444c/GEO+CPIN+Political+parties+and+affiliation+_2_.pdf,assets.publishing.service.gov.uk,application/pdf,KZVWEAQO4O4BYRGQYY6OOPJU2HWM5CLC,601762,418761886,GEO CPIN Political parties and affiliation,en,PDF
"uk,gov,service,publishing,assets)/government/uploads/system/uploads/attachment_data/file/1100900/irq_cpin_humanitarian_situation.pdf",20230602090553,https://assets.publishing.service.gov.uk/government/uploads/system/uploads/attachment_data/file/1100900/IRQ_CPIN_Humanitarian_situation.pdf,assets.publishing.service.gov.uk,application/pdf,D2MMMXH6TT4RMKWKF7MQYC4PPBJ4UWG3,941261,402222452,Country policy information note: Iraq: humanitarian situation,en,PDF
"uk,gov,service,publishing,assets)/government/uploads/system/uploads/attachment_data/file/1054188/uganda_cpin_sexual_orientation_and_gender.pdf",20230803212849,https://assets.publishing.service.gov.uk/government/uploads/system/uploads/attachment_data/file/1054188/Uganda_CPIN_sexual_orientation_and_gender.pdf,assets.publishing.service.gov.uk,application/pdf,IJFKELXHCFJZSBDDBQEQLDI7DD6CYL42,540792,225386409,UGA CPIN sexual orientation and gender,en,PDF
"uk,gov,service,publishing,assets)/media/66bca871c909b91981323de1/withdrawn-cameroon_-_aofp_-_cpin_-_v1.0__final__gov.uk.pdf",20250616094721,https://assets.publishing.service.gov.uk/media/66bca871c909b91981323de1/Withdrawn-Cameroon_-_AofP_-_CPIN_-_v1.0__final__Gov.uk.pdf,assets.publishing.service.gov.uk,application/pdf,I3HKKMIHWXUPBCDILTRBNPJ3WI7IOR5M,1006048,186217467,cameroon actors of protection,en,PDF
"uk,gov,service,publishing,assets)/media/65df3f26b8da630f42c86254/eth_cpin_actors_of_protection.pdf",20240523215719,https://assets.publishing.service.gov.uk/media/65df3f26b8da630f42c86254/ETH_CPIN_Actors_of_protection.pdf,assets.publishing.service.gov.uk,application/pdf,57ZYWXMEXIQ62CPEL7IAYGC4YKD2DMIN,989206,457475962,ETH CPIN Actors of protection,en,PDF
"uk,gov,service,publishing,assets)/government/uploads/system/uploads/attachment_data/file/950057/iraq_-_actors_of_protection_-_v1.0_-_december_2020_-_ext.pdf",20240416114542,https://assets.publishing.service.gov.uk/government/uploads/system/uploads/attachment_data/file/950057/Iraq_-_Actors_of_Protection_-_v1.0_-_December_2020_-_ext.pdf,assets.publishing.service.gov.uk,application/pdf,OBJTFQBNN2U5XDCEQV6LLQ435X3I52ZW,557039,22986609,Iraq - Actors of Protection - v1.0 - November 2020,en,PDF
"uk,gov,service,publishing,assets)/media/6131df92e90e07043e85df81/irq_cpin_sexual_orientation__and_gender_identity_and_expression.pdf",20250604141942,https://assets.publishing.service.gov.uk/media/6131df92e90e07043e85df81/IRQ_CPIN_Sexual_orientation__and_gender_identity_and_expression.pdf,assets.publishing.service.gov.uk,application/pdf,RLURFZ4LIEEVVEN24Z72ZZ7OLE2U4ZDW,412735,336962842,"IRQ CPIN Sexual orientation, and gender identity and expression.docx",en,PDF
"uk,gov,service,publishing,assets)/media/5fb3b087d3bf7f63d9ac8625/brazil_-_background_note_and_internal_relocation_-_cpin_-_v1.0__nov_2020__gov_uk.pdf",20240308171944,https://assets.publishing.service.gov.uk/media/5fb3b087d3bf7f63d9ac8625/Brazil_-_Background_note_and_Internal_relocation_-_CPIN_-_v1.0__Nov_2020__Gov_uk.pdf,assets.publishing.service.gov.uk,application/pdf,JD2WG4TATH77JXTBUDTK7TVGNPLERE3Z,728174,226549947,CPIN Template - January 2020,en,PDF
"uk,gov,service,publishing,assets)/government/uploads/system/uploads/attachment_data/file/935953/brazil_-_background_note_and_internal_relocation_-_cpin_-_v1.0__nov_2020__gov_uk.pdf",20230909211353,https://assets.publishing.service.gov.uk/government/uploads/system/uploads/attachment_data/file/935953/Brazil_-_Background_note_and_Internal_relocation_-_CPIN_-_v1.0__Nov_2020__Gov_uk.pdf,assets.publishing.service.gov.uk,application/pdf,JD2WG4TATH77JXTBUDTK7TVGNPLERE3Z,728153,368379499,CPIN Template - January 2020,en,PDF
"uk,gov,service,publishing,assets)/government/uploads/system/uploads/attachment_data/file/848548/drc_-_oppn_-_cpin_-_v3.0__november_2019_.pdf",20230603002105,https://assets.publishing.service.gov.uk/government/uploads/system/uploads/attachment_data/file/848548/DRC_-_Oppn_-_CPIN_-_v3.0__November_2019_.pdf,assets.publishing.service.gov.uk,application/pdf,FHA6UQXXDEGIDME4CLNGPJII6C3RZTIR,621187,93809873,DRC - Oppn to Govt - CPIN - v3.0 (November 2019),en,PDF
"uk,gov,service,publishing,assets)/media/5ff5bac5d3bf7f65daef2874/iraq_-_actors_of_protection_-_v1.0_-_december_2020_-_ext.pdf",20231104212947,https://assets.publishing.service.gov.uk/media/5ff5bac5d3bf7f65daef2874/Iraq_-_Actors_of_Protection_-_v1.0_-_December_2020_-_ext.pdf,assets.publishing.service.gov.uk,application/pdf,OBJTFQBNN2U5XDCEQV6LLQ435X3I52ZW,556975,178920559,Iraq - Actors of Protection - v1.0 - November 2020,en,PDF
"uk,gov,service,publishing,assets)/government/uploads/system/uploads/attachment_data/file/1039053/sri_lanka_final_pdf.pdf",20230705115624,https://assets.publishing.service.gov.uk/government/uploads/system/uploads/attachment_data/file/1039053/Sri_Lanka_Final_PDF.pdf,assets.publishing.service.gov.uk,application/pdf,DO25HJLZDZLWJVDJ7BP2S5UDAI4GCFQY,680124,302893534,Sri Lanka sexual orientation and gender identity and expression,en,PDF
"uk,gov,service,publishing,assets)/media/654104b846532b001467f614/irq+cpin+internal+relocation_+civil+documentation+and+returns.pdf",20240305084809,https://assets.publishing.service.gov.uk/media/654104b846532b001467f614/IRQ+CPIN+Internal+relocation_+civil+documentation+and+returns.pdf,assets.publishing.service.gov.uk,application/pdf,EOMWPIGKZRXQHEE7HOBTJZZQAM454V4M,1808791,287088951,"IRQ CPIN Internal relocation, civil documentation and returns",en,PDF
"uk,gov,service,publishing,assets)/media/64424f828b86bb0013f1b6d4/egy_cpin_military_service.pdf",20240107082233,https://assets.publishing.service.gov.uk/media/64424f828b86bb0013f1b6d4/EGY_CPIN_Military_service.pdf,assets.publishing.service.gov.uk,application/pdf,JB3DGFKS7IW3GRSVEJ7J55G5ZQ665FQ7,905355,213977972,EGY CPIN Military service,en,PDF
"uk,gov,service,publishing,assets)/media/64a5614cc531eb001364feac/mmr_cpin_rohingya_including_rohingya_in_bangladesh.pdf",20250406205206,https://assets.publishing.service.gov.uk/media/64a5614cc531eb001364feac/MMR_CPIN_Rohingya_including_Rohingya_in_Bangladesh.pdf,assets.publishing.service.gov.uk,application/pdf,DZWDH7N2YYPIRH6R7RT5SKJITLWVKZ5B,559715,226669325,MMR CPIN Rohingya including Rohingya in Bangladesh,en,PDF
"uk,gov,service,publishing,assets)/government/uploads/system/uploads/attachment_data/file/1094082/irq_cpin_internal_relocation_civil_documentation_and_returns.pdf",20230704125703,https://assets.publishing.service.gov.uk/government/uploads/system/uploads/attachment_data/file/1094082/IRQ_CPIN_Internal_relocation_civil_documentation_and_returns.pdf,assets.publishing.service.gov.uk,application/pdf,QX76VG7ZDFM36VRJO3H3ENVZLERC6AFA,948124,58234184,"IRQ CPIN Internal relocation, civil documentation and returns",en,PDF
"uk,gov,service,publishing,assets)/media/67ec0c649eae202448299b40/bra+cpin+organised+criminal+groups+_ocgs_.pdf",20250605230429,https://assets.publishing.service.gov.uk/media/67ec0c649eae202448299b40/BRA+CPIN+Organised+Criminal+Groups+_OCGs_.pdf,assets.publishing.service.gov.uk,application/pdf,HYZXA3DQ7PALRKA47XJIYCURRJ3DBLLG,1216113,310938440,BRA CPIN Organised Criminal Groups (OCGs),en,PDF
"uk,gov,service,publishing,assets)/government/uploads/system/uploads/attachment_data/file/1169622/assessing_credibility_and_refugee_status_post_28_june_2022_july.pdf",20230816232607,https://assets.publishing.service.gov.uk/government/uploads/system/uploads/attachment_data/file/1169622/Assessing_credibility_and_refugee_status_post_28_June_2022_july.pdf,assets.publishing.service.gov.uk,application/pdf,JO5WXDRGWNSGZK3ZOHNWBO6BE3B72ZWB,514110,451443411,Assessing credibility and refugee status post 28 June 2022,en,PDF
"uk,gov,service,publishing,assets)/government/uploads/system/uploads/attachment_data/file/993220/cpin_kenya_fgm_10.06.2021.pdf",20230920200417,https://assets.publishing.service.gov.uk/government/uploads/system/uploads/attachment_data/file/993220/CPIN_Kenya_FGM_10.06.2021.pdf,assets.publishing.service.gov.uk,application/pdf,TBIE35R2Z3KKMSZ6HGKOENRUP7CZ6J3I,586470,245186874,CPIN kenya FGM,en,PDF
"uk,gov,service,publishing,assets)/government/uploads/system/uploads/attachment_data/file/1186715/assessing+credibility+and+refugee+status+post+28+june+2022.pdf",20240416114634,https://assets.publishing.service.gov.uk/government/uploads/system/uploads/attachment_data/file/1186715/Assessing+credibility+and+refugee+status+post+28+June+2022.pdf,assets.publishing.service.gov.uk,application/pdf,KFCHLNTKL5ZFCOE5FHGGFYNUR3V7JJ3B,547591,329888865,Assessing credibility and refugee status post 28 June 2022,en,PDF
"uk,gov,service,publishing,assets)/government/uploads/system/uploads/attachment_data/file/1086451/assessing_credibility_and_refugee_status_pre_28_june_2022.pdf",20231102161827,https://assets.publishing.service.gov.uk/government/uploads/system/uploads/attachment_data/file/1086451/Assessing_credibility_and_refugee_status_pre_28_June_2022.pdf,assets.publishing.service.gov.uk,application/pdf,ZBMRBESNVA5REHVUULVEN6I4D5AYFZLT,500177,94703600,Assessing credibility and refugee status pre 28 June 2022,en,PDF
"uk,gov,service,publishing,assets)/government/uploads/system/uploads/attachment_data/file/924924/algeria_background_note_v1.0_september_2020.pdf",20230705233136,https://assets.publishing.service.gov.uk/government/uploads/system/uploads/attachment_data/file/924924/Algeria_Background_Note_v1.0_September_2020.pdf,assets.publishing.service.gov.uk,application/pdf,ATU7YSSMU4PQV4QEQJEHUYI4PHUVHKQ3,746757,272444697,CPIN Template - January 2020,en,PDF
"uk,gov,service,publishing,assets)/media/650c698227d43b0014375b40/assessing+credibility+and+refugee+status+post+28+june+2022.pdf",20231213223333,https://assets.publishing.service.gov.uk/media/650c698227d43b0014375b40/Assessing+credibility+and+refugee+status+post+28+June+2022.pdf,assets.publishing.service.gov.uk,application/pdf,KFCHLNTKL5ZFCOE5FHGGFYNUR3V7JJ3B,547498,323448826,Assessing credibility and refugee status post 28 June 2022,en,PDF
"uk,gov,service,publishing,assets)/media/62bb17ed8fa8f5720dbef445/assessing_credibility_and_refugee_status_pre_28_june_2022.pdf",20231228142848,https://assets.publishing.service.gov.uk/media/62bb17ed8fa8f5720dbef445/Assessing_credibility_and_refugee_status_pre_28_June_2022.pdf,assets.publishing.service.gov.uk,application/pdf,ZBMRBESNVA5REHVUULVEN6I4D5AYFZLT,500169,72961399,Assessing credibility and refugee status pre 28 June 2022,en,PDF
"uk,gov,service,publishing,assets)/government/uploads/system/uploads/attachment_data/file/762931/china_-_oppn_to_the_state_-_cpin_-_v3.0__dec_2018__.pdf",20221117203748,https://assets.publishing.service.gov.uk/government/uploads/system/uploads/attachment_data/file/762931/China_-_Oppn_to_the_State_-_CPIN_-_v3.0__Dec_2018__.pdf,assets.publishing.service.gov.uk,application/pdf,NIDRQJV4KXIVU4NA3AZ3ORBEFLA6Q7OI,852866,226766771,China - Oppn to the State - CPIN - v3.0 (Nov 2018),en,PDF
"uk,gov,service,publishing,assets)/media/65f98f1b9316f5001d64c2d1/tcd+cpin+opposition+to+the+state.pdf",20240503232258,https://assets.publishing.service.gov.uk/media/65f98f1b9316f5001d64c2d1/TCD+CPIN+Opposition+to+the+state.pdf,assets.publishing.service.gov.uk,application/pdf,6XSZSJUUH7IXPBDCNKKFNYJILFBRN54L,968178,447876621,TCD CPIN Opposition to the state,en,PDF
"uk,gov,service,publishing,assets)/government/uploads/system/uploads/attachment_data/file/1152012/egy_cpin_military_service.pdf",20231103010400,https://assets.publishing.service.gov.uk/government/uploads/system/uploads/attachment_data/file/1152012/EGY_CPIN_Military_service.pdf,assets.publishing.service.gov.uk,application/pdf,JB3DGFKS7IW3GRSVEJ7J55G5ZQ665FQ7,905362,311739841,EGY CPIN Military service,en,PDF
"uk,gov,service,publishing,assets)/government/uploads/system/uploads/attachment_data/file/1054108/nga_cpin_sexual_orientation_and_gender_identity_or_expression.pdf",20230903003916,https://assets.publishing.service.gov.uk/government/uploads/system/uploads/attachment_data/file/1054108/NGA_CPIN_Sexual_orientation_and_gender_identity_or_expression.pdf,assets.publishing.service.gov.uk,application/pdf,FRNBUQENQ3OHW24YMPPLY56CU2QPIJDE,621957,60723679,NGA CPIN Sexual orientation and gender identity or expression,en,PDF
"uk,gov,service,publishing,assets)/media/662b9db1fee48e2ee6b81ea1/rwa+cpin+unhcr+evidence.pdf",20240514203728,https://assets.publishing.service.gov.uk/media/662b9db1fee48e2ee6b81ea1/RWA+CPIN+UNHCR+evidence.pdf,assets.publishing.service.gov.uk,application/pdf,K4272JLDOW2WGKF3EDT6L4AFAWZP4K3S,3884461,247555881,RWA CPIN UNHCR evidence,en,PDF
"uk,gov,service,publishing,assets)/media/6231f99e8fa8f56c1cbe8ab4/eth_cpin_oromos__olf_and_ola.pdf",20240104220213,https://assets.publishing.service.gov.uk/media/6231f99e8fa8f56c1cbe8ab4/ETH_CPIN_Oromos__OLF_and_OLA.pdf,assets.publishing.service.gov.uk,application/pdf,Z6J4H3E6FFOWNXFIEBFOJNHP565P27YL,666040,375756270,"ETH CPIN Oromos, OLF and OLA.docx",en,PDF
"uk,gov,service,publishing,assets)/government/uploads/system/uploads/attachment_data/file/631316/an-inspection-of-country-of-origin-information.pdf",20230705131319,https://assets.publishing.service.gov.uk/government/uploads/system/uploads/attachment_data/file/631316/An-Inspection-of-Country-of-Origin-Information.pdf,assets.publishing.service.gov.uk,application/pdf,KLO2SGKNNRCC63YXMSBDIDPUFNTVCX2O,4914837,53057953,An-Inspection-of-Country-of-Origin-Information.pdf,en,PDF
"uk,gov,service,publishing,assets)/media/64c8f6e7d8b1a71bd8b05de4/irq_cpin_opposition_to_the_government_in_the_kurdistan_region_of_iraq__kri_.pdf",20231104211008,https://assets.publishing.service.gov.uk/media/64c8f6e7d8b1a71bd8b05de4/IRQ_CPIN_Opposition_to_the_government_in_the_Kurdistan_Region_of_Iraq__KRI_.pdf,assets.publishing.service.gov.uk,application/pdf,427FABQ4QKFWCRSZC2XQCC6XTYD4I2W6,1091125,406793534,IRQ CPIN Opposition to the government in the Kurdistan Region of Iraq (KRI),en,PDF
"uk,gov,service,publishing,assets)/government/uploads/system/uploads/attachment_data/file/944073/cameroon_-_north-west_south-west_crisis_-_cpin_-_v2.0_.pdf",20230920201451,https://assets.publishing.service.gov.uk/government/uploads/system/uploads/attachment_data/file/944073/Cameroon_-_North-West_South-West_crisis_-_CPIN_-_v2.0_.pdf,assets.publishing.service.gov.uk,application/pdf,DDP6DTAXAWW42KXA7WQ6MJRUVFKD2OWI,1306077,71672629,CPIN Template 2018 - v3,en,PDF
"uk,gov,service,publishing,assets)/media/65a15c7b74ae660014738a48/cin_rwa_unhcr_evidence.pdf",20240115185916,https://assets.publishing.service.gov.uk/media/65a15c7b74ae660014738a48/CIN_RWA_UNHCR_evidence.pdf,assets.publishing.service.gov.uk,application/pdf,WES2MWTO5RHZOZ5NZCZHDXOC2NUYAGBB,4668950,36614002,UNHCR evidence,en,PDF
"uk,gov,service,publishing,assets)/media/5bb2236ded915d259eaa7776/413_girls_education_libya.pdf",20230705134233,https://assets.publishing.service.gov.uk/media/5bb2236ded915d259eaa7776/413_Girls_education_Libya.pdf,assets.publishing.service.gov.uk,application/pdf,K2ZF6DZUP5GFE3CX2JQBNTKGQ2NBYDXI,867107,72388166,413_Girls_education_Libya.pdf,en,PDF
"uk,gov,service,publishing,assets)/government/uploads/system/uploads/attachment_data/file/1061342/eth_cpin_oromos__olf_and_ola.pdf",20230814221149,https://assets.publishing.service.gov.uk/government/uploads/system/uploads/attachment_data/file/1061342/ETH_CPIN_Oromos__OLF_and_OLA.pdf,assets.publishing.service.gov.uk,application/pdf,Z6J4H3E6FFOWNXFIEBFOJNHP565P27YL,666054,226068083,"ETH CPIN Oromos, OLF and OLA.docx",en,PDF
"uk,gov,service,publishing,assets)/government/uploads/system/uploads/attachment_data/file/1175663/irq_cpin_opposition_to_the_government_in_the_kurdistan_region_of_iraq__kri_.pdf",20231008205832,https://assets.publishing.service.gov.uk/government/uploads/system/uploads/attachment_data/file/1175663/IRQ_CPIN_Opposition_to_the_government_in_the_Kurdistan_Region_of_Iraq__KRI_.pdf,assets.publishing.service.gov.uk,application/pdf,427FABQ4QKFWCRSZC2XQCC6XTYD4I2W6,1091138,415810278,IRQ CPIN Opposition to the government in the Kurdistan Region of Iraq (KRI),en,PDF
"uk,gov,service,publishing,assets)/media/5fda21508fa8f54d58640da7/_e__cpin_sudan_-_nuba_december_2020.pdf",20240703080528,https://assets.publishing.service.gov.uk/media/5fda21508fa8f54d58640da7/_E__CPIN_Sudan_-_Nuba_December_2020.pdf,assets.publishing.service.gov.uk,application/pdf,57HNQDA4JJC5UXSB5U7PFOFOHH5MQWDN,344229,190547654,CPIN Template - January 2020,en,PDF
"org,wfd)/sites/default/files/2022-11/the_impact_on_covid-19_on_lgbt_individuals_in_indonesia_nigeria_and_sri_lanaka_0.pdf",20230301134603,https://www.wfd.org/sites/default/files/2022-11/the_impact_on_covid-19_on_lgbt_individuals_in_indonesia_nigeria_and_sri_lanaka_0.pdf,www.wfd.org,application/pdf,4NQMUSIQAE65ZKV2H5YS7LN4GGD2FA5D,847237,476074409,JN_0079_Impact of Covid 19-V5.indd,en,PDF
"uk,ac,ids,opendocs)/opendocs/bitstream/handle/20.500.12413/15800/creid_intersections_series_violence_and_discrimination_against_women_of_religious_minority_backgrounds_in_pakistan.pdf?sequence=6",20211201141031,https://opendocs.ids.ac.uk/opendocs/bitstream/handle/20.500.12413/15800/CREID_Intersections_Series_Violence_and_Discrimination_against_Women_of_Religious_Minority_Backgrounds_in_Pakistan.pdf?sequence=6,opendocs.ids.ac.uk,application/pdf,H5E7I7S4OCKDETGWNIGJY6UD5IUJ3R6O,5711330,352410919,CREID_Intersections_Series_Violence_and_Discrimination_against_Women_of_Religious_Minority_Backgrounds_in_Pakistan.pdf?sequence=6,en,PDF
"uk,gov,service,publishing,assets)/government/uploads/system/uploads/attachment_data/file/1076477/gha_cpin_sexual_orientation_and_gender_identity_or_expression.pdf",20230909202009,https://assets.publishing.service.gov.uk/government/uploads/system/uploads/attachment_data/file/1076477/GHA_CPIN_Sexual_orientation_and_gender_identity_or_expression.pdf,assets.publishing.service.gov.uk,application/pdf,PPBTYLKUOYKZWP7JCEHXVR7ZVTL7YW7D,634694,181121934,GHA CPIN Sexual orientation and gender identity or expression,en,PDF
"uk,gov,service,publishing,assets)/media/6284d9fcd3bf7f1f46f9b692/gha_cpin_sexual_orientation_and_gender_identity_or_expression.pdf",20240305091323,https://assets.publishing.service.gov.uk/media/6284d9fcd3bf7f1f46f9b692/GHA_CPIN_Sexual_orientation_and_gender_identity_or_expression.pdf,assets.publishing.service.gov.uk,application/pdf,PPBTYLKUOYKZWP7JCEHXVR7ZVTL7YW7D,634716,316016446,GHA CPIN Sexual orientation and gender identity or expression,en,PDF
"uk,gov,service,publishing,assets)/media/6565df901524e60011a101e0/hnd_cpin_gangs.pdf",20240307150835,https://assets.publishing.service.gov.uk/media/6565df901524e60011a101e0/HND_CPIN_Gangs.pdf,assets.publishing.service.gov.uk,application/pdf,34FG7CASSWABF4JQYMYS4RZ44WX6STEC,1565279,101401311,HND CPIN Gangs,en,PDF
"uk,gov,service,publishing,assets)/government/uploads/system/uploads/attachment_data/file/790310/burma_-_rohingya_-_cpin_-_v2.0__march_2019_.pdf",20230704125701,https://assets.publishing.service.gov.uk/government/uploads/system/uploads/attachment_data/file/790310/Burma_-_Rohingya_-_CPIN_-_v2.0__March_2019_.pdf,assets.publishing.service.gov.uk,application/pdf,A5PCLEQFOAL7DQP47EDG6QT4RPXWROUF,1113529,56698722,Burma - Rohingya- CPIN - v2.0 (March 2019),en,PDF
"uk,gov,service,publishing,assets)/government/uploads/system/uploads/attachment_data/file/1167667/mmr_cpin_critics_of_the_military_regime.pdf",20240308165934,https://assets.publishing.service.gov.uk/government/uploads/system/uploads/attachment_data/file/1167667/MMR_CPIN_Critics_of_the_military_regime.pdf,assets.publishing.service.gov.uk,application/pdf,4VYS5AD4OPNZWERIBPQJIHJ76SEMH5XX,673672,435287086,MMR CPIN Critics of the military regime,en,PDF
"uk,gov,service,publishing,assets)/media/5d2f2646e5274a14e426d01c/query-12-gaza-mapping.pdf",20250507110345,https://assets.publishing.service.gov.uk/media/5d2f2646e5274a14e426d01c/query-12-Gaza-mapping.pdf,assets.publishing.service.gov.uk,application/pdf,UOQPEBBDRTBVMXMYP67DYK7SPWESFDFE,283416,134954092,"Disability in Gaza: policy, barriers to inclusion and a mapping of interventions",en,PDF
"uk,gov,service,publishing,assets)/media/5b2cba78e5274a55b500b85e/lebanon_-_palestinians_in_lebanon_-_cpin_-_v1.0__june_2018__external.pdf",20240206164553,https://assets.publishing.service.gov.uk/media/5b2cba78e5274a55b500b85e/Lebanon_-_Palestinians_in_Lebanon_-_CPIN_-_v1.0__June_2018__External.pdf,assets.publishing.service.gov.uk,application/pdf,24K4DSPNVGJ5MAMA74XYCKXJ4C5XC6AX,606160,419333769,Lebanon - Palestinians in Lebanon - CPIN - v1.0 (June 2018),en,PDF
"uk,gov,service,publishing,assets)/media/59786a0040f0b65dcb00000a/042-persecution-of-christians-in-the-middle-east.pdf",20250605024422,https://assets.publishing.service.gov.uk/media/59786a0040f0b65dcb00000a/042-Persecution-of-Christians-in-the-Middle-East.pdf,assets.publishing.service.gov.uk,application/pdf,DVUQUURHLTRWC5PLWFMD5MLYYT6YXJXZ,247037,102020498,042-Persecution-of-Christians-in-the-Middle-East.pdf,en,PDF
"uk,gov,service,publishing,assets)/government/uploads/system/uploads/attachment_data/file/718557/lebanon_-_palestinians_in_lebanon_-_cpin_-_v1.0__june_2018__external.pdf",20230909213802,https://assets.publishing.service.gov.uk/government/uploads/system/uploads/attachment_data/file/718557/Lebanon_-_Palestinians_in_Lebanon_-_CPIN_-_v1.0__June_2018__External.pdf,assets.publishing.service.gov.uk,application/pdf,24K4DSPNVGJ5MAMA74XYCKXJ4C5XC6AX,606130,403833071,Lebanon - Palestinians in Lebanon - CPIN - v1.0 (June 2018),en,PDF
"uk,gov,service,publishing,assets)/media/65e07b012f2b3b001c7cd773/inspection_report_on_home_office_country_of_origin_information_-_thematic_report_on_the_coverage_of_statelessness__february_2023.pdf",20240304191147,https://assets.publishing.service.gov.uk/media/65e07b012f2b3b001c7cd773/Inspection_report_on_Home_Office_country_of_origin_information_-_Thematic_report_on_the_coverage_of_statelessness__February_2023.pdf,assets.publishing.service.gov.uk,application/pdf,S5QFKCJ5JKVVCFQUM7BFW7UMJAPROX5W,814006,495060255,Inspection report on Home Office country of origin information,en,PDF
"uk,gov,service,publishing,assets)/government/uploads/system/uploads/attachment_data/file/1118431/rus_cpin_muslims_in_russia.pdf",20230920204606,https://assets.publishing.service.gov.uk/government/uploads/system/uploads/attachment_data/file/1118431/RUS_CPIN_Muslims_in_Russia.pdf,assets.publishing.service.gov.uk,application/pdf,ULPTQVD6Y6BIVB3E7M73RGLVRATZKHL6,574170,323674504,RUS CPIN Muslims in Russia,en,PDF
"uk,gov,service,publishing,assets)/government/uploads/system/uploads/attachment_data/file/1162113/mmr_cpin_critics_of_the_military_regime.pdf",20230614171631,https://assets.publishing.service.gov.uk/government/uploads/system/uploads/attachment_data/file/1162113/MMR_CPIN_Critics_of_the_military_regime.pdf,assets.publishing.service.gov.uk,application/pdf,ZGTVUK6AZ2TUY6JQ5F5MKKIKDSNN4DJO,638021,356014648,MMR CPIN Critics of the military regime,en,PDF
"uk,gov,service,publishing,assets)/media/64a41d12c531eb000c64fe2a/mmr_cpin_critics_of_the_military_regime.pdf",20240320002140,https://assets.publishing.service.gov.uk/media/64a41d12c531eb000c64fe2a/MMR_CPIN_Critics_of_the_military_regime.pdf,assets.publishing.service.gov.uk,application/pdf,4VYS5AD4OPNZWERIBPQJIHJ76SEMH5XX,673661,417603768,MMR CPIN Critics of the military regime,en,PDF
"uk,gov,service,publishing,assets)/government/uploads/system/uploads/attachment_data/file/761740/inspection_of_country_of_origin_information__may_2018..pdf",20241223175040,https://assets.publishing.service.gov.uk/government/uploads/system/uploads/attachment_data/file/761740/Inspection_of_Country_of_Origin_Information__May_2018..pdf,assets.publishing.service.gov.uk,application/pdf,OXGTF57YOO55VJDITUFLRCNBBTI7LPEB,1173030,125974648,Inspection_of_Country_of_Origin_Information__May_2018..pdf,en,PDF
"uk,gov,service,publishing,assets)/media/65671647750074000d1dedd8/npl+cpin+political+affiliation.pdf",20250605042431,https://assets.publishing.service.gov.uk/media/65671647750074000d1dedd8/NPL+CPIN+Political+affiliation.pdf,assets.publishing.service.gov.uk,application/pdf,QCMLDFLMQQSHRTAA4SDPKCBYCO7KC2NW,549787,184659701,NPL CPIN Political affiliation,en,PDF
"uk,gov)/government/uploads/system/uploads/attachment_data/file/570872/cpin-nigeria-trafficking-v2-november-2016.pdf",20170210015636,https://www.gov.uk/government/uploads/system/uploads/attachment_data/file/570872/CPIN-Nigeria-Trafficking-v2-November-2016.pdf,www.gov.uk,application/pdf,UKR72ITVKHPJN4YSYBYEJZAAK2SDYBX5,498517,52078998,CIG- Nigeria - Trafficking - v1.0 (August 2016),en,PDF
"uk,gov,service,publishing,assets)/media/61fbb924e90e0768aabbde2c/tur_cpin_g%c3%bclenist_movement.pdf",20231009045501,https://assets.publishing.service.gov.uk/media/61fbb924e90e0768aabbde2c/TUR_CPIN_G%C3%BClenist_movement.pdf,assets.publishing.service.gov.uk,application/pdf,OVD7JDH3R2CPNISNPXDH6EAW6WRUT4KN,716090,81049681,TUR CPIN Gülenist movement,en,PDF
"uk,gov,service,publishing,assets)/government/uploads/system/uploads/attachment_data/file/1086137/assessing_credibility_and_refugee_status_post_28_june_2022.pdf",20230613233445,https://assets.publishing.service.gov.uk/government/uploads/system/uploads/attachment_data/file/1086137/Assessing_credibility_and_refugee_status_post_28_June_2022.pdf,assets.publishing.service.gov.uk,application/pdf,P5ATOL2D5PODUVBPQCCVNSDKXU6SG54R,569877,137029867,Assessing credibility and refugee status post 28 June 2022,en,PDF
"org,gsdrc)/wp-content/uploads/2017/06/042-persecution-of-christians-in-the-middle-east.pdf",20250304071813,https://gsdrc.org/wp-content/uploads/2017/06/042-Persecution-of-Christians-in-the-Middle-East.pdf,gsdrc.org,application/pdf,DVUQUURHLTRWC5PLWFMD5MLYYT6YXJXZ,246792,389582752,042-Persecution-of-Christians-in-the-Middle-East.pdf,en,PDF
"uk,gov,service,publishing,assets)/government/uploads/system/uploads/attachment_data/file/1032173/nga_cpin_actors_of_protection.pdf",20230903003740,https://assets.publishing.service.gov.uk/government/uploads/system/uploads/attachment_data/file/1032173/NGA_CPIN_Actors_of_Protection.pdf,assets.publishing.service.gov.uk,application/pdf,IUWHXCL7SOEB7QKQC5WSCZBU5AXAWNWA,482304,620,NGA CPIN Actors of Protection,en,PDF
"uk,gov,service,publishing,assets)/government/uploads/system/uploads/attachment_data/file/1052283/tur_cpin_g%c3%bclenist_movement.pdf",20230903030639,https://assets.publishing.service.gov.uk/government/uploads/system/uploads/attachment_data/file/1052283/TUR_CPIN_G%C3%BClenist_movement.pdf,assets.publishing.service.gov.uk,application/pdf,OVD7JDH3R2CPNISNPXDH6EAW6WRUT4KN,716100,402178411,TUR CPIN Gülenist movement,en,PDF
"uk,gov,service,publishing,assets)/government/uploads/system/uploads/attachment_data/file/1006265/iraq_-_religious_minorities_cpin_v3.0__july_2021.pdf",20230705234241,https://assets.publishing.service.gov.uk/government/uploads/system/uploads/attachment_data/file/1006265/Iraq_-_Religious_Minorities_CPIN_v3.0__July_2021.pdf,assets.publishing.service.gov.uk,application/pdf,LHNH7C3RU2R2QNC46KUWEDBKAOBPFLDF,491990,249027539,Iraq - Religious Minorities - CPIN - v3.0 - July 2021,en,PDF
"uk,gov,service,publishing,assets)/government/uploads/system/uploads/attachment_data/file/759280/sudan_-_ffm_report_2018_-_nad-returns.pdf",20240126112111,https://assets.publishing.service.gov.uk/government/uploads/system/uploads/attachment_data/file/759280/Sudan_-_FFM_report_2018_-_NAD-returns.pdf,assets.publishing.service.gov.uk,application/pdf,N3W2FBZSE46H4HLSNTII2WTGMDPPAPG5,1915452,85237426,Sudan_-_FFM_report_2018_-_NAD-returns.pdf,en,PDF
"uk,gov,service,publishing,assets)/government/uploads/system/uploads/attachment_data/file/1088614/ukr_cpin_military_service.pdf",20230603162608,https://assets.publishing.service.gov.uk/government/uploads/system/uploads/attachment_data/file/1088614/UKR_CPIN_Military_Service.pdf,assets.publishing.service.gov.uk,application/pdf,Y6QZZP3FUWV2KVEYR2NKAJNZADLV7P5Y,474604,219846118,UKR CPIN Military Service,en,PDF
"uk,gov,service,publishing,assets)/government/uploads/system/uploads/attachment_data/file/1105170/alb_cin_mental_health.pdf",20221117211650,https://assets.publishing.service.gov.uk/government/uploads/system/uploads/attachment_data/file/1105170/ALB_CIN_Mental_Health.pdf,assets.publishing.service.gov.uk,application/pdf,UYBN657ZZRVWYYEDZIL3DEPMYD3XT56D,356021,326663562,ALB CIN Mental Health,en,PDF
"uk,gov,service,publishing,assets)/media/5bfc23e040f0b65afad37708/sudan_-_ffm_report_2018_-_nad-returns.pdf",20240119224250,https://assets.publishing.service.gov.uk/media/5bfc23e040f0b65afad37708/Sudan_-_FFM_report_2018_-_NAD-returns.pdf,assets.publishing.service.gov.uk,application/pdf,N3W2FBZSE46H4HLSNTII2WTGMDPPAPG5,1915443,300723915,Sudan_-_FFM_report_2018_-_NAD-returns.pdf,en,PDF
"uk,gov,service,publishing,assets)/media/67e522c187cebda7c4ca4c33/gha+cpin+actors+of+protection.pdf",20250605072336,https://assets.publishing.service.gov.uk/media/67e522c187cebda7c4ca4c33/GHA+CPIN+Actors+of+protection.pdf,assets.publishing.service.gov.uk,application/pdf,6Q7PJQIHXEIADDSAEB6RCTHZPOUVGOHQ,968039,252099764,GHA CPIN Actors of protection,en,PDF
"uk,gov,service,publishing,assets)/government/uploads/system/uploads/attachment_data/file/1020368/vietnam_-_mental_health_-_cpin_-_v1.0.pdf",20230706040530,https://assets.publishing.service.gov.uk/government/uploads/system/uploads/attachment_data/file/1020368/Vietnam_-_Mental_health_-_CPIN_-_v1.0.pdf,assets.publishing.service.gov.uk,application/pdf,NKNH7BPVBMUKRKPN5Z5Z33XMCJWDBFQY,496936,382547674,Vietnam: Mental healthcare,en,PDF
"uk,gov,service,publishing,assets)/media/65e8912162ff48001a87b2bc/lbn+cpin+palestinians.pdf",20240504022213,https://assets.publishing.service.gov.uk/media/65e8912162ff48001a87b2bc/LBN+CPIN+Palestinians.pdf,assets.publishing.service.gov.uk,application/pdf,QHGT5SXG53ILPBMAXZHDISBEC2ME3TGR,770709,408629580,LBN CPIN Palestinians,en,PDF
"uk,gov)/government/uploads/system/uploads/attachment_data/file/582248/uganda_-_sogi_-_cpin_-_v3_0e__january_2017_.pdf",20170627202126,https://www.gov.uk/government/uploads/system/uploads/attachment_data/file/582248/Uganda_-_SOGI_-_CPIN_-_v3_0e__January_2017_.pdf,www.gov.uk,application/pdf,3SFHLBC36NAVQBFXMGXQWMYHZC4WY7CQ,465499,21845641,Uganda - SOGI - CPIN - v3.0 (January 2017),en,PDF
"uk,gov,service,publishing,assets)/government/uploads/system/uploads/attachment_data/file/582248/uganda_-_sogi_-_cpin_-_v3_0e__january_2017_.pdf",20170201173501,https://assets.publishing.service.gov.uk/government/uploads/system/uploads/attachment_data/file/582248/Uganda_-_SOGI_-_CPIN_-_v3_0e__January_2017_.pdf,assets.publishing.service.gov.uk,application/pdf,3SFHLBC36NAVQBFXMGXQWMYHZC4WY7CQ,465561,25352859,Uganda - SOGI - CPIN - v3.0 (January 2017),en,PDF
"uk,gov)/government/uploads/system/uploads/attachment_data/file/587068/libya_-_security_-_v2.pdf",20170428051316,https://www.gov.uk/government/uploads/system/uploads/attachment_data/file/587068/Libya_-_Security_-_v2.pdf,www.gov.uk,application/pdf,RAUSSO2OXRS7QZBCD3DPRCDNSWKBIWRT,654917,39999474,CPIN - Libya - Security Situation - v2.0 (DRAFT),en,PDF
"uk,gov,service,publishing,assets)/government/uploads/system/uploads/attachment_data/file/1125080/alb_cpin_actors_of_protection.pdf",20221219164418,https://assets.publishing.service.gov.uk/government/uploads/system/uploads/attachment_data/file/1125080/ALB_CPIN_Actors_of_Protection.pdf,assets.publishing.service.gov.uk,application/pdf,WYPD3LQU6BIKIM7LEQSW4S753KBDQPVP,344474,118041326,ALB CPIN Actors of Protection,en,PDF
"uk,gov,service,publishing,assets)/government/uploads/system/uploads/attachment_data/file/1167898/mmr_cpin_rohingya_including_rohingya_in_bangladesh.pdf",20250604181240,https://assets.publishing.service.gov.uk/government/uploads/system/uploads/attachment_data/file/1167898/MMR_CPIN_Rohingya_including_Rohingya_in_Bangladesh.pdf,assets.publishing.service.gov.uk,application/pdf,DZWDH7N2YYPIRH6R7RT5SKJITLWVKZ5B,559725,424475634,MMR CPIN Rohingya including Rohingya in Bangladesh,en,PDF
"uk,gov,service,publishing,assets)/media/5ee21497d3bf7f1eb4a1b4f9/kenya_-_internal_relocation_-_cpin_-_v1.0_.pdf",20240704000103,https://assets.publishing.service.gov.uk/media/5ee21497d3bf7f1eb4a1b4f9/Kenya_-_internal_relocation_-_CPIN_-_v1.0_.pdf,assets.publishing.service.gov.uk,application/pdf,NW2X6MECNU3KHRMAQ4ARZ3UIS6XWVFOD,362414,103383480,CPIN Template 2018 - v3,en,PDF
"uk,judiciary)/wp-content/uploads/2022/07/hussain-and-ga-v-sshd-judgment.pdf",20241206081200,https://www.judiciary.uk/wp-content/uploads/2022/07/Hussain-and-GA-v-SSHD-judgment.pdf,www.judiciary.uk,application/pdf,NNEOH655KF2GB2ZT3A2G45Z5YDIP3GIX,378252,82740829,Hussain and GA v SSHD judgment.docx,en,PDF
"uk,gov,service,publishing,assets)/media/62554b85e90e0729fef7bb5f/pakistan_sexual_orientation_and_gender_identity_or_expression.pdf",20250508204524,https://assets.publishing.service.gov.uk/media/62554b85e90e0729fef7bb5f/Pakistan_Sexual_orientation_and_gender_identity_or_expression.pdf,assets.publishing.service.gov.uk,application/pdf,CGO6C2NB4HWKEN7OGILJPPBWF3WGDBFZ,534600,80683039,Pakistan: Sexual orientation and gender identity or expression,en,PDF
"uk,gov,service,publishing,assets)/government/uploads/system/uploads/attachment_data/file/1028042/sdn_cpin_non-arab_darfuris.pdf",20230920204929,https://assets.publishing.service.gov.uk/government/uploads/system/uploads/attachment_data/file/1028042/SDN_CPIN_Non-Arab_Darfuris.pdf,assets.publishing.service.gov.uk,application/pdf,7B4YJO27XKA7SWRYS3OYJKHS2XOZEVXX,807861,264506942,SDN CPIN Non-Arab Darfuris,en,PDF
"uk,org,ofcom)/__data/assets/pdf_file/0026/170882/issue-388-broadcast-and-on-demand-bulletin.pdf",20240205065722,https://www.ofcom.org.uk/__data/assets/pdf_file/0026/170882/issue-388-broadcast-and-on-demand-bulletin.pdf,www.ofcom.org.uk,application/pdf,OTTWD25G23HXQY4AEDSEEMACB5LEYA2N,1114856,278311557,Issue 388 of Ofcom's Broadcast and On Demand Bulletin,en,PDF
"uk,gov,service,publishing,assets)/media/5ddd089140f0b650e4a64cfe/liberia_-_sogi_-_cpin_-_v2_0.pdf",20250616105135,https://assets.publishing.service.gov.uk/media/5ddd089140f0b650e4a64cfe/Liberia_-_SOGI_-_CPIN_-_v2_0.pdf,assets.publishing.service.gov.uk,application/pdf,ZYAE57IF44MF6OTBVE3Y2O54PVGJKJDM,1505619,251583562,Liberia - SOGI - CPIN - v2.0 (February 2017),en,PDF
"uk,gov,service,publishing,assets)/media/616ea52ae90e07197a68c2b7/nam_cpin_women_fearing_gbv.pdf",20250605073348,https://assets.publishing.service.gov.uk/media/616ea52ae90e07197a68c2b7/NAM_CPIN_Women_fearing_GBV.pdf,assets.publishing.service.gov.uk,application/pdf,232LRJN2MGKQUYO73PKCGM2CLQKMZNMX,753928,347024559,NAM CPIN Women fearing GBV,en,PDF
"uk,gov,service,publishing,assets)/media/5e56433386650c10f1affe1c/reintegration_of_idps_and_refugees_final_-_revised.pdf",20230903025617,https://assets.publishing.service.gov.uk/media/5e56433386650c10f1affe1c/Reintegration_of_IDPs_and_Refugees_final_-_REVISED.pdf,assets.publishing.service.gov.uk,application/pdf,L4C6MAE2AJGJANTNGS3PKFITV3MO6W5N,1073035,420199302,Reintegration_of_IDPs_and_Refugees_final_-_REVISED.pdf,en,PDF
"uk,gov,service,publishing,assets)/media/6033751bd3bf7f721b700f35/inspection_report_on_country_of_origin_information_el_salvador_and_sudan_december_2020.pdf",20240129222650,https://assets.publishing.service.gov.uk/media/6033751bd3bf7f721b700f35/Inspection_Report_on_Country_of_Origin_Information_El_Salvador_and_Sudan_December_2020.pdf,assets.publishing.service.gov.uk,application/pdf,NIZESPMJN7F37WDDXBZB3MFTL5M5N6GM,1080192,478878395,Inspection of Country of Origin Information,en,PDF
"uk,gov,service,publishing,assets)/government/uploads/system/uploads/attachment_data/file/963208/inspection_report_on_country_of_origin_information_el_salvador_and_sudan_december_2020.pdf",20230829215236,https://assets.publishing.service.gov.uk/government/uploads/system/uploads/attachment_data/file/963208/Inspection_Report_on_Country_of_Origin_Information_El_Salvador_and_Sudan_December_2020.pdf,assets.publishing.service.gov.uk,application/pdf,NIZESPMJN7F37WDDXBZB3MFTL5M5N6GM,1080181,490824682,Inspection of Country of Origin Information,en,PDF
"uk,gov,service,publishing,assets)/government/uploads/system/uploads/attachment_data/file/1125094/alb_cpin_domestic_violence_against_women.pdf",20230705181237,https://assets.publishing.service.gov.uk/government/uploads/system/uploads/attachment_data/file/1125094/ALB_CPIN_Domestic_violence_against_women.pdf,assets.publishing.service.gov.uk,application/pdf,GLXFINSBVFBXO2PUPLOEZCLHCYCV37AZ,526625,216947377,ALB CPIN Domestic violence against women,en,PDF
"uk,gov,service,publishing,assets)/government/uploads/system/uploads/attachment_data/file/848830/china_-_christians_-_cpin_-_v3.0__november_2019_.pdf",20230704100515,https://assets.publishing.service.gov.uk/government/uploads/system/uploads/attachment_data/file/848830/China_-_Christians_-_CPIN_-_v3.0__November_2019_.pdf,assets.publishing.service.gov.uk,application/pdf,KACKLO3VIDS7VFV3XIGE2YSPBY2IUFBL,547495,8713703,China - Christians - CPIN - v3.0 (November 2019),en,PDF
"uk,gov,service,publishing,assets)/government/uploads/system/uploads/attachment_data/file/846772/iran_-_medical_-_cpin_-_v1.0_-_nov_2019_-_ext.pdf",20230705034515,https://assets.publishing.service.gov.uk/government/uploads/system/uploads/attachment_data/file/846772/Iran_-_Medical_-_CPIN_-_v1.0_-_Nov_2019_-_EXT.pdf,assets.publishing.service.gov.uk,application/pdf,QOLNPE5KRPQDDIYKU3Q6VIA74AFXLNLJ,380463,249241299,Iran - Medical - CPIN - v1.0 (August 2019),en,PDF
"uk,gov,service,publishing,assets)/government/uploads/system/uploads/attachment_data/file/857567/drc_-_cpin_-_uas_-_v4_-_final.pdf",20230506154110,https://assets.publishing.service.gov.uk/government/uploads/system/uploads/attachment_data/file/857567/DRC_-_CPIN_-_UAS_-_v4_-_final.pdf,assets.publishing.service.gov.uk,application/pdf,M6HFTNMCPY5JVI76XVKK26TLTUJWLBJN,1050989,361131542,CPIN Template 2018 - v3,en,PDF
"uk,gov,service,publishing,assets)/government/uploads/system/uploads/attachment_data/file/1097928/nga_cpin_female_genital_mutilation_july_2022.pdf",20230903003913,https://assets.publishing.service.gov.uk/government/uploads/system/uploads/attachment_data/file/1097928/NGA_CPIN_Female_genital_mutilation_July_2022.pdf,assets.publishing.service.gov.uk,application/pdf,CXKP23ZA5CL3OCSIUBZGO6OWB5WJI4NP,730777,58792494,NGA CPIN Female genital mutilation,en,PDF
"uk,gov,service,publishing,assets)/media/65368fb1e839fd0014867381/tur+cpin+-+kurdistan+workers+party+pkk.pdf",20250605120827,https://assets.publishing.service.gov.uk/media/65368fb1e839fd0014867381/TUR+CPIN+-+Kurdistan+workers+party+PKK.pdf,assets.publishing.service.gov.uk,application/pdf,JXMQFJ5G32WID5I33VBEADCP24H2JOZQ,674114,467965559,Kurdistan workers' party (PKK),en,PDF
"uk,gov,service,publishing,assets)/government/uploads/system/uploads/attachment_data/file/1140252/gmb_cpin_sexual_orientation_and_gender_identity.pdf",20230706081605,https://assets.publishing.service.gov.uk/government/uploads/system/uploads/attachment_data/file/1140252/GMB_CPIN_sexual_orientation_and_gender_identity.pdf,assets.publishing.service.gov.uk,application/pdf,3Y435B7DQZLR3GFLWG2E5ZSD66O5KFMS,339509,370456256,GMB CPIN sexual orientation and gender identity.docx,en,PDF
"uk,gov,service,publishing,assets)/government/uploads/system/uploads/attachment_data/file/1120001/irq_cpin_security_situation.pdf",20230705235828,https://assets.publishing.service.gov.uk/government/uploads/system/uploads/attachment_data/file/1120001/IRQ_CPIN_security_situation.pdf,assets.publishing.service.gov.uk,application/pdf,Q3ZPARQXLLHLWDEQRJWZIGNY7F533LJW,921650,327467238,IRQ CPIN security situation,en,PDF
"uk,gov,service,publishing,assets)/government/uploads/system/uploads/attachment_data/file/879496/kenya_-sogie-cpin-v3.0__gov.uk_.pdf",20230920200330,https://assets.publishing.service.gov.uk/government/uploads/system/uploads/attachment_data/file/879496/Kenya_-SOGIE-CPIN-v3.0__GOV.UK_.pdf,assets.publishing.service.gov.uk,application/pdf,P4L6K7YITOMN2PIWEORPCHVNN4MYNA4R,639211,107684492,Kenya_-SOGIE-CPIN-v3.0__GOV.UK_.pdf,en,PDF
"uk,gov,service,publishing,assets)/government/uploads/system/uploads/attachment_data/file/770254/opts_-_background_-_cpin_-_v1.0__december_2018_.pdf",20230804003310,https://assets.publishing.service.gov.uk/government/uploads/system/uploads/attachment_data/file/770254/OPTs_-_Background_-_CPIN_-_v1.0__December_2018_.pdf,assets.publishing.service.gov.uk,application/pdf,LMC3RDWMKZ4AUYB62DJ4UI5VSFWZYY62,1308860,61004443,OPTs - Background - CPIN - v1.0 (December 2018),en,PDF
"uk,gov,service,publishing,assets)/media/6763f146ff2c870561bde874/bra+cpin+sogie.pdf",20250605225725,https://assets.publishing.service.gov.uk/media/6763f146ff2c870561bde874/BRA+CPIN+SOGIE.pdf,assets.publishing.service.gov.uk,application/pdf,L6YGUXVKUY3IZQH5YKQU7F72IBC7WXAO,823024,51398150,BRA CPIN SOGIE,en,PDF
"uk,gov,service,publishing,assets)/media/5bb2236ded915d259eaa7776/413_girls_education_libya.pdf",20250605235112,https://assets.publishing.service.gov.uk/media/5bb2236ded915d259eaa7776/413_Girls_education_Libya.pdf,assets.publishing.service.gov.uk,application/pdf,K2ZF6DZUP5GFE3CX2JQBNTKGQ2NBYDXI,867167,152113577,413_Girls_education_Libya.pdf,en,PDF
"uk,gov,service,publishing,assets)/government/uploads/system/uploads/attachment_data/file/1092700/country_policy_and_information_note_bangladesh_medical_treatment_and_healthcare.pdf",20230920174012,https://assets.publishing.service.gov.uk/government/uploads/system/uploads/attachment_data/file/1092700/Country_Policy_and_Information_Note_Bangladesh_Medical_treatment_and_healthcare.pdf,assets.publishing.service.gov.uk,application/pdf,PK2CPIETPJS53ULXHGNXS56PFWVWMAKT,421802,125346871,BGD CIN Medical treatment and healthcare,en,PDF
"uk,gov,service,publishing,assets)/media/66910584ab418ab05559244c/alb+cpin+human+trafficking.pdf",20250606022608,https://assets.publishing.service.gov.uk/media/66910584ab418ab05559244c/ALB+CPIN+Human+trafficking.pdf,assets.publishing.service.gov.uk,application/pdf,RRJOJYRQNJOHR4EASYHKIJ5WDCDPHQ5S,1816974,149876457,ALB CPIN Human trafficking,en,PDF
"uk,gov,service,publishing,assets)/media/65687c305936bb000d3167a5/bgd+cpin+actors+of+protection.pdf",20250618172210,https://assets.publishing.service.gov.uk/media/65687c305936bb000d3167a5/BGD+CPIN+Actors+of+Protection.pdf,assets.publishing.service.gov.uk,application/pdf,RGXCAW57ACAR3O2WLWXF2ZZY5QMSH4ZI,447516,237062660,BGD CPIN Actors of Protection,en,PDF
"uk,gov,service,publishing,assets)/government/uploads/system/uploads/attachment_data/file/897158/_e__jamaica_-_medical_-_cpin_-_v0.1_march_2020.pdf",20230920203754,https://assets.publishing.service.gov.uk/government/uploads/system/uploads/attachment_data/file/897158/_E__Jamaica_-_Medical_-_CPIN_-_v0.1_March_2020.pdf,assets.publishing.service.gov.uk,application/pdf,HUXSZTDV76UMMGHBR65Z5EVZFSMETLZT,413846,60855604,CPIN Template 2018 - v3,en,PDF
"uk,gov,service,publishing,assets)/media/65368fc826b9b1000daf1dc5/tur+cpin+-+military+service.pdf",20250605120824,https://assets.publishing.service.gov.uk/media/65368fc826b9b1000daf1dc5/TUR+CPIN+-+Military+service.pdf,assets.publishing.service.gov.uk,application/pdf,HT5UPQFCRCOSH5CMC4NNVVDTC2HWNV6E,732887,465108641,Military service,en,PDF
"uk,gov,service,publishing,assets)/government/uploads/system/uploads/attachment_data/file/1123460/alb_cpin_human_trafficking.pdf",20230126232942,https://assets.publishing.service.gov.uk/government/uploads/system/uploads/attachment_data/file/1123460/ALB_CPIN_Human_trafficking.pdf,assets.publishing.service.gov.uk,application/pdf,MM7DWOFC7MV3GVTYNYW7MRR3DKZOWZED,729202,266088808,ALB CPIN Human trafficking,en,PDF
"uk,gov,service,publishing,assets)/media/639b514ed3bf7f7f977e57ad/alb_cin_mental_health__1_.pdf",20250111001054,https://assets.publishing.service.gov.uk/media/639b514ed3bf7f7f977e57ad/ALB_CIN_Mental_Health__1_.pdf,assets.publishing.service.gov.uk,application/pdf,UFR4LMYFV2DGAXN3OWPV4UM4DO6WKGA5,414475,30077152,ALB CIN Mental Health,en,PDF
"uk,gov,service,publishing,assets)/government/uploads/system/uploads/attachment_data/file/1105210/alb_cpin_domestic_abuse_and_violence_against_women.pdf",20221117212107,https://assets.publishing.service.gov.uk/government/uploads/system/uploads/attachment_data/file/1105210/ALB_CPIN_Domestic_abuse_and_violence_against_women.pdf,assets.publishing.service.gov.uk,application/pdf,ERBA7L4GWMCH3UFYYVNUP3ECEMAR4GLC,578552,224774153,ALB CPIN Domestic abuse and violence against women,en,PDF
"uk,gov,service,publishing,assets)/government/uploads/system/uploads/attachment_data/file/1160881/irq_cpin_humanitarian_situation.pdf",20230704125704,https://assets.publishing.service.gov.uk/government/uploads/system/uploads/attachment_data/file/1160881/IRQ_CPIN_Humanitarian_situation.pdf,assets.publishing.service.gov.uk,application/pdf,B7OFTTCNVKQW6QFIGC4OXAH6DNFWZWSG,759949,59319778,Iraq CPIN: Humanitarian situation,en,PDF
"uk,gov,service,publishing,assets)/government/uploads/system/uploads/attachment_data/file/1166302/inspection_report_on_home_office_country_of_origin_information__iraq_and_myanmar__burma__january_2023.pdf",20230918195401,https://assets.publishing.service.gov.uk/government/uploads/system/uploads/attachment_data/file/1166302/Inspection_report_on_Home_Office_country_of_origin_information__Iraq_and_Myanmar__Burma__January_2023.pdf,assets.publishing.service.gov.uk,application/pdf,EZZGH7Y5MBM5LAPLIY2ZUSOBXXVCETBN,624635,83198581,Inspection_report_on_Home_Office_country_of_origin_information__Iraq_and_Myanmar__Burma__January_2023.pdf,en,PDF
"uk,gov,service,publishing,assets)/media/620525788fa8f510b2203cd5/nga_cpin_sexual_orientation_and_gender_identity_or_expression.pdf",20250612201713,https://assets.publishing.service.gov.uk/media/620525788fa8f510b2203cd5/NGA_CPIN_Sexual_orientation_and_gender_identity_or_expression.pdf,assets.publishing.service.gov.uk,application/pdf,FRNBUQENQ3OHW24YMPPLY56CU2QPIJDE,621993,163694669,NGA CPIN Sexual orientation and gender identity or expression,en,PDF
"uk,gov,service,publishing,assets)/media/5f7dc8ece90e070ddf1e81bc/algeria_background_note_v1.0_september_2020.pdf",20241011174810,https://assets.publishing.service.gov.uk/media/5f7dc8ece90e070ddf1e81bc/Algeria_Background_Note_v1.0_September_2020.pdf,assets.publishing.service.gov.uk,application/pdf,ATU7YSSMU4PQV4QEQJEHUYI4PHUVHKQ3,746802,283039478,CPIN Template - January 2020,en,PDF
"uk,gov,service,publishing,assets)/media/5fd7999ce90e07662d2a2de6/cameroon_-_north-west_south-west_crisis_-_cpin_-_v2.0_.pdf",20240804072027,https://assets.publishing.service.gov.uk/media/5fd7999ce90e07662d2a2de6/Cameroon_-_North-West_South-West_crisis_-_CPIN_-_v2.0_.pdf,assets.publishing.service.gov.uk,application/pdf,DDP6DTAXAWW42KXA7WQ6MJRUVFKD2OWI,1306103,421884445,CPIN Template 2018 - v3,en,PDF
"uk,gov,service,publishing,assets)/media/61af845c8fa8f5037778c2f3/sri_lanka_final_pdf.pdf",20241006112120,https://assets.publishing.service.gov.uk/media/61af845c8fa8f5037778c2f3/Sri_Lanka_Final_PDF.pdf,assets.publishing.service.gov.uk,application/pdf,DO25HJLZDZLWJVDJ7BP2S5UDAI4GCFQY,680149,412073348,Sri Lanka sexual orientation and gender identity and expression,en,PDF
"uk,gov,service,publishing,assets)/media/669a600dce1fd0da7b59291a/nga+cpin+internal+relocation.pdf",20250612201858,https://assets.publishing.service.gov.uk/media/669a600dce1fd0da7b59291a/NGA+CPIN+Internal+Relocation.pdf,assets.publishing.service.gov.uk,application/pdf,PUS7MTIPEUOQJ2KO24C4OBSRJRDAW3HI,2679131,258204779,NGA CPIN Internal Relocation,en,PDF
"uk,gov,service,publishing,assets)/government/uploads/system/uploads/attachment_data/file/951926/el_salvador_-_cpin_-_fear_of_gangs_.pdf",20221217004022,https://assets.publishing.service.gov.uk/government/uploads/system/uploads/attachment_data/file/951926/El_Salvador_-_CPIN_-_Fear_of_gangs_.pdf,assets.publishing.service.gov.uk,application/pdf,KS2C6JYSZRIBJQ4S6DCEHYEHKGEX27N2,897472,178326576,CPIN Template - November 2019,en,PDF
"uk,gov,service,publishing,assets)/media/60c37679d3bf7f4bd9814e7e/cpin_kenya_fgm_10.06.2021.pdf",20250407021032,https://assets.publishing.service.gov.uk/media/60c37679d3bf7f4bd9814e7e/CPIN_Kenya_FGM_10.06.2021.pdf,assets.publishing.service.gov.uk,application/pdf,TBIE35R2Z3KKMSZ6HGKOENRUP7CZ6J3I,586495,471213697,CPIN kenya FGM,en,PDF
"uk,gov,service,publishing,assets)/media/5a82a6c8ed915d74e3402dfd/an-inspection-of-country-of-origin-information.pdf",20250605060358,https://assets.publishing.service.gov.uk/media/5a82a6c8ed915d74e3402dfd/An-Inspection-of-Country-of-Origin-Information.pdf,assets.publishing.service.gov.uk,application/pdf,KLO2SGKNNRCC63YXMSBDIDPUFNTVCX2O,4914848,323295775,An-Inspection-of-Country-of-Origin-Information.pdf,en,PDF
"uk,org,ofcom)/__data/assets/pdf_file/0020/233462/nadim-malik-live,-samaa-tv,-5-may-2020,-1600-6-may-2020,-1600.pdf",20230103123519,"https://www.ofcom.org.uk/__data/assets/pdf_file/0020/233462/Nadim-Malik-Live,-Samaa-TV,-5-May-2020,-1600-6-May-2020,-1600.pdf",www.ofcom.org.uk,application/pdf,QPCMRHWKA6Z5HYGHT4X2FFSAY24DEIJQ,506196,216961642,"Nadim Malik Live, Samaa TV, 5 May 2020, 1600; 6 May 2020, 1600",en,PDF
"uk,gov,service,publishing,assets)/government/uploads/system/uploads/attachment_data/file/1097986/rus_cpin_critics_and_opponents_of_the_government.pdf",20230920205019,https://assets.publishing.service.gov.uk/government/uploads/system/uploads/attachment_data/file/1097986/RUS_CPIN_Critics_and_opponents_of_the_government.pdf,assets.publishing.service.gov.uk,application/pdf,WQ5OT32MKZCO255VICSNQO7YUXPXFWYL,670926,402396238,RUS CPIN Critics and opponents of the government,en,PDF
"uk,gov,service,publishing,assets)/government/uploads/system/uploads/attachment_data/file/1079018/sdn_cpin_sogie.pdf",20230920204854,https://assets.publishing.service.gov.uk/government/uploads/system/uploads/attachment_data/file/1079018/SDN_CPIN_SOGIE.pdf,assets.publishing.service.gov.uk,application/pdf,BWRDN5O7GVI7JEWDAFTTDGHGCPXWV4KJ,381035,193672369,SDN CPIN SOGIE,en,PDF
"uk,gov,service,publishing,assets)/government/uploads/system/uploads/attachment_data/file/918003/libya_-_security__humanitarian_situation_-_cpin_-_v4.0_-_september_2020.pdf",20230906183708,https://assets.publishing.service.gov.uk/government/uploads/system/uploads/attachment_data/file/918003/Libya_-_Security__humanitarian_situation_-_CPIN_-_v4.0_-_September_2020.pdf,assets.publishing.service.gov.uk,application/pdf,HRSNJPGPLLGLTCNGYS76AGPYNCVLHYV4,994950,297167379,Libya Security and Humanitarian situation,en,PDF
"uk,gov,service,publishing,assets)/media/637617158fa8f5771717890f/rus_cpin_muslims_in_russia.pdf",20250612170835,https://assets.publishing.service.gov.uk/media/637617158fa8f5771717890f/RUS_CPIN_Muslims_in_Russia.pdf,assets.publishing.service.gov.uk,application/pdf,ULPTQVD6Y6BIVB3E7M73RGLVRATZKHL6,574208,367914624,RUS CPIN Muslims in Russia,en,PDF
"uk,gov,service,publishing,assets)/government/uploads/system/uploads/attachment_data/file/953512/iraq_-_medical_and_healthcare_provision_-_v2.0_-_january_2021_-_ext.pdf",20230705234703,https://assets.publishing.service.gov.uk/government/uploads/system/uploads/attachment_data/file/953512/Iraq_-_Medical_and_healthcare_provision_-_v2.0_-_January_2021_-_ext.pdf,assets.publishing.service.gov.uk,application/pdf,SVDMODDQAQGQFSFCEEPI735ZR2IYUCZX,796043,273676437,Iraq - Medical and Healthcare Provision - v2.0 - January 2021,en,PDF
"uk,gov,service,publishing,assets)/media/65ba3157ee7d490013984a3b/vnm+cpin+hoa+hao+buddhism.pdf",20250606001818,https://assets.publishing.service.gov.uk/media/65ba3157ee7d490013984a3b/VNM+CPIN+Hoa+Hao+Buddhism.pdf,assets.publishing.service.gov.uk,application/pdf,6LKAV2MCNQC3E3EISWYPTPQNMA4T4UBM,347551,293189739,VNM CPIN Hoa Hao Buddhism,en,PDF
"uk,gov,service,publishing,assets)/media/618a730c8fa8f52982a86368/nga_cpin_actors_of_protection.pdf",20240813225711,https://assets.publishing.service.gov.uk/media/618a730c8fa8f52982a86368/NGA_CPIN_Actors_of_Protection.pdf,assets.publishing.service.gov.uk,application/pdf,IUWHXCL7SOEB7QKQC5WSCZBU5AXAWNWA,482321,125724158,NGA CPIN Actors of Protection,en,PDF
"uk,gov,service,publishing,assets)/media/67892f2393d4eae3088bd322/alb+cin+mental+healthcare.pdf",20250606024412,https://assets.publishing.service.gov.uk/media/67892f2393d4eae3088bd322/ALB+CIN+Mental+Healthcare.pdf,assets.publishing.service.gov.uk,application/pdf,SWZ5MIEWF7XR4SU3NFK6E5QO3OQVCXU7,408333,172577922,ALB CIN Mental Healthcare,en,PDF
"com,amazonaws,s3,moj-tribunals-documents-prod)/decision/pdf_file/68848/rp000722017.pdf",20221201133243,https://moj-tribunals-documents-prod.s3.amazonaws.com/decision/pdf_file/68848/RP000722017.pdf,moj-tribunals-documents-prod.s3.amazonaws.com,application/pdf,6Y5AVPNH6V4Q6IVR2TLSYW32AVWSRQBN,229952,393781068,RP000722017.pdf,en,PDF
"uk,gov,service,publishing,assets)/government/uploads/system/uploads/attachment_data/file/948170/cameroon_-_internal_relocation_-_cpin_-_v1.0__final__gov.uk.pdf",20230705211008,https://assets.publishing.service.gov.uk/government/uploads/system/uploads/attachment_data/file/948170/Cameroon_-_Internal_relocation_-_CPIN_-_V1.0__Final__Gov.uk.pdf,assets.publishing.service.gov.uk,application/pdf,RC6L7CAQBGFIANYSIF7U2TSMEVDOTE27,382733,484397400,cameroon internal relocation,en,PDF
"org,wfd)/sites/default/files/2022-11/the_impact_on_covid-19_on_lgbt_individuals_in_indonesia_nigeria_and_sri_lanaka_0.pdf",20250304060258,https://www.wfd.org/sites/default/files/2022-11/the_impact_on_covid-19_on_lgbt_individuals_in_indonesia_nigeria_and_sri_lanaka_0.pdf,www.wfd.org,application/pdf,4NQMUSIQAE65ZKV2H5YS7LN4GGD2FA5D,847244,200749932,JN_0079_Impact of Covid 19-V5.indd,en,PDF
"uk,gov,service,publishing,assets)/media/62c58777d3bf7f2fffd66c16/ukr_cpin_military_service.pdf",20250604142810,https://assets.publishing.service.gov.uk/media/62c58777d3bf7f2fffd66c16/UKR_CPIN_Military_Service.pdf,assets.publishing.service.gov.uk,application/pdf,Y6QZZP3FUWV2KVEYR2NKAJNZADLV7P5Y,474641,75242618,UKR CPIN Military Service,en,PDF
"uk,gov,service,publishing,assets)/government/uploads/system/uploads/attachment_data/file/740184/vietnam_-_oppn_to_vcp_-_cpin_-_v3.0__september_2018_.pdf",20230706041957,https://assets.publishing.service.gov.uk/government/uploads/system/uploads/attachment_data/file/740184/Vietnam_-_Oppn_to_VCP_-_CPIN_-_v3.0__September_2018_.pdf,assets.publishing.service.gov.uk,application/pdf,6MS2CQFG55HYCXYAZMWJ3ABHKL6JFHPE,824330,370021372,Vietnam - Oppn to VCP - CPIN - v3.0 (September 2018),en,PDF
"uk,gov,service,publishing,assets)/government/uploads/system/uploads/attachment_data/file/1161442/alb_cin_medical_and_healthcare.pdf",20230705181453,https://assets.publishing.service.gov.uk/government/uploads/system/uploads/attachment_data/file/1161442/ALB_CIN_Medical_and_healthcare.pdf,assets.publishing.service.gov.uk,application/pdf,MGI4GDQ6LMNLAYW2UMWZYCUV54QYVYUX,453357,71061793,Albania: Medical and healthcare provision,en,PDF
"uk,gov,service,publishing,assets)/government/uploads/system/uploads/attachment_data/file/865882/cameroon_-_sogie_-_cpin_-_v1.0__final_feb_20__gov.uk.pdf",20230705211011,https://assets.publishing.service.gov.uk/government/uploads/system/uploads/attachment_data/file/865882/Cameroon_-_SOGIE_-_CPIN_-_v1.0__Final_Feb_20__Gov.uk.pdf,assets.publishing.service.gov.uk,application/pdf,FGNOLHQZ76N6IBTHPEYW6QYFUKOKEE5N,579597,487511465,CPIN Template 2018 - v3,en,PDF
"uk,judiciary)/wp-content/uploads/2022/07/s-and-az-v-sshd-judgment-090622.pdf",20230601104408,https://www.judiciary.uk/wp-content/uploads/2022/07/S-and-AZ-v-SSHD-judgment-090622.pdf,www.judiciary.uk,application/pdf,WEKQHDSR766Y22DQVWLPHPVELBYNU5AL,626121,444892960,S & AZ -v- SSHD judgment,en,PDF
"uk,gov,service,publishing,assets)/government/uploads/system/uploads/attachment_data/file/1072753/nga_cpin_trafficking_of_women.pdf",20230903004105,https://assets.publishing.service.gov.uk/government/uploads/system/uploads/attachment_data/file/1072753/NGA_CPIN_Trafficking_of_women.pdf,assets.publishing.service.gov.uk,application/pdf,BPXHTF7VY7UO4XGDYOIDPXDARE67MYSC,632055,168474543,NGA CPIN Trafficking of women,en,PDF
"uk,gov,service,publishing,assets)/government/uploads/system/uploads/attachment_data/file/1105163/alb_cpin_blood_feuds.pdf",20230104211924,https://assets.publishing.service.gov.uk/government/uploads/system/uploads/attachment_data/file/1105163/ALB_CPIN_Blood_feuds.pdf,assets.publishing.service.gov.uk,application/pdf,EDOCIFDFPENVDRKM4RIUWQIBXYFRF63L,469553,369246222,ALB CPIN Blood Feuds,en,PDF
"uk,gov,service,publishing,assets)/government/uploads/system/uploads/attachment_data/file/890518/kenya_-_actors_of_protection_-_cpin-_v1.0_.pdf",20230920200522,https://assets.publishing.service.gov.uk/government/uploads/system/uploads/attachment_data/file/890518/Kenya_-_Actors_of_Protection_-_CPIN-_v1.0_.pdf,assets.publishing.service.gov.uk,application/pdf,AID5YM4E5V4T6LBE5FY3S43UYVSNWE75,460827,454414711,CPIN Template 2018 - v3,en,PDF
"uk,gov,service,publishing,assets)/media/67360cabb613efc3f182314b/pse+cpin+security+situation__1_.pdf",20250606000334,https://assets.publishing.service.gov.uk/media/67360cabb613efc3f182314b/PSE+CPIN+Security+situation__1_.pdf,assets.publishing.service.gov.uk,application/pdf,AKSU5MPBLH5OEQ6FSY67XP2A6S7B6D24,518959,395752077,PSE CPIN Security situation,en,PDF
"uk,gov,service,publishing,assets)/media/66bca8b6b45d6a81cd314634/withdrawn-cameroon_-_north-west_south-west_crisis_-_cpin_-_v2.0_.pdf",20250616132739,https://assets.publishing.service.gov.uk/media/66bca8b6b45d6a81cd314634/Withdrawn-Cameroon_-_North-West_South-West_crisis_-_CPIN_-_v2.0_.pdf,assets.publishing.service.gov.uk,application/pdf,54YWUISC2JXP7E7U2TBWG5OJ5UPUP7H2,5811024,359545020,CPIN Template 2018 - v3,en,PDF
"uk,supremecourt)/uploads/uksc_2023_0093_etc_judgment_636270e30e.pdf",20250211164722,https://supremecourt.uk/uploads/uksc_2023_0093_etc_judgment_636270e30e.pdf,supremecourt.uk,application/pdf,VB3VZJTBW3CSBPS5GNJELKLMK3H5LDV3,341906,359925108,R (on the application of AAA (Syria) and others) (Respondents/Cross Appellants) v Secretary of State for the Home Department (Appellant/Cross Respondent); ,en,PDF
"uk,gov,service,publishing,assets)/media/5e56433386650c10f1affe1c/reintegration_of_idps_and_refugees_final_-_revised.pdf",20250508011932,https://assets.publishing.service.gov.uk/media/5e56433386650c10f1affe1c/Reintegration_of_IDPs_and_Refugees_final_-_REVISED.pdf,assets.publishing.service.gov.uk,application/pdf,L4C6MAE2AJGJANTNGS3PKFITV3MO6W5N,1073052,616,Reintegration_of_IDPs_and_Refugees_final_-_REVISED.pdf,en,PDF
"uk,gov,service,publishing,assets)/government/uploads/system/uploads/attachment_data/file/1120808/phl_cpin_trafficking.pdf",20230911152039,https://assets.publishing.service.gov.uk/government/uploads/system/uploads/attachment_data/file/1120808/PHL_CPIN_Trafficking.pdf,assets.publishing.service.gov.uk,application/pdf,KDEC3A4AYINFR7Z3H2GTMVMVOSNSGYOB,523630,124014301,PHL CPIN Trafficking,en,PDF
"uk,gov,service,publishing,assets)/government/uploads/system/uploads/attachment_data/file/1105222/alb_cpin_roma_and_balkan_egyptians.pdf",20221117211432,https://assets.publishing.service.gov.uk/government/uploads/system/uploads/attachment_data/file/1105222/ALB_CPIN_Roma_and_Balkan_Egyptians.pdf,assets.publishing.service.gov.uk,application/pdf,762KOFWUW6ACOF6LZ357X3WC4CK7ZK6B,449137,163451465,ALB CPIN Roma and Balkan Egyptians,en,PDF
"uk,gov,service,publishing,assets)/government/uploads/system/uploads/attachment_data/file/742590/drc._gbv._2018.v2_ext__003_.pdf",20230918180129,https://assets.publishing.service.gov.uk/government/uploads/system/uploads/attachment_data/file/742590/DRC._GBV._2018.v2_ext__003_.pdf,assets.publishing.service.gov.uk,application/pdf,G5TLU7ZW75ZPU6ZR2ATFKIA7ZF6G67TV,576488,2834288,DRC._GBV._2018.v2_ext__003_.pdf,en,PDF
"uk,gov,service,publishing,assets)/government/uploads/system/uploads/attachment_data/file/879496/kenya_-sogie-cpin-v3.0__gov.uk_.pdf",20240709160923,https://assets.publishing.service.gov.uk/government/uploads/system/uploads/attachment_data/file/879496/Kenya_-SOGIE-CPIN-v3.0__GOV.UK_.pdf,assets.publishing.service.gov.uk,application/pdf,P4L6K7YITOMN2PIWEORPCHVNN4MYNA4R,639256,266258331,Kenya_-SOGIE-CPIN-v3.0__GOV.UK_.pdf,en,PDF
"uk,gov,service,publishing,assets)/government/uploads/system/uploads/attachment_data/file/868800/iran_-_christians-converts_-_cpin_-_v6.0_-_feb_2020_-_ext_pdf.pdf",20220923001140,https://assets.publishing.service.gov.uk/government/uploads/system/uploads/attachment_data/file/868800/Iran_-_Christians-Converts_-_CPIN_-_v6.0_-_Feb_2020_-_EXT_PDF.pdf,assets.publishing.service.gov.uk,application/pdf,A3GF6WB7XMQLSV572XMVEHX72DFRAL3Q,723180,418267260,Iran - Xians-Converts - CPIN - v5.0 (DRAFT),en,PDF
"uk,gov,service,publishing,assets)/government/uploads/system/uploads/attachment_data/file/928000/india.medical_and_healthcare_cpin.v1.0.october_2020_rev.pdf",20230506074710,https://assets.publishing.service.gov.uk/government/uploads/system/uploads/attachment_data/file/928000/INDIA.Medical_and_Healthcare_CPIN.v1.0.October_2020_REV.pdf,assets.publishing.service.gov.uk,application/pdf,NQZMUUF2ISRMOWQNTPR2I5E74TXKYTN7,546277,98638142,India - Medical and Healthcare - CPIN - v1.0,en,PDF
"uk,gov,service,publishing,assets)/government/uploads/system/uploads/attachment_data/file/977224/sudan_-_opposition_to_state_-_cpin__-_v3.0.pdf",20230920204855,https://assets.publishing.service.gov.uk/government/uploads/system/uploads/attachment_data/file/977224/Sudan_-_opposition_to_state_-_CPIN__-_v3.0.pdf,assets.publishing.service.gov.uk,application/pdf,FJGGUMLZWHJ7D2VLCXHFJXHUE2AOSUZS,744813,196343413,CPIN Sudan: Opposition to the government,en,PDF
"uk,gov,service,publishing,assets)/media/61002107e90e0703b4af6bb6/iraq_-_religious_minorities_cpin_v3.0__july_2021.pdf",20240911181035,https://assets.publishing.service.gov.uk/media/61002107e90e0703b4af6bb6/Iraq_-_Religious_Minorities_CPIN_v3.0__July_2021.pdf,assets.publishing.service.gov.uk,application/pdf,LHNH7C3RU2R2QNC46KUWEDBKAOBPFLDF,492022,132732001,Iraq - Religious Minorities - CPIN - v3.0 - July 2021,en,PDF
"uk,gov,service,publishing,assets)/media/62f6405bd3bf7f4c6138405d/nga_cpin_female_genital_mutilation_july_2022.pdf",20250612201743,https://assets.publishing.service.gov.uk/media/62f6405bd3bf7f4c6138405d/NGA_CPIN_Female_genital_mutilation_July_2022.pdf,assets.publishing.service.gov.uk,application/pdf,CXKP23ZA5CL3OCSIUBZGO6OWB5WJI4NP,730803,193835699,NGA CPIN Female genital mutilation,en,PDF
"uk,gov,service,publishing,assets)/government/uploads/system/uploads/attachment_data/file/903780/sri_lanka_-_medical_cpin_-_v.1.0_july_2020.pdf",20230705121229,https://assets.publishing.service.gov.uk/government/uploads/system/uploads/attachment_data/file/903780/Sri_Lanka_-_Medical_CPIN_-_v.1.0_July_2020.pdf,assets.publishing.service.gov.uk,application/pdf,VIVESEUJFXCLT3IT7QWLRHMQ4Q6BTGCE,1546018,442555528,CPIN Template - January 2020,en,PDF
"uk,gov,service,publishing,assets)/media/6582c8aaed3c3400133bfc43/chn+cpin+opposition+to+the+state.pdf",20250612202322,https://assets.publishing.service.gov.uk/media/6582c8aaed3c3400133bfc43/CHN+CPIN+Opposition+to+the+state.pdf,assets.publishing.service.gov.uk,application/pdf,UCUSDHQJJA7DDARLDXWZ5SMNWNU23AYP,793186,411683439,CHN CPIN Opposition to the state,en,PDF
"uk,gov,service,publishing,assets)/government/uploads/system/uploads/attachment_data/file/1028042/sdn_cpin_non-arab_darfuris.pdf",20240607084528,https://assets.publishing.service.gov.uk/government/uploads/system/uploads/attachment_data/file/1028042/SDN_CPIN_Non-Arab_Darfuris.pdf,assets.publishing.service.gov.uk,application/pdf,7B4YJO27XKA7SWRYS3OYJKHS2XOZEVXX,807898,158374113,SDN CPIN Non-Arab Darfuris,en,PDF
"uk,supremecourt)/cases/docs/uksc-2023-0093-etc-judgment.pdf",20241127121153,https://www.supremecourt.uk/cases/docs/uksc-2023-0093-etc-judgment.pdf,www.supremecourt.uk,application/pdf,VB3VZJTBW3CSBPS5GNJELKLMK3H5LDV3,341540,409981697,R (on the application of AAA (Syria) and others) (Respondents/Cross Appellants) v Secretary of State for the Home Department (Appellant/Cross Respondent); ,en,PDF
"uk,gov,service,publishing,assets)/government/uploads/system/uploads/attachment_data/file/1150443/lka_cpin_tamil_separatism.pdf",20230705115818,https://assets.publishing.service.gov.uk/government/uploads/system/uploads/attachment_data/file/1150443/LKA_CPIN_Tamil_Separatism.pdf,assets.publishing.service.gov.uk,application/pdf,VJC7CXEVP5UUO4HMUIUZRTM2RATGEJSJ,435705,149239717,LKA CPIN Tamil Separatism,en,PDF
"uk,gov,service,publishing,assets)/government/uploads/system/uploads/attachment_data/file/1162778/sdn_cpin_security_situation.pdf",20230920205137,https://assets.publishing.service.gov.uk/government/uploads/system/uploads/attachment_data/file/1162778/SDN_CPIN_Security_situation.pdf,assets.publishing.service.gov.uk,application/pdf,2N2NJFVSRZQW2VCZNBO6JFTBXBDSCMTO,1285674,25265769,SDN CPIN Security situation,en,PDF
"uk,gov,service,publishing,assets)/government/uploads/system/uploads/attachment_data/file/1020555/eri_cpin_national_service_and_illegal_exit.pdf",20230903090149,https://assets.publishing.service.gov.uk/government/uploads/system/uploads/attachment_data/file/1020555/ERI_CPIN_National_service_and_illegal_exit.pdf,assets.publishing.service.gov.uk,application/pdf,A6573N67DPGEIO3VXMRNXMLOOOREM6MT,544486,30940439,ERI CPIN National service and illegal exit,en,PDF
"uk,gov,service,publishing,assets)/government/uploads/system/uploads/attachment_data/file/1160881/irq_cpin_humanitarian_situation.pdf",20241208004128,https://assets.publishing.service.gov.uk/government/uploads/system/uploads/attachment_data/file/1160881/IRQ_CPIN_Humanitarian_situation.pdf,assets.publishing.service.gov.uk,application/pdf,B7OFTTCNVKQW6QFIGC4OXAH6DNFWZWSG,759987,424537087,Iraq CPIN: Humanitarian situation,en,PDF
"uk,gov,service,publishing,assets)/government/uploads/system/uploads/attachment_data/file/1149146/phl_cpin_domestic_violence.pdf",20230911153915,https://assets.publishing.service.gov.uk/government/uploads/system/uploads/attachment_data/file/1149146/PHL_CPIN_Domestic_violence.pdf,assets.publishing.service.gov.uk,application/pdf,VQHRWAI6MIRC6CI5TVZ66MQAKATHFD73,483631,160199465,PHL CPIN Domestic violence,en,PDF
"uk,gov,service,publishing,assets)/media/614dad2cd3bf7f718a54c0ef/vietnam_-_mental_health_-_cpin_-_v1.0.pdf",20250606000046,https://assets.publishing.service.gov.uk/media/614dad2cd3bf7f718a54c0ef/Vietnam_-_Mental_health_-_CPIN_-_v1.0.pdf,assets.publishing.service.gov.uk,application/pdf,NKNH7BPVBMUKRKPN5Z5Z33XMCJWDBFQY,496961,111389171,Vietnam: Mental healthcare,en,PDF
"uk,gov,service,publishing,assets)/media/6172c769e90e071975128263/sdn_cpin_non-arab_darfuris.pdf",20240809222915,https://assets.publishing.service.gov.uk/media/6172c769e90e071975128263/SDN_CPIN_Non-Arab_Darfuris.pdf,assets.publishing.service.gov.uk,application/pdf,7B4YJO27XKA7SWRYS3OYJKHS2XOZEVXX,807887,69071928,SDN CPIN Non-Arab Darfuris,en,PDF
"uk,gov,service,publishing,assets)/media/5dcea7ace5274a073b4c9580/iran_-_medical_-_cpin_-_v1.0_-_nov_2019_-_ext.pdf",20240711210106,https://assets.publishing.service.gov.uk/media/5dcea7ace5274a073b4c9580/Iran_-_Medical_-_CPIN_-_v1.0_-_Nov_2019_-_EXT.pdf,assets.publishing.service.gov.uk,application/pdf,QOLNPE5KRPQDDIYKU3Q6VIA74AFXLNLJ,380488,242407000,Iran - Medical - CPIN - v1.0 (August 2019),en,PDF
"uk,gov,service,publishing,assets)/media/62d80f008fa8f50bfd7dc7e9/country_policy_and_information_note_bangladesh_medical_treatment_and_healthcare.pdf",20250618172220,https://assets.publishing.service.gov.uk/media/62d80f008fa8f50bfd7dc7e9/Country_Policy_and_Information_Note_Bangladesh_Medical_treatment_and_healthcare.pdf,assets.publishing.service.gov.uk,application/pdf,PK2CPIETPJS53ULXHGNXS56PFWVWMAKT,421845,248174705,BGD CIN Medical treatment and healthcare,en,PDF
"uk,gov,service,publishing,assets)/government/uploads/system/uploads/attachment_data/file/1175669/rus_cpin_military_service.pdf",20230920205124,https://assets.publishing.service.gov.uk/government/uploads/system/uploads/attachment_data/file/1175669/RUS_CPIN_Military_service.pdf,assets.publishing.service.gov.uk,application/pdf,IL7MW57DVF5WJHMSVDC6NNIUB74DJDGG,828732,9519348,RUS CPIN Military service,en,PDF
"uk,co,antislaverycommissioner)/media/1265/vulnerability-to-human-trafficking-vietnam.pdf",20230910193246,https://www.antislaverycommissioner.co.uk/media/1265/vulnerability-to-human-trafficking-vietnam.pdf,www.antislaverycommissioner.co.uk,application/pdf,ZMGXUZKDL74G7W5KETLBDVWEMU5FANPC,484074,238408864,vulnerability-to-human-trafficking-vietnam.pdf,en,PDF
"uk,gov,service,publishing,assets)/government/uploads/system/uploads/attachment_data/file/901971/inspection_of_country_of_origin_information__albania_iran_vietnam_dec_19.pdf",20230912212441,https://assets.publishing.service.gov.uk/government/uploads/system/uploads/attachment_data/file/901971/Inspection_of_Country_of_Origin_Information__Albania_Iran_Vietnam_Dec_19.pdf,assets.publishing.service.gov.uk,application/pdf,V5M3K3G2NPSFD5WUB36MNMO4XZ7TGJPP,934646,23846430,Inpection of Country of Origin Information - December 2019,en,PDF
"uk,gov,service,publishing,assets)/media/639b554e8fa8f5068980a3dd/alb_cpin_domestic_violence_against_women.pdf",20250606023542,https://assets.publishing.service.gov.uk/media/639b554e8fa8f5068980a3dd/ALB_CPIN_Domestic_violence_against_women.pdf,assets.publishing.service.gov.uk,application/pdf,GLXFINSBVFBXO2PUPLOEZCLHCYCV37AZ,526663,445639775,ALB CPIN Domestic violence against women,en,PDF
"uk,gov,service,publishing,assets)/government/uploads/system/uploads/attachment_data/file/943653/russia_-_sogie_-_cpin_-_v1.0_.pdf",20230920204847,https://assets.publishing.service.gov.uk/government/uploads/system/uploads/attachment_data/file/943653/Russia_-_SOGIE_-_CPIN_-_v1.0_.pdf,assets.publishing.service.gov.uk,application/pdf,56WSPB6ERBT5FUO5KVEZF5VIHTWWWRZF,869354,189264561,CPIN Template - January 2020,en,PDF
"uk,gov,service,publishing,assets)/media/676453abe6ff7c8a1fde9c39/eth+cpin+tigrayans+and+the+tigray+peoples+liberation+front.pdf",20250606123939,https://assets.publishing.service.gov.uk/media/676453abe6ff7c8a1fde9c39/ETH+CPIN+Tigrayans+and+the+Tigray+Peoples+Liberation+Front.pdf,assets.publishing.service.gov.uk,application/pdf,NJHHIFCV5NQU5S43UEXMCV7IEYODMN73,1172456,339017004,ETH CPIN Tigrayans and the Tigray Peoples Liberation Front,en,PDF
"uk,gov,service,publishing,assets)/government/uploads/system/uploads/attachment_data/file/1018765/zwe_cpin_opposition_to_the_government.pdf",20230903010544,https://assets.publishing.service.gov.uk/government/uploads/system/uploads/attachment_data/file/1018765/ZWE_CPIN_Opposition_to_the_government.pdf,assets.publishing.service.gov.uk,application/pdf,VFVN2373F4LDB7JAN657UY7KKZZEUWG7,799173,391981386,ZWE CPIN Opposition to the government,en,PDF
"uk,gov,service,publishing,assets)/government/uploads/system/uploads/attachment_data/file/1054188/uganda_cpin_sexual_orientation_and_gender.pdf",20230903045600,https://assets.publishing.service.gov.uk/government/uploads/system/uploads/attachment_data/file/1054188/Uganda_CPIN_sexual_orientation_and_gender.pdf,assets.publishing.service.gov.uk,application/pdf,IJFKELXHCFJZSBDDBQEQLDI7DD6CYL42,540801,227245414,UGA CPIN sexual orientation and gender,en,PDF
"uk,gov,service,publishing,assets)/media/637f4dc78fa8f56ead6bafe6/irq_cpin_security_situation.pdf",20250605001834,https://assets.publishing.service.gov.uk/media/637f4dc78fa8f56ead6bafe6/IRQ_CPIN_security_situation.pdf,assets.publishing.service.gov.uk,application/pdf,Q3ZPARQXLLHLWDEQRJWZIGNY7F533LJW,921686,259462243,IRQ CPIN security situation,en,PDF
"uk,gov,service,publishing,assets)/government/uploads/system/uploads/attachment_data/file/992973/iraq_-_cpin_-_v2.0_-_opposition_to_the_government_in_the_kurdistan_region_of_iraq__kri__-_june_2021_.pdf",20230704125708,https://assets.publishing.service.gov.uk/government/uploads/system/uploads/attachment_data/file/992973/Iraq_-_CPIN_-_V2.0_-_Opposition_to_the_government_in_the_Kurdistan_Region_of_Iraq__KRI__-_June_2021_.pdf,assets.publishing.service.gov.uk,application/pdf,PJREXPH6N34ZIEBQET2YXHAACNPYPHO2,982602,60586707,Iraq - CPIN - V2.0 - Opposition to the government in the Kurdistan Region of Iraq (KRI) - June 2021,en,PDF
"uk,gov,service,publishing,assets)/government/uploads/system/uploads/attachment_data/file/1088622/ukr_cpin_security_situation.pdf",20230705225418,https://assets.publishing.service.gov.uk/government/uploads/system/uploads/attachment_data/file/1088622/UKR_CPIN_Security_situation.pdf,assets.publishing.service.gov.uk,application/pdf,V7EXA4E2RODQPX6D2IIAO3KM5WF2BVZN,2365072,436010819,UKR CPIN Security situation,en,PDF
"uk,gov,service,publishing,assets)/media/5e96ed80d3bf7f4128b01ee1/kenya_-sogie-cpin-v3.0__gov.uk_.pdf",20250204191410,https://assets.publishing.service.gov.uk/media/5e96ed80d3bf7f4128b01ee1/Kenya_-SOGIE-CPIN-v3.0__GOV.UK_.pdf,assets.publishing.service.gov.uk,application/pdf,P4L6K7YITOMN2PIWEORPCHVNN4MYNA4R,639247,296664399,Kenya_-SOGIE-CPIN-v3.0__GOV.UK_.pdf,en,PDF
"uk,gov,service,publishing,assets)/government/uploads/system/uploads/attachment_data/file/752589/zimbabwe_-_women_and_gbv_-_cpin_-_v3.0e__october_2018_.pdf",20221006013955,https://assets.publishing.service.gov.uk/government/uploads/system/uploads/attachment_data/file/752589/Zimbabwe_-_Women_and_GBV_-_CPIN_-_v3.0e__October_2018_.pdf,assets.publishing.service.gov.uk,application/pdf,5YRHS5TTQW7RZHKLAINOCC3CRHHIOGDC,1166518,358901008,Zimbabwe - Women and GBV - CPIN - v3.0 (October 2018),en,PDF
"uk,gov,service,publishing,assets)/government/uploads/system/uploads/attachment_data/file/935953/brazil_-_background_note_and_internal_relocation_-_cpin_-_v1.0__nov_2020__gov_uk.pdf",20230705230500,https://assets.publishing.service.gov.uk/government/uploads/system/uploads/attachment_data/file/935953/Brazil_-_Background_note_and_Internal_relocation_-_CPIN_-_v1.0__Nov_2020__Gov_uk.pdf,assets.publishing.service.gov.uk,application/pdf,JD2WG4TATH77JXTBUDTK7TVGNPLERE3Z,728154,476441837,CPIN Template - January 2020,en,PDF
"uk,gov,service,publishing,assets)/government/uploads/system/uploads/attachment_data/file/1044585/yem_cpin_security_and_humanitarian_situation.pdf",20230903161009,https://assets.publishing.service.gov.uk/government/uploads/system/uploads/attachment_data/file/1044585/YEM_CPIN_Security_and_humanitarian_situation.pdf,assets.publishing.service.gov.uk,application/pdf,VGAEI4NFMFHEGQJ56LSLLAWVRIY5NYXM,1696889,264126259,YEM CPIN Security and humanitarian situation,en,PDF
"uk,gov,service,publishing,assets)/media/67065583e84ae1fd8592f043/cpin+sexual+orientation+and+gender+identity+and+expression.pdf",20250606044025,https://assets.publishing.service.gov.uk/media/67065583e84ae1fd8592f043/CPIN+Sexual+Orientation+and+Gender+Identity+and+Expression.pdf,assets.publishing.service.gov.uk,application/pdf,TDSJADE4COY4LDCJI6V2K6QSEOPJ3LN2,1097310,381090098,LKA CPIN Sexual Orientation and Gender Identity and Expression,en,PDF
"uk,gov,service,publishing,assets)/government/uploads/system/uploads/attachment_data/file/848548/drc_-_oppn_-_cpin_-_v3.0__november_2019_.pdf",20230603002105,https://assets.publishing.service.gov.uk/government/uploads/system/uploads/attachment_data/file/848548/DRC_-_Oppn_-_CPIN_-_v3.0__November_2019_.pdf,assets.publishing.service.gov.uk,application/pdf,FHA6UQXXDEGIDME4CLNGPJII6C3RZTIR,621187,93809873,DRC - Oppn to Govt - CPIN - v3.0 (November 2019),en,PDF
"uk,gov,service,publishing,assets)/media/66915768a3c2a28abb50cee0/zwe+cpin+sexual+orientation+and+gender+identity+and+expression.pdf",20250605013253,https://assets.publishing.service.gov.uk/media/66915768a3c2a28abb50cee0/ZWE+CPIN+Sexual+orientation+and+gender+identity+and+expression.pdf,assets.publishing.service.gov.uk,application/pdf,SRNZYC5VAHNMN4NGTR64S7BKYILHJG5N,459544,210965068,ZWE CPIN Sexual orientation and gender identity and expression.docx,en,PDF
"uk,gov,service,publishing,assets)/government/uploads/system/uploads/attachment_data/file/950057/iraq_-_actors_of_protection_-_v1.0_-_december_2020_-_ext.pdf",20230705234704,https://assets.publishing.service.gov.uk/government/uploads/system/uploads/attachment_data/file/950057/Iraq_-_Actors_of_Protection_-_v1.0_-_December_2020_-_ext.pdf,assets.publishing.service.gov.uk,application/pdf,OBJTFQBNN2U5XDCEQV6LLQ435X3I52ZW,556975,275147807,Iraq - Actors of Protection - v1.0 - November 2020,en,PDF
"org,wfd)/sites/default/files/2023-10/health_sector_report-_final.pdf",20250304060403,https://www.wfd.org/sites/default/files/2023-10/health_sector_report-_final.pdf,www.wfd.org,application/pdf,NTTRPBPJTFF5EHR3OS4QWKVODR2QGIAA,308955,379707529,health_sector_report-_final.pdf,en,PDF
"uk,gov,service,publishing,assets)/media/6405bb9f8fa8f527fc6d9d4b/gmb_cpin_sexual_orientation_and_gender_identity.pdf",20250605181815,https://assets.publishing.service.gov.uk/media/6405bb9f8fa8f527fc6d9d4b/GMB_CPIN_sexual_orientation_and_gender_identity.pdf,assets.publishing.service.gov.uk,application/pdf,3Y435B7DQZLR3GFLWG2E5ZSD66O5KFMS,339547,160319084,GMB CPIN sexual orientation and gender identity.docx,en,PDF
"uk,gov,service,publishing,assets)/media/679baca36bb4c44f0805e842/dza+cpin+actors+of+protection.pdf",20250409190730,https://assets.publishing.service.gov.uk/media/679baca36bb4c44f0805e842/DZA+CPIN+Actors+of+protection.pdf,assets.publishing.service.gov.uk,application/pdf,VLQT3KIZQKAY3R5QBUDDTNUFKT7MMNHS,356857,185979094,DZA CPIN Actors of protection,en,PDF
"uk,gov,service,publishing,assets)/government/uploads/system/uploads/attachment_data/file/1086451/assessing_credibility_and_refugee_status_pre_28_june_2022.pdf",20230903090531,https://assets.publishing.service.gov.uk/government/uploads/system/uploads/attachment_data/file/1086451/Assessing_credibility_and_refugee_status_pre_28_June_2022.pdf,assets.publishing.service.gov.uk,application/pdf,ZBMRBESNVA5REHVUULVEN6I4D5AYFZLT,500176,433126877,Assessing credibility and refugee status pre 28 June 2022,en,PDF
"uk,gov,service,publishing,assets)/government/uploads/system/uploads/attachment_data/file/1152012/egy_cpin_military_service.pdf",20230704192137,https://assets.publishing.service.gov.uk/government/uploads/system/uploads/attachment_data/file/1152012/EGY_CPIN_Military_service.pdf,assets.publishing.service.gov.uk,application/pdf,JB3DGFKS7IW3GRSVEJ7J55G5ZQ665FQ7,905359,14748395,EGY CPIN Military service,en,PDF
"uk,gov,service,publishing,assets)/government/uploads/system/uploads/attachment_data/file/1169622/assessing_credibility_and_refugee_status_post_28_june_2022_july.pdf",20230903094515,https://assets.publishing.service.gov.uk/government/uploads/system/uploads/attachment_data/file/1169622/Assessing_credibility_and_refugee_status_post_28_June_2022_july.pdf,assets.publishing.service.gov.uk,application/pdf,JO5WXDRGWNSGZK3ZOHNWBO6BE3B72ZWB,514109,341809057,Assessing credibility and refugee status post 28 June 2022,en,PDF
"uk,gov,service,publishing,assets)/media/649d32fb06179b000c3f74d8/inspection_report_on_home_office_country_of_origin_information__iraq_and_myanmar__burma__january_2023.pdf",20250605165349,https://assets.publishing.service.gov.uk/media/649d32fb06179b000c3f74d8/Inspection_report_on_Home_Office_country_of_origin_information__Iraq_and_Myanmar__Burma__January_2023.pdf,assets.publishing.service.gov.uk,application/pdf,EZZGH7Y5MBM5LAPLIY2ZUSOBXXVCETBN,624664,376777285,Inspection_report_on_Home_Office_country_of_origin_information__Iraq_and_Myanmar__Burma__January_2023.pdf,en,PDF
"uk,gov,service,publishing,assets)/media/64806478b32b9e0012a96369/alb_cin_medical_and_healthcare.pdf",20250606023853,https://assets.publishing.service.gov.uk/media/64806478b32b9e0012a96369/ALB_CIN_Medical_and_healthcare.pdf,assets.publishing.service.gov.uk,application/pdf,MGI4GDQ6LMNLAYW2UMWZYCUV54QYVYUX,453386,322776665,Albania: Medical and healthcare provision,en,PDF
"uk,gov,service,publishing,assets)/media/628f6e46d3bf7f0371a9affe/sdn_cpin_sogie.pdf",20240703075632,https://assets.publishing.service.gov.uk/media/628f6e46d3bf7f0371a9affe/SDN_CPIN_SOGIE.pdf,assets.publishing.service.gov.uk,application/pdf,BWRDN5O7GVI7JEWDAFTTDGHGCPXWV4KJ,381071,16192720,SDN CPIN SOGIE,en,PDF
"uk,gov,service,publishing,assets)/government/uploads/system/uploads/attachment_data/file/918003/libya_-_security__humanitarian_situation_-_cpin_-_v4.0_-_september_2020.pdf",20250415165448,https://assets.publishing.service.gov.uk/government/uploads/system/uploads/attachment_data/file/918003/Libya_-_Security__humanitarian_situation_-_CPIN_-_v4.0_-_September_2020.pdf,assets.publishing.service.gov.uk,application/pdf,HRSNJPGPLLGLTCNGYS76AGPYNCVLHYV4,994988,84538626,Libya Security and Humanitarian situation,en,PDF
"uk,gov,service,publishing,assets)/media/67aca5f74fd41c3a24cd2197/col+cpin+internal+relocation.pdf",20250605204035,https://assets.publishing.service.gov.uk/media/67aca5f74fd41c3a24cd2197/COL+CPIN+Internal+relocation.pdf,assets.publishing.service.gov.uk,application/pdf,OFG7DLPQ5JKVXDKMWUUN2MTM32ZVBOO4,862732,165398622,COL CPIN Internal relocation,en,PDF
"uk,supremecourt)/uploads/uksc_2023_0056_judgment_00903f0c66.pdf",20250211174317,https://supremecourt.uk/uploads/uksc_2023_0056_judgment_00903f0c66.pdf,supremecourt.uk,application/pdf,6FKFN4QLT7ERAPORQQPTSKCQXJON247L,345890,248268131,CAO (Respondent) v Secretary of State for the Home Department (Appellant) (Northern Ireland),en,PDF
"uk,gov,service,publishing,assets)/government/uploads/system/uploads/attachment_data/file/1061342/eth_cpin_oromos__olf_and_ola.pdf",20230906183753,https://assets.publishing.service.gov.uk/government/uploads/system/uploads/attachment_data/file/1061342/ETH_CPIN_Oromos__OLF_and_OLA.pdf,assets.publishing.service.gov.uk,application/pdf,Z6J4H3E6FFOWNXFIEBFOJNHP565P27YL,666053,350252830,"ETH CPIN Oromos, OLF and OLA.docx",en,PDF
"uk,gov,service,publishing,assets)/government/uploads/system/uploads/attachment_data/file/1105202/alb_cpin_trafficking.pdf",20221117211650,https://assets.publishing.service.gov.uk/government/uploads/system/uploads/attachment_data/file/1105202/ALB_CPIN_Trafficking.pdf,assets.publishing.service.gov.uk,application/pdf,IDWNIOPBE2637OPRWKXVOOMGXGLU2R6X,618491,325973355,ALB CPIN Trafficking,en,PDF
"uk,gov,service,publishing,assets)/media/6386150ad3bf7f7eb0dbb229/phl_cpin_trafficking.pdf",20250507191318,https://assets.publishing.service.gov.uk/media/6386150ad3bf7f7eb0dbb229/PHL_CPIN_Trafficking.pdf,assets.publishing.service.gov.uk,application/pdf,KDEC3A4AYINFR7Z3H2GTMVMVOSNSGYOB,523666,355653825,PHL CPIN Trafficking,en,PDF
"uk,gov,service,publishing,assets)/government/uploads/system/uploads/attachment_data/file/1162113/mmr_cpin_critics_of_the_military_regime.pdf",20230704171422,https://assets.publishing.service.gov.uk/government/uploads/system/uploads/attachment_data/file/1162113/MMR_CPIN_Critics_of_the_military_regime.pdf,assets.publishing.service.gov.uk,application/pdf,ZGTVUK6AZ2TUY6JQ5F5MKKIKDSNN4DJO,638026,314463007,MMR CPIN Critics of the military regime,en,PDF
"uk,gov,service,publishing,assets)/government/uploads/system/uploads/attachment_data/file/718557/lebanon_-_palestinians_in_lebanon_-_cpin_-_v1.0__june_2018__external.pdf",20230706044725,https://assets.publishing.service.gov.uk/government/uploads/system/uploads/attachment_data/file/718557/Lebanon_-_Palestinians_in_Lebanon_-_CPIN_-_v1.0__June_2018__External.pdf,assets.publishing.service.gov.uk,application/pdf,24K4DSPNVGJ5MAMA74XYCKXJ4C5XC6AX,606128,43660093,Lebanon - Palestinians in Lebanon - CPIN - v1.0 (June 2018),en,PDF
"uk,gov,service,publishing,assets)/media/6270de30e90e0746ccd54e45/nga_cpin_trafficking_of_women.pdf",20250612201744,https://assets.publishing.service.gov.uk/media/6270de30e90e0746ccd54e45/NGA_CPIN_Trafficking_of_women.pdf,assets.publishing.service.gov.uk,application/pdf,BPXHTF7VY7UO4XGDYOIDPXDARE67MYSC,632081,195238550,NGA CPIN Trafficking of women,en,PDF
"uk,supremecourt)/cases/docs/uksc-2023-0056-judgment.pdf",20241127121030,https://www.supremecourt.uk/cases/docs/uksc-2023-0056-judgment.pdf,www.supremecourt.uk,application/pdf,ZGOOJ2QP3REZSS2RLCM2FFAFLNFBYGA7,344282,375665140,CAO (Respondent) v Secretary of State for the Home Department (Appellant) (Northern Ireland),en,PDF
"uk,gov,service,publishing,assets)/media/647dcda8b32b9e0012a961c0/irq_cpin_humanitarian_situation.pdf",20250509045705,https://assets.publishing.service.gov.uk/media/647dcda8b32b9e0012a961c0/IRQ_CPIN_Humanitarian_situation.pdf,assets.publishing.service.gov.uk,application/pdf,B7OFTTCNVKQW6QFIGC4OXAH6DNFWZWSG,759973,401077599,Iraq CPIN: Humanitarian situation,en,PDF
"uk,gov,service,publishing,assets)/government/uploads/system/uploads/attachment_data/file/1167667/mmr_cpin_critics_of_the_military_regime.pdf",20230803034143,https://assets.publishing.service.gov.uk/government/uploads/system/uploads/attachment_data/file/1167667/MMR_CPIN_Critics_of_the_military_regime.pdf,assets.publishing.service.gov.uk,application/pdf,4VYS5AD4OPNZWERIBPQJIHJ76SEMH5XX,673620,76143451,MMR CPIN Critics of the military regime,en,PDF
"uk,gov,service,publishing,assets)/government/uploads/system/uploads/attachment_data/file/790310/burma_-_rohingya_-_cpin_-_v2.0__march_2019_.pdf",20230704125701,https://assets.publishing.service.gov.uk/government/uploads/system/uploads/attachment_data/file/790310/Burma_-_Rohingya_-_CPIN_-_v2.0__March_2019_.pdf,assets.publishing.service.gov.uk,application/pdf,A5PCLEQFOAL7DQP47EDG6QT4RPXWROUF,1113529,56698722,Burma - Rohingya- CPIN - v2.0 (March 2019),en,PDF
"uk,gov,service,publishing,assets)/government/uploads/system/uploads/attachment_data/file/1076477/gha_cpin_sexual_orientation_and_gender_identity_or_expression.pdf",20230903053303,https://assets.publishing.service.gov.uk/government/uploads/system/uploads/attachment_data/file/1076477/GHA_CPIN_Sexual_orientation_and_gender_identity_or_expression.pdf,assets.publishing.service.gov.uk,application/pdf,PPBTYLKUOYKZWP7JCEHXVR7ZVTL7YW7D,634693,493047389,GHA CPIN Sexual orientation and gender identity or expression,en,PDF
"uk,gov,service,publishing,assets)/media/67694332e6ff7c8a1fde9d1e/botswana+cpin-+gender+based+violence.pdf",20250109210847,https://assets.publishing.service.gov.uk/media/67694332e6ff7c8a1fde9d1e/Botswana+CPIN-+Gender+based+violence.pdf,assets.publishing.service.gov.uk,application/pdf,KRH2JMH5LV4QJISD2SKDQBLIQ7XJB7BU,526921,453569759,Botswana CPIN- Gender based violence,en,PDF
"uk,gov,service,publishing,assets)/media/66bb306d49b9c0597fdb0e99/afg+cpin+fear+of+the+taliban.pdf",20250604145237,https://assets.publishing.service.gov.uk/media/66bb306d49b9c0597fdb0e99/AFG+CPIN+Fear+of+the+Taliban.pdf,assets.publishing.service.gov.uk,application/pdf,GLOMDP6MPRZWL37DSXTMSON7ES5U2OLG,1109768,219324327,AFG CPIN Fear of the Taliban,en,PDF
"uk,gov,service,publishing,assets)/government/uploads/system/uploads/attachment_data/file/1052283/tur_cpin_g%c3%bclenist_movement.pdf",20230903030639,https://assets.publishing.service.gov.uk/government/uploads/system/uploads/attachment_data/file/1052283/TUR_CPIN_G%C3%BClenist_movement.pdf,assets.publishing.service.gov.uk,application/pdf,OVD7JDH3R2CPNISNPXDH6EAW6WRUT4KN,716100,402178411,TUR CPIN Gülenist movement,en,PDF
"uk,gov,service,publishing,assets)/media/67065583e84ae1fd8592f043/cpin+sexual+orientation+and+gender+identity+and+expression.pdf",20241018121558,https://assets.publishing.service.gov.uk/media/67065583e84ae1fd8592f043/CPIN+Sexual+Orientation+and+Gender+Identity+and+Expression.pdf,assets.publishing.service.gov.uk,application/pdf,cf3bcb034e800531f2d2e786f38a112261c1bd00ed769551a29666708d085e7c,1097285,222416371,LKA CPIN Sexual Orientation and Gender Identity and Expression,en,PDF
"uk,gov,service,publishing,assets)/government/uploads/system/uploads/attachment_data/file/1086137/assessing_credibility_and_refugee_status_post_28_june_2022.pdf",20230705180837,https://assets.publishing.service.gov.uk/government/uploads/system/uploads/attachment_data/file/1086137/Assessing_credibility_and_refugee_status_post_28_June_2022.pdf,assets.publishing.service.gov.uk,application/pdf,P5ATOL2D5PODUVBPQCCVNSDKXU6SG54R,569880,142995724,Assessing credibility and refugee status post 28 June 2022,en,PDF
"uk,org,ofcom)/siteassets/resources/documents/about-ofcom/bulletins/broadcast-bulletins/2022/issue-446/nadim-malik-live-samaa-tv-5-may-2020-1600-6-may-2020-1600.pdf?v=327570",20250204091913,https://www.ofcom.org.uk/siteassets/resources/documents/about-ofcom/bulletins/broadcast-bulletins/2022/issue-446/nadim-malik-live-samaa-tv-5-may-2020-1600-6-may-2020-1600.pdf?v=327570,www.ofcom.org.uk,application/pdf,QPCMRHWKA6Z5HYGHT4X2FFSAY24DEIJQ,506374,115611472,"Nadim Malik Live, Samaa TV, 5 May 2020, 1600; 6 May 2020, 1600",en,PDF
"uk,gov,service,publishing,assets)/media/6006b796d3bf7f33ba58df2a/iraq_-_medical_and_healthcare_provision_-_v2.0_-_january_2021_-_ext.pdf",20240819220702,https://assets.publishing.service.gov.uk/media/6006b796d3bf7f33ba58df2a/Iraq_-_Medical_and_healthcare_provision_-_v2.0_-_January_2021_-_ext.pdf,assets.publishing.service.gov.uk,application/pdf,SVDMODDQAQGQFSFCEEPI735ZR2IYUCZX,796069,376018989,Iraq - Medical and Healthcare Provision - v2.0 - January 2021,en,PDF
"uk,gov,service,publishing,assets)/media/5feb15afe90e0711ffe07d16/cameroon_-_internal_relocation_-_cpin_-_v1.0__final__gov.uk.pdf",20240804071339,https://assets.publishing.service.gov.uk/media/5feb15afe90e0711ffe07d16/Cameroon_-_Internal_relocation_-_CPIN_-_V1.0__Final__Gov.uk.pdf,assets.publishing.service.gov.uk,application/pdf,RC6L7CAQBGFIANYSIF7U2TSMEVDOTE27,382767,119920916,cameroon internal relocation,en,PDF
"uk,gov,service,publishing,assets)/media/66bca8933cc0741b9231462f/withdrawn-cameroon_-_internal_relocation_-_cpin_-_v1.0__final__gov.uk.pdf",20250616110522,https://assets.publishing.service.gov.uk/media/66bca8933cc0741b9231462f/Withdrawn-Cameroon_-_Internal_relocation_-_CPIN_-_V1.0__Final__Gov.uk.pdf,assets.publishing.service.gov.uk,application/pdf,SOWB74AN7YVQ6OOTYRCUSQ5I3NJKFQQA,1729947,284002367,cameroon internal relocation,en,PDF
"uk,gov,service,publishing,assets)/media/5eda5e6be90e071b7a39a661/kenya_-_actors_of_protection_-_cpin-_v1.0_.pdf",20240703235112,https://assets.publishing.service.gov.uk/media/5eda5e6be90e071b7a39a661/Kenya_-_Actors_of_Protection_-_CPIN-_v1.0_.pdf,assets.publishing.service.gov.uk,application/pdf,AID5YM4E5V4T6LBE5FY3S43UYVSNWE75,460847,3466292,CPIN Template 2018 - v3,en,PDF
"uk,gov,service,publishing,assets)/media/67b3657dd15c152ea555be7e/alb+cpin+actors+of+protection.pdf",20250606023851,https://assets.publishing.service.gov.uk/media/67b3657dd15c152ea555be7e/ALB+CPIN+Actors+of+Protection.pdf,assets.publishing.service.gov.uk,application/pdf,LOP6F3NXJRBJZH66LIKDPJ254MBUQQNM,400471,321699808,ALB CPIN Actors of protection,en,PDF
"uk,gov,service,publishing,assets)/media/5f60d431e90e072bbd30c9ff/libya_-_security__humanitarian_situation_-_cpin_-_v4.0_-_september_2020.pdf",20250407052751,https://assets.publishing.service.gov.uk/media/5f60d431e90e072bbd30c9ff/Libya_-_Security__humanitarian_situation_-_CPIN_-_v4.0_-_September_2020.pdf,assets.publishing.service.gov.uk,application/pdf,HRSNJPGPLLGLTCNGYS76AGPYNCVLHYV4,994983,423349571,Libya Security and Humanitarian situation,en,PDF
"uk,gov,service,publishing,assets)/government/uploads/system/uploads/attachment_data/file/1120808/phl_cpin_trafficking.pdf",20250606021239,https://assets.publishing.service.gov.uk/government/uploads/system/uploads/attachment_data/file/1120808/PHL_CPIN_Trafficking.pdf,assets.publishing.service.gov.uk,application/pdf,KDEC3A4AYINFR7Z3H2GTMVMVOSNSGYOB,523681,154133723,PHL CPIN Trafficking,en,PDF
"uk,gov,service,publishing,assets)/media/67920c3c125d1d379445b471/botswana+cpin-+gender+based+violence.pdf",20250605100454,https://assets.publishing.service.gov.uk/media/67920c3c125d1d379445b471/Botswana+CPIN-+Gender+based+violence.pdf,assets.publishing.service.gov.uk,application/pdf,LIRKL6UHYQDV37YV3R7NFC7IQFIA6KUP,526593,266427762,Botswana CPIN- Gender based violence,en,PDF
"uk,gov,service,publishing,assets)/media/62f67cfed3bf7f4c6138406c/rus_cpin_critics_and_opponents_of_the_government.pdf",20250606062032,https://assets.publishing.service.gov.uk/media/62f67cfed3bf7f4c6138406c/RUS_CPIN_Critics_and_opponents_of_the_government.pdf,assets.publishing.service.gov.uk,application/pdf,WQ5OT32MKZCO255VICSNQO7YUXPXFWYL,670953,107474889,RUS CPIN Critics and opponents of the government,en,PDF
"uk,gov,service,publishing,assets)/government/uploads/system/uploads/attachment_data/file/759280/sudan_-_ffm_report_2018_-_nad-returns.pdf",20230920204619,https://assets.publishing.service.gov.uk/government/uploads/system/uploads/attachment_data/file/759280/Sudan_-_FFM_report_2018_-_NAD-returns.pdf,assets.publishing.service.gov.uk,application/pdf,N3W2FBZSE46H4HLSNTII2WTGMDPPAPG5,1915415,334542175,Sudan_-_FFM_report_2018_-_NAD-returns.pdf,en,PDF
"uk,gov,service,publishing,assets)/media/6734889954652d03d516103e/pak+cpin+medical+and+healthcare+provisions.pdf",20250612201610,https://assets.publishing.service.gov.uk/media/6734889954652d03d516103e/PAK+CPIN+Medical+and+healthcare+provisions.pdf,assets.publishing.service.gov.uk,application/pdf,63FF6RUDNN4I7YKWZZYYW6OASGGISSTF,456855,81662233,Country Information Note Pakistan: Healthcare and medical treatment,en,PDF
"uk,org,ofcom)/siteassets/resources/documents/about-ofcom/bulletins/broadcast-bulletins/2022/issue-446/nadim-malik-live-samaa-tv-5-may-2020-1600-6-may-2020-1600.pdf",20240627184133,https://www.ofcom.org.uk/siteassets/resources/documents/about-ofcom/bulletins/broadcast-bulletins/2022/issue-446/nadim-malik-live-samaa-tv-5-may-2020-1600-6-may-2020-1600.pdf,www.ofcom.org.uk,application/pdf,QPCMRHWKA6Z5HYGHT4X2FFSAY24DEIJQ,506378,37308184,"Nadim Malik Live, Samaa TV, 5 May 2020, 1600; 6 May 2020, 1600",en,PDF
"uk,gov,service,publishing,assets)/media/668d57887541f54efe51bcab/pak+cpin+medical+and+healthcare+provisions.pdf",20241016204715,https://assets.publishing.service.gov.uk/media/668d57887541f54efe51bcab/PAK+CPIN+Medical+and+healthcare+provisions.pdf,assets.publishing.service.gov.uk,application/pdf,CYWQBFO2AEFQOIJKHHH7DEJHOGWKM7DW,471121,392199836,PAK+CPIN+Medical+and+healthcare+provisions.pdf,en,PDF
"uk,gov,service,publishing,assets)/media/67234fe4bce643d1194f9980/nam+cpin+sexual+orientation+gender+identity+and+expression.pdf",20250605072620,https://assets.publishing.service.gov.uk/media/67234fe4bce643d1194f9980/NAM+CPIN+Sexual+orientation+gender+identity+and+expression.pdf,assets.publishing.service.gov.uk,application/pdf,ZGU74CKPZDJAVUR4LLNOXILSGGQ4IU7C,522073,228969065,NAM CPIN Sexual orientation gender identity and expression,en,PDF
"uk,gov,service,publishing,assets)/media/681a20a7a8cdfb0ccdb8e0d0/chn_cpin_hong_kong_national_security_law.pdf",20250612202210,https://assets.publishing.service.gov.uk/media/681a20a7a8cdfb0ccdb8e0d0/CHN_CPIN_Hong_Kong_National_Security_Law.pdf,assets.publishing.service.gov.uk,application/pdf,DM76Q5GB46NUYHSWQQ7QOLCTXD3ZKFCS,645934,232396566,CHN CPIN Hong Kong National Security Law,en,PDF
"uk,org,ofcom)/__data/assets/pdf_file/0026/170882/issue-388-broadcast-and-on-demand-bulletin.pdf",20230703120448,https://www.ofcom.org.uk/__data/assets/pdf_file/0026/170882/issue-388-broadcast-and-on-demand-bulletin.pdf,www.ofcom.org.uk,application/pdf,OTTWD25G23HXQY4AEDSEEMACB5LEYA2N,1114903,317810974,Issue 388 of Ofcom's Broadcast and On Demand Bulletin,en,PDF
"uk,gov,service,publishing,assets)/media/67b467694e79a175a4c2fddf/ken+cpin+sexual+orientation+and+gender+identity+and+expression.pdf",20250226143252,https://assets.publishing.service.gov.uk/media/67b467694e79a175a4c2fddf/KEN+CPIN+Sexual+orientation+and+gender+identity+and+expression.pdf,assets.publishing.service.gov.uk,application/pdf,BQDQ6JS46MBGZQDAXUIHOUL7QSATGVSF,517530,363813178,KEN CPIN Sexual orientation and gender identity and expression,en,PDF
"uk,gov,service,publishing,assets)/government/uploads/system/uploads/attachment_data/file/977224/sudan_-_opposition_to_state_-_cpin__-_v3.0.pdf",20240709144552,https://assets.publishing.service.gov.uk/government/uploads/system/uploads/attachment_data/file/977224/Sudan_-_opposition_to_state_-_CPIN__-_v3.0.pdf,assets.publishing.service.gov.uk,application/pdf,FJGGUMLZWHJ7D2VLCXHFJXHUE2AOSUZS,744846,69935549,CPIN Sudan: Opposition to the government,en,PDF
"uk,gov,service,publishing,assets)/media/67f6328432b0da5c2a09e1e8/ken+cpin+female+genital+mutilation.pdf",20250606124950,https://assets.publishing.service.gov.uk/media/67f6328432b0da5c2a09e1e8/KEN+CPIN+Female+genital+mutilation.pdf,assets.publishing.service.gov.uk,application/pdf,CU6BFW4INW676AINTBNSLXZJ2JKMCJ3D,552287,345505803,KEN CPIN Female genital mutilation.docx,en,PDF
"uk,gov,service,publishing,assets)/media/6582ecb923b70a000d234d05/egy+cpin+opposition+to+state.pdf",20250606033055,https://assets.publishing.service.gov.uk/media/6582ecb923b70a000d234d05/EGY+CPIN+Opposition+to+state.pdf,assets.publishing.service.gov.uk,application/pdf,PP5INBCLVCHDNHBFIREWCZ64VO5AGHWL,494996,128600980,EGY CPIN Opposition to state,en,PDF
"uk,gov,service,publishing,assets)/media/606f27d48fa8f5735e5a5b6e/sudan_-_opposition_to_state_-_cpin__-_v3.0.pdf",20240703075633,https://assets.publishing.service.gov.uk/media/606f27d48fa8f5735e5a5b6e/Sudan_-_opposition_to_state_-_CPIN__-_v3.0.pdf,assets.publishing.service.gov.uk,application/pdf,FJGGUMLZWHJ7D2VLCXHFJXHUE2AOSUZS,744838,19344076,CPIN Sudan: Opposition to the government,en,PDF
"uk,gov,service,publishing,assets)/government/uploads/system/uploads/attachment_data/file/963208/inspection_report_on_country_of_origin_information_el_salvador_and_sudan_december_2020.pdf",20230911200725,https://assets.publishing.service.gov.uk/government/uploads/system/uploads/attachment_data/file/963208/Inspection_Report_on_Country_of_Origin_Information_El_Salvador_and_Sudan_December_2020.pdf,assets.publishing.service.gov.uk,application/pdf,NIZESPMJN7F37WDDXBZB3MFTL5M5N6GM,1080178,387553376,Inspection of Country of Origin Information,en,PDF
"uk,gov,service,publishing,assets)/media/65e06d45f1cab36b60fc47ad/an_inspection_of_asylum_casework_june_to_october_2023.pdf",20250605072716,https://assets.publishing.service.gov.uk/media/65e06d45f1cab36b60fc47ad/An_inspection_of_asylum_casework_June_to_October_2023.pdf,assets.publishing.service.gov.uk,application/pdf,OUR5YTFSXWKVN4QTFKEO7IHLTOWMO5LI,1642162,365176170,An inspection of asylum casework,en,PDF
"uk,gov,service,publishing,assets)/media/684c389872e2ed81c0797065/egy+cpin+military+service.pdf",20250616162520,https://assets.publishing.service.gov.uk/media/684c389872e2ed81c0797065/EGY+CPIN+Military+service.pdf,assets.publishing.service.gov.uk,application/pdf,YZ5N6WU2GR2ENJFE5Z6XKAVXSYMTKR3S,434610,293333177,EGY CPIN Military service.docx,en,PDF
"uk,gov,service,publishing,assets)/media/64396dec22ef3b000f66f233/lka_cpin_tamil_separatism.pdf",20250606044029,https://assets.publishing.service.gov.uk/media/64396dec22ef3b000f66f233/LKA_CPIN_Tamil_Separatism.pdf,assets.publishing.service.gov.uk,application/pdf,VJC7CXEVP5UUO4HMUIUZRTM2RATGEJSJ,435731,384498744,LKA CPIN Tamil Separatism,en,PDF
"uk,gov,service,publishing,assets)/media/614dec63d3bf7f7192d4bf0f/eri_cpin_national_service_and_illegal_exit.pdf",20250605155026,https://assets.publishing.service.gov.uk/media/614dec63d3bf7f7192d4bf0f/ERI_CPIN_National_service_and_illegal_exit.pdf,assets.publishing.service.gov.uk,application/pdf,A6573N67DPGEIO3VXMRNXMLOOOREM6MT,544524,140424150,ERI CPIN National service and illegal exit,en,PDF
"uk,gov,service,publishing,assets)/government/uploads/system/uploads/attachment_data/file/1149146/phl_cpin_domestic_violence.pdf",20250606015533,https://assets.publishing.service.gov.uk/government/uploads/system/uploads/attachment_data/file/1149146/PHL_CPIN_Domestic_violence.pdf,assets.publishing.service.gov.uk,application/pdf,VQHRWAI6MIRC6CI5TVZ66MQAKATHFD73,483687,434610808,PHL CPIN Domestic violence,en,PDF
"uk,gov,service,publishing,assets)/media/66e42d72e47cfc6de429d6a3/irq+cpin+religious+minorities.pdf",20250605001719,https://assets.publishing.service.gov.uk/media/66e42d72e47cfc6de429d6a3/IRQ+CPIN+Religious+minorities.pdf,assets.publishing.service.gov.uk,application/pdf,KHKGDBBGZFJM4TBTNVJCTKMLXTX45MH7,774441,49215321,IRQ CPIN Religious minorities.docx,en,PDF
"uk,gov,service,publishing,assets)/media/6706544ee84ae1fd8592f042/dza+cpin+sexual+orientation+and+gender+identity.pdf",20250409190730,https://assets.publishing.service.gov.uk/media/6706544ee84ae1fd8592f042/DZA+CPIN+Sexual+orientation+and+gender+identity.pdf,assets.publishing.service.gov.uk,application/pdf,IGYG2VNNDLLROUFNJPE7XMOQDAGFCGC3,403736,186548577,DZA CPIN Sexual orientation and gender identity.docx,en,PDF
"uk,gov,service,publishing,assets)/government/uploads/system/uploads/attachment_data/file/1018765/zwe_cpin_opposition_to_the_government.pdf",20250604185044,https://assets.publishing.service.gov.uk/government/uploads/system/uploads/attachment_data/file/1018765/ZWE_CPIN_Opposition_to_the_government.pdf,assets.publishing.service.gov.uk,application/pdf,VFVN2373F4LDB7JAN657UY7KKZZEUWG7,799227,135175023,ZWE CPIN Opposition to the government,en,PDF
"uk,gov,service,publishing,assets)/media/6489a71a5f7bb700127faa17/sdn_cpin_security_situation.pdf",20250109042931,https://assets.publishing.service.gov.uk/media/6489a71a5f7bb700127faa17/SDN_CPIN_Security_situation.pdf,assets.publishing.service.gov.uk,application/pdf,2N2NJFVSRZQW2VCZNBO6JFTBXBDSCMTO,1285693,219882726,SDN CPIN Security situation,en,PDF
"uk,gov,service,publishing,assets)/media/5f1567e03a6f405c0314f603/inspection_of_country_of_origin_information__albania_iran_vietnam_dec_19.pdf",20250528061502,https://assets.publishing.service.gov.uk/media/5f1567e03a6f405c0314f603/Inspection_of_Country_of_Origin_Information__Albania_Iran_Vietnam_Dec_19.pdf,assets.publishing.service.gov.uk,application/pdf,V5M3K3G2NPSFD5WUB36MNMO4XZ7TGJPP,934677,162714502,Inpection of Country of Origin Information - December 2019,en,PDF
"uk,gov,service,publishing,assets)/media/66a101e349b9c0597fdb040a/uzb_cpin_sexual_orientation_and_gender_identity_or_expression.pdf",20250606114252,https://assets.publishing.service.gov.uk/media/66a101e349b9c0597fdb040a/UZB_CPIN_Sexual_orientation_and_gender_identity_or_expression.pdf,assets.publishing.service.gov.uk,application/pdf,EXDBJY2NECQGGOU5XVM5TZYHUBWUKYME,471751,197190264,UZB CPIN Sexual orientation and gender identity or expression,en,PDF
"uk,gov,service,publishing,assets)/media/682c6cc6a4a41a5b3eb00c83/ken+cpin+sexual+orientation+and+gender+identity+and+expression.pdf",20250606124939,https://assets.publishing.service.gov.uk/media/682c6cc6a4a41a5b3eb00c83/KEN+CPIN+Sexual+orientation+and+gender+identity+and+expression.pdf,assets.publishing.service.gov.uk,application/pdf,XEAB5YZRKKQREZR7WX2455EWZUD3HMSZ,538328,337701039,KEN CPIN Sexual orientation and gender identity and expression,en,PDF
"uk,gov,service,publishing,assets)/media/5f1b00c13a6f407271c70c4a/sri_lanka_-_medical_cpin_-_v.1.0_july_2020.pdf",20241118223532,https://assets.publishing.service.gov.uk/media/5f1b00c13a6f407271c70c4a/Sri_Lanka_-_Medical_CPIN_-_v.1.0_July_2020.pdf,assets.publishing.service.gov.uk,application/pdf,VIVESEUJFXCLT3IT7QWLRHMQ4Q6BTGCE,1546057,48352710,CPIN Template - January 2020,en,PDF
"uk,gov,service,publishing,assets)/media/681cc386155568d3da1d2aa8/dza+cpin+sexual+orientation+and+gender+identity.pdf",20250604123220,https://assets.publishing.service.gov.uk/media/681cc386155568d3da1d2aa8/DZA+CPIN+Sexual+orientation+and+gender+identity.pdf,assets.publishing.service.gov.uk,application/pdf,U43FVR3X77MOYDL6OSDLG6YE25NAQWOX,445010,394832088,DZA CPIN Sexual orientation and gender identity.docx,en,PDF
"uk,gov,service,publishing,assets)/media/67ff9817393a986ec5cf8e17/lby+cpin+security+situation.pdf",20250605182335,https://assets.publishing.service.gov.uk/media/67ff9817393a986ec5cf8e17/LBY+CPIN+Security+situation.pdf,assets.publishing.service.gov.uk,application/pdf,QNG5X2ALYKOTGBNFXF64EE64T3WPUXCK,1285197,351493951,LBY CPIN Security situation,en,PDF
"org,flemingfund)/app/uploads/cd78d0131c1f8f4cb7c573f3cba80e6c.pdf",20250506043924,https://www.flemingfund.org/app/uploads/cd78d0131c1f8f4cb7c573f3cba80e6c.pdf,www.flemingfund.org,application/pdf,XBBVT5ZIPA62BVQP6AS5FRRFXWPQ57NH,13519367,104114928,Microsoft Word - CGII - Q9 - Activity 1.4.5 - Report - AFA in Pakistan.docx,en,PDF
"uk,gov,service,publishing,assets)/government/uploads/system/uploads/attachment_data/file/901971/inspection_of_country_of_origin_information__albania_iran_vietnam_dec_19.pdf",20241223175606,https://assets.publishing.service.gov.uk/government/uploads/system/uploads/attachment_data/file/901971/Inspection_of_Country_of_Origin_Information__Albania_Iran_Vietnam_Dec_19.pdf,assets.publishing.service.gov.uk,application/pdf,V5M3K3G2NPSFD5WUB36MNMO4XZ7TGJPP,934686,344305023,Inpection of Country of Origin Information - December 2019,en,PDF
"uk,gov,service,publishing,assets)/media/65df3f26b8da630f42c86254/eth_cpin_actors_of_protection.pdf",20250606123949,https://assets.publishing.service.gov.uk/media/65df3f26b8da630f42c86254/ETH_CPIN_Actors_of_protection.pdf,assets.publishing.service.gov.uk,application/pdf,57ZYWXMEXIQ62CPEL7IAYGC4YKD2DMIN,989209,356651802,ETH CPIN Actors of protection,en,PDF
"uk,gov,service,publishing,assets)/government/uploads/system/uploads/attachment_data/file/1150443/lka_cpin_tamil_separatism.pdf",20241223171715,https://assets.publishing.service.gov.uk/government/uploads/system/uploads/attachment_data/file/1150443/LKA_CPIN_Tamil_Separatism.pdf,assets.publishing.service.gov.uk,application/pdf,VJC7CXEVP5UUO4HMUIUZRTM2RATGEJSJ,435745,25837238,LKA CPIN Tamil Separatism,en,PDF
"uk,gov,service,publishing,assets)/media/656f5b1e1104cf000dfa7579/geo+cpin+sogie.pdf",20241006021833,https://assets.publishing.service.gov.uk/media/656f5b1e1104cf000dfa7579/GEO+CPIN+SOGIE.pdf,assets.publishing.service.gov.uk,application/pdf,JSCTH3H3WNLHRAPCXELHROXDWTDIBSLT,606064,479642662,GEO CPIN SOGIE,en,PDF
"uk,gov,service,publishing,assets)/media/6205424ce90e077f6eac17dd/uganda_cpin_sexual_orientation_and_gender.pdf",20250307011121,https://assets.publishing.service.gov.uk/media/6205424ce90e077f6eac17dd/Uganda_CPIN_sexual_orientation_and_gender.pdf,assets.publishing.service.gov.uk,application/pdf,IJFKELXHCFJZSBDDBQEQLDI7DD6CYL42,540828,234883101,UGA CPIN sexual orientation and gender,en,PDF
"uk,gov,service,publishing,assets)/media/5fd39cc28fa8f54d60878a92/russia_-_sogie_-_cpin_-_v1.0_.pdf",20240804195620,https://assets.publishing.service.gov.uk/media/5fd39cc28fa8f54d60878a92/Russia_-_SOGIE_-_CPIN_-_v1.0_.pdf,assets.publishing.service.gov.uk,application/pdf,56WSPB6ERBT5FUO5KVEZF5VIHTWWWRZF,869375,83436444,CPIN Template - January 2020,en,PDF
"uk,gov,service,publishing,assets)/media/65817ce5fc07f300128d444c/geo+cpin+political+parties+and+affiliation+_2_.pdf",20241006233839,https://assets.publishing.service.gov.uk/media/65817ce5fc07f300128d444c/GEO+CPIN+Political+parties+and+affiliation+_2_.pdf,assets.publishing.service.gov.uk,application/pdf,KZVWEAQO4O4BYRGQYY6OOPJU2HWM5CLC,601789,267239742,GEO CPIN Political parties and affiliation,en,PDF
"uk,gov,service,publishing,assets)/media/67e6ce31085277e9961b2057/yem+cpin+humanitarian+situation.pdf",20250605170356,https://assets.publishing.service.gov.uk/media/67e6ce31085277e9961b2057/YEM+CPIN+Humanitarian+situation.pdf,assets.publishing.service.gov.uk,application/pdf,J7OR36AAP7ASJLASZDU27KKHADLYX2XO,2661279,228926917,YEM CPIN Humanitarian situation,en,PDF
"uk,gov,service,publishing,assets)/media/642d87a3ddf8ad000cac0e97/phl_cpin_domestic_violence.pdf",20250507191317,https://assets.publishing.service.gov.uk/media/642d87a3ddf8ad000cac0e97/PHL_CPIN_Domestic_violence.pdf,assets.publishing.service.gov.uk,application/pdf,VQHRWAI6MIRC6CI5TVZ66MQAKATHFD73,483663,355091249,PHL CPIN Domestic violence,en,PDF
"uk,gov,service,publishing,assets)/media/64c8f8f2d8b1a71bd8b05deb/rus_cpin_military_service.pdf",20250606062030,https://assets.publishing.service.gov.uk/media/64c8f8f2d8b1a71bd8b05deb/RUS_CPIN_Military_service.pdf,assets.publishing.service.gov.uk,application/pdf,IL7MW57DVF5WJHMSVDC6NNIUB74DJDGG,828753,104213016,RUS CPIN Military service,en,PDF
"uk,co,antislaverycommissioner)/media/lrkfvhk3/vulnerability-to-human-trafficking-vietnam.pdf",20241004044621,https://www.antislaverycommissioner.co.uk/media/lrkfvhk3/vulnerability-to-human-trafficking-vietnam.pdf,www.antislaverycommissioner.co.uk,application/pdf,ZMGXUZKDL74G7W5KETLBDVWEMU5FANPC,484166,258800954,vulnerability-to-human-trafficking-vietnam.pdf,en,PDF
"uk,gov,service,publishing,assets)/media/6703bcd7c71e42688b65f203/geo+cpin+sogie.pdf",20250605022952,https://assets.publishing.service.gov.uk/media/6703bcd7c71e42688b65f203/GEO+CPIN+SOGIE.pdf,assets.publishing.service.gov.uk,application/pdf,MPS2CRF4LBQ22C6CFCETRZT3CKPAZDUO,649966,106956335,GEO CPIN SOGIE,en,PDF
"uk,gov,service,publishing,assets)/media/5fb3b087d3bf7f63d9ac8625/brazil_-_background_note_and_internal_relocation_-_cpin_-_v1.0__nov_2020__gov_uk.pdf",20240607095103,https://assets.publishing.service.gov.uk/media/5fb3b087d3bf7f63d9ac8625/Brazil_-_Background_note_and_Internal_relocation_-_CPIN_-_v1.0__Nov_2020__Gov_uk.pdf,assets.publishing.service.gov.uk,application/pdf,JD2WG4TATH77JXTBUDTK7TVGNPLERE3Z,728182,365829433,CPIN Template - January 2020,en,PDF
"uk,gov,service,publishing,assets)/government/uploads/system/uploads/attachment_data/file/950057/iraq_-_actors_of_protection_-_v1.0_-_december_2020_-_ext.pdf",20241223175826,https://assets.publishing.service.gov.uk/government/uploads/system/uploads/attachment_data/file/950057/Iraq_-_Actors_of_Protection_-_v1.0_-_December_2020_-_ext.pdf,assets.publishing.service.gov.uk,application/pdf,OBJTFQBNN2U5XDCEQV6LLQ435X3I52ZW,557039,411598115,Iraq - Actors of Protection - v1.0 - November 2020,en,PDF
"uk,gov,service,publishing,assets)/media/62bb17ed8fa8f5720dbef445/assessing_credibility_and_refugee_status_pre_28_june_2022.pdf",20250605112405,https://assets.publishing.service.gov.uk/media/62bb17ed8fa8f5720dbef445/Assessing_credibility_and_refugee_status_pre_28_June_2022.pdf,assets.publishing.service.gov.uk,application/pdf,ZBMRBESNVA5REHVUULVEN6I4D5AYFZLT,500199,236164265,Assessing credibility and refugee status pre 28 June 2022,en,PDF
"uk,gov,service,publishing,assets)/media/64a41d12c531eb000c64fe2a/mmr_cpin_critics_of_the_military_regime.pdf",20250509051144,https://assets.publishing.service.gov.uk/media/64a41d12c531eb000c64fe2a/MMR_CPIN_Critics_of_the_military_regime.pdf,assets.publishing.service.gov.uk,application/pdf,4VYS5AD4OPNZWERIBPQJIHJ76SEMH5XX,673660,18985930,MMR CPIN Critics of the military regime,en,PDF
"uk,gov,service,publishing,assets)/media/67e67683b79d8c9841eadd9a/yem+cpin+security+situation.pdf",20250605171716,https://assets.publishing.service.gov.uk/media/67e67683b79d8c9841eadd9a/YEM+CPIN+Security+situation.pdf,assets.publishing.service.gov.uk,application/pdf,FZNT2DECFLMESYEZHFO3JZGYOISECLGK,1829862,109660834,YEM CPIN Security situation,en,PDF
"uk,gov,service,publishing,assets)/media/62c588158fa8f54e8d8ac95a/ukr_cpin_security_situation.pdf",20250110022610,https://assets.publishing.service.gov.uk/media/62c588158fa8f54e8d8ac95a/UKR_CPIN_Security_situation.pdf,assets.publishing.service.gov.uk,application/pdf,V7EXA4E2RODQPX6D2IIAO3KM5WF2BVZN,2365145,300987209,UKR CPIN Security situation,en,PDF
"uk,gov,service,publishing,assets)/media/6144a639e90e070441639f97/zwe_cpin_opposition_to_the_government.pdf",20250508191923,https://assets.publishing.service.gov.uk/media/6144a639e90e070441639f97/ZWE_CPIN_Opposition_to_the_government.pdf,assets.publishing.service.gov.uk,application/pdf,VFVN2373F4LDB7JAN657UY7KKZZEUWG7,799196,390326521,ZWE CPIN Opposition to the government,en,PDF
"uk,gov,service,publishing,assets)/media/65f98f1b9316f5001d64c2d1/tcd+cpin+opposition+to+the+state.pdf",20250605023023,https://assets.publishing.service.gov.uk/media/65f98f1b9316f5001d64c2d1/TCD+CPIN+Opposition+to+the+state.pdf,assets.publishing.service.gov.uk,application/pdf,6XSZSJUUH7IXPBDCNKKFNYJILFBRN54L,968184,265790289,TCD CPIN Opposition to the state,en,PDF
"uk,gov,service,publishing,assets)/media/61d44b66d3bf7f1f784a2601/yem_cpin_security_and_humanitarian_situation.pdf",20250306220700,https://assets.publishing.service.gov.uk/media/61d44b66d3bf7f1f784a2601/YEM_CPIN_Security_and_humanitarian_situation.pdf,assets.publishing.service.gov.uk,application/pdf,VGAEI4NFMFHEGQJ56LSLLAWVRIY5NYXM,1696939,311110522,YEM CPIN Security and humanitarian situation,en,PDF
"uk,gov,service,publishing,assets)/media/6706a08e92bb81fcdbe7b5d0/geo+cpin+political+parties+and+affiliation.pdf",20250605022951,https://assets.publishing.service.gov.uk/media/6706a08e92bb81fcdbe7b5d0/GEO+CPIN+Political+parties+and+affiliation.pdf,assets.publishing.service.gov.uk,application/pdf,EMUJB4IUVSRZQSJDGFYI4RHOSHRNS2GT,654832,105351746,GEO CPIN Political parties and affiliation,en,PDF
"uk,gov,service,publishing,assets)/media/5ff5bac5d3bf7f65daef2874/iraq_-_actors_of_protection_-_v1.0_-_december_2020_-_ext.pdf",20250605001835,https://assets.publishing.service.gov.uk/media/5ff5bac5d3bf7f65daef2874/Iraq_-_Actors_of_Protection_-_v1.0_-_December_2020_-_ext.pdf,assets.publishing.service.gov.uk,application/pdf,OBJTFQBNN2U5XDCEQV6LLQ435X3I52ZW,557033,262040330,Iraq - Actors of Protection - v1.0 - November 2020,en,PDF
"uk,gov,service,publishing,assets)/government/uploads/system/uploads/attachment_data/file/1186715/assessing+credibility+and+refugee+status+post+28+june+2022.pdf",20250604175845,https://assets.publishing.service.gov.uk/government/uploads/system/uploads/attachment_data/file/1186715/Assessing+credibility+and+refugee+status+post+28+June+2022.pdf,assets.publishing.service.gov.uk,application/pdf,KFCHLNTKL5ZFCOE5FHGGFYNUR3V7JJ3B,547593,387638995,Assessing credibility and refugee status post 28 June 2022,en,PDF
"uk,gov,service,publishing,assets)/media/6565df901524e60011a101e0/hnd_cpin_gangs.pdf",20250604090046,https://assets.publishing.service.gov.uk/media/6565df901524e60011a101e0/HND_CPIN_Gangs.pdf,assets.publishing.service.gov.uk,application/pdf,34FG7CASSWABF4JQYMYS4RZ44WX6STEC,1565282,364911506,HND CPIN Gangs,en,PDF
"uk,gov,service,publishing,assets)/media/6284d9fcd3bf7f1f46f9b692/gha_cpin_sexual_orientation_and_gender_identity_or_expression.pdf",20240703050124,https://assets.publishing.service.gov.uk/media/6284d9fcd3bf7f1f46f9b692/GHA_CPIN_Sexual_orientation_and_gender_identity_or_expression.pdf,assets.publishing.service.gov.uk,application/pdf,PPBTYLKUOYKZWP7JCEHXVR7ZVTL7YW7D,634719,272639532,GHA CPIN Sexual orientation and gender identity or expression,en,PDF
"uk,gov,service,publishing,assets)/media/650c698227d43b0014375b40/assessing+credibility+and+refugee+status+post+28+june+2022.pdf",20250407112549,https://assets.publishing.service.gov.uk/media/650c698227d43b0014375b40/Assessing+credibility+and+refugee+status+post+28+June+2022.pdf,assets.publishing.service.gov.uk,application/pdf,KFCHLNTKL5ZFCOE5FHGGFYNUR3V7JJ3B,547573,463284466,Assessing credibility and refugee status post 28 June 2022,en,PDF
"uk,gov,service,publishing,assets)/media/662b9db1fee48e2ee6b81ea1/rwa+cpin+unhcr+evidence.pdf",20250406234936,https://assets.publishing.service.gov.uk/media/662b9db1fee48e2ee6b81ea1/RWA+CPIN+UNHCR+evidence.pdf,assets.publishing.service.gov.uk,application/pdf,K4272JLDOW2WGKF3EDT6L4AFAWZP4K3S,3884465,381215069,RWA CPIN UNHCR evidence,en,PDF
"uk,gov,service,publishing,assets)/media/680a3e48382965132de1aa90/withdrawn_rwa+cpin+unhcr+evidence.pdf",20250604181743,https://assets.publishing.service.gov.uk/media/680a3e48382965132de1aa90/WITHDRAWN_RWA+CPIN+UNHCR+evidence.pdf,assets.publishing.service.gov.uk,application/pdf,5DXHXPOBVVMMQYN52Q6KDFIUMDDVARIK,4521202,294706845,RWA CPIN UNHCR evidence,en,PDF
"uk,gov,service,publishing,assets)/media/67c9740d8247839c255ae375/pak+cpin+ahmadis.pdf",20250612201511,https://assets.publishing.service.gov.uk/media/67c9740d8247839c255ae375/PAK+CPIN+Ahmadis.pdf,assets.publishing.service.gov.uk,application/pdf,PJGRAABSKH5BYNT6V4IXZD5RNH6AXKC2,730746,469963875,PAK CPIN Ahmadis,en,PDF
"uk,gov,service,publishing,assets)/government/uploads/system/uploads/attachment_data/file/1167667/mmr_cpin_critics_of_the_military_regime.pdf",20250306205305,https://assets.publishing.service.gov.uk/government/uploads/system/uploads/attachment_data/file/1167667/MMR_CPIN_Critics_of_the_military_regime.pdf,assets.publishing.service.gov.uk,application/pdf,4VYS5AD4OPNZWERIBPQJIHJ76SEMH5XX,673678,257374897,MMR CPIN Critics of the military regime,en,PDF
"uk,gov,service,publishing,assets)/media/65e07b012f2b3b001c7cd773/inspection_report_on_home_office_country_of_origin_information_-_thematic_report_on_the_coverage_of_statelessness__february_2023.pdf",20250605073954,https://assets.publishing.service.gov.uk/media/65e07b012f2b3b001c7cd773/Inspection_report_on_Home_Office_country_of_origin_information_-_Thematic_report_on_the_coverage_of_statelessness__February_2023.pdf,assets.publishing.service.gov.uk,application/pdf,S5QFKCJ5JKVVCFQUM7BFW7UMJAPROX5W,814016,372936273,Inspection report on Home Office country of origin information,en,PDF
"uk,gov,service,publishing,assets)/media/67daea2891e6e04923028486/uga+cpin+sexual+orientation+and+gender.pdf",20250606122216,https://assets.publishing.service.gov.uk/media/67daea2891e6e04923028486/UGA+CPIN+sexual+orientation+and+gender.pdf,assets.publishing.service.gov.uk,application/pdf,FLY7PUB4BFHXCFYMYUZ3SYFWHCHKHDBU,855631,266481258,UGA CPIN sexual orientation and gender,en,PDF
"uk,gov,service,publishing,assets)/media/654104b846532b001467f614/irq+cpin+internal+relocation_+civil+documentation+and+returns.pdf",20250605001833,https://assets.publishing.service.gov.uk/media/654104b846532b001467f614/IRQ+CPIN+Internal+relocation_+civil+documentation+and+returns.pdf,assets.publishing.service.gov.uk,application/pdf,EOMWPIGKZRXQHEE7HOBTJZZQAM454V4M,1808803,254762877,"IRQ CPIN Internal relocation, civil documentation and returns",en,PDF
"uk,gov,service,publishing,assets)/media/6748761e6f60e77679723999/irq+cpin+opposition+to+the+government+in+the+kurdistan+region+of+iraq+_kri_.pdf",20250509050655,https://assets.publishing.service.gov.uk/media/6748761e6f60e77679723999/IRQ+CPIN+Opposition+to+the+government+in+the+Kurdistan+Region+of+Iraq+_KRI_.pdf,assets.publishing.service.gov.uk,application/pdf,MK6TKWLRS2P4XRKV36NLHU5XJHI6QEYI,1067474,343163190,IRQ CPIN Opposition to the government in the Kurdistan Region of Iraq (KRI),en,PDF
"uk,gov,service,publishing,assets)/media/65a15c7b74ae660014738a48/cin_rwa_unhcr_evidence.pdf",20250606083048,https://assets.publishing.service.gov.uk/media/65a15c7b74ae660014738a48/CIN_RWA_UNHCR_evidence.pdf,assets.publishing.service.gov.uk,application/pdf,WES2MWTO5RHZOZ5NZCZHDXOC2NUYAGBB,4668965,261934547,UNHCR evidence,en,PDF
"uk,gov,service,publishing,assets)/media/5bfc23e040f0b65afad37708/sudan_-_ffm_report_2018_-_nad-returns.pdf",20240709200953,https://assets.publishing.service.gov.uk/media/5bfc23e040f0b65afad37708/Sudan_-_FFM_report_2018_-_NAD-returns.pdf,assets.publishing.service.gov.uk,application/pdf,N3W2FBZSE46H4HLSNTII2WTGMDPPAPG5,1915444,13856679,Sudan_-_FFM_report_2018_-_NAD-returns.pdf,en,PDF
"uk,gov,service,publishing,assets)/government/uploads/system/uploads/attachment_data/file/1086451/assessing_credibility_and_refugee_status_pre_28_june_2022.pdf",20250616111611,https://assets.publishing.service.gov.uk/government/uploads/system/uploads/attachment_data/file/1086451/Assessing_credibility_and_refugee_status_pre_28_June_2022.pdf,assets.publishing.service.gov.uk,application/pdf,ZBMRBESNVA5REHVUULVEN6I4D5AYFZLT,500214,26416096,Assessing credibility and refugee status pre 28 June 2022,en,PDF
"uk,gov,service,publishing,assets)/media/67360c8f2469c5b71dbc7b85/pse+cpin+humanitarian+situation__1_.pdf",20250605234602,https://assets.publishing.service.gov.uk/media/67360c8f2469c5b71dbc7b85/PSE+CPIN+Humanitarian+situation__1_.pdf,assets.publishing.service.gov.uk,application/pdf,D47IOY5A3KHSRL7RGHNUU3TOHQSMQ6GK,856336,437619502,PSE CPIN Humanitarian situation,en,PDF
"uk,gov,service,publishing,assets)/media/671b90aefc28a840abc6d274/irq+cpin+blood+feuds_+honour+crimes+and+tribal+violence-+july+2024.pdf",20250605001832,https://assets.publishing.service.gov.uk/media/671b90aefc28a840abc6d274/IRQ+CPIN+Blood+feuds_+honour+crimes+and+tribal+violence-+July+2024.pdf,assets.publishing.service.gov.uk,application/pdf,JYAMJWMNTI7NQESR4UGABQCRCHIPS7LR,1224788,253139263,"IRQ CPIN Blood feuds, honour crimes and tribal violence- July 2024",en,PDF
"uk,gov,service,publishing,assets)/media/6231f99e8fa8f56c1cbe8ab4/eth_cpin_oromos__olf_and_ola.pdf",20250606123950,https://assets.publishing.service.gov.uk/media/6231f99e8fa8f56c1cbe8ab4/ETH_CPIN_Oromos__OLF_and_OLA.pdf,assets.publishing.service.gov.uk,application/pdf,Z6J4H3E6FFOWNXFIEBFOJNHP565P27YL,666093,358522538,"ETH CPIN Oromos, OLF and OLA.docx",en,PDF
"uk,org,ofcom)/siteassets/resources/documents/about-ofcom/bulletins/broadcast-bulletins/2019/issue-388-broadcast-and-on-demand-bulletin.pdf?v=324283",20250204072635,https://www.ofcom.org.uk/siteassets/resources/documents/about-ofcom/bulletins/broadcast-bulletins/2019/issue-388-broadcast-and-on-demand-bulletin.pdf?v=324283,www.ofcom.org.uk,application/pdf,OTTWD25G23HXQY4AEDSEEMACB5LEYA2N,1115031,430346748,Issue 388 of Ofcom's Broadcast and On Demand Bulletin,en,PDF
"uk,gov,service,publishing,assets)/media/66be08e10a079b65ea323eb2/kwt+cpin+bidoons__1_.pdf",20250605165324,https://assets.publishing.service.gov.uk/media/66be08e10a079b65ea323eb2/KWT+CPIN+Bidoons__1_.pdf,assets.publishing.service.gov.uk,application/pdf,DCMACGFRKP6NHKKQDSFWRC4WFTXNZ2DD,941200,312651379,KWT CPIN Bidoons.docx,en,PDF
"uk,gov,service,publishing,assets)/media/64424f828b86bb0013f1b6d4/egy_cpin_military_service.pdf",20250606031440,https://assets.publishing.service.gov.uk/media/64424f828b86bb0013f1b6d4/EGY_CPIN_Military_service.pdf,assets.publishing.service.gov.uk,application/pdf,JB3DGFKS7IW3GRSVEJ7J55G5ZQ665FQ7,905403,220773821,EGY CPIN Military service,en,PDF
"uk,gov,service,publishing,assets)/media/66911a720808eaf43b50ce6a/mys+cpin+sexual+orientation+and+gender+identity+or+expression.pdf",20250605022626,https://assets.publishing.service.gov.uk/media/66911a720808eaf43b50ce6a/MYS+CPIN+Sexual+orientation+and+gender+identity+or+expression.pdf,assets.publishing.service.gov.uk,application/pdf,UNMXIY5BGAWS4IECEIGMCDNPKYAJ2XDF,932667,394094805,Malaysia CPIN Sexual orientation and gender identity or expression,en,PDF
"uk,gov,service,publishing,assets)/media/64c8f6e7d8b1a71bd8b05de4/irq_cpin_opposition_to_the_government_in_the_kurdistan_region_of_iraq__kri_.pdf",20241118224008,https://assets.publishing.service.gov.uk/media/64c8f6e7d8b1a71bd8b05de4/IRQ_CPIN_Opposition_to_the_government_in_the_Kurdistan_Region_of_Iraq__KRI_.pdf,assets.publishing.service.gov.uk,application/pdf,427FABQ4QKFWCRSZC2XQCC6XTYD4I2W6,1091172,431993103,IRQ CPIN Opposition to the government in the Kurdistan Region of Iraq (KRI),en,PDF
"uk,gov,service,publishing,assets)/media/668d4c0f899a6f92e5d9cffd/irq+blood+feuds_+honour+crimes+and+tribal+violence.pdf",20241006043510,https://assets.publishing.service.gov.uk/media/668d4c0f899a6f92e5d9cffd/IRQ+Blood+feuds_+honour+crimes+and+tribal+violence.pdf,assets.publishing.service.gov.uk,application/pdf,5JLSGC7CACJLOMF7ZKDMYWSHFRJV7PUJ,1255040,124702786,"IRQ Blood feuds, honour crimes and tribal violence",en,PDF
"uk,gov,service,publishing,assets)/media/65e8912162ff48001a87b2bc/lbn+cpin+palestinians.pdf",20250606113255,https://assets.publishing.service.gov.uk/media/65e8912162ff48001a87b2bc/LBN+CPIN+Palestinians.pdf,assets.publishing.service.gov.uk,application/pdf,QHGT5SXG53ILPBMAXZHDISBEC2ME3TGR,770712,258327537,LBN CPIN Palestinians,en,PDF
"uk,gov,service,publishing,assets)/government/uploads/system/uploads/attachment_data/file/759280/sudan_-_ffm_report_2018_-_nad-returns.pdf",20240709144556,https://assets.publishing.service.gov.uk/government/uploads/system/uploads/attachment_data/file/759280/Sudan_-_FFM_report_2018_-_NAD-returns.pdf,assets.publishing.service.gov.uk,application/pdf,N3W2FBZSE46H4HLSNTII2WTGMDPPAPG5,1915453,95216572,Sudan_-_FFM_report_2018_-_NAD-returns.pdf,en,PDF
"uk,gov,service,publishing,assets)/media/67446a8a81f809b32c8568d3/csprp_-_i_wanted_them_all_to_notice.pdf",20250422191825,https://assets.publishing.service.gov.uk/media/67446a8a81f809b32c8568d3/CSPRP_-_I_wanted_them_all_to_notice.pdf,assets.publishing.service.gov.uk,application/pdf,NW7IYGUXIORV5FJ5CFJWPCUWJW57PS2Q,757546,192401184,The Child Safeguarding Practice Review Panel - I wanted them all to notice,en,PDF
"com,amazonaws,us-west-2,s3,aidstream)/documents/wgg-mtr-synthesis-report-all-countries-20231101121150.pdf",20250304144945,https://aidstream.s3.us-west-2.amazonaws.com/documents/WGG-MTR-SYNTHESIS-REPORT-ALL-COUNTRIES-20231101121150.pdf,aidstream.s3.us-west-2.amazonaws.com,application/pdf,2FSKUGKOYSOOOSMKDHCZ43BLQDG2Z4R2,2093351,186284050,MTR SYNTHESIS REPORT ALL COUNTRIES  221023.docx,en,PDF
"uk,gov,service,publishing,assets)/media/6033751bd3bf7f721b700f35/inspection_report_on_country_of_origin_information_el_salvador_and_sudan_december_2020.pdf",20250528061503,https://assets.publishing.service.gov.uk/media/6033751bd3bf7f721b700f35/Inspection_Report_on_Country_of_Origin_Information_El_Salvador_and_Sudan_December_2020.pdf,assets.publishing.service.gov.uk,application/pdf,NIZESPMJN7F37WDDXBZB3MFTL5M5N6GM,1080197,163650296,Inspection of Country of Origin Information,en,PDF
