country,edition,named_file,url,sha256,pages,bytes
Afghanistan,"Country information and guidance: Hindus and Sikhs, Afghanistan, January 2016","By country/Afghanistan/Country information and guidance- Hindus and Sikhs, Afghanistan, January 2016 [6881a0870529].pdf",https://webarchive.nationalarchives.gov.uk/ukgwa/20170203203616/https://www.gov.uk/government/uploads/system/uploads/attachment_data/file/565455/CIG-Afghanistan-Sikhs-and-Hindus-v2-January-2106.pdf,6881a08705293a504abb5bb3685fb837a85642cb68b41587535b4b46d264f459,35,392438
Afghanistan,"Country information and guidance: Hindus and Sikhs, Afghanistan, January 2016","By country/Afghanistan/Country information and guidance- Hindus and Sikhs, Afghanistan, January 2016 [6881a0870529].pdf",https://webarchive.nationalarchives.gov.uk/ukgwa/20161221094120/https://www.gov.uk/government/uploads/system/uploads/attachment_data/file/565455/CIG-Afghanistan-Sikhs-and-Hindus-v2-January-2106.pdf,6881a08705293a504abb5bb3685fb837a85642cb68b41587535b4b46d264f459,35,392438
Afghanistan,"Country information and guidance: security and humanitarian situation, Afghanistan, July 2016","By country/Afghanistan/Country information and guidance- security and humanitarian situation, Afghanistan, July 2016 [4e9a451f9883].pdf",https://webarchive.nationalarchives.gov.uk/ukgwa/20170203203614/https://www.gov.uk/government/uploads/system/uploads/attachment_data/file/565452/CIG-Afghanistan-Security-v3-July-2016.pdf,4e9a451f9883ac9569f12754d3d74121e0d7dc1f746c24ddda8c814133d26cf7,28,705124
Afghanistan,"Country information and guidance: security and humanitarian situation, Afghanistan, July 2016","By country/Afghanistan/Country information and guidance- security and humanitarian situation, Afghanistan, July 2016 [4e9a451f9883].pdf",https://webarchive.nationalarchives.gov.uk/ukgwa/20170210163855/https://www.gov.uk/government/uploads/system/uploads/attachment_data/file/565452/CIG-Afghanistan-Security-v3-July-2016.pdf,4e9a451f9883ac9569f12754d3d74121e0d7dc1f746c24ddda8c814133d26cf7,28,705124
Afghanistan,"Country information and guidance: security and humanitarian situation, Afghanistan, July 2016","By country/Afghanistan/Country information and guidance- security and humanitarian situation, Afghanistan, July 2016 [4e9a451f9883].pdf",https://webarchive.nationalarchives.gov.uk/ukgwa/20170425093556/https://www.gov.uk/government/uploads/system/uploads/attachment_data/file/565452/CIG-Afghanistan-Security-v3-July-2016.pdf,4e9a451f9883ac9569f12754d3d74121e0d7dc1f746c24ddda8c814133d26cf7,28,705124
Afghanistan,"Country information and guidance: security and humanitarian situation, Afghanistan, July 2016","By country/Afghanistan/Country information and guidance- security and humanitarian situation, Afghanistan, July 2016 [4e9a451f9883].pdf",https://webarchive.nationalarchives.gov.uk/ukgwa/20170523062718/https://www.gov.uk/government/uploads/system/uploads/attachment_data/file/565452/CIG-Afghanistan-Security-v3-July-2016.pdf,4e9a451f9883ac9569f12754d3d74121e0d7dc1f746c24ddda8c814133d26cf7,28,705124
Afghanistan,"Country information and guidance: security and humanitarian situation, Afghanistan, July 2016","By country/Afghanistan/Country information and guidance- security and humanitarian situation, Afghanistan, July 2016 [4e9a451f9883].pdf",https://webarchive.nationalarchives.gov.uk/ukgwa/20170804133635/https://www.gov.uk/government/uploads/system/uploads/attachment_data/file/565452/CIG-Afghanistan-Security-v3-July-2016.pdf,4e9a451f9883ac9569f12754d3d74121e0d7dc1f746c24ddda8c814133d26cf7,28,705124
Afghanistan,"Country information and guidance: security and humanitarian situation, Afghanistan, July 2016","By country/Afghanistan/Country information and guidance- security and humanitarian situation, Afghanistan, July 2016 [4e9a451f9883].pdf",https://webarchive.nationalarchives.gov.uk/ukgwa/20161221094116/https://www.gov.uk/government/uploads/system/uploads/attachment_data/file/565452/CIG-Afghanistan-Security-v3-July-2016.pdf,4e9a451f9883ac9569f12754d3d74121e0d7dc1f746c24ddda8c814133d26cf7,28,705124
Afghanistan,"Country information and guidance: sexual orientation and gender identity, Afghanistan, February 2016","By country/Afghanistan/Country information and guidance- sexual orientation and gender identity, Afghanistan, February 2016 [1cdaebb30acf].pdf",https://webarchive.nationalarchives.gov.uk/ukgwa/20161221094118/https://www.gov.uk/government/uploads/system/uploads/attachment_data/file/565453/CIG-AFG-Sexual-Orientation-and-Gender-Identity-v1-February-2016.pdf,1cdaebb30acf9a85a5b95eee296e25a84beb0d74250c9027b4955eacbdc9427e,18,337328
Afghanistan,"Country policy and information note: Hindus and Sikhs, Afghanistan, February 2017","By country/Afghanistan/Country policy and information note- Hindus and Sikhs, Afghanistan, February 2017 [b5a68f0a0a1e].pdf",https://webarchive.nationalarchives.gov.uk/ukgwa/20180105145027/https://www.gov.uk/government/uploads/system/uploads/attachment_data/file/590778/AFG_-_Sikhs_and_Hindus_-_CPIN_-_v3_1__February_2017_.pdf,b5a68f0a0a1e83c144c2fddf52994202ada66cad42c304d881f2d7051d36164b,38,433335
Afghanistan,"Country policy and information note: Hindus and Sikhs, Afghanistan, February 2017","By country/Afghanistan/Country policy and information note- Hindus and Sikhs, Afghanistan, February 2017 [b5a68f0a0a1e].pdf",https://webarchive.nationalarchives.gov.uk/ukgwa/20180301052859/https://www.gov.uk/government/uploads/system/uploads/attachment_data/file/590778/AFG_-_Sikhs_and_Hindus_-_CPIN_-_v3_1__February_2017_.pdf,b5a68f0a0a1e83c144c2fddf52994202ada66cad42c304d881f2d7051d36164b,38,433335
Afghanistan,"Country policy and information note: Hindus and Sikhs, Afghanistan, February 2017","By country/Afghanistan/Country policy and information note- Hindus and Sikhs, Afghanistan, February 2017 [b5a68f0a0a1e].pdf",https://webarchive.nationalarchives.gov.uk/ukgwa/20180311055950/https://www.gov.uk/government/uploads/system/uploads/attachment_data/file/590778/AFG_-_Sikhs_and_Hindus_-_CPIN_-_v3_1__February_2017_.pdf,b5a68f0a0a1e83c144c2fddf52994202ada66cad42c304d881f2d7051d36164b,38,433335
Afghanistan,"Country policy and information note: Hindus and Sikhs, Afghanistan, February 2017","By country/Afghanistan/Country policy and information note- Hindus and Sikhs, Afghanistan, February 2017 [b5a68f0a0a1e].pdf",https://webarchive.nationalarchives.gov.uk/ukgwa/20170425093547/https://www.gov.uk/government/uploads/system/uploads/attachment_data/file/590778/AFG_-_Sikhs_and_Hindus_-_CPIN_-_v3_1__February_2017_.pdf,b5a68f0a0a1e83c144c2fddf52994202ada66cad42c304d881f2d7051d36164b,38,433335
Afghanistan,"Country policy and information note: Hindus and Sikhs, Afghanistan, February 2017","By country/Afghanistan/Country policy and information note- Hindus and Sikhs, Afghanistan, February 2017 [b5a68f0a0a1e].pdf",https://webarchive.nationalarchives.gov.uk/ukgwa/20170523062709/https://www.gov.uk/government/uploads/system/uploads/attachment_data/file/590778/AFG_-_Sikhs_and_Hindus_-_CPIN_-_v3_1__February_2017_.pdf,b5a68f0a0a1e83c144c2fddf52994202ada66cad42c304d881f2d7051d36164b,38,433335
Afghanistan,"Country policy and information note: Hindus and Sikhs, Afghanistan, February 2017","By country/Afghanistan/Country policy and information note- Hindus and Sikhs, Afghanistan, February 2017 [b5a68f0a0a1e].pdf",https://webarchive.nationalarchives.gov.uk/ukgwa/20170804133634/https://www.gov.uk/government/uploads/system/uploads/attachment_data/file/590778/AFG_-_Sikhs_and_Hindus_-_CPIN_-_v3_1__February_2017_.pdf,b5a68f0a0a1e83c144c2fddf52994202ada66cad42c304d881f2d7051d36164b,38,433335
Afghanistan,"Country policy and information note: Hindus and Sikhs, Afghanistan, February 2017","By country/Afghanistan/Country policy and information note- Hindus and Sikhs, Afghanistan, February 2017 [b5a68f0a0a1e].pdf",https://webarchive.nationalarchives.gov.uk/ukgwa/20170909190102/https://www.gov.uk/government/uploads/system/uploads/attachment_data/file/590778/AFG_-_Sikhs_and_Hindus_-_CPIN_-_v3_1__February_2017_.pdf,b5a68f0a0a1e83c144c2fddf52994202ada66cad42c304d881f2d7051d36164b,38,433335
Afghanistan,"Country policy and information note: Hindus and Sikhs, Afghanistan, February 2017","By country/Afghanistan/Country policy and information note- Hindus and Sikhs, Afghanistan, February 2017 [b5a68f0a0a1e].pdf",https://webarchive.nationalarchives.gov.uk/ukgwa/20171013201448/https://www.gov.uk/government/uploads/system/uploads/attachment_data/file/590778/AFG_-_Sikhs_and_Hindus_-_CPIN_-_v3_1__February_2017_.pdf,b5a68f0a0a1e83c144c2fddf52994202ada66cad42c304d881f2d7051d36164b,38,433335
Afghanistan,"Country policy and information note: Hindus and Sikhs, Afghanistan, February 2017","By country/Afghanistan/Country policy and information note- Hindus and Sikhs, Afghanistan, February 2017 [b5a68f0a0a1e].pdf",https://webarchive.nationalarchives.gov.uk/ukgwa/20171111155441/https://www.gov.uk/government/uploads/system/uploads/attachment_data/file/590778/AFG_-_Sikhs_and_Hindus_-_CPIN_-_v3_1__February_2017_.pdf,b5a68f0a0a1e83c144c2fddf52994202ada66cad42c304d881f2d7051d36164b,38,433335
Afghanistan,"Country policy and information note: Hindus and Sikhs, Afghanistan, February 2017","By country/Afghanistan/Country policy and information note- Hindus and Sikhs, Afghanistan, February 2017 [b5a68f0a0a1e].pdf",https://webarchive.nationalarchives.gov.uk/ukgwa/20171216171214/https://www.gov.uk/government/uploads/system/uploads/attachment_data/file/590778/AFG_-_Sikhs_and_Hindus_-_CPIN_-_v3_1__February_2017_.pdf,b5a68f0a0a1e83c144c2fddf52994202ada66cad42c304d881f2d7051d36164b,38,433335
Afghanistan,"Country policy and information note: security, Afghanistan, April 2018","By country/Afghanistan/Country policy and information note- security, Afghanistan, April 2018 [936d200e43d7].pdf",https://webarchive.nationalarchives.gov.uk/ukgwa/20190111170308/https://assets.publishing.service.gov.uk/government/uploads/system/uploads/attachment_data/file/701005/Afghanistan_-_Security_-_CPIN_-_v5.1__April_2018_.pdf,936d200e43d7dd37852555765650b3283b5647aa7d11f737eb0da7f805534140,35,928125
Afghanistan,"Country policy and information note: security, Afghanistan, April 2018","By country/Afghanistan/Country policy and information note- security, Afghanistan, April 2018 [936d200e43d7].pdf",https://webarchive.nationalarchives.gov.uk/ukgwa/20190205151225/https://assets.publishing.service.gov.uk/government/uploads/system/uploads/attachment_data/file/701005/Afghanistan_-_Security_-_CPIN_-_v5.1__April_2018_.pdf,936d200e43d7dd37852555765650b3283b5647aa7d11f737eb0da7f805534140,35,928125
Afghanistan,"Country policy and information note: security, Afghanistan, April 2018","By country/Afghanistan/Country policy and information note- security, Afghanistan, April 2018 [936d200e43d7].pdf",https://webarchive.nationalarchives.gov.uk/ukgwa/20190221131435/https://assets.publishing.service.gov.uk/government/uploads/system/uploads/attachment_data/file/701005/Afghanistan_-_Security_-_CPIN_-_v5.1__April_2018_.pdf,936d200e43d7dd37852555765650b3283b5647aa7d11f737eb0da7f805534140,35,928125
Afghanistan,"Country policy and information note: security, Afghanistan, April 2018","By country/Afghanistan/Country policy and information note- security, Afghanistan, April 2018 [936d200e43d7].pdf",https://webarchive.nationalarchives.gov.uk/ukgwa/20190304002441/https://assets.publishing.service.gov.uk/government/uploads/system/uploads/attachment_data/file/701005/Afghanistan_-_Security_-_CPIN_-_v5.1__April_2018_.pdf,936d200e43d7dd37852555765650b3283b5647aa7d11f737eb0da7f805534140,35,928125
Afghanistan,"Country policy and information note: security, Afghanistan, April 2018","By country/Afghanistan/Country policy and information note- security, Afghanistan, April 2018 [936d200e43d7].pdf",https://webarchive.nationalarchives.gov.uk/ukgwa/20190321053649/https://assets.publishing.service.gov.uk/government/uploads/system/uploads/attachment_data/file/701005/Afghanistan_-_Security_-_CPIN_-_v5.1__April_2018_.pdf,936d200e43d7dd37852555765650b3283b5647aa7d11f737eb0da7f805534140,35,928125
Afghanistan,"Country policy and information note: security, Afghanistan, April 2018","By country/Afghanistan/Country policy and information note- security, Afghanistan, April 2018 [936d200e43d7].pdf",https://webarchive.nationalarchives.gov.uk/ukgwa/20190403203204/https://assets.publishing.service.gov.uk/government/uploads/system/uploads/attachment_data/file/701005/Afghanistan_-_Security_-_CPIN_-_v5.1__April_2018_.pdf,936d200e43d7dd37852555765650b3283b5647aa7d11f737eb0da7f805534140,35,928125
Afghanistan,"Country policy and information note: security, Afghanistan, April 2018","By country/Afghanistan/Country policy and information note- security, Afghanistan, April 2018 [936d200e43d7].pdf",https://webarchive.nationalarchives.gov.uk/ukgwa/20190510074319/https://assets.publishing.service.gov.uk/government/uploads/system/uploads/attachment_data/file/701005/Afghanistan_-_Security_-_CPIN_-_v5.1__April_2018_.pdf,936d200e43d7dd37852555765650b3283b5647aa7d11f737eb0da7f805534140,35,928125
Afghanistan,"Country policy and information note: security, Afghanistan, April 2018","By country/Afghanistan/Country policy and information note- security, Afghanistan, April 2018 [936d200e43d7].pdf",https://webarchive.nationalarchives.gov.uk/ukgwa/20190609162543/https://assets.publishing.service.gov.uk/government/uploads/system/uploads/attachment_data/file/701005/Afghanistan_-_Security_-_CPIN_-_v5.1__April_2018_.pdf,936d200e43d7dd37852555765650b3283b5647aa7d11f737eb0da7f805534140,35,928125
Afghanistan,"Country policy and information note: security, Afghanistan, April 2018","By country/Afghanistan/Country policy and information note- security, Afghanistan, April 2018 [936d200e43d7].pdf",https://webarchive.nationalarchives.gov.uk/ukgwa/20190704124700/https://assets.publishing.service.gov.uk/government/uploads/system/uploads/attachment_data/file/701005/Afghanistan_-_Security_-_CPIN_-_v5.1__April_2018_.pdf,936d200e43d7dd37852555765650b3283b5647aa7d11f737eb0da7f805534140,35,928125
Afghanistan,"Country policy and information note: security, Afghanistan, April 2018","By country/Afghanistan/Country policy and information note- security, Afghanistan, April 2018 [936d200e43d7].pdf",https://webarchive.nationalarchives.gov.uk/ukgwa/20180512183122/https://assets.publishing.service.gov.uk/government/uploads/system/uploads/attachment_data/file/701005/Afghanistan_-_Security_-_CPIN_-_v5.1__April_2018_.pdf,936d200e43d7dd37852555765650b3283b5647aa7d11f737eb0da7f805534140,35,928125
Afghanistan,"Country policy and information note: security, Afghanistan, April 2018","By country/Afghanistan/Country policy and information note- security, Afghanistan, April 2018 [936d200e43d7].pdf",https://webarchive.nationalarchives.gov.uk/ukgwa/20180609145507/https://assets.publishing.service.gov.uk/government/uploads/system/uploads/attachment_data/file/701005/Afghanistan_-_Security_-_CPIN_-_v5.1__April_2018_.pdf,936d200e43d7dd37852555765650b3283b5647aa7d11f737eb0da7f805534140,35,928125
Afghanistan,"Country policy and information note: security, Afghanistan, April 2018","By country/Afghanistan/Country policy and information note- security, Afghanistan, April 2018 [936d200e43d7].pdf",https://webarchive.nationalarchives.gov.uk/ukgwa/20180718005137/https://assets.publishing.service.gov.uk/government/uploads/system/uploads/attachment_data/file/701005/Afghanistan_-_Security_-_CPIN_-_v5.1__April_2018_.pdf,936d200e43d7dd37852555765650b3283b5647aa7d11f737eb0da7f805534140,35,928125
Afghanistan,"Country policy and information note: security, Afghanistan, April 2018","By country/Afghanistan/Country policy and information note- security, Afghanistan, April 2018 [936d200e43d7].pdf",https://webarchive.nationalarchives.gov.uk/ukgwa/20180719100530/https://assets.publishing.service.gov.uk/government/uploads/system/uploads/attachment_data/file/701005/Afghanistan_-_Security_-_CPIN_-_v5.1__April_2018_.pdf,936d200e43d7dd37852555765650b3283b5647aa7d11f737eb0da7f805534140,35,928125
Afghanistan,"Country policy and information note: security, Afghanistan, April 2018","By country/Afghanistan/Country policy and information note- security, Afghanistan, April 2018 [936d200e43d7].pdf",https://webarchive.nationalarchives.gov.uk/ukgwa/20180809094834/https://assets.publishing.service.gov.uk/government/uploads/system/uploads/attachment_data/file/701005/Afghanistan_-_Security_-_CPIN_-_v5.1__April_2018_.pdf,936d200e43d7dd37852555765650b3283b5647aa7d11f737eb0da7f805534140,35,928125
Afghanistan,"Country policy and information note: security, Afghanistan, April 2018","By country/Afghanistan/Country policy and information note- security, Afghanistan, April 2018 [936d200e43d7].pdf",https://webarchive.nationalarchives.gov.uk/ukgwa/20180913055216/https://assets.publishing.service.gov.uk/government/uploads/system/uploads/attachment_data/file/701005/Afghanistan_-_Security_-_CPIN_-_v5.1__April_2018_.pdf,936d200e43d7dd37852555765650b3283b5647aa7d11f737eb0da7f805534140,35,928125
Afghanistan,"Country policy and information note: security, Afghanistan, April 2018","By country/Afghanistan/Country policy and information note- security, Afghanistan, April 2018 [936d200e43d7].pdf",https://webarchive.nationalarchives.gov.uk/ukgwa/20181003122523/https://assets.publishing.service.gov.uk/government/uploads/system/uploads/attachment_data/file/701005/Afghanistan_-_Security_-_CPIN_-_v5.1__April_2018_.pdf,936d200e43d7dd37852555765650b3283b5647aa7d11f737eb0da7f805534140,35,928125
Afghanistan,"Country policy and information note: security, Afghanistan, April 2018","By country/Afghanistan/Country policy and information note- security, Afghanistan, April 2018 [936d200e43d7].pdf",https://webarchive.nationalarchives.gov.uk/ukgwa/20181112165241/https://assets.publishing.service.gov.uk/government/uploads/system/uploads/attachment_data/file/701005/Afghanistan_-_Security_-_CPIN_-_v5.1__April_2018_.pdf,936d200e43d7dd37852555765650b3283b5647aa7d11f737eb0da7f805534140,35,928125
Afghanistan,"Country policy and information note: security, Afghanistan, April 2018","By country/Afghanistan/Country policy and information note- security, Afghanistan, April 2018 [936d200e43d7].pdf",https://webarchive.nationalarchives.gov.uk/ukgwa/20181219123947/https://assets.publishing.service.gov.uk/government/uploads/system/uploads/attachment_data/file/701005/Afghanistan_-_Security_-_CPIN_-_v5.1__April_2018_.pdf,936d200e43d7dd37852555765650b3283b5647aa7d11f737eb0da7f805534140,35,928125
Afghanistan,"Country policy and information note: Afghanistan, anti-government elements, August 2019","By country/Afghanistan/Country policy and information note- Afghanistan, anti-government elements, August 2019 [b5c109578f1a].pdf",https://webarchive.nationalarchives.gov.uk/ukgwa/20200105105114/https://assets.publishing.service.gov.uk/government/uploads/system/uploads/attachment_data/file/826060/AFG-AGEs-CPIN-v3.0-August-2019.pdf,b5c109578f1a9fa1dc392bda2e7f3b5132a5d7b613250b3035afc1a435a3c384,46,1128185
Afghanistan,"Country policy and information note: Afghanistan, anti-government elements, August 2019","By country/Afghanistan/Country policy and information note- Afghanistan, anti-government elements, August 2019 [b5c109578f1a].pdf",https://webarchive.nationalarchives.gov.uk/ukgwa/20200207044050/https://assets.publishing.service.gov.uk/government/uploads/system/uploads/attachment_data/file/826060/AFG-AGEs-CPIN-v3.0-August-2019.pdf,b5c109578f1a9fa1dc392bda2e7f3b5132a5d7b613250b3035afc1a435a3c384,46,1128185
Afghanistan,"Country policy and information note: Afghanistan, anti-government elements, August 2019","By country/Afghanistan/Country policy and information note- Afghanistan, anti-government elements, August 2019 [b5c109578f1a].pdf",https://webarchive.nationalarchives.gov.uk/ukgwa/20200305140114/https://assets.publishing.service.gov.uk/government/uploads/system/uploads/attachment_data/file/826060/AFG-AGEs-CPIN-v3.0-August-2019.pdf,b5c109578f1a9fa1dc392bda2e7f3b5132a5d7b613250b3035afc1a435a3c384,46,1128185
Afghanistan,"Country policy and information note: Afghanistan, anti-government elements, August 2019","By country/Afghanistan/Country policy and information note- Afghanistan, anti-government elements, August 2019 [b5c109578f1a].pdf",https://webarchive.nationalarchives.gov.uk/ukgwa/20200322161240/https://assets.publishing.service.gov.uk/government/uploads/system/uploads/attachment_data/file/826060/AFG-AGEs-CPIN-v3.0-August-2019.pdf,b5c109578f1a9fa1dc392bda2e7f3b5132a5d7b613250b3035afc1a435a3c384,46,1128185
Afghanistan,"Country policy and information note: Afghanistan, anti-government elements, August 2019","By country/Afghanistan/Country policy and information note- Afghanistan, anti-government elements, August 2019 [b5c109578f1a].pdf",https://webarchive.nationalarchives.gov.uk/ukgwa/20200405025254/https://assets.publishing.service.gov.uk/government/uploads/system/uploads/attachment_data/file/826060/AFG-AGEs-CPIN-v3.0-August-2019.pdf,b5c109578f1a9fa1dc392bda2e7f3b5132a5d7b613250b3035afc1a435a3c384,46,1128185
Afghanistan,"Country policy and information note: Afghanistan, anti-government elements, August 2019","By country/Afghanistan/Country policy and information note- Afghanistan, anti-government elements, August 2019 [b5c109578f1a].pdf",https://webarchive.nationalarchives.gov.uk/ukgwa/20200421052612/https://assets.publishing.service.gov.uk/government/uploads/system/uploads/attachment_data/file/826060/AFG-AGEs-CPIN-v3.0-August-2019.pdf,b5c109578f1a9fa1dc392bda2e7f3b5132a5d7b613250b3035afc1a435a3c384,46,1128185
Afghanistan,"Country policy and information note: Afghanistan, anti-government elements, August 2019","By country/Afghanistan/Country policy and information note- Afghanistan, anti-government elements, August 2019 [b5c109578f1a].pdf",https://webarchive.nationalarchives.gov.uk/ukgwa/20200509223008/https://assets.publishing.service.gov.uk/government/uploads/system/uploads/attachment_data/file/826060/AFG-AGEs-CPIN-v3.0-August-2019.pdf,b5c109578f1a9fa1dc392bda2e7f3b5132a5d7b613250b3035afc1a435a3c384,46,1128185
Afghanistan,"Country policy and information note: Afghanistan, anti-government elements, August 2019","By country/Afghanistan/Country policy and information note- Afghanistan, anti-government elements, August 2019 [b5c109578f1a].pdf",https://webarchive.nationalarchives.gov.uk/ukgwa/20200520015511/https://assets.publishing.service.gov.uk/government/uploads/system/uploads/attachment_data/file/826060/AFG-AGEs-CPIN-v3.0-August-2019.pdf,b5c109578f1a9fa1dc392bda2e7f3b5132a5d7b613250b3035afc1a435a3c384,46,1128185
Afghanistan,"Country policy and information note: Afghanistan, anti-government elements, August 2019","By country/Afghanistan/Country policy and information note- Afghanistan, anti-government elements, August 2019 [b5c109578f1a].pdf",https://webarchive.nationalarchives.gov.uk/ukgwa/20200608235906/https://assets.publishing.service.gov.uk/government/uploads/system/uploads/attachment_data/file/826060/AFG-AGEs-CPIN-v3.0-August-2019.pdf,b5c109578f1a9fa1dc392bda2e7f3b5132a5d7b613250b3035afc1a435a3c384,46,1128185
Afghanistan,"Country policy and information note: Afghanistan, anti-government elements, August 2019","By country/Afghanistan/Country policy and information note- Afghanistan, anti-government elements, August 2019 [b5c109578f1a].pdf",https://webarchive.nationalarchives.gov.uk/ukgwa/20190905155938/https://assets.publishing.service.gov.uk/government/uploads/system/uploads/attachment_data/file/826060/AFG-AGEs-CPIN-v3.0-August-2019.pdf,b5c109578f1a9fa1dc392bda2e7f3b5132a5d7b613250b3035afc1a435a3c384,46,1128185
Afghanistan,"Country policy and information note: Afghanistan, anti-government elements, August 2019","By country/Afghanistan/Country policy and information note- Afghanistan, anti-government elements, August 2019 [b5c109578f1a].pdf",https://webarchive.nationalarchives.gov.uk/ukgwa/20191004183932/https://assets.publishing.service.gov.uk/government/uploads/system/uploads/attachment_data/file/826060/AFG-AGEs-CPIN-v3.0-August-2019.pdf,b5c109578f1a9fa1dc392bda2e7f3b5132a5d7b613250b3035afc1a435a3c384,46,1128185
Afghanistan,"Country policy and information note: Afghanistan, anti-government elements, August 2019","By country/Afghanistan/Country policy and information note- Afghanistan, anti-government elements, August 2019 [b5c109578f1a].pdf",https://webarchive.nationalarchives.gov.uk/ukgwa/20191025185743/https://assets.publishing.service.gov.uk/government/uploads/system/uploads/attachment_data/file/826060/AFG-AGEs-CPIN-v3.0-August-2019.pdf,b5c109578f1a9fa1dc392bda2e7f3b5132a5d7b613250b3035afc1a435a3c384,46,1128185
Afghanistan,"Country policy and information note: Afghanistan, anti-government elements, August 2019","By country/Afghanistan/Country policy and information note- Afghanistan, anti-government elements, August 2019 [b5c109578f1a].pdf",https://webarchive.nationalarchives.gov.uk/ukgwa/20191105105616/https://assets.publishing.service.gov.uk/government/uploads/system/uploads/attachment_data/file/826060/AFG-AGEs-CPIN-v3.0-August-2019.pdf,b5c109578f1a9fa1dc392bda2e7f3b5132a5d7b613250b3035afc1a435a3c384,46,1128185
Afghanistan,"Country policy and information note: Afghanistan, anti-government elements, August 2019","By country/Afghanistan/Country policy and information note- Afghanistan, anti-government elements, August 2019 [b5c109578f1a].pdf",https://webarchive.nationalarchives.gov.uk/ukgwa/20191206183301/https://assets.publishing.service.gov.uk/government/uploads/system/uploads/attachment_data/file/826060/AFG-AGEs-CPIN-v3.0-August-2019.pdf,b5c109578f1a9fa1dc392bda2e7f3b5132a5d7b613250b3035afc1a435a3c384,46,1128185
Afghanistan,"Country policy and information note: women fearing gender-based harm/violence, Afghanistan, March 2020","By country/Afghanistan/Country policy and information note- women fearing gender-based harm-violence, Afghanistan, March 2020 [59d3c7ded1bd].pdf",https://webarchive.nationalarchives.gov.uk/ukgwa/20210101154510/https://assets.publishing.service.gov.uk/government/uploads/system/uploads/attachment_data/file/873319/CPIN_-_Afghanistan_-_Women_fearing_GBV.pdf,59d3c7ded1bdd1ba0785dcc34d3f07d0ec76477469a9c82c6e03b19e9a6e7e70,53,631701
Afghanistan,"Country policy and information note: women fearing gender-based harm/violence, Afghanistan, March 2020","By country/Afghanistan/Country policy and information note- women fearing gender-based harm-violence, Afghanistan, March 2020 [59d3c7ded1bd].pdf",https://webarchive.nationalarchives.gov.uk/ukgwa/20210105120123/https://assets.publishing.service.gov.uk/government/uploads/system/uploads/attachment_data/file/873319/CPIN_-_Afghanistan_-_Women_fearing_GBV.pdf,59d3c7ded1bdd1ba0785dcc34d3f07d0ec76477469a9c82c6e03b19e9a6e7e70,53,631701
Afghanistan,"Country policy and information note: women fearing gender-based harm/violence, Afghanistan, March 2020","By country/Afghanistan/Country policy and information note- women fearing gender-based harm-violence, Afghanistan, March 2020 [59d3c7ded1bd].pdf",https://webarchive.nationalarchives.gov.uk/ukgwa/20210106133107/https://assets.publishing.service.gov.uk/government/uploads/system/uploads/attachment_data/file/873319/CPIN_-_Afghanistan_-_Women_fearing_GBV.pdf,59d3c7ded1bdd1ba0785dcc34d3f07d0ec76477469a9c82c6e03b19e9a6e7e70,53,631701
Afghanistan,"Country policy and information note: women fearing gender-based harm/violence, Afghanistan, March 2020","By country/Afghanistan/Country policy and information note- women fearing gender-based harm-violence, Afghanistan, March 2020 [59d3c7ded1bd].pdf",https://webarchive.nationalarchives.gov.uk/ukgwa/20210107185021/https://assets.publishing.service.gov.uk/government/uploads/system/uploads/attachment_data/file/873319/CPIN_-_Afghanistan_-_Women_fearing_GBV.pdf,59d3c7ded1bdd1ba0785dcc34d3f07d0ec76477469a9c82c6e03b19e9a6e7e70,53,631701
Afghanistan,"Country policy and information note: women fearing gender-based harm/violence, Afghanistan, March 2020","By country/Afghanistan/Country policy and information note- women fearing gender-based harm-violence, Afghanistan, March 2020 [59d3c7ded1bd].pdf",https://webarchive.nationalarchives.gov.uk/ukgwa/20210107202141/https://assets.publishing.service.gov.uk/government/uploads/system/uploads/attachment_data/file/873319/CPIN_-_Afghanistan_-_Women_fearing_GBV.pdf,59d3c7ded1bdd1ba0785dcc34d3f07d0ec76477469a9c82c6e03b19e9a6e7e70,53,631701
Afghanistan,"Country policy and information note: women fearing gender-based harm/violence, Afghanistan, March 2020","By country/Afghanistan/Country policy and information note- women fearing gender-based harm-violence, Afghanistan, March 2020 [59d3c7ded1bd].pdf",https://webarchive.nationalarchives.gov.uk/ukgwa/20210108124934/https://assets.publishing.service.gov.uk/government/uploads/system/uploads/attachment_data/file/873319/CPIN_-_Afghanistan_-_Women_fearing_GBV.pdf,59d3c7ded1bdd1ba0785dcc34d3f07d0ec76477469a9c82c6e03b19e9a6e7e70,53,631701
Afghanistan,"Country policy and information note: women fearing gender-based harm/violence, Afghanistan, March 2020","By country/Afghanistan/Country policy and information note- women fearing gender-based harm-violence, Afghanistan, March 2020 [59d3c7ded1bd].pdf",https://webarchive.nationalarchives.gov.uk/ukgwa/20210204030558/https://assets.publishing.service.gov.uk/government/uploads/system/uploads/attachment_data/file/873319/CPIN_-_Afghanistan_-_Women_fearing_GBV.pdf,59d3c7ded1bdd1ba0785dcc34d3f07d0ec76477469a9c82c6e03b19e9a6e7e70,53,631701
Afghanistan,"Country policy and information note: women fearing gender-based harm/violence, Afghanistan, March 2020","By country/Afghanistan/Country policy and information note- women fearing gender-based harm-violence, Afghanistan, March 2020 [59d3c7ded1bd].pdf",https://webarchive.nationalarchives.gov.uk/ukgwa/20210303141446/https://assets.publishing.service.gov.uk/government/uploads/system/uploads/attachment_data/file/873319/CPIN_-_Afghanistan_-_Women_fearing_GBV.pdf,59d3c7ded1bdd1ba0785dcc34d3f07d0ec76477469a9c82c6e03b19e9a6e7e70,53,631701
Afghanistan,"Country policy and information note: women fearing gender-based harm/violence, Afghanistan, March 2020","By country/Afghanistan/Country policy and information note- women fearing gender-based harm-violence, Afghanistan, March 2020 [59d3c7ded1bd].pdf",https://webarchive.nationalarchives.gov.uk/ukgwa/20210404035920/https://assets.publishing.service.gov.uk/government/uploads/system/uploads/attachment_data/file/873319/CPIN_-_Afghanistan_-_Women_fearing_GBV.pdf,59d3c7ded1bdd1ba0785dcc34d3f07d0ec76477469a9c82c6e03b19e9a6e7e70,53,631701
Afghanistan,"Country policy and information note: women fearing gender-based harm/violence, Afghanistan, March 2020","By country/Afghanistan/Country policy and information note- women fearing gender-based harm-violence, Afghanistan, March 2020 [59d3c7ded1bd].pdf",https://webarchive.nationalarchives.gov.uk/ukgwa/20210409015549/https://assets.publishing.service.gov.uk/government/uploads/system/uploads/attachment_data/file/873319/CPIN_-_Afghanistan_-_Women_fearing_GBV.pdf,59d3c7ded1bdd1ba0785dcc34d3f07d0ec76477469a9c82c6e03b19e9a6e7e70,53,631701
Afghanistan,"Country policy and information note: women fearing gender-based harm/violence, Afghanistan, March 2020","By country/Afghanistan/Country policy and information note- women fearing gender-based harm-violence, Afghanistan, March 2020 [59d3c7ded1bd].pdf",https://webarchive.nationalarchives.gov.uk/ukgwa/20210506134615/https://assets.publishing.service.gov.uk/government/uploads/system/uploads/attachment_data/file/873319/CPIN_-_Afghanistan_-_Women_fearing_GBV.pdf,59d3c7ded1bdd1ba0785dcc34d3f07d0ec76477469a9c82c6e03b19e9a6e7e70,53,631701
Afghanistan,"Country policy and information note: women fearing gender-based harm/violence, Afghanistan, March 2020","By country/Afghanistan/Country policy and information note- women fearing gender-based harm-violence, Afghanistan, March 2020 [59d3c7ded1bd].pdf",https://webarchive.nationalarchives.gov.uk/ukgwa/20210518114932/https://assets.publishing.service.gov.uk/government/uploads/system/uploads/attachment_data/file/873319/CPIN_-_Afghanistan_-_Women_fearing_GBV.pdf,59d3c7ded1bdd1ba0785dcc34d3f07d0ec76477469a9c82c6e03b19e9a6e7e70,53,631701
Afghanistan,"Country policy and information note: women fearing gender-based harm/violence, Afghanistan, March 2020","By country/Afghanistan/Country policy and information note- women fearing gender-based harm-violence, Afghanistan, March 2020 [59d3c7ded1bd].pdf",https://webarchive.nationalarchives.gov.uk/ukgwa/20210615160127/https://assets.publishing.service.gov.uk/government/uploads/system/uploads/attachment_data/file/873319/CPIN_-_Afghanistan_-_Women_fearing_GBV.pdf,59d3c7ded1bdd1ba0785dcc34d3f07d0ec76477469a9c82c6e03b19e9a6e7e70,53,631701
Afghanistan,"Country policy and information note: women fearing gender-based harm/violence, Afghanistan, March 2020","By country/Afghanistan/Country policy and information note- women fearing gender-based harm-violence, Afghanistan, March 2020 [59d3c7ded1bd].pdf",https://webarchive.nationalarchives.gov.uk/ukgwa/20210618013938/https://assets.publishing.service.gov.uk/government/uploads/system/uploads/attachment_data/file/873319/CPIN_-_Afghanistan_-_Women_fearing_GBV.pdf,59d3c7ded1bdd1ba0785dcc34d3f07d0ec76477469a9c82c6e03b19e9a6e7e70,53,631701
Afghanistan,"Country policy and information note: women fearing gender-based harm/violence, Afghanistan, March 2020","By country/Afghanistan/Country policy and information note- women fearing gender-based harm-violence, Afghanistan, March 2020 [59d3c7ded1bd].pdf",https://webarchive.nationalarchives.gov.uk/ukgwa/20210618192845/https://assets.publishing.service.gov.uk/government/uploads/system/uploads/attachment_data/file/873319/CPIN_-_Afghanistan_-_Women_fearing_GBV.pdf,59d3c7ded1bdd1ba0785dcc34d3f07d0ec76477469a9c82c6e03b19e9a6e7e70,53,631701
Afghanistan,"Country policy and information note: women fearing gender-based harm/violence, Afghanistan, March 2020","By country/Afghanistan/Country policy and information note- women fearing gender-based harm-violence, Afghanistan, March 2020 [59d3c7ded1bd].pdf",https://webarchive.nationalarchives.gov.uk/ukgwa/20210622144425/https://assets.publishing.service.gov.uk/government/uploads/system/uploads/attachment_data/file/873319/CPIN_-_Afghanistan_-_Women_fearing_GBV.pdf,59d3c7ded1bdd1ba0785dcc34d3f07d0ec76477469a9c82c6e03b19e9a6e7e70,53,631701
Afghanistan,"Country policy and information note: women fearing gender-based harm/violence, Afghanistan, March 2020","By country/Afghanistan/Country policy and information note- women fearing gender-based harm-violence, Afghanistan, March 2020 [59d3c7ded1bd].pdf",https://webarchive.nationalarchives.gov.uk/ukgwa/20210703103136/https://assets.publishing.service.gov.uk/government/uploads/system/uploads/attachment_data/file/873319/CPIN_-_Afghanistan_-_Women_fearing_GBV.pdf,59d3c7ded1bdd1ba0785dcc34d3f07d0ec76477469a9c82c6e03b19e9a6e7e70,53,631701
Afghanistan,"Country policy and information note: women fearing gender-based harm/violence, Afghanistan, March 2020","By country/Afghanistan/Country policy and information note- women fearing gender-based harm-violence, Afghanistan, March 2020 [59d3c7ded1bd].pdf",https://webarchive.nationalarchives.gov.uk/ukgwa/20210805201613/https://assets.publishing.service.gov.uk/government/uploads/system/uploads/attachment_data/file/873319/CPIN_-_Afghanistan_-_Women_fearing_GBV.pdf,59d3c7ded1bdd1ba0785dcc34d3f07d0ec76477469a9c82c6e03b19e9a6e7e70,53,631701
Afghanistan,"Country policy and information note: women fearing gender-based harm/violence, Afghanistan, March 2020","By country/Afghanistan/Country policy and information note- women fearing gender-based harm-violence, Afghanistan, March 2020 [59d3c7ded1bd].pdf",https://webarchive.nationalarchives.gov.uk/ukgwa/20210812145434/https://assets.publishing.service.gov.uk/government/uploads/system/uploads/attachment_data/file/873319/CPIN_-_Afghanistan_-_Women_fearing_GBV.pdf,59d3c7ded1bdd1ba0785dcc34d3f07d0ec76477469a9c82c6e03b19e9a6e7e70,53,631701
Afghanistan,"Country policy and information note: women fearing gender-based harm/violence, Afghanistan, March 2020","By country/Afghanistan/Country policy and information note- women fearing gender-based harm-violence, Afghanistan, March 2020 [59d3c7ded1bd].pdf",https://webarchive.nationalarchives.gov.uk/ukgwa/20210813154835/https://assets.publishing.service.gov.uk/government/uploads/system/uploads/attachment_data/file/873319/CPIN_-_Afghanistan_-_Women_fearing_GBV.pdf,59d3c7ded1bdd1ba0785dcc34d3f07d0ec76477469a9c82c6e03b19e9a6e7e70,53,631701
Afghanistan,"Country policy and information note: women fearing gender-based harm/violence, Afghanistan, March 2020","By country/Afghanistan/Country policy and information note- women fearing gender-based harm-violence, Afghanistan, March 2020 [59d3c7ded1bd].pdf",https://webarchive.nationalarchives.gov.uk/ukgwa/20200322162640/https://assets.publishing.service.gov.uk/government/uploads/system/uploads/attachment_data/file/873319/CPIN_-_Afghanistan_-_Women_fearing_GBV.pdf,59d3c7ded1bdd1ba0785dcc34d3f07d0ec76477469a9c82c6e03b19e9a6e7e70,53,631701
Afghanistan,"Country policy and information note: women fearing gender-based harm/violence, Afghanistan, March 2020","By country/Afghanistan/Country policy and information note- women fearing gender-based harm-violence, Afghanistan, March 2020 [59d3c7ded1bd].pdf",https://webarchive.nationalarchives.gov.uk/ukgwa/20200405030928/https://assets.publishing.service.gov.uk/government/uploads/system/uploads/attachment_data/file/873319/CPIN_-_Afghanistan_-_Women_fearing_GBV.pdf,59d3c7ded1bdd1ba0785dcc34d3f07d0ec76477469a9c82c6e03b19e9a6e7e70,53,631701
Afghanistan,"Country policy and information note: women fearing gender-based harm/violence, Afghanistan, March 2020","By country/Afghanistan/Country policy and information note- women fearing gender-based harm-violence, Afghanistan, March 2020 [59d3c7ded1bd].pdf",https://webarchive.nationalarchives.gov.uk/ukgwa/20200421094114/https://assets.publishing.service.gov.uk/government/uploads/system/uploads/attachment_data/file/873319/CPIN_-_Afghanistan_-_Women_fearing_GBV.pdf,59d3c7ded1bdd1ba0785dcc34d3f07d0ec76477469a9c82c6e03b19e9a6e7e70,53,631701
Afghanistan,"Country policy and information note: women fearing gender-based harm/violence, Afghanistan, March 2020","By country/Afghanistan/Country policy and information note- women fearing gender-based harm-violence, Afghanistan, March 2020 [59d3c7ded1bd].pdf",https://webarchive.nationalarchives.gov.uk/ukgwa/20200509234957/https://assets.publishing.service.gov.uk/government/uploads/system/uploads/attachment_data/file/873319/CPIN_-_Afghanistan_-_Women_fearing_GBV.pdf,59d3c7ded1bdd1ba0785dcc34d3f07d0ec76477469a9c82c6e03b19e9a6e7e70,53,631701
Afghanistan,"Country policy and information note: women fearing gender-based harm/violence, Afghanistan, March 2020","By country/Afghanistan/Country policy and information note- women fearing gender-based harm-violence, Afghanistan, March 2020 [59d3c7ded1bd].pdf",https://webarchive.nationalarchives.gov.uk/ukgwa/20200520015510/https://assets.publishing.service.gov.uk/government/uploads/system/uploads/attachment_data/file/873319/CPIN_-_Afghanistan_-_Women_fearing_GBV.pdf,59d3c7ded1bdd1ba0785dcc34d3f07d0ec76477469a9c82c6e03b19e9a6e7e70,53,631701
Afghanistan,"Country policy and information note: women fearing gender-based harm/violence, Afghanistan, March 2020","By country/Afghanistan/Country policy and information note- women fearing gender-based harm-violence, Afghanistan, March 2020 [59d3c7ded1bd].pdf",https://webarchive.nationalarchives.gov.uk/ukgwa/20200608235930/https://assets.publishing.service.gov.uk/government/uploads/system/uploads/attachment_data/file/873319/CPIN_-_Afghanistan_-_Women_fearing_GBV.pdf,59d3c7ded1bdd1ba0785dcc34d3f07d0ec76477469a9c82c6e03b19e9a6e7e70,53,631701
Afghanistan,"Country policy and information note: women fearing gender-based harm/violence, Afghanistan, March 2020","By country/Afghanistan/Country policy and information note- women fearing gender-based harm-violence, Afghanistan, March 2020 [59d3c7ded1bd].pdf",https://webarchive.nationalarchives.gov.uk/ukgwa/20200624025815/https://assets.publishing.service.gov.uk/government/uploads/system/uploads/attachment_data/file/873319/CPIN_-_Afghanistan_-_Women_fearing_GBV.pdf,59d3c7ded1bdd1ba0785dcc34d3f07d0ec76477469a9c82c6e03b19e9a6e7e70,53,631701
Afghanistan,"Country policy and information note: women fearing gender-based harm/violence, Afghanistan, March 2020","By country/Afghanistan/Country policy and information note- women fearing gender-based harm-violence, Afghanistan, March 2020 [59d3c7ded1bd].pdf",https://webarchive.nationalarchives.gov.uk/ukgwa/20200710185623/https://assets.publishing.service.gov.uk/government/uploads/system/uploads/attachment_data/file/873319/CPIN_-_Afghanistan_-_Women_fearing_GBV.pdf,59d3c7ded1bdd1ba0785dcc34d3f07d0ec76477469a9c82c6e03b19e9a6e7e70,53,631701
Afghanistan,"Country policy and information note: women fearing gender-based harm/violence, Afghanistan, March 2020","By country/Afghanistan/Country policy and information note- women fearing gender-based harm-violence, Afghanistan, March 2020 [59d3c7ded1bd].pdf",https://webarchive.nationalarchives.gov.uk/ukgwa/20200806065824/https://assets.publishing.service.gov.uk/government/uploads/system/uploads/attachment_data/file/873319/CPIN_-_Afghanistan_-_Women_fearing_GBV.pdf,59d3c7ded1bdd1ba0785dcc34d3f07d0ec76477469a9c82c6e03b19e9a6e7e70,53,631701
Afghanistan,"Country policy and information note: women fearing gender-based harm/violence, Afghanistan, March 2020","By country/Afghanistan/Country policy and information note- women fearing gender-based harm-violence, Afghanistan, March 2020 [59d3c7ded1bd].pdf",https://webarchive.nationalarchives.gov.uk/ukgwa/20200915112936/https://assets.publishing.service.gov.uk/government/uploads/system/uploads/attachment_data/file/873319/CPIN_-_Afghanistan_-_Women_fearing_GBV.pdf,59d3c7ded1bdd1ba0785dcc34d3f07d0ec76477469a9c82c6e03b19e9a6e7e70,53,631701
Afghanistan,"Country policy and information note: women fearing gender-based harm/violence, Afghanistan, March 2020","By country/Afghanistan/Country policy and information note- women fearing gender-based harm-violence, Afghanistan, March 2020 [59d3c7ded1bd].pdf",https://webarchive.nationalarchives.gov.uk/ukgwa/20201005044341/https://assets.publishing.service.gov.uk/government/uploads/system/uploads/attachment_data/file/873319/CPIN_-_Afghanistan_-_Women_fearing_GBV.pdf,59d3c7ded1bdd1ba0785dcc34d3f07d0ec76477469a9c82c6e03b19e9a6e7e70,53,631701
Afghanistan,"Country policy and information note: women fearing gender-based harm/violence, Afghanistan, March 2020","By country/Afghanistan/Country policy and information note- women fearing gender-based harm-violence, Afghanistan, March 2020 [59d3c7ded1bd].pdf",https://webarchive.nationalarchives.gov.uk/ukgwa/20201109125837/https://assets.publishing.service.gov.uk/government/uploads/system/uploads/attachment_data/file/873319/CPIN_-_Afghanistan_-_Women_fearing_GBV.pdf,59d3c7ded1bdd1ba0785dcc34d3f07d0ec76477469a9c82c6e03b19e9a6e7e70,53,631701
Afghanistan,"Country policy and information note: women fearing gender-based harm/violence, Afghanistan, March 2020","By country/Afghanistan/Country policy and information note- women fearing gender-based harm-violence, Afghanistan, March 2020 [59d3c7ded1bd].pdf",https://webarchive.nationalarchives.gov.uk/ukgwa/20201126112912/https://assets.publishing.service.gov.uk/government/uploads/system/uploads/attachment_data/file/873319/CPIN_-_Afghanistan_-_Women_fearing_GBV.pdf,59d3c7ded1bdd1ba0785dcc34d3f07d0ec76477469a9c82c6e03b19e9a6e7e70,53,631701
Afghanistan,"Country policy and information note: women fearing gender-based harm/violence, Afghanistan, March 2020","By country/Afghanistan/Country policy and information note- women fearing gender-based harm-violence, Afghanistan, March 2020 [59d3c7ded1bd].pdf",https://webarchive.nationalarchives.gov.uk/ukgwa/20201127045716/https://assets.publishing.service.gov.uk/government/uploads/system/uploads/attachment_data/file/873319/CPIN_-_Afghanistan_-_Women_fearing_GBV.pdf,59d3c7ded1bdd1ba0785dcc34d3f07d0ec76477469a9c82c6e03b19e9a6e7e70,53,631701
Afghanistan,"Country policy and information note: women fearing gender-based harm/violence, Afghanistan, March 2020","By country/Afghanistan/Country policy and information note- women fearing gender-based harm-violence, Afghanistan, March 2020 [59d3c7ded1bd].pdf",https://webarchive.nationalarchives.gov.uk/ukgwa/20201201095615/https://assets.publishing.service.gov.uk/government/uploads/system/uploads/attachment_data/file/873319/CPIN_-_Afghanistan_-_Women_fearing_GBV.pdf,59d3c7ded1bdd1ba0785dcc34d3f07d0ec76477469a9c82c6e03b19e9a6e7e70,53,631701
Afghanistan,"Country policy and information note: women fearing gender-based harm/violence, Afghanistan, March 2020","By country/Afghanistan/Country policy and information note- women fearing gender-based harm-violence, Afghanistan, March 2020 [59d3c7ded1bd].pdf",https://webarchive.nationalarchives.gov.uk/ukgwa/20201203062247/https://assets.publishing.service.gov.uk/government/uploads/system/uploads/attachment_data/file/873319/CPIN_-_Afghanistan_-_Women_fearing_GBV.pdf,59d3c7ded1bdd1ba0785dcc34d3f07d0ec76477469a9c82c6e03b19e9a6e7e70,53,631701
Afghanistan,"Country policy and information note: women fearing gender-based harm/violence, Afghanistan, March 2020","By country/Afghanistan/Country policy and information note- women fearing gender-based harm-violence, Afghanistan, March 2020 [59d3c7ded1bd].pdf",https://webarchive.nationalarchives.gov.uk/ukgwa/20201203122933/https://assets.publishing.service.gov.uk/government/uploads/system/uploads/attachment_data/file/873319/CPIN_-_Afghanistan_-_Women_fearing_GBV.pdf,59d3c7ded1bdd1ba0785dcc34d3f07d0ec76477469a9c82c6e03b19e9a6e7e70,53,631701
Afghanistan,"Country policy and information note: women fearing gender-based harm/violence, Afghanistan, March 2020","By country/Afghanistan/Country policy and information note- women fearing gender-based harm-violence, Afghanistan, March 2020 [59d3c7ded1bd].pdf",https://webarchive.nationalarchives.gov.uk/ukgwa/20201204110952/https://assets.publishing.service.gov.uk/government/uploads/system/uploads/attachment_data/file/873319/CPIN_-_Afghanistan_-_Women_fearing_GBV.pdf,59d3c7ded1bdd1ba0785dcc34d3f07d0ec76477469a9c82c6e03b19e9a6e7e70,53,631701
Afghanistan,"Country policy and information note: women fearing gender-based harm/violence, Afghanistan, March 2020","By country/Afghanistan/Country policy and information note- women fearing gender-based harm-violence, Afghanistan, March 2020 [59d3c7ded1bd].pdf",https://webarchive.nationalarchives.gov.uk/ukgwa/20201208041459/https://assets.publishing.service.gov.uk/government/uploads/system/uploads/attachment_data/file/873319/CPIN_-_Afghanistan_-_Women_fearing_GBV.pdf,59d3c7ded1bdd1ba0785dcc34d3f07d0ec76477469a9c82c6e03b19e9a6e7e70,53,631701
Afghanistan,"Country policy and information note: women fearing gender-based harm/violence, Afghanistan, March 2020","By country/Afghanistan/Country policy and information note- women fearing gender-based harm-violence, Afghanistan, March 2020 [59d3c7ded1bd].pdf",https://webarchive.nationalarchives.gov.uk/ukgwa/20201209081352/https://assets.publishing.service.gov.uk/government/uploads/system/uploads/attachment_data/file/873319/CPIN_-_Afghanistan_-_Women_fearing_GBV.pdf,59d3c7ded1bdd1ba0785dcc34d3f07d0ec76477469a9c82c6e03b19e9a6e7e70,53,631701
Afghanistan,"Country policy and information note: women fearing gender-based harm/violence, Afghanistan, March 2020","By country/Afghanistan/Country policy and information note- women fearing gender-based harm-violence, Afghanistan, March 2020 [59d3c7ded1bd].pdf",https://webarchive.nationalarchives.gov.uk/ukgwa/20201210102837/https://assets.publishing.service.gov.uk/government/uploads/system/uploads/attachment_data/file/873319/CPIN_-_Afghanistan_-_Women_fearing_GBV.pdf,59d3c7ded1bdd1ba0785dcc34d3f07d0ec76477469a9c82c6e03b19e9a6e7e70,53,631701
Afghanistan,"Country policy and information note: women fearing gender-based harm/violence, Afghanistan, March 2020","By country/Afghanistan/Country policy and information note- women fearing gender-based harm-violence, Afghanistan, March 2020 [59d3c7ded1bd].pdf",https://webarchive.nationalarchives.gov.uk/ukgwa/20201211015613/https://assets.publishing.service.gov.uk/government/uploads/system/uploads/attachment_data/file/873319/CPIN_-_Afghanistan_-_Women_fearing_GBV.pdf,59d3c7ded1bdd1ba0785dcc34d3f07d0ec76477469a9c82c6e03b19e9a6e7e70,53,631701
Afghanistan,"Country policy and information note: women fearing gender-based harm/violence, Afghanistan, March 2020","By country/Afghanistan/Country policy and information note- women fearing gender-based harm-violence, Afghanistan, March 2020 [59d3c7ded1bd].pdf",https://webarchive.nationalarchives.gov.uk/ukgwa/20201227201725/https://assets.publishing.service.gov.uk/government/uploads/system/uploads/attachment_data/file/873319/CPIN_-_Afghanistan_-_Women_fearing_GBV.pdf,59d3c7ded1bdd1ba0785dcc34d3f07d0ec76477469a9c82c6e03b19e9a6e7e70,53,631701
Afghanistan,"Country policy and information note: women fearing gender-based harm/violence, Afghanistan, March 2020","By country/Afghanistan/Country policy and information note- women fearing gender-based harm-violence, Afghanistan, March 2020 [59d3c7ded1bd].pdf",https://webarchive.nationalarchives.gov.uk/ukgwa/20201230093623/https://assets.publishing.service.gov.uk/government/uploads/system/uploads/attachment_data/file/873319/CPIN_-_Afghanistan_-_Women_fearing_GBV.pdf,59d3c7ded1bdd1ba0785dcc34d3f07d0ec76477469a9c82c6e03b19e9a6e7e70,53,631701
Afghanistan,"Country policy and information note: women fearing gender-based harm/violence, Afghanistan, March 2020","By country/Afghanistan/Country policy and information note- women fearing gender-based harm-violence, Afghanistan, March 2020 [59d3c7ded1bd].pdf",https://webarchive.nationalarchives.gov.uk/ukgwa/20201231094317/https://assets.publishing.service.gov.uk/government/uploads/system/uploads/attachment_data/file/873319/CPIN_-_Afghanistan_-_Women_fearing_GBV.pdf,59d3c7ded1bdd1ba0785dcc34d3f07d0ec76477469a9c82c6e03b19e9a6e7e70,53,631701
Afghanistan,"Country Background Note: Afghanistan, December 2020","By country/Afghanistan/Country Background Note- Afghanistan, December 2020 [a2d864d78f9e].pdf",https://webarchive.nationalarchives.gov.uk/ukgwa/20210101153733/https://assets.publishing.service.gov.uk/government/uploads/system/uploads/attachment_data/file/944065/Afghanistan-Background_Note-v1.0.pdf,a2d864d78f9eb0514794dc1e2d7537f59faae137cd6373fead940ba4b1382208,46,619611
Afghanistan,"Country Background Note: Afghanistan, December 2020","By country/Afghanistan/Country Background Note- Afghanistan, December 2020 [a2d864d78f9e].pdf",https://webarchive.nationalarchives.gov.uk/ukgwa/20210105130818/https://assets.publishing.service.gov.uk/government/uploads/system/uploads/attachment_data/file/944065/Afghanistan-Background_Note-v1.0.pdf,a2d864d78f9eb0514794dc1e2d7537f59faae137cd6373fead940ba4b1382208,46,619611
Afghanistan,"Country Background Note: Afghanistan, December 2020","By country/Afghanistan/Country Background Note- Afghanistan, December 2020 [a2d864d78f9e].pdf",https://webarchive.nationalarchives.gov.uk/ukgwa/20210106130317/https://assets.publishing.service.gov.uk/government/uploads/system/uploads/attachment_data/file/944065/Afghanistan-Background_Note-v1.0.pdf,a2d864d78f9eb0514794dc1e2d7537f59faae137cd6373fead940ba4b1382208,46,619611
Afghanistan,"Country Background Note: Afghanistan, December 2020","By country/Afghanistan/Country Background Note- Afghanistan, December 2020 [a2d864d78f9e].pdf",https://webarchive.nationalarchives.gov.uk/ukgwa/20210107181435/https://assets.publishing.service.gov.uk/government/uploads/system/uploads/attachment_data/file/944065/Afghanistan-Background_Note-v1.0.pdf,a2d864d78f9eb0514794dc1e2d7537f59faae137cd6373fead940ba4b1382208,46,619611
Afghanistan,"Country Background Note: Afghanistan, December 2020","By country/Afghanistan/Country Background Note- Afghanistan, December 2020 [a2d864d78f9e].pdf",https://webarchive.nationalarchives.gov.uk/ukgwa/20210107192904/https://assets.publishing.service.gov.uk/government/uploads/system/uploads/attachment_data/file/944065/Afghanistan-Background_Note-v1.0.pdf,a2d864d78f9eb0514794dc1e2d7537f59faae137cd6373fead940ba4b1382208,46,619611
Afghanistan,"Country Background Note: Afghanistan, December 2020","By country/Afghanistan/Country Background Note- Afghanistan, December 2020 [a2d864d78f9e].pdf",https://webarchive.nationalarchives.gov.uk/ukgwa/20210108124933/https://assets.publishing.service.gov.uk/government/uploads/system/uploads/attachment_data/file/944065/Afghanistan-Background_Note-v1.0.pdf,a2d864d78f9eb0514794dc1e2d7537f59faae137cd6373fead940ba4b1382208,46,619611
Afghanistan,"Country Background Note: Afghanistan, December 2020","By country/Afghanistan/Country Background Note- Afghanistan, December 2020 [a2d864d78f9e].pdf",https://webarchive.nationalarchives.gov.uk/ukgwa/20210204030553/https://assets.publishing.service.gov.uk/government/uploads/system/uploads/attachment_data/file/944065/Afghanistan-Background_Note-v1.0.pdf,a2d864d78f9eb0514794dc1e2d7537f59faae137cd6373fead940ba4b1382208,46,619611
Afghanistan,"Country Background Note: Afghanistan, December 2020","By country/Afghanistan/Country Background Note- Afghanistan, December 2020 [a2d864d78f9e].pdf",https://webarchive.nationalarchives.gov.uk/ukgwa/20210303141445/https://assets.publishing.service.gov.uk/government/uploads/system/uploads/attachment_data/file/944065/Afghanistan-Background_Note-v1.0.pdf,a2d864d78f9eb0514794dc1e2d7537f59faae137cd6373fead940ba4b1382208,46,619611
Afghanistan,"Country Background Note: Afghanistan, December 2020","By country/Afghanistan/Country Background Note- Afghanistan, December 2020 [a2d864d78f9e].pdf",https://webarchive.nationalarchives.gov.uk/ukgwa/20210404035305/https://assets.publishing.service.gov.uk/government/uploads/system/uploads/attachment_data/file/944065/Afghanistan-Background_Note-v1.0.pdf,a2d864d78f9eb0514794dc1e2d7537f59faae137cd6373fead940ba4b1382208,46,619611
Afghanistan,"Country Background Note: Afghanistan, December 2020","By country/Afghanistan/Country Background Note- Afghanistan, December 2020 [a2d864d78f9e].pdf",https://webarchive.nationalarchives.gov.uk/ukgwa/20210409015501/https://assets.publishing.service.gov.uk/government/uploads/system/uploads/attachment_data/file/944065/Afghanistan-Background_Note-v1.0.pdf,a2d864d78f9eb0514794dc1e2d7537f59faae137cd6373fead940ba4b1382208,46,619611
Afghanistan,"Country Background Note: Afghanistan, December 2020","By country/Afghanistan/Country Background Note- Afghanistan, December 2020 [a2d864d78f9e].pdf",https://webarchive.nationalarchives.gov.uk/ukgwa/20210506135624/https://assets.publishing.service.gov.uk/government/uploads/system/uploads/attachment_data/file/944065/Afghanistan-Background_Note-v1.0.pdf,a2d864d78f9eb0514794dc1e2d7537f59faae137cd6373fead940ba4b1382208,46,619611
Afghanistan,"Country Background Note: Afghanistan, December 2020","By country/Afghanistan/Country Background Note- Afghanistan, December 2020 [a2d864d78f9e].pdf",https://webarchive.nationalarchives.gov.uk/ukgwa/20210518114539/https://assets.publishing.service.gov.uk/government/uploads/system/uploads/attachment_data/file/944065/Afghanistan-Background_Note-v1.0.pdf,a2d864d78f9eb0514794dc1e2d7537f59faae137cd6373fead940ba4b1382208,46,619611
Afghanistan,"Country Background Note: Afghanistan, December 2020","By country/Afghanistan/Country Background Note- Afghanistan, December 2020 [a2d864d78f9e].pdf",https://webarchive.nationalarchives.gov.uk/ukgwa/20210615160125/https://assets.publishing.service.gov.uk/government/uploads/system/uploads/attachment_data/file/944065/Afghanistan-Background_Note-v1.0.pdf,a2d864d78f9eb0514794dc1e2d7537f59faae137cd6373fead940ba4b1382208,46,619611
Afghanistan,"Country Background Note: Afghanistan, December 2020","By country/Afghanistan/Country Background Note- Afghanistan, December 2020 [a2d864d78f9e].pdf",https://webarchive.nationalarchives.gov.uk/ukgwa/20210618013741/https://assets.publishing.service.gov.uk/government/uploads/system/uploads/attachment_data/file/944065/Afghanistan-Background_Note-v1.0.pdf,a2d864d78f9eb0514794dc1e2d7537f59faae137cd6373fead940ba4b1382208,46,619611
Afghanistan,"Country Background Note: Afghanistan, December 2020","By country/Afghanistan/Country Background Note- Afghanistan, December 2020 [a2d864d78f9e].pdf",https://webarchive.nationalarchives.gov.uk/ukgwa/20210618192844/https://assets.publishing.service.gov.uk/government/uploads/system/uploads/attachment_data/file/944065/Afghanistan-Background_Note-v1.0.pdf,a2d864d78f9eb0514794dc1e2d7537f59faae137cd6373fead940ba4b1382208,46,619611
Afghanistan,"Country Background Note: Afghanistan, December 2020","By country/Afghanistan/Country Background Note- Afghanistan, December 2020 [a2d864d78f9e].pdf",https://webarchive.nationalarchives.gov.uk/ukgwa/20210622144424/https://assets.publishing.service.gov.uk/government/uploads/system/uploads/attachment_data/file/944065/Afghanistan-Background_Note-v1.0.pdf,a2d864d78f9eb0514794dc1e2d7537f59faae137cd6373fead940ba4b1382208,46,619611
Afghanistan,"Country Background Note: Afghanistan, December 2020","By country/Afghanistan/Country Background Note- Afghanistan, December 2020 [a2d864d78f9e].pdf",https://webarchive.nationalarchives.gov.uk/ukgwa/20210703103441/https://assets.publishing.service.gov.uk/government/uploads/system/uploads/attachment_data/file/944065/Afghanistan-Background_Note-v1.0.pdf,a2d864d78f9eb0514794dc1e2d7537f59faae137cd6373fead940ba4b1382208,46,619611
Afghanistan,"Country Background Note: Afghanistan, December 2020","By country/Afghanistan/Country Background Note- Afghanistan, December 2020 [a2d864d78f9e].pdf",https://webarchive.nationalarchives.gov.uk/ukgwa/20210805204558/https://assets.publishing.service.gov.uk/government/uploads/system/uploads/attachment_data/file/944065/Afghanistan-Background_Note-v1.0.pdf,a2d864d78f9eb0514794dc1e2d7537f59faae137cd6373fead940ba4b1382208,46,619611
Afghanistan,"Country Background Note: Afghanistan, December 2020","By country/Afghanistan/Country Background Note- Afghanistan, December 2020 [a2d864d78f9e].pdf",https://webarchive.nationalarchives.gov.uk/ukgwa/20210812145431/https://assets.publishing.service.gov.uk/government/uploads/system/uploads/attachment_data/file/944065/Afghanistan-Background_Note-v1.0.pdf,a2d864d78f9eb0514794dc1e2d7537f59faae137cd6373fead940ba4b1382208,46,619611
Afghanistan,"Country Background Note: Afghanistan, December 2020","By country/Afghanistan/Country Background Note- Afghanistan, December 2020 [a2d864d78f9e].pdf",https://webarchive.nationalarchives.gov.uk/ukgwa/20210813154509/https://assets.publishing.service.gov.uk/government/uploads/system/uploads/attachment_data/file/944065/Afghanistan-Background_Note-v1.0.pdf,a2d864d78f9eb0514794dc1e2d7537f59faae137cd6373fead940ba4b1382208,46,619611
Afghanistan,"Country Background Note: Afghanistan, December 2020","By country/Afghanistan/Country Background Note- Afghanistan, December 2020 [a2d864d78f9e].pdf",https://webarchive.nationalarchives.gov.uk/ukgwa/20201227213359/https://assets.publishing.service.gov.uk/government/uploads/system/uploads/attachment_data/file/944065/Afghanistan-Background_Note-v1.0.pdf,a2d864d78f9eb0514794dc1e2d7537f59faae137cd6373fead940ba4b1382208,46,619611
Afghanistan,"Country Background Note: Afghanistan, December 2020","By country/Afghanistan/Country Background Note- Afghanistan, December 2020 [a2d864d78f9e].pdf",https://webarchive.nationalarchives.gov.uk/ukgwa/20201230090904/https://assets.publishing.service.gov.uk/government/uploads/system/uploads/attachment_data/file/944065/Afghanistan-Background_Note-v1.0.pdf,a2d864d78f9eb0514794dc1e2d7537f59faae137cd6373fead940ba4b1382208,46,619611
Afghanistan,"Country Background Note: Afghanistan, December 2020","By country/Afghanistan/Country Background Note- Afghanistan, December 2020 [a2d864d78f9e].pdf",https://webarchive.nationalarchives.gov.uk/ukgwa/20201231100944/https://assets.publishing.service.gov.uk/government/uploads/system/uploads/attachment_data/file/944065/Afghanistan-Background_Note-v1.0.pdf,a2d864d78f9eb0514794dc1e2d7537f59faae137cd6373fead940ba4b1382208,46,619611
Albania,"Country information and guidance: background information, including actors of protection and internal relocation, Albania, August 2015","By country/Albania/Country information and guidance- background information, including actors of protection and internal relocation, Albania, August 2015 [30ae04ed5d11].pdf",https://webarchive.nationalarchives.gov.uk/ukgwa/20170207115744/https://www.gov.uk/government/uploads/system/uploads/attachment_data/file/565466/CIG-Albania-Background-information-v1-August-2015.pdf,30ae04ed5d111bdf03ae1f8870b3cad3c2d452818fa49dfad0fb55422cb7a442,33,372761
Albania,"Country information and guidance: background information, including actors of protection and internal relocation, Albania, August 2015","By country/Albania/Country information and guidance- background information, including actors of protection and internal relocation, Albania, August 2015 [30ae04ed5d11].pdf",https://webarchive.nationalarchives.gov.uk/ukgwa/20170210163915/https://www.gov.uk/government/uploads/system/uploads/attachment_data/file/565466/CIG-Albania-Background-information-v1-August-2015.pdf,30ae04ed5d111bdf03ae1f8870b3cad3c2d452818fa49dfad0fb55422cb7a442,33,372761
Albania,"Country information and guidance: background information, including actors of protection and internal relocation, Albania, August 2015","By country/Albania/Country information and guidance- background information, including actors of protection and internal relocation, Albania, August 2015 [30ae04ed5d11].pdf",https://webarchive.nationalarchives.gov.uk/ukgwa/20170426094023/https://www.gov.uk/government/uploads/system/uploads/attachment_data/file/565466/CIG-Albania-Background-information-v1-August-2015.pdf,30ae04ed5d111bdf03ae1f8870b3cad3c2d452818fa49dfad0fb55422cb7a442,33,372761
Albania,"Country information and guidance: background information, including actors of protection and internal relocation, Albania, August 2015","By country/Albania/Country information and guidance- background information, including actors of protection and internal relocation, Albania, August 2015 [30ae04ed5d11].pdf",https://webarchive.nationalarchives.gov.uk/ukgwa/20170524034939/https://www.gov.uk/government/uploads/system/uploads/attachment_data/file/565466/CIG-Albania-Background-information-v1-August-2015.pdf,30ae04ed5d111bdf03ae1f8870b3cad3c2d452818fa49dfad0fb55422cb7a442,33,372761
Albania,"Country information and guidance: background information, including actors of protection and internal relocation, Albania, August 2015","By country/Albania/Country information and guidance- background information, including actors of protection and internal relocation, Albania, August 2015 [30ae04ed5d11].pdf",https://webarchive.nationalarchives.gov.uk/ukgwa/20170622004817/https://www.gov.uk/government/uploads/system/uploads/attachment_data/file/565466/CIG-Albania-Background-information-v1-August-2015.pdf,30ae04ed5d111bdf03ae1f8870b3cad3c2d452818fa49dfad0fb55422cb7a442,33,372761
Albania,"Country information and guidance: background information, including actors of protection and internal relocation, Albania, August 2015","By country/Albania/Country information and guidance- background information, including actors of protection and internal relocation, Albania, August 2015 [30ae04ed5d11].pdf",https://webarchive.nationalarchives.gov.uk/ukgwa/20161221094137/https://www.gov.uk/government/uploads/system/uploads/attachment_data/file/565466/CIG-Albania-Background-information-v1-August-2015.pdf,30ae04ed5d111bdf03ae1f8870b3cad3c2d452818fa49dfad0fb55422cb7a442,33,372761
Albania,"Country information and guidance: blood feuds, Albania, July 2016","By country/Albania/Country information and guidance- blood feuds, Albania, July 2016 [a2be0d9b3175].pdf",https://webarchive.nationalarchives.gov.uk/ukgwa/20180106095206/https://www.gov.uk/government/uploads/system/uploads/attachment_data/file/565464/CIG-Albania-Blood-feuds-v2-July-2016.pdf,a2be0d9b31752f2484fb56edaac4a585ada9fe6b6f37e49edb923ad56863fd2a,43,732545
Albania,"Country information and guidance: blood feuds, Albania, July 2016","By country/Albania/Country information and guidance- blood feuds, Albania, July 2016 [a2be0d9b3175].pdf",https://webarchive.nationalarchives.gov.uk/ukgwa/20180302020257/https://www.gov.uk/government/uploads/system/uploads/attachment_data/file/565464/CIG-Albania-Blood-feuds-v2-July-2016.pdf,a2be0d9b31752f2484fb56edaac4a585ada9fe6b6f37e49edb923ad56863fd2a,43,732545
Albania,"Country information and guidance: blood feuds, Albania, July 2016","By country/Albania/Country information and guidance- blood feuds, Albania, July 2016 [a2be0d9b3175].pdf",https://webarchive.nationalarchives.gov.uk/ukgwa/20180311005723/https://www.gov.uk/government/uploads/system/uploads/attachment_data/file/565464/CIG-Albania-Blood-feuds-v2-July-2016.pdf,a2be0d9b31752f2484fb56edaac4a585ada9fe6b6f37e49edb923ad56863fd2a,43,732545
Albania,"Country information and guidance: blood feuds, Albania, July 2016","By country/Albania/Country information and guidance- blood feuds, Albania, July 2016 [a2be0d9b3175].pdf",https://webarchive.nationalarchives.gov.uk/ukgwa/20170207115738/https://www.gov.uk/government/uploads/system/uploads/attachment_data/file/565464/CIG-Albania-Blood-feuds-v2-July-2016.pdf,a2be0d9b31752f2484fb56edaac4a585ada9fe6b6f37e49edb923ad56863fd2a,43,732545
Albania,"Country information and guidance: blood feuds, Albania, July 2016","By country/Albania/Country information and guidance- blood feuds, Albania, July 2016 [a2be0d9b3175].pdf",https://webarchive.nationalarchives.gov.uk/ukgwa/20170210163910/https://www.gov.uk/government/uploads/system/uploads/attachment_data/file/565464/CIG-Albania-Blood-feuds-v2-July-2016.pdf,a2be0d9b31752f2484fb56edaac4a585ada9fe6b6f37e49edb923ad56863fd2a,43,732545
Albania,"Country information and guidance: blood feuds, Albania, July 2016","By country/Albania/Country information and guidance- blood feuds, Albania, July 2016 [a2be0d9b3175].pdf",https://webarchive.nationalarchives.gov.uk/ukgwa/20170426094018/https://www.gov.uk/government/uploads/system/uploads/attachment_data/file/565464/CIG-Albania-Blood-feuds-v2-July-2016.pdf,a2be0d9b31752f2484fb56edaac4a585ada9fe6b6f37e49edb923ad56863fd2a,43,732545
Albania,"Country information and guidance: blood feuds, Albania, July 2016","By country/Albania/Country information and guidance- blood feuds, Albania, July 2016 [a2be0d9b3175].pdf",https://webarchive.nationalarchives.gov.uk/ukgwa/20170524034934/https://www.gov.uk/government/uploads/system/uploads/attachment_data/file/565464/CIG-Albania-Blood-feuds-v2-July-2016.pdf,a2be0d9b31752f2484fb56edaac4a585ada9fe6b6f37e49edb923ad56863fd2a,43,732545
Albania,"Country information and guidance: blood feuds, Albania, July 2016","By country/Albania/Country information and guidance- blood feuds, Albania, July 2016 [a2be0d9b3175].pdf",https://webarchive.nationalarchives.gov.uk/ukgwa/20170622004813/https://www.gov.uk/government/uploads/system/uploads/attachment_data/file/565464/CIG-Albania-Blood-feuds-v2-July-2016.pdf,a2be0d9b31752f2484fb56edaac4a585ada9fe6b6f37e49edb923ad56863fd2a,43,732545
Albania,"Country information and guidance: blood feuds, Albania, July 2016","By country/Albania/Country information and guidance- blood feuds, Albania, July 2016 [a2be0d9b3175].pdf",https://webarchive.nationalarchives.gov.uk/ukgwa/20170804225931/https://www.gov.uk/government/uploads/system/uploads/attachment_data/file/565464/CIG-Albania-Blood-feuds-v2-July-2016.pdf,a2be0d9b31752f2484fb56edaac4a585ada9fe6b6f37e49edb923ad56863fd2a,43,732545
Albania,"Country information and guidance: blood feuds, Albania, July 2016","By country/Albania/Country information and guidance- blood feuds, Albania, July 2016 [a2be0d9b3175].pdf",https://webarchive.nationalarchives.gov.uk/ukgwa/20171013050128/https://www.gov.uk/government/uploads/system/uploads/attachment_data/file/565464/CIG-Albania-Blood-feuds-v2-July-2016.pdf,a2be0d9b31752f2484fb56edaac4a585ada9fe6b6f37e49edb923ad56863fd2a,43,732545
Albania,"Country information and guidance: blood feuds, Albania, July 2016","By country/Albania/Country information and guidance- blood feuds, Albania, July 2016 [a2be0d9b3175].pdf",https://webarchive.nationalarchives.gov.uk/ukgwa/20171111141323/https://www.gov.uk/government/uploads/system/uploads/attachment_data/file/565464/CIG-Albania-Blood-feuds-v2-July-2016.pdf,a2be0d9b31752f2484fb56edaac4a585ada9fe6b6f37e49edb923ad56863fd2a,43,732545
Albania,"Country information and guidance: blood feuds, Albania, July 2016","By country/Albania/Country information and guidance- blood feuds, Albania, July 2016 [a2be0d9b3175].pdf",https://webarchive.nationalarchives.gov.uk/ukgwa/20171216215639/https://www.gov.uk/government/uploads/system/uploads/attachment_data/file/565464/CIG-Albania-Blood-feuds-v2-July-2016.pdf,a2be0d9b31752f2484fb56edaac4a585ada9fe6b6f37e49edb923ad56863fd2a,43,732545
Albania,"Country information and guidance: blood feuds, Albania, July 2016","By country/Albania/Country information and guidance- blood feuds, Albania, July 2016 [a2be0d9b3175].pdf",https://webarchive.nationalarchives.gov.uk/ukgwa/20161221094133/https://www.gov.uk/government/uploads/system/uploads/attachment_data/file/565464/CIG-Albania-Blood-feuds-v2-July-2016.pdf,a2be0d9b31752f2484fb56edaac4a585ada9fe6b6f37e49edb923ad56863fd2a,43,732545
Albania,"Country information and guidance: female victims of trafficking, Albania, July 2016","By country/Albania/Country information and guidance- female victims of trafficking, Albania, July 2016 [2b7e5eed8851].pdf",https://webarchive.nationalarchives.gov.uk/ukgwa/20180106095821/https://www.gov.uk/government/uploads/system/uploads/attachment_data/file/565463/CIG-Albania-trafficking-v5-July-2016.pdf,2b7e5eed885133157ed02762959b512d99d74455636f41fbba10da3b2d8b79c9,28,414534
Albania,"Country information and guidance: female victims of trafficking, Albania, July 2016","By country/Albania/Country information and guidance- female victims of trafficking, Albania, July 2016 [2b7e5eed8851].pdf",https://webarchive.nationalarchives.gov.uk/ukgwa/20180302025223/https://www.gov.uk/government/uploads/system/uploads/attachment_data/file/565463/CIG-Albania-trafficking-v5-July-2016.pdf,2b7e5eed885133157ed02762959b512d99d74455636f41fbba10da3b2d8b79c9,28,414534
Albania,"Country information and guidance: female victims of trafficking, Albania, July 2016","By country/Albania/Country information and guidance- female victims of trafficking, Albania, July 2016 [2b7e5eed8851].pdf",https://webarchive.nationalarchives.gov.uk/ukgwa/20180311005644/https://www.gov.uk/government/uploads/system/uploads/attachment_data/file/565463/CIG-Albania-trafficking-v5-July-2016.pdf,2b7e5eed885133157ed02762959b512d99d74455636f41fbba10da3b2d8b79c9,28,414534
Albania,"Country information and guidance: female victims of trafficking, Albania, July 2016","By country/Albania/Country information and guidance- female victims of trafficking, Albania, July 2016 [2b7e5eed8851].pdf",https://webarchive.nationalarchives.gov.uk/ukgwa/20170207115736/https://www.gov.uk/government/uploads/system/uploads/attachment_data/file/565463/CIG-Albania-trafficking-v5-July-2016.pdf,2b7e5eed885133157ed02762959b512d99d74455636f41fbba10da3b2d8b79c9,28,414534
Albania,"Country information and guidance: female victims of trafficking, Albania, July 2016","By country/Albania/Country information and guidance- female victims of trafficking, Albania, July 2016 [2b7e5eed8851].pdf",https://webarchive.nationalarchives.gov.uk/ukgwa/20170210163908/https://www.gov.uk/government/uploads/system/uploads/attachment_data/file/565463/CIG-Albania-trafficking-v5-July-2016.pdf,2b7e5eed885133157ed02762959b512d99d74455636f41fbba10da3b2d8b79c9,28,414534
Albania,"Country information and guidance: female victims of trafficking, Albania, July 2016","By country/Albania/Country information and guidance- female victims of trafficking, Albania, July 2016 [2b7e5eed8851].pdf",https://webarchive.nationalarchives.gov.uk/ukgwa/20170426094016/https://www.gov.uk/government/uploads/system/uploads/attachment_data/file/565463/CIG-Albania-trafficking-v5-July-2016.pdf,2b7e5eed885133157ed02762959b512d99d74455636f41fbba10da3b2d8b79c9,28,414534
Albania,"Country information and guidance: female victims of trafficking, Albania, July 2016","By country/Albania/Country information and guidance- female victims of trafficking, Albania, July 2016 [2b7e5eed8851].pdf",https://webarchive.nationalarchives.gov.uk/ukgwa/20170524034932/https://www.gov.uk/government/uploads/system/uploads/attachment_data/file/565463/CIG-Albania-trafficking-v5-July-2016.pdf,2b7e5eed885133157ed02762959b512d99d74455636f41fbba10da3b2d8b79c9,28,414534
Albania,"Country information and guidance: female victims of trafficking, Albania, July 2016","By country/Albania/Country information and guidance- female victims of trafficking, Albania, July 2016 [2b7e5eed8851].pdf",https://webarchive.nationalarchives.gov.uk/ukgwa/20170622004810/https://www.gov.uk/government/uploads/system/uploads/attachment_data/file/565463/CIG-Albania-trafficking-v5-July-2016.pdf,2b7e5eed885133157ed02762959b512d99d74455636f41fbba10da3b2d8b79c9,28,414534
Albania,"Country information and guidance: female victims of trafficking, Albania, July 2016","By country/Albania/Country information and guidance- female victims of trafficking, Albania, July 2016 [2b7e5eed8851].pdf",https://webarchive.nationalarchives.gov.uk/ukgwa/20170804225928/https://www.gov.uk/government/uploads/system/uploads/attachment_data/file/565463/CIG-Albania-trafficking-v5-July-2016.pdf,2b7e5eed885133157ed02762959b512d99d74455636f41fbba10da3b2d8b79c9,28,414534
Albania,"Country information and guidance: female victims of trafficking, Albania, July 2016","By country/Albania/Country information and guidance- female victims of trafficking, Albania, July 2016 [2b7e5eed8851].pdf",https://webarchive.nationalarchives.gov.uk/ukgwa/20171013050126/https://www.gov.uk/government/uploads/system/uploads/attachment_data/file/565463/CIG-Albania-trafficking-v5-July-2016.pdf,2b7e5eed885133157ed02762959b512d99d74455636f41fbba10da3b2d8b79c9,28,414534
Albania,"Country information and guidance: female victims of trafficking, Albania, July 2016","By country/Albania/Country information and guidance- female victims of trafficking, Albania, July 2016 [2b7e5eed8851].pdf",https://webarchive.nationalarchives.gov.uk/ukgwa/20171111141321/https://www.gov.uk/government/uploads/system/uploads/attachment_data/file/565463/CIG-Albania-trafficking-v5-July-2016.pdf,2b7e5eed885133157ed02762959b512d99d74455636f41fbba10da3b2d8b79c9,28,414534
Albania,"Country information and guidance: female victims of trafficking, Albania, July 2016","By country/Albania/Country information and guidance- female victims of trafficking, Albania, July 2016 [2b7e5eed8851].pdf",https://webarchive.nationalarchives.gov.uk/ukgwa/20171216215817/https://www.gov.uk/government/uploads/system/uploads/attachment_data/file/565463/CIG-Albania-trafficking-v5-July-2016.pdf,2b7e5eed885133157ed02762959b512d99d74455636f41fbba10da3b2d8b79c9,28,414534
Albania,"Country information and guidance: female victims of trafficking, Albania, July 2016","By country/Albania/Country information and guidance- female victims of trafficking, Albania, July 2016 [2b7e5eed8851].pdf",https://webarchive.nationalarchives.gov.uk/ukgwa/20161221094131/https://www.gov.uk/government/uploads/system/uploads/attachment_data/file/565463/CIG-Albania-trafficking-v5-July-2016.pdf,2b7e5eed885133157ed02762959b512d99d74455636f41fbba10da3b2d8b79c9,28,414534
Albania,"Country information and guidance: sexual orientation and gender identity, Albania, August 2016","By country/Albania/Country information and guidance- sexual orientation and gender identity, Albania, August 2016 [23d6159d3192].pdf",https://webarchive.nationalarchives.gov.uk/ukgwa/20161221094128/https://www.gov.uk/government/uploads/system/uploads/attachment_data/file/565462/CIG-Albania-SOGI-v2-August-2016.pdf,23d6159d31920fd3ac15d009ff4081a0e74dd2855e54aa9e3628b0bc6dce22e1,22,358358
Albania,"Country information and guidance: women fearing domestic violence, Albania, April 2016","By country/Albania/Country information and guidance- women fearing domestic violence, Albania, April 2016 [1e79b33611d0].pdf",https://webarchive.nationalarchives.gov.uk/ukgwa/20170207115742/https://www.gov.uk/government/uploads/system/uploads/attachment_data/file/565465/CIG-Albania-Women-fearing-domestic-violence-v1-April-2016.pdf,1e79b33611d0a5fbb5424f32f6e207d31ea64a51181ebcc04eaf9c4084c8bf91,26,359151
Albania,"Country information and guidance: women fearing domestic violence, Albania, April 2016","By country/Albania/Country information and guidance- women fearing domestic violence, Albania, April 2016 [1e79b33611d0].pdf",https://webarchive.nationalarchives.gov.uk/ukgwa/20170210163913/https://www.gov.uk/government/uploads/system/uploads/attachment_data/file/565465/CIG-Albania-Women-fearing-domestic-violence-v1-April-2016.pdf,1e79b33611d0a5fbb5424f32f6e207d31ea64a51181ebcc04eaf9c4084c8bf91,26,359151
Albania,"Country information and guidance: women fearing domestic violence, Albania, April 2016","By country/Albania/Country information and guidance- women fearing domestic violence, Albania, April 2016 [1e79b33611d0].pdf",https://webarchive.nationalarchives.gov.uk/ukgwa/20170426094020/https://www.gov.uk/government/uploads/system/uploads/attachment_data/file/565465/CIG-Albania-Women-fearing-domestic-violence-v1-April-2016.pdf,1e79b33611d0a5fbb5424f32f6e207d31ea64a51181ebcc04eaf9c4084c8bf91,26,359151
Albania,"Country information and guidance: women fearing domestic violence, Albania, April 2016","By country/Albania/Country information and guidance- women fearing domestic violence, Albania, April 2016 [1e79b33611d0].pdf",https://webarchive.nationalarchives.gov.uk/ukgwa/20170524034937/https://www.gov.uk/government/uploads/system/uploads/attachment_data/file/565465/CIG-Albania-Women-fearing-domestic-violence-v1-April-2016.pdf,1e79b33611d0a5fbb5424f32f6e207d31ea64a51181ebcc04eaf9c4084c8bf91,26,359151
Albania,"Country information and guidance: women fearing domestic violence, Albania, April 2016","By country/Albania/Country information and guidance- women fearing domestic violence, Albania, April 2016 [1e79b33611d0].pdf",https://webarchive.nationalarchives.gov.uk/ukgwa/20170622004815/https://www.gov.uk/government/uploads/system/uploads/attachment_data/file/565465/CIG-Albania-Women-fearing-domestic-violence-v1-April-2016.pdf,1e79b33611d0a5fbb5424f32f6e207d31ea64a51181ebcc04eaf9c4084c8bf91,26,359151
Albania,"Country information and guidance: women fearing domestic violence, Albania, April 2016","By country/Albania/Country information and guidance- women fearing domestic violence, Albania, April 2016 [1e79b33611d0].pdf",https://webarchive.nationalarchives.gov.uk/ukgwa/20170804230135/https://www.gov.uk/government/uploads/system/uploads/attachment_data/file/565465/CIG-Albania-Women-fearing-domestic-violence-v1-April-2016.pdf,1e79b33611d0a5fbb5424f32f6e207d31ea64a51181ebcc04eaf9c4084c8bf91,26,359151
Albania,"Country information and guidance: women fearing domestic violence, Albania, April 2016","By country/Albania/Country information and guidance- women fearing domestic violence, Albania, April 2016 [1e79b33611d0].pdf",https://webarchive.nationalarchives.gov.uk/ukgwa/20171013045852/https://www.gov.uk/government/uploads/system/uploads/attachment_data/file/565465/CIG-Albania-Women-fearing-domestic-violence-v1-April-2016.pdf,1e79b33611d0a5fbb5424f32f6e207d31ea64a51181ebcc04eaf9c4084c8bf91,26,359151
Albania,"Country information and guidance: women fearing domestic violence, Albania, April 2016","By country/Albania/Country information and guidance- women fearing domestic violence, Albania, April 2016 [1e79b33611d0].pdf",https://webarchive.nationalarchives.gov.uk/ukgwa/20171111141324/https://www.gov.uk/government/uploads/system/uploads/attachment_data/file/565465/CIG-Albania-Women-fearing-domestic-violence-v1-April-2016.pdf,1e79b33611d0a5fbb5424f32f6e207d31ea64a51181ebcc04eaf9c4084c8bf91,26,359151
Albania,"Country information and guidance: women fearing domestic violence, Albania, April 2016","By country/Albania/Country information and guidance- women fearing domestic violence, Albania, April 2016 [1e79b33611d0].pdf",https://webarchive.nationalarchives.gov.uk/ukgwa/20171216220358/https://www.gov.uk/government/uploads/system/uploads/attachment_data/file/565465/CIG-Albania-Women-fearing-domestic-violence-v1-April-2016.pdf,1e79b33611d0a5fbb5424f32f6e207d31ea64a51181ebcc04eaf9c4084c8bf91,26,359151
Albania,"Country information and guidance: women fearing domestic violence, Albania, April 2016","By country/Albania/Country information and guidance- women fearing domestic violence, Albania, April 2016 [1e79b33611d0].pdf",https://webarchive.nationalarchives.gov.uk/ukgwa/20161221094135/https://www.gov.uk/government/uploads/system/uploads/attachment_data/file/565465/CIG-Albania-Women-fearing-domestic-violence-v1-April-2016.pdf,1e79b33611d0a5fbb5424f32f6e207d31ea64a51181ebcc04eaf9c4084c8bf91,26,359151
Albania,"Country policy and information note: ethnic minority groups, Albania, October 2016","By country/Albania/Country policy and information note- ethnic minority groups, Albania, October 2016 [82339d8ae77a].pdf",https://webarchive.nationalarchives.gov.uk/ukgwa/20170207115734/https://www.gov.uk/government/uploads/system/uploads/attachment_data/file/565461/CPIN-Albania-Ethnic-Minority-Groups-v2-_October-2016.pdf,82339d8ae77a9981fba820e566e41f571927d6afefa7d01190ecc03bbd570082,28,377296
Albania,"Country policy and information note: ethnic minority groups, Albania, October 2016","By country/Albania/Country policy and information note- ethnic minority groups, Albania, October 2016 [82339d8ae77a].pdf",https://webarchive.nationalarchives.gov.uk/ukgwa/20170210163904/https://www.gov.uk/government/uploads/system/uploads/attachment_data/file/565461/CPIN-Albania-Ethnic-Minority-Groups-v2-_October-2016.pdf,82339d8ae77a9981fba820e566e41f571927d6afefa7d01190ecc03bbd570082,28,377296
Albania,"Country policy and information note: ethnic minority groups, Albania, October 2016","By country/Albania/Country policy and information note- ethnic minority groups, Albania, October 2016 [82339d8ae77a].pdf",https://webarchive.nationalarchives.gov.uk/ukgwa/20170426094014/https://www.gov.uk/government/uploads/system/uploads/attachment_data/file/565461/CPIN-Albania-Ethnic-Minority-Groups-v2-_October-2016.pdf,82339d8ae77a9981fba820e566e41f571927d6afefa7d01190ecc03bbd570082,28,377296
Albania,"Country policy and information note: ethnic minority groups, Albania, October 2016","By country/Albania/Country policy and information note- ethnic minority groups, Albania, October 2016 [82339d8ae77a].pdf",https://webarchive.nationalarchives.gov.uk/ukgwa/20161221094126/https://www.gov.uk/government/uploads/system/uploads/attachment_data/file/565461/CPIN-Albania-Ethnic-Minority-Groups-v2-_October-2016.pdf,82339d8ae77a9981fba820e566e41f571927d6afefa7d01190ecc03bbd570082,28,377296
Albania,"Country policy and information note: women fearing domestic abuse, Albania, December 2017","By country/Albania/Country policy and information note- women fearing domestic abuse, Albania, December 2017 [06e7608dff14].pdf",https://webarchive.nationalarchives.gov.uk/ukgwa/20180412183127/https://assets.publishing.service.gov.uk/government/uploads/system/uploads/attachment_data/file/671397/Albania_-_DV_-_CPIN_-_v2.0__December_2017_.pdf,06e7608dff14af524f3aa658ead04afdbfcce44ef6687e8d6ad4d8cdd29b93d5,63,1307715
Albania,"Country policy and information note: women fearing domestic abuse, Albania, December 2017","By country/Albania/Country policy and information note- women fearing domestic abuse, Albania, December 2017 [06e7608dff14].pdf",https://webarchive.nationalarchives.gov.uk/ukgwa/20180513110705/https://assets.publishing.service.gov.uk/government/uploads/system/uploads/attachment_data/file/671397/Albania_-_DV_-_CPIN_-_v2.0__December_2017_.pdf,06e7608dff14af524f3aa658ead04afdbfcce44ef6687e8d6ad4d8cdd29b93d5,63,1307715
Albania,"Country policy and information note: women fearing domestic abuse, Albania, December 2017","By country/Albania/Country policy and information note- women fearing domestic abuse, Albania, December 2017 [06e7608dff14].pdf",https://webarchive.nationalarchives.gov.uk/ukgwa/20180609155134/https://assets.publishing.service.gov.uk/government/uploads/system/uploads/attachment_data/file/671397/Albania_-_DV_-_CPIN_-_v2.0__December_2017_.pdf,06e7608dff14af524f3aa658ead04afdbfcce44ef6687e8d6ad4d8cdd29b93d5,63,1307715
Albania,"Country policy and information note: women fearing domestic abuse, Albania, December 2017","By country/Albania/Country policy and information note- women fearing domestic abuse, Albania, December 2017 [06e7608dff14].pdf",https://webarchive.nationalarchives.gov.uk/ukgwa/20180717035045/https://assets.publishing.service.gov.uk/government/uploads/system/uploads/attachment_data/file/671397/Albania_-_DV_-_CPIN_-_v2.0__December_2017_.pdf,06e7608dff14af524f3aa658ead04afdbfcce44ef6687e8d6ad4d8cdd29b93d5,63,1307715
Albania,"Country policy and information note: women fearing domestic abuse, Albania, December 2017","By country/Albania/Country policy and information note- women fearing domestic abuse, Albania, December 2017 [06e7608dff14].pdf",https://webarchive.nationalarchives.gov.uk/ukgwa/20180718143058/https://assets.publishing.service.gov.uk/government/uploads/system/uploads/attachment_data/file/671397/Albania_-_DV_-_CPIN_-_v2.0__December_2017_.pdf,06e7608dff14af524f3aa658ead04afdbfcce44ef6687e8d6ad4d8cdd29b93d5,63,1307715
Albania,"Country policy and information note: women fearing domestic abuse, Albania, December 2017","By country/Albania/Country policy and information note- women fearing domestic abuse, Albania, December 2017 [06e7608dff14].pdf",https://webarchive.nationalarchives.gov.uk/ukgwa/20180809013930/https://assets.publishing.service.gov.uk/government/uploads/system/uploads/attachment_data/file/671397/Albania_-_DV_-_CPIN_-_v2.0__December_2017_.pdf,06e7608dff14af524f3aa658ead04afdbfcce44ef6687e8d6ad4d8cdd29b93d5,63,1307715
Albania,"Country policy and information note: women fearing domestic abuse, Albania, December 2017","By country/Albania/Country policy and information note- women fearing domestic abuse, Albania, December 2017 [06e7608dff14].pdf",https://webarchive.nationalarchives.gov.uk/ukgwa/20180912073131/https://assets.publishing.service.gov.uk/government/uploads/system/uploads/attachment_data/file/671397/Albania_-_DV_-_CPIN_-_v2.0__December_2017_.pdf,06e7608dff14af524f3aa658ead04afdbfcce44ef6687e8d6ad4d8cdd29b93d5,63,1307715
Albania,"Country policy and information note: women fearing domestic abuse, Albania, December 2017","By country/Albania/Country policy and information note- women fearing domestic abuse, Albania, December 2017 [06e7608dff14].pdf",https://webarchive.nationalarchives.gov.uk/ukgwa/20181003084422/https://assets.publishing.service.gov.uk/government/uploads/system/uploads/attachment_data/file/671397/Albania_-_DV_-_CPIN_-_v2.0__December_2017_.pdf,06e7608dff14af524f3aa658ead04afdbfcce44ef6687e8d6ad4d8cdd29b93d5,63,1307715
Albania,"Country policy and information note: women fearing domestic abuse, Albania, December 2017","By country/Albania/Country policy and information note- women fearing domestic abuse, Albania, December 2017 [06e7608dff14].pdf",https://webarchive.nationalarchives.gov.uk/ukgwa/20181113125341/https://assets.publishing.service.gov.uk/government/uploads/system/uploads/attachment_data/file/671397/Albania_-_DV_-_CPIN_-_v2.0__December_2017_.pdf,06e7608dff14af524f3aa658ead04afdbfcce44ef6687e8d6ad4d8cdd29b93d5,63,1307715
Albania,"Country policy and information note: people trafficking, Albania, June 2018","By country/Albania/Country policy and information note- people trafficking, Albania, June 2018 [02a7641b3624].pdf",https://webarchive.nationalarchives.gov.uk/ukgwa/20180717035043/https://assets.publishing.service.gov.uk/government/uploads/system/uploads/attachment_data/file/719549/Albania_-_Trafficking_-_CPIN_-_v6.0__June_2018_.pdf,02a7641b362491b8085fec5cc01b8eca9d44134978b69a16f686e5eb794bcd16,46,955161
Albania,"Country policy and information note: people trafficking, Albania, June 2018","By country/Albania/Country policy and information note- people trafficking, Albania, June 2018 [02a7641b3624].pdf",https://webarchive.nationalarchives.gov.uk/ukgwa/20180718143056/https://assets.publishing.service.gov.uk/government/uploads/system/uploads/attachment_data/file/719549/Albania_-_Trafficking_-_CPIN_-_v6.0__June_2018_.pdf,02a7641b362491b8085fec5cc01b8eca9d44134978b69a16f686e5eb794bcd16,46,955161
Albania,"Country policy and information note: people trafficking, Albania, June 2018","By country/Albania/Country policy and information note- people trafficking, Albania, June 2018 [02a7641b3624].pdf",https://webarchive.nationalarchives.gov.uk/ukgwa/20180809013924/https://assets.publishing.service.gov.uk/government/uploads/system/uploads/attachment_data/file/719549/Albania_-_Trafficking_-_CPIN_-_v6.0__June_2018_.pdf,02a7641b362491b8085fec5cc01b8eca9d44134978b69a16f686e5eb794bcd16,46,955161
Albania,"Country policy and information note: people trafficking, Albania, June 2018","By country/Albania/Country policy and information note- people trafficking, Albania, June 2018 [02a7641b3624].pdf",https://webarchive.nationalarchives.gov.uk/ukgwa/20180912080902/https://assets.publishing.service.gov.uk/government/uploads/system/uploads/attachment_data/file/719549/Albania_-_Trafficking_-_CPIN_-_v6.0__June_2018_.pdf,02a7641b362491b8085fec5cc01b8eca9d44134978b69a16f686e5eb794bcd16,46,955161
Albania,"Country policy and information note: people trafficking, Albania, June 2018","By country/Albania/Country policy and information note- people trafficking, Albania, June 2018 [02a7641b3624].pdf",https://webarchive.nationalarchives.gov.uk/ukgwa/20181003085029/https://assets.publishing.service.gov.uk/government/uploads/system/uploads/attachment_data/file/719549/Albania_-_Trafficking_-_CPIN_-_v6.0__June_2018_.pdf,02a7641b362491b8085fec5cc01b8eca9d44134978b69a16f686e5eb794bcd16,46,955161
Albania,"Country policy and information note: people trafficking, Albania, June 2018","By country/Albania/Country policy and information note- people trafficking, Albania, June 2018 [02a7641b3624].pdf",https://webarchive.nationalarchives.gov.uk/ukgwa/20181113131115/https://assets.publishing.service.gov.uk/government/uploads/system/uploads/attachment_data/file/719549/Albania_-_Trafficking_-_CPIN_-_v6.0__June_2018_.pdf,02a7641b362491b8085fec5cc01b8eca9d44134978b69a16f686e5eb794bcd16,46,955161
Albania,"Country policy and information note: trafficking of women for sexual exploitation, Albania, June 2020","By country/Albania/Country policy and information note- trafficking of women for sexual exploitation, Albania, June 2020 [4bab66b858cb].pdf",https://webarchive.nationalarchives.gov.uk/ukgwa/20210107144717/https://assets.publishing.service.gov.uk/government/uploads/system/uploads/attachment_data/file/896134/Albania_-_Trafficking_-_CPIN_-_v9.0__June_2020_.pdf,4bab66b858cbc1f4b933955566828366059f43347a615e5bfb99da1fa070b334,79,900707
Albania,"Country policy and information note: trafficking of women for sexual exploitation, Albania, June 2020","By country/Albania/Country policy and information note- trafficking of women for sexual exploitation, Albania, June 2020 [4bab66b858cb].pdf",https://webarchive.nationalarchives.gov.uk/ukgwa/20210126063841/https://assets.publishing.service.gov.uk/government/uploads/system/uploads/attachment_data/file/896134/Albania_-_Trafficking_-_CPIN_-_v9.0__June_2020_.pdf,4bab66b858cbc1f4b933955566828366059f43347a615e5bfb99da1fa070b334,79,900707
Albania,"Country policy and information note: trafficking of women for sexual exploitation, Albania, June 2020","By country/Albania/Country policy and information note- trafficking of women for sexual exploitation, Albania, June 2020 [4bab66b858cb].pdf",https://webarchive.nationalarchives.gov.uk/ukgwa/20210127090908/https://assets.publishing.service.gov.uk/government/uploads/system/uploads/attachment_data/file/896134/Albania_-_Trafficking_-_CPIN_-_v9.0__June_2020_.pdf,4bab66b858cbc1f4b933955566828366059f43347a615e5bfb99da1fa070b334,79,900707
Albania,"Country policy and information note: trafficking of women for sexual exploitation, Albania, June 2020","By country/Albania/Country policy and information note- trafficking of women for sexual exploitation, Albania, June 2020 [4bab66b858cb].pdf",https://webarchive.nationalarchives.gov.uk/ukgwa/20210128120509/https://assets.publishing.service.gov.uk/government/uploads/system/uploads/attachment_data/file/896134/Albania_-_Trafficking_-_CPIN_-_v9.0__June_2020_.pdf,4bab66b858cbc1f4b933955566828366059f43347a615e5bfb99da1fa070b334,79,900707
Albania,"Country policy and information note: trafficking of women for sexual exploitation, Albania, June 2020","By country/Albania/Country policy and information note- trafficking of women for sexual exploitation, Albania, June 2020 [4bab66b858cb].pdf",https://webarchive.nationalarchives.gov.uk/ukgwa/20210129103312/https://assets.publishing.service.gov.uk/government/uploads/system/uploads/attachment_data/file/896134/Albania_-_Trafficking_-_CPIN_-_v9.0__June_2020_.pdf,4bab66b858cbc1f4b933955566828366059f43347a615e5bfb99da1fa070b334,79,900707
Albania,"Country policy and information note: trafficking of women for sexual exploitation, Albania, June 2020","By country/Albania/Country policy and information note- trafficking of women for sexual exploitation, Albania, June 2020 [4bab66b858cb].pdf",https://webarchive.nationalarchives.gov.uk/ukgwa/20210203153943/https://assets.publishing.service.gov.uk/government/uploads/system/uploads/attachment_data/file/896134/Albania_-_Trafficking_-_CPIN_-_v9.0__June_2020_.pdf,4bab66b858cbc1f4b933955566828366059f43347a615e5bfb99da1fa070b334,79,900707
Albania,"Country policy and information note: trafficking of women for sexual exploitation, Albania, June 2020","By country/Albania/Country policy and information note- trafficking of women for sexual exploitation, Albania, June 2020 [4bab66b858cb].pdf",https://webarchive.nationalarchives.gov.uk/ukgwa/20210204113335/https://assets.publishing.service.gov.uk/government/uploads/system/uploads/attachment_data/file/896134/Albania_-_Trafficking_-_CPIN_-_v9.0__June_2020_.pdf,4bab66b858cbc1f4b933955566828366059f43347a615e5bfb99da1fa070b334,79,900707
Albania,"Country policy and information note: trafficking of women for sexual exploitation, Albania, June 2020","By country/Albania/Country policy and information note- trafficking of women for sexual exploitation, Albania, June 2020 [4bab66b858cb].pdf",https://webarchive.nationalarchives.gov.uk/ukgwa/20210205140058/https://assets.publishing.service.gov.uk/government/uploads/system/uploads/attachment_data/file/896134/Albania_-_Trafficking_-_CPIN_-_v9.0__June_2020_.pdf,4bab66b858cbc1f4b933955566828366059f43347a615e5bfb99da1fa070b334,79,900707
Albania,"Country policy and information note: trafficking of women for sexual exploitation, Albania, June 2020","By country/Albania/Country policy and information note- trafficking of women for sexual exploitation, Albania, June 2020 [4bab66b858cb].pdf",https://webarchive.nationalarchives.gov.uk/ukgwa/20210205151330/https://assets.publishing.service.gov.uk/government/uploads/system/uploads/attachment_data/file/896134/Albania_-_Trafficking_-_CPIN_-_v9.0__June_2020_.pdf,4bab66b858cbc1f4b933955566828366059f43347a615e5bfb99da1fa070b334,79,900707
Albania,"Country policy and information note: trafficking of women for sexual exploitation, Albania, June 2020","By country/Albania/Country policy and information note- trafficking of women for sexual exploitation, Albania, June 2020 [4bab66b858cb].pdf",https://webarchive.nationalarchives.gov.uk/ukgwa/20210209070816/https://assets.publishing.service.gov.uk/government/uploads/system/uploads/attachment_data/file/896134/Albania_-_Trafficking_-_CPIN_-_v9.0__June_2020_.pdf,4bab66b858cbc1f4b933955566828366059f43347a615e5bfb99da1fa070b334,79,900707
Albania,"Country policy and information note: trafficking of women for sexual exploitation, Albania, June 2020","By country/Albania/Country policy and information note- trafficking of women for sexual exploitation, Albania, June 2020 [4bab66b858cb].pdf",https://webarchive.nationalarchives.gov.uk/ukgwa/20210210163829/https://assets.publishing.service.gov.uk/government/uploads/system/uploads/attachment_data/file/896134/Albania_-_Trafficking_-_CPIN_-_v9.0__June_2020_.pdf,4bab66b858cbc1f4b933955566828366059f43347a615e5bfb99da1fa070b334,79,900707
Albania,"Country policy and information note: trafficking of women for sexual exploitation, Albania, June 2020","By country/Albania/Country policy and information note- trafficking of women for sexual exploitation, Albania, June 2020 [4bab66b858cb].pdf",https://webarchive.nationalarchives.gov.uk/ukgwa/20210211165451/https://assets.publishing.service.gov.uk/government/uploads/system/uploads/attachment_data/file/896134/Albania_-_Trafficking_-_CPIN_-_v9.0__June_2020_.pdf,4bab66b858cbc1f4b933955566828366059f43347a615e5bfb99da1fa070b334,79,900707
Albania,"Country policy and information note: trafficking of women for sexual exploitation, Albania, June 2020","By country/Albania/Country policy and information note- trafficking of women for sexual exploitation, Albania, June 2020 [4bab66b858cb].pdf",https://webarchive.nationalarchives.gov.uk/ukgwa/20210212133236/https://assets.publishing.service.gov.uk/government/uploads/system/uploads/attachment_data/file/896134/Albania_-_Trafficking_-_CPIN_-_v9.0__June_2020_.pdf,4bab66b858cbc1f4b933955566828366059f43347a615e5bfb99da1fa070b334,79,900707
Albania,"Country policy and information note: trafficking of women for sexual exploitation, Albania, June 2020","By country/Albania/Country policy and information note- trafficking of women for sexual exploitation, Albania, June 2020 [4bab66b858cb].pdf",https://webarchive.nationalarchives.gov.uk/ukgwa/20210213125641/https://assets.publishing.service.gov.uk/government/uploads/system/uploads/attachment_data/file/896134/Albania_-_Trafficking_-_CPIN_-_v9.0__June_2020_.pdf,4bab66b858cbc1f4b933955566828366059f43347a615e5bfb99da1fa070b334,79,900707
Albania,"Country policy and information note: trafficking of women for sexual exploitation, Albania, June 2020","By country/Albania/Country policy and information note- trafficking of women for sexual exploitation, Albania, June 2020 [4bab66b858cb].pdf",https://webarchive.nationalarchives.gov.uk/ukgwa/20210216151817/https://assets.publishing.service.gov.uk/government/uploads/system/uploads/attachment_data/file/896134/Albania_-_Trafficking_-_CPIN_-_v9.0__June_2020_.pdf,4bab66b858cbc1f4b933955566828366059f43347a615e5bfb99da1fa070b334,79,900707
Albania,"Country policy and information note: trafficking of women for sexual exploitation, Albania, June 2020","By country/Albania/Country policy and information note- trafficking of women for sexual exploitation, Albania, June 2020 [4bab66b858cb].pdf",https://webarchive.nationalarchives.gov.uk/ukgwa/20210217151241/https://assets.publishing.service.gov.uk/government/uploads/system/uploads/attachment_data/file/896134/Albania_-_Trafficking_-_CPIN_-_v9.0__June_2020_.pdf,4bab66b858cbc1f4b933955566828366059f43347a615e5bfb99da1fa070b334,79,900707
Albania,"Country policy and information note: trafficking of women for sexual exploitation, Albania, June 2020","By country/Albania/Country policy and information note- trafficking of women for sexual exploitation, Albania, June 2020 [4bab66b858cb].pdf",https://webarchive.nationalarchives.gov.uk/ukgwa/20210218161652/https://assets.publishing.service.gov.uk/government/uploads/system/uploads/attachment_data/file/896134/Albania_-_Trafficking_-_CPIN_-_v9.0__June_2020_.pdf,4bab66b858cbc1f4b933955566828366059f43347a615e5bfb99da1fa070b334,79,900707
Albania,"Country policy and information note: trafficking of women for sexual exploitation, Albania, June 2020","By country/Albania/Country policy and information note- trafficking of women for sexual exploitation, Albania, June 2020 [4bab66b858cb].pdf",https://webarchive.nationalarchives.gov.uk/ukgwa/20210219122711/https://assets.publishing.service.gov.uk/government/uploads/system/uploads/attachment_data/file/896134/Albania_-_Trafficking_-_CPIN_-_v9.0__June_2020_.pdf,4bab66b858cbc1f4b933955566828366059f43347a615e5bfb99da1fa070b334,79,900707
Albania,"Country policy and information note: trafficking of women for sexual exploitation, Albania, June 2020","By country/Albania/Country policy and information note- trafficking of women for sexual exploitation, Albania, June 2020 [4bab66b858cb].pdf",https://webarchive.nationalarchives.gov.uk/ukgwa/20210223110404/https://assets.publishing.service.gov.uk/government/uploads/system/uploads/attachment_data/file/896134/Albania_-_Trafficking_-_CPIN_-_v9.0__June_2020_.pdf,4bab66b858cbc1f4b933955566828366059f43347a615e5bfb99da1fa070b334,79,900707
Albania,"Country policy and information note: trafficking of women for sexual exploitation, Albania, June 2020","By country/Albania/Country policy and information note- trafficking of women for sexual exploitation, Albania, June 2020 [4bab66b858cb].pdf",https://webarchive.nationalarchives.gov.uk/ukgwa/20200630032038/https://assets.publishing.service.gov.uk/government/uploads/system/uploads/attachment_data/file/896134/Albania_-_Trafficking_-_CPIN_-_v9.0__June_2020_.pdf,4bab66b858cbc1f4b933955566828366059f43347a615e5bfb99da1fa070b334,79,900707
Albania,"Country policy and information note: trafficking of women for sexual exploitation, Albania, June 2020","By country/Albania/Country policy and information note- trafficking of women for sexual exploitation, Albania, June 2020 [4bab66b858cb].pdf",https://webarchive.nationalarchives.gov.uk/ukgwa/20200705235927/https://assets.publishing.service.gov.uk/government/uploads/system/uploads/attachment_data/file/896134/Albania_-_Trafficking_-_CPIN_-_v9.0__June_2020_.pdf,4bab66b858cbc1f4b933955566828366059f43347a615e5bfb99da1fa070b334,79,900707
Albania,"Country policy and information note: trafficking of women for sexual exploitation, Albania, June 2020","By country/Albania/Country policy and information note- trafficking of women for sexual exploitation, Albania, June 2020 [4bab66b858cb].pdf",https://webarchive.nationalarchives.gov.uk/ukgwa/20200805124537/https://assets.publishing.service.gov.uk/government/uploads/system/uploads/attachment_data/file/896134/Albania_-_Trafficking_-_CPIN_-_v9.0__June_2020_.pdf,4bab66b858cbc1f4b933955566828366059f43347a615e5bfb99da1fa070b334,79,900707
Albania,"Country policy and information note: trafficking of women for sexual exploitation, Albania, June 2020","By country/Albania/Country policy and information note- trafficking of women for sexual exploitation, Albania, June 2020 [4bab66b858cb].pdf",https://webarchive.nationalarchives.gov.uk/ukgwa/20200914151923/https://assets.publishing.service.gov.uk/government/uploads/system/uploads/attachment_data/file/896134/Albania_-_Trafficking_-_CPIN_-_v9.0__June_2020_.pdf,4bab66b858cbc1f4b933955566828366059f43347a615e5bfb99da1fa070b334,79,900707
Albania,"Country policy and information note: trafficking of women for sexual exploitation, Albania, June 2020","By country/Albania/Country policy and information note- trafficking of women for sexual exploitation, Albania, June 2020 [4bab66b858cb].pdf",https://webarchive.nationalarchives.gov.uk/ukgwa/20201005174800/https://assets.publishing.service.gov.uk/government/uploads/system/uploads/attachment_data/file/896134/Albania_-_Trafficking_-_CPIN_-_v9.0__June_2020_.pdf,4bab66b858cbc1f4b933955566828366059f43347a615e5bfb99da1fa070b334,79,900707
Albania,"Country policy and information note: trafficking of women for sexual exploitation, Albania, June 2020","By country/Albania/Country policy and information note- trafficking of women for sexual exploitation, Albania, June 2020 [4bab66b858cb].pdf",https://webarchive.nationalarchives.gov.uk/ukgwa/20201107232327/https://assets.publishing.service.gov.uk/government/uploads/system/uploads/attachment_data/file/896134/Albania_-_Trafficking_-_CPIN_-_v9.0__June_2020_.pdf,4bab66b858cbc1f4b933955566828366059f43347a615e5bfb99da1fa070b334,79,900707
Albania,"Country policy and information note: trafficking of women for sexual exploitation, Albania, June 2020","By country/Albania/Country policy and information note- trafficking of women for sexual exploitation, Albania, June 2020 [4bab66b858cb].pdf",https://webarchive.nationalarchives.gov.uk/ukgwa/20201204083413/https://assets.publishing.service.gov.uk/government/uploads/system/uploads/attachment_data/file/896134/Albania_-_Trafficking_-_CPIN_-_v9.0__June_2020_.pdf,4bab66b858cbc1f4b933955566828366059f43347a615e5bfb99da1fa070b334,79,900707
Albania,"Country policy and information note: trafficking of women for sexual exploitation, Albania, June 2020","By country/Albania/Country policy and information note- trafficking of women for sexual exploitation, Albania, June 2020 [4bab66b858cb].pdf",https://webarchive.nationalarchives.gov.uk/ukgwa/20201227201458/https://assets.publishing.service.gov.uk/government/uploads/system/uploads/attachment_data/file/896134/Albania_-_Trafficking_-_CPIN_-_v9.0__June_2020_.pdf,4bab66b858cbc1f4b933955566828366059f43347a615e5bfb99da1fa070b334,79,900707
Algeria,"Country information and guidance: sexual orientation and gender identity, Algeria, February 2016","By country/Algeria/Country information and guidance- sexual orientation and gender identity, Algeria, February 2016 [0012031c616b].pdf",https://webarchive.nationalarchives.gov.uk/ukgwa/20170207115747/https://www.gov.uk/government/uploads/system/uploads/attachment_data/file/565478/CIG-Algeria-SOGI-v1-February-2016.pdf,0012031c616b34a17a6a1a58bbc16904f0c80b757a2fa2d92531d2b721c583c9,43,519484
Algeria,"Country information and guidance: sexual orientation and gender identity, Algeria, February 2016","By country/Algeria/Country information and guidance- sexual orientation and gender identity, Algeria, February 2016 [0012031c616b].pdf",https://webarchive.nationalarchives.gov.uk/ukgwa/20170210020035/https://www.gov.uk/government/uploads/system/uploads/attachment_data/file/565478/CIG-Algeria-SOGI-v1-February-2016.pdf,0012031c616b34a17a6a1a58bbc16904f0c80b757a2fa2d92531d2b721c583c9,43,519484
Algeria,"Country information and guidance: sexual orientation and gender identity, Algeria, February 2016","By country/Algeria/Country information and guidance- sexual orientation and gender identity, Algeria, February 2016 [0012031c616b].pdf",https://webarchive.nationalarchives.gov.uk/ukgwa/20170426190201/https://www.gov.uk/government/uploads/system/uploads/attachment_data/file/565478/CIG-Algeria-SOGI-v1-February-2016.pdf,0012031c616b34a17a6a1a58bbc16904f0c80b757a2fa2d92531d2b721c583c9,43,519484
Algeria,"Country information and guidance: sexual orientation and gender identity, Algeria, February 2016","By country/Algeria/Country information and guidance- sexual orientation and gender identity, Algeria, February 2016 [0012031c616b].pdf",https://webarchive.nationalarchives.gov.uk/ukgwa/20170524111541/https://www.gov.uk/government/uploads/system/uploads/attachment_data/file/565478/CIG-Algeria-SOGI-v1-February-2016.pdf,0012031c616b34a17a6a1a58bbc16904f0c80b757a2fa2d92531d2b721c583c9,43,519484
Algeria,"Country information and guidance: sexual orientation and gender identity, Algeria, February 2016","By country/Algeria/Country information and guidance- sexual orientation and gender identity, Algeria, February 2016 [0012031c616b].pdf",https://webarchive.nationalarchives.gov.uk/ukgwa/20170804233216/https://www.gov.uk/government/uploads/system/uploads/attachment_data/file/565478/CIG-Algeria-SOGI-v1-February-2016.pdf,0012031c616b34a17a6a1a58bbc16904f0c80b757a2fa2d92531d2b721c583c9,43,519484
Algeria,"Country information and guidance: sexual orientation and gender identity, Algeria, February 2016","By country/Algeria/Country information and guidance- sexual orientation and gender identity, Algeria, February 2016 [0012031c616b].pdf",https://webarchive.nationalarchives.gov.uk/ukgwa/20161220182745/https://www.gov.uk/government/uploads/system/uploads/attachment_data/file/565478/CIG-Algeria-SOGI-v1-February-2016.pdf,0012031c616b34a17a6a1a58bbc16904f0c80b757a2fa2d92531d2b721c583c9,43,519484
Bangladesh,"Country information and guidance: background information, including actors of protection and internal relocation, Bangladesh, November 2014","By country/Bangladesh/Country information and guidance- background information, including actors of protection and internal relocation, Bangladesh, November 2014 [6a3f02d7db79].pdf",https://webarchive.nationalarchives.gov.uk/ukgwa/20180106034723/https://www.gov.uk/government/uploads/system/uploads/attachment_data/file/565491/CIG-BGD-Background-v1-November-2014.pdf,6a3f02d7db7998699f774c2d1b3d22eaf97668d71547a5f49957e03437e11eb7,30,464359
Bangladesh,"Country information and guidance: background information, including actors of protection and internal relocation, Bangladesh, November 2014","By country/Bangladesh/Country information and guidance- background information, including actors of protection and internal relocation, Bangladesh, November 2014 [6a3f02d7db79].pdf",https://webarchive.nationalarchives.gov.uk/ukgwa/20170207115802/https://www.gov.uk/government/uploads/system/uploads/attachment_data/file/565491/CIG-BGD-Background-v1-November-2014.pdf,6a3f02d7db7998699f774c2d1b3d22eaf97668d71547a5f49957e03437e11eb7,30,464359
Bangladesh,"Country information and guidance: background information, including actors of protection and internal relocation, Bangladesh, November 2014","By country/Bangladesh/Country information and guidance- background information, including actors of protection and internal relocation, Bangladesh, November 2014 [6a3f02d7db79].pdf",https://webarchive.nationalarchives.gov.uk/ukgwa/20170210015936/https://www.gov.uk/government/uploads/system/uploads/attachment_data/file/565491/CIG-BGD-Background-v1-November-2014.pdf,6a3f02d7db7998699f774c2d1b3d22eaf97668d71547a5f49957e03437e11eb7,30,464359
Bangladesh,"Country information and guidance: background information, including actors of protection and internal relocation, Bangladesh, November 2014","By country/Bangladesh/Country information and guidance- background information, including actors of protection and internal relocation, Bangladesh, November 2014 [6a3f02d7db79].pdf",https://webarchive.nationalarchives.gov.uk/ukgwa/20170426084430/https://www.gov.uk/government/uploads/system/uploads/attachment_data/file/565491/CIG-BGD-Background-v1-November-2014.pdf,6a3f02d7db7998699f774c2d1b3d22eaf97668d71547a5f49957e03437e11eb7,30,464359
Bangladesh,"Country information and guidance: background information, including actors of protection and internal relocation, Bangladesh, November 2014","By country/Bangladesh/Country information and guidance- background information, including actors of protection and internal relocation, Bangladesh, November 2014 [6a3f02d7db79].pdf",https://webarchive.nationalarchives.gov.uk/ukgwa/20170524031031/https://www.gov.uk/government/uploads/system/uploads/attachment_data/file/565491/CIG-BGD-Background-v1-November-2014.pdf,6a3f02d7db7998699f774c2d1b3d22eaf97668d71547a5f49957e03437e11eb7,30,464359
Bangladesh,"Country information and guidance: background information, including actors of protection and internal relocation, Bangladesh, November 2014","By country/Bangladesh/Country information and guidance- background information, including actors of protection and internal relocation, Bangladesh, November 2014 [6a3f02d7db79].pdf",https://webarchive.nationalarchives.gov.uk/ukgwa/20170804153026/https://www.gov.uk/government/uploads/system/uploads/attachment_data/file/565491/CIG-BGD-Background-v1-November-2014.pdf,6a3f02d7db7998699f774c2d1b3d22eaf97668d71547a5f49957e03437e11eb7,30,464359
Bangladesh,"Country information and guidance: background information, including actors of protection and internal relocation, Bangladesh, November 2014","By country/Bangladesh/Country information and guidance- background information, including actors of protection and internal relocation, Bangladesh, November 2014 [6a3f02d7db79].pdf",https://webarchive.nationalarchives.gov.uk/ukgwa/20170909205118/https://www.gov.uk/government/uploads/system/uploads/attachment_data/file/565491/CIG-BGD-Background-v1-November-2014.pdf,6a3f02d7db7998699f774c2d1b3d22eaf97668d71547a5f49957e03437e11eb7,30,464359
Bangladesh,"Country information and guidance: background information, including actors of protection and internal relocation, Bangladesh, November 2014","By country/Bangladesh/Country information and guidance- background information, including actors of protection and internal relocation, Bangladesh, November 2014 [6a3f02d7db79].pdf",https://webarchive.nationalarchives.gov.uk/ukgwa/20171013121024/https://www.gov.uk/government/uploads/system/uploads/attachment_data/file/565491/CIG-BGD-Background-v1-November-2014.pdf,6a3f02d7db7998699f774c2d1b3d22eaf97668d71547a5f49957e03437e11eb7,30,464359
Bangladesh,"Country information and guidance: background information, including actors of protection and internal relocation, Bangladesh, November 2014","By country/Bangladesh/Country information and guidance- background information, including actors of protection and internal relocation, Bangladesh, November 2014 [6a3f02d7db79].pdf",https://webarchive.nationalarchives.gov.uk/ukgwa/20171216215402/https://www.gov.uk/government/uploads/system/uploads/attachment_data/file/565491/CIG-BGD-Background-v1-November-2014.pdf,6a3f02d7db7998699f774c2d1b3d22eaf97668d71547a5f49957e03437e11eb7,30,464359
Bangladesh,"Country information and guidance: background information, including actors of protection and internal relocation, Bangladesh, November 2014","By country/Bangladesh/Country information and guidance- background information, including actors of protection and internal relocation, Bangladesh, November 2014 [6a3f02d7db79].pdf",https://webarchive.nationalarchives.gov.uk/ukgwa/20161220182656/https://www.gov.uk/government/uploads/system/uploads/attachment_data/file/565491/CIG-BGD-Background-v1-November-2014.pdf,6a3f02d7db7998699f774c2d1b3d22eaf97668d71547a5f49957e03437e11eb7,30,464359
Bangladesh,"Country information and guidance: minority religious groups, Bangladesh, March 2016","By country/Bangladesh/Country information and guidance- minority religious groups, Bangladesh, March 2016 [370eef644691].pdf",https://webarchive.nationalarchives.gov.uk/ukgwa/20180106034701/https://www.gov.uk/government/uploads/system/uploads/attachment_data/file/565481/CIG-Bangladesh-Minority-religious-groups-v1-March_2016.pdf,370eef644691c1132ed35ba4b8715b7b523a421a6874513097a75367eebe92a8,26,398887
Bangladesh,"Country information and guidance: minority religious groups, Bangladesh, March 2016","By country/Bangladesh/Country information and guidance- minority religious groups, Bangladesh, March 2016 [370eef644691].pdf",https://webarchive.nationalarchives.gov.uk/ukgwa/20180301132945/https://www.gov.uk/government/uploads/system/uploads/attachment_data/file/565481/CIG-Bangladesh-Minority-religious-groups-v1-March_2016.pdf,370eef644691c1132ed35ba4b8715b7b523a421a6874513097a75367eebe92a8,26,398887
Bangladesh,"Country information and guidance: minority religious groups, Bangladesh, March 2016","By country/Bangladesh/Country information and guidance- minority religious groups, Bangladesh, March 2016 [370eef644691].pdf",https://webarchive.nationalarchives.gov.uk/ukgwa/20180310232749/https://www.gov.uk/government/uploads/system/uploads/attachment_data/file/565481/CIG-Bangladesh-Minority-religious-groups-v1-March_2016.pdf,370eef644691c1132ed35ba4b8715b7b523a421a6874513097a75367eebe92a8,26,398887
Bangladesh,"Country information and guidance: minority religious groups, Bangladesh, March 2016","By country/Bangladesh/Country information and guidance- minority religious groups, Bangladesh, March 2016 [370eef644691].pdf",https://webarchive.nationalarchives.gov.uk/ukgwa/20170207115753/https://www.gov.uk/government/uploads/system/uploads/attachment_data/file/565481/CIG-Bangladesh-Minority-religious-groups-v1-March_2016.pdf,370eef644691c1132ed35ba4b8715b7b523a421a6874513097a75367eebe92a8,26,398887
Bangladesh,"Country information and guidance: minority religious groups, Bangladesh, March 2016","By country/Bangladesh/Country information and guidance- minority religious groups, Bangladesh, March 2016 [370eef644691].pdf",https://webarchive.nationalarchives.gov.uk/ukgwa/20170210015927/https://www.gov.uk/government/uploads/system/uploads/attachment_data/file/565481/CIG-Bangladesh-Minority-religious-groups-v1-March_2016.pdf,370eef644691c1132ed35ba4b8715b7b523a421a6874513097a75367eebe92a8,26,398887
Bangladesh,"Country information and guidance: minority religious groups, Bangladesh, March 2016","By country/Bangladesh/Country information and guidance- minority religious groups, Bangladesh, March 2016 [370eef644691].pdf",https://webarchive.nationalarchives.gov.uk/ukgwa/20170426084421/https://www.gov.uk/government/uploads/system/uploads/attachment_data/file/565481/CIG-Bangladesh-Minority-religious-groups-v1-March_2016.pdf,370eef644691c1132ed35ba4b8715b7b523a421a6874513097a75367eebe92a8,26,398887
Bangladesh,"Country information and guidance: minority religious groups, Bangladesh, March 2016","By country/Bangladesh/Country information and guidance- minority religious groups, Bangladesh, March 2016 [370eef644691].pdf",https://webarchive.nationalarchives.gov.uk/ukgwa/20170524031022/https://www.gov.uk/government/uploads/system/uploads/attachment_data/file/565481/CIG-Bangladesh-Minority-religious-groups-v1-March_2016.pdf,370eef644691c1132ed35ba4b8715b7b523a421a6874513097a75367eebe92a8,26,398887
Bangladesh,"Country information and guidance: minority religious groups, Bangladesh, March 2016","By country/Bangladesh/Country information and guidance- minority religious groups, Bangladesh, March 2016 [370eef644691].pdf",https://webarchive.nationalarchives.gov.uk/ukgwa/20170804154054/https://www.gov.uk/government/uploads/system/uploads/attachment_data/file/565481/CIG-Bangladesh-Minority-religious-groups-v1-March_2016.pdf,370eef644691c1132ed35ba4b8715b7b523a421a6874513097a75367eebe92a8,26,398887
Bangladesh,"Country information and guidance: minority religious groups, Bangladesh, March 2016","By country/Bangladesh/Country information and guidance- minority religious groups, Bangladesh, March 2016 [370eef644691].pdf",https://webarchive.nationalarchives.gov.uk/ukgwa/20170909204529/https://www.gov.uk/government/uploads/system/uploads/attachment_data/file/565481/CIG-Bangladesh-Minority-religious-groups-v1-March_2016.pdf,370eef644691c1132ed35ba4b8715b7b523a421a6874513097a75367eebe92a8,26,398887
Bangladesh,"Country information and guidance: minority religious groups, Bangladesh, March 2016","By country/Bangladesh/Country information and guidance- minority religious groups, Bangladesh, March 2016 [370eef644691].pdf",https://webarchive.nationalarchives.gov.uk/ukgwa/20171013120801/https://www.gov.uk/government/uploads/system/uploads/attachment_data/file/565481/CIG-Bangladesh-Minority-religious-groups-v1-March_2016.pdf,370eef644691c1132ed35ba4b8715b7b523a421a6874513097a75367eebe92a8,26,398887
Bangladesh,"Country information and guidance: minority religious groups, Bangladesh, March 2016","By country/Bangladesh/Country information and guidance- minority religious groups, Bangladesh, March 2016 [370eef644691].pdf",https://webarchive.nationalarchives.gov.uk/ukgwa/20171216215558/https://www.gov.uk/government/uploads/system/uploads/attachment_data/file/565481/CIG-Bangladesh-Minority-religious-groups-v1-March_2016.pdf,370eef644691c1132ed35ba4b8715b7b523a421a6874513097a75367eebe92a8,26,398887
Bangladesh,"Country information and guidance: minority religious groups, Bangladesh, March 2016","By country/Bangladesh/Country information and guidance- minority religious groups, Bangladesh, March 2016 [370eef644691].pdf",https://webarchive.nationalarchives.gov.uk/ukgwa/20161220182647/https://www.gov.uk/government/uploads/system/uploads/attachment_data/file/565481/CIG-Bangladesh-Minority-religious-groups-v1-March_2016.pdf,370eef644691c1132ed35ba4b8715b7b523a421a6874513097a75367eebe92a8,26,398887
Bangladesh,"Country information and guidance: prison conditions, Bangladesh, March 2015","By country/Bangladesh/Country information and guidance- prison conditions, Bangladesh, March 2015 [f6a2962c319f].pdf",https://webarchive.nationalarchives.gov.uk/ukgwa/20180106034702/https://www.gov.uk/government/uploads/system/uploads/attachment_data/file/565483/CIG-Bangladesh-Prison-conditions-v1-March_2015.pdf,f6a2962c319f9429608e2704b791f5376e03d76c60850f6565f6e2a2df67713e,11,192821
Bangladesh,"Country information and guidance: prison conditions, Bangladesh, March 2015","By country/Bangladesh/Country information and guidance- prison conditions, Bangladesh, March 2015 [f6a2962c319f].pdf",https://webarchive.nationalarchives.gov.uk/ukgwa/20180301124601/https://www.gov.uk/government/uploads/system/uploads/attachment_data/file/565483/CIG-Bangladesh-Prison-conditions-v1-March_2015.pdf,f6a2962c319f9429608e2704b791f5376e03d76c60850f6565f6e2a2df67713e,11,192821
Bangladesh,"Country information and guidance: prison conditions, Bangladesh, March 2015","By country/Bangladesh/Country information and guidance- prison conditions, Bangladesh, March 2015 [f6a2962c319f].pdf",https://webarchive.nationalarchives.gov.uk/ukgwa/20180310232751/https://www.gov.uk/government/uploads/system/uploads/attachment_data/file/565483/CIG-Bangladesh-Prison-conditions-v1-March_2015.pdf,f6a2962c319f9429608e2704b791f5376e03d76c60850f6565f6e2a2df67713e,11,192821
Bangladesh,"Country information and guidance: prison conditions, Bangladesh, March 2015","By country/Bangladesh/Country information and guidance- prison conditions, Bangladesh, March 2015 [f6a2962c319f].pdf",https://webarchive.nationalarchives.gov.uk/ukgwa/20170207115755/https://www.gov.uk/government/uploads/system/uploads/attachment_data/file/565483/CIG-Bangladesh-Prison-conditions-v1-March_2015.pdf,f6a2962c319f9429608e2704b791f5376e03d76c60850f6565f6e2a2df67713e,11,192821
Bangladesh,"Country information and guidance: prison conditions, Bangladesh, March 2015","By country/Bangladesh/Country information and guidance- prison conditions, Bangladesh, March 2015 [f6a2962c319f].pdf",https://webarchive.nationalarchives.gov.uk/ukgwa/20170210015930/https://www.gov.uk/government/uploads/system/uploads/attachment_data/file/565483/CIG-Bangladesh-Prison-conditions-v1-March_2015.pdf,f6a2962c319f9429608e2704b791f5376e03d76c60850f6565f6e2a2df67713e,11,192821
Bangladesh,"Country information and guidance: prison conditions, Bangladesh, March 2015","By country/Bangladesh/Country information and guidance- prison conditions, Bangladesh, March 2015 [f6a2962c319f].pdf",https://webarchive.nationalarchives.gov.uk/ukgwa/20170426084423/https://www.gov.uk/government/uploads/system/uploads/attachment_data/file/565483/CIG-Bangladesh-Prison-conditions-v1-March_2015.pdf,f6a2962c319f9429608e2704b791f5376e03d76c60850f6565f6e2a2df67713e,11,192821
Bangladesh,"Country information and guidance: prison conditions, Bangladesh, March 2015","By country/Bangladesh/Country information and guidance- prison conditions, Bangladesh, March 2015 [f6a2962c319f].pdf",https://webarchive.nationalarchives.gov.uk/ukgwa/20170524031024/https://www.gov.uk/government/uploads/system/uploads/attachment_data/file/565483/CIG-Bangladesh-Prison-conditions-v1-March_2015.pdf,f6a2962c319f9429608e2704b791f5376e03d76c60850f6565f6e2a2df67713e,11,192821
Bangladesh,"Country information and guidance: prison conditions, Bangladesh, March 2015","By country/Bangladesh/Country information and guidance- prison conditions, Bangladesh, March 2015 [f6a2962c319f].pdf",https://webarchive.nationalarchives.gov.uk/ukgwa/20170804153025/https://www.gov.uk/government/uploads/system/uploads/attachment_data/file/565483/CIG-Bangladesh-Prison-conditions-v1-March_2015.pdf,f6a2962c319f9429608e2704b791f5376e03d76c60850f6565f6e2a2df67713e,11,192821
Bangladesh,"Country information and guidance: prison conditions, Bangladesh, March 2015","By country/Bangladesh/Country information and guidance- prison conditions, Bangladesh, March 2015 [f6a2962c319f].pdf",https://webarchive.nationalarchives.gov.uk/ukgwa/20170909205358/https://www.gov.uk/government/uploads/system/uploads/attachment_data/file/565483/CIG-Bangladesh-Prison-conditions-v1-March_2015.pdf,f6a2962c319f9429608e2704b791f5376e03d76c60850f6565f6e2a2df67713e,11,192821
Bangladesh,"Country information and guidance: prison conditions, Bangladesh, March 2015","By country/Bangladesh/Country information and guidance- prison conditions, Bangladesh, March 2015 [f6a2962c319f].pdf",https://webarchive.nationalarchives.gov.uk/ukgwa/20171013121031/https://www.gov.uk/government/uploads/system/uploads/attachment_data/file/565483/CIG-Bangladesh-Prison-conditions-v1-March_2015.pdf,f6a2962c319f9429608e2704b791f5376e03d76c60850f6565f6e2a2df67713e,11,192821
Bangladesh,"Country information and guidance: prison conditions, Bangladesh, March 2015","By country/Bangladesh/Country information and guidance- prison conditions, Bangladesh, March 2015 [f6a2962c319f].pdf",https://webarchive.nationalarchives.gov.uk/ukgwa/20171216215559/https://www.gov.uk/government/uploads/system/uploads/attachment_data/file/565483/CIG-Bangladesh-Prison-conditions-v1-March_2015.pdf,f6a2962c319f9429608e2704b791f5376e03d76c60850f6565f6e2a2df67713e,11,192821
Bangladesh,"Country information and guidance: prison conditions, Bangladesh, March 2015","By country/Bangladesh/Country information and guidance- prison conditions, Bangladesh, March 2015 [f6a2962c319f].pdf",https://webarchive.nationalarchives.gov.uk/ukgwa/20161220182649/https://www.gov.uk/government/uploads/system/uploads/attachment_data/file/565483/CIG-Bangladesh-Prison-conditions-v1-March_2015.pdf,f6a2962c319f9429608e2704b791f5376e03d76c60850f6565f6e2a2df67713e,11,192821
Bangladesh,"Country information and guidance: women, Bangladesh, December 2014","By country/Bangladesh/Country information and guidance- women, Bangladesh, December 2014 [a5cbc1e74e73].pdf",https://webarchive.nationalarchives.gov.uk/ukgwa/20180106033010/https://www.gov.uk/government/uploads/system/uploads/attachment_data/file/565490/CIG-bgd-women-December-2014.pdf,a5cbc1e74e735e23cdf43a905f57b6240c217191a86ad43d851cb614b1b8ed64,30,465197
Bangladesh,"Country information and guidance: women, Bangladesh, December 2014","By country/Bangladesh/Country information and guidance- women, Bangladesh, December 2014 [a5cbc1e74e73].pdf",https://webarchive.nationalarchives.gov.uk/ukgwa/20170207115800/https://www.gov.uk/government/uploads/system/uploads/attachment_data/file/565490/CIG-bgd-women-December-2014.pdf,a5cbc1e74e735e23cdf43a905f57b6240c217191a86ad43d851cb614b1b8ed64,30,465197
Bangladesh,"Country information and guidance: women, Bangladesh, December 2014","By country/Bangladesh/Country information and guidance- women, Bangladesh, December 2014 [a5cbc1e74e73].pdf",https://webarchive.nationalarchives.gov.uk/ukgwa/20170210015934/https://www.gov.uk/government/uploads/system/uploads/attachment_data/file/565490/CIG-bgd-women-December-2014.pdf,a5cbc1e74e735e23cdf43a905f57b6240c217191a86ad43d851cb614b1b8ed64,30,465197
Bangladesh,"Country information and guidance: women, Bangladesh, December 2014","By country/Bangladesh/Country information and guidance- women, Bangladesh, December 2014 [a5cbc1e74e73].pdf",https://webarchive.nationalarchives.gov.uk/ukgwa/20170426084428/https://www.gov.uk/government/uploads/system/uploads/attachment_data/file/565490/CIG-bgd-women-December-2014.pdf,a5cbc1e74e735e23cdf43a905f57b6240c217191a86ad43d851cb614b1b8ed64,30,465197
Bangladesh,"Country information and guidance: women, Bangladesh, December 2014","By country/Bangladesh/Country information and guidance- women, Bangladesh, December 2014 [a5cbc1e74e73].pdf",https://webarchive.nationalarchives.gov.uk/ukgwa/20170524031028/https://www.gov.uk/government/uploads/system/uploads/attachment_data/file/565490/CIG-bgd-women-December-2014.pdf,a5cbc1e74e735e23cdf43a905f57b6240c217191a86ad43d851cb614b1b8ed64,30,465197
Bangladesh,"Country information and guidance: women, Bangladesh, December 2014","By country/Bangladesh/Country information and guidance- women, Bangladesh, December 2014 [a5cbc1e74e73].pdf",https://webarchive.nationalarchives.gov.uk/ukgwa/20170804153940/https://www.gov.uk/government/uploads/system/uploads/attachment_data/file/565490/CIG-bgd-women-December-2014.pdf,a5cbc1e74e735e23cdf43a905f57b6240c217191a86ad43d851cb614b1b8ed64,30,465197
Bangladesh,"Country information and guidance: women, Bangladesh, December 2014","By country/Bangladesh/Country information and guidance- women, Bangladesh, December 2014 [a5cbc1e74e73].pdf",https://webarchive.nationalarchives.gov.uk/ukgwa/20170909205117/https://www.gov.uk/government/uploads/system/uploads/attachment_data/file/565490/CIG-bgd-women-December-2014.pdf,a5cbc1e74e735e23cdf43a905f57b6240c217191a86ad43d851cb614b1b8ed64,30,465197
Bangladesh,"Country information and guidance: women, Bangladesh, December 2014","By country/Bangladesh/Country information and guidance- women, Bangladesh, December 2014 [a5cbc1e74e73].pdf",https://webarchive.nationalarchives.gov.uk/ukgwa/20171013120802/https://www.gov.uk/government/uploads/system/uploads/attachment_data/file/565490/CIG-bgd-women-December-2014.pdf,a5cbc1e74e735e23cdf43a905f57b6240c217191a86ad43d851cb614b1b8ed64,30,465197
Bangladesh,"Country information and guidance: women, Bangladesh, December 2014","By country/Bangladesh/Country information and guidance- women, Bangladesh, December 2014 [a5cbc1e74e73].pdf",https://webarchive.nationalarchives.gov.uk/ukgwa/20171216215029/https://www.gov.uk/government/uploads/system/uploads/attachment_data/file/565490/CIG-bgd-women-December-2014.pdf,a5cbc1e74e735e23cdf43a905f57b6240c217191a86ad43d851cb614b1b8ed64,30,465197
Bangladesh,"Country information and guidance: women, Bangladesh, December 2014","By country/Bangladesh/Country information and guidance- women, Bangladesh, December 2014 [a5cbc1e74e73].pdf",https://webarchive.nationalarchives.gov.uk/ukgwa/20161220182653/https://www.gov.uk/government/uploads/system/uploads/attachment_data/file/565490/CIG-bgd-women-December-2014.pdf,a5cbc1e74e735e23cdf43a905f57b6240c217191a86ad43d851cb614b1b8ed64,30,465197
Bangladesh,"Country policy and information note: sexual orientation and gender identity, Bangladesh, December 2016","By country/Bangladesh/Country policy and information note- sexual orientation and gender identity, Bangladesh, December 2016 [98f4e44422c3].pdf",https://webarchive.nationalarchives.gov.uk/ukgwa/20170207115751/https://www.gov.uk/government/uploads/system/uploads/attachment_data/file/580345/Bangladesh_-_CPIN_Sexual_orientation_and_gender_identity_-_December_2016.pdf,98f4e44422c38f5dc4042a706ce5b4b812b01cbd891ca2038b7f3b11930aa0e4,29,544117
Bangladesh,"Country policy and information note: sexual orientation and gender identity, Bangladesh, December 2016","By country/Bangladesh/Country policy and information note- sexual orientation and gender identity, Bangladesh, December 2016 [98f4e44422c3].pdf",https://webarchive.nationalarchives.gov.uk/ukgwa/20170426084419/https://www.gov.uk/government/uploads/system/uploads/attachment_data/file/580345/Bangladesh_-_CPIN_Sexual_orientation_and_gender_identity_-_December_2016.pdf,98f4e44422c38f5dc4042a706ce5b4b812b01cbd891ca2038b7f3b11930aa0e4,29,544117
Bangladesh,"Country policy and information note: sexual orientation and gender identity, Bangladesh, December 2016","By country/Bangladesh/Country policy and information note- sexual orientation and gender identity, Bangladesh, December 2016 [98f4e44422c3].pdf",https://webarchive.nationalarchives.gov.uk/ukgwa/20170524031020/https://www.gov.uk/government/uploads/system/uploads/attachment_data/file/580345/Bangladesh_-_CPIN_Sexual_orientation_and_gender_identity_-_December_2016.pdf,98f4e44422c38f5dc4042a706ce5b4b812b01cbd891ca2038b7f3b11930aa0e4,29,544117
Bangladesh,"Country policy and information note: sexual orientation and gender identity, Bangladesh, December 2016","By country/Bangladesh/Country policy and information note- sexual orientation and gender identity, Bangladesh, December 2016 [98f4e44422c3].pdf",https://webarchive.nationalarchives.gov.uk/ukgwa/20170804154237/https://www.gov.uk/government/uploads/system/uploads/attachment_data/file/580345/Bangladesh_-_CPIN_Sexual_orientation_and_gender_identity_-_December_2016.pdf,98f4e44422c38f5dc4042a706ce5b4b812b01cbd891ca2038b7f3b11930aa0e4,29,544117
Bangladesh,"Country policy and information note: sexual orientation and gender identity, Bangladesh, December 2016","By country/Bangladesh/Country policy and information note- sexual orientation and gender identity, Bangladesh, December 2016 [98f4e44422c3].pdf",https://webarchive.nationalarchives.gov.uk/ukgwa/20170909204528/https://www.gov.uk/government/uploads/system/uploads/attachment_data/file/580345/Bangladesh_-_CPIN_Sexual_orientation_and_gender_identity_-_December_2016.pdf,98f4e44422c38f5dc4042a706ce5b4b812b01cbd891ca2038b7f3b11930aa0e4,29,544117
Brazil,"Country policy and information note: Internal relocation, Brazil, August 2025","By country/Brazil/Country policy and information note- Internal relocation, Brazil, August 2025 [3a72567c98ff].pdf",https://webarchive.nationalarchives.gov.uk/ukgwa/20250903154659/https://assets.publishing.service.gov.uk/media/68b84f4ab0a373a01819fda9/BRA+CPIN+Internal+Relocation.pdf,3a72567c98ff4ee6f43b788c26fd7267a3d30c2decc5fd857bb5c9e242a45543,64,928372
Brazil,"Country policy and information note: Internal relocation, Brazil, August 2025","By country/Brazil/Country policy and information note- Internal relocation, Brazil, August 2025 [3a72567c98ff].pdf",https://webarchive.nationalarchives.gov.uk/ukgwa/20250904164527/https://assets.publishing.service.gov.uk/media/68b84f4ab0a373a01819fda9/BRA+CPIN+Internal+Relocation.pdf,3a72567c98ff4ee6f43b788c26fd7267a3d30c2decc5fd857bb5c9e242a45543,64,928372
Brazil,"Country policy and information note: Internal relocation, Brazil, August 2025","By country/Brazil/Country policy and information note- Internal relocation, Brazil, August 2025 [3a72567c98ff].pdf",https://webarchive.nationalarchives.gov.uk/ukgwa/20250905024538/https://assets.publishing.service.gov.uk/media/68b84f4ab0a373a01819fda9/BRA+CPIN+Internal+Relocation.pdf,3a72567c98ff4ee6f43b788c26fd7267a3d30c2decc5fd857bb5c9e242a45543,64,928372
Brazil,"Country policy and information note: Internal relocation, Brazil, August 2025","By country/Brazil/Country policy and information note- Internal relocation, Brazil, August 2025 [3a72567c98ff].pdf",https://webarchive.nationalarchives.gov.uk/ukgwa/20251004160911/https://assets.publishing.service.gov.uk/media/68b84f4ab0a373a01819fda9/BRA+CPIN+Internal+Relocation.pdf,3a72567c98ff4ee6f43b788c26fd7267a3d30c2decc5fd857bb5c9e242a45543,64,928372
Brazil,"Country policy and information note: Internal relocation, Brazil, August 2025","By country/Brazil/Country policy and information note- Internal relocation, Brazil, August 2025 [3a72567c98ff].pdf",https://webarchive.nationalarchives.gov.uk/ukgwa/20251106024032/https://assets.publishing.service.gov.uk/media/68b84f4ab0a373a01819fda9/BRA+CPIN+Internal+Relocation.pdf,3a72567c98ff4ee6f43b788c26fd7267a3d30c2decc5fd857bb5c9e242a45543,64,928372
China,"Country information and guidance: background information, including actors of protection and internal relocation, China, September 2015","By country/China/Country information and guidance- background information, including actors of protection and internal relocation, China, September 2015 [1bb48be5b3c8].pdf",https://webarchive.nationalarchives.gov.uk/ukgwa/20180106022602/https://www.gov.uk/government/uploads/system/uploads/attachment_data/file/565512/CIG-China-Background-v1-September-2015.pdf,1bb48be5b3c89de61e860106b258e8555534c2c00684670918cdda9423dc536b,41,361217
China,"Country information and guidance: background information, including actors of protection and internal relocation, China, September 2015","By country/China/Country information and guidance- background information, including actors of protection and internal relocation, China, September 2015 [1bb48be5b3c8].pdf",https://webarchive.nationalarchives.gov.uk/ukgwa/20180302033838/https://www.gov.uk/government/uploads/system/uploads/attachment_data/file/565512/CIG-China-Background-v1-September-2015.pdf,1bb48be5b3c89de61e860106b258e8555534c2c00684670918cdda9423dc536b,41,361217
China,"Country information and guidance: background information, including actors of protection and internal relocation, China, September 2015","By country/China/Country information and guidance- background information, including actors of protection and internal relocation, China, September 2015 [1bb48be5b3c8].pdf",https://webarchive.nationalarchives.gov.uk/ukgwa/20170207115821/https://www.gov.uk/government/uploads/system/uploads/attachment_data/file/565512/CIG-China-Background-v1-September-2015.pdf,1bb48be5b3c89de61e860106b258e8555534c2c00684670918cdda9423dc536b,41,361217
China,"Country information and guidance: background information, including actors of protection and internal relocation, China, September 2015","By country/China/Country information and guidance- background information, including actors of protection and internal relocation, China, September 2015 [1bb48be5b3c8].pdf",https://webarchive.nationalarchives.gov.uk/ukgwa/20170210015917/https://www.gov.uk/government/uploads/system/uploads/attachment_data/file/565512/CIG-China-Background-v1-September-2015.pdf,1bb48be5b3c89de61e860106b258e8555534c2c00684670918cdda9423dc536b,41,361217
China,"Country information and guidance: background information, including actors of protection and internal relocation, China, September 2015","By country/China/Country information and guidance- background information, including actors of protection and internal relocation, China, September 2015 [1bb48be5b3c8].pdf",https://webarchive.nationalarchives.gov.uk/ukgwa/20170426190146/https://www.gov.uk/government/uploads/system/uploads/attachment_data/file/565512/CIG-China-Background-v1-September-2015.pdf,1bb48be5b3c89de61e860106b258e8555534c2c00684670918cdda9423dc536b,41,361217
China,"Country information and guidance: background information, including actors of protection and internal relocation, China, September 2015","By country/China/Country information and guidance- background information, including actors of protection and internal relocation, China, September 2015 [1bb48be5b3c8].pdf",https://webarchive.nationalarchives.gov.uk/ukgwa/20170524111527/https://www.gov.uk/government/uploads/system/uploads/attachment_data/file/565512/CIG-China-Background-v1-September-2015.pdf,1bb48be5b3c89de61e860106b258e8555534c2c00684670918cdda9423dc536b,41,361217
China,"Country information and guidance: background information, including actors of protection and internal relocation, China, September 2015","By country/China/Country information and guidance- background information, including actors of protection and internal relocation, China, September 2015 [1bb48be5b3c8].pdf",https://webarchive.nationalarchives.gov.uk/ukgwa/20170804231537/https://www.gov.uk/government/uploads/system/uploads/attachment_data/file/565512/CIG-China-Background-v1-September-2015.pdf,1bb48be5b3c89de61e860106b258e8555534c2c00684670918cdda9423dc536b,41,361217
China,"Country information and guidance: background information, including actors of protection and internal relocation, China, September 2015","By country/China/Country information and guidance- background information, including actors of protection and internal relocation, China, September 2015 [1bb48be5b3c8].pdf",https://webarchive.nationalarchives.gov.uk/ukgwa/20170909153735/https://www.gov.uk/government/uploads/system/uploads/attachment_data/file/565512/CIG-China-Background-v1-September-2015.pdf,1bb48be5b3c89de61e860106b258e8555534c2c00684670918cdda9423dc536b,41,361217
China,"Country information and guidance: background information, including actors of protection and internal relocation, China, September 2015","By country/China/Country information and guidance- background information, including actors of protection and internal relocation, China, September 2015 [1bb48be5b3c8].pdf",https://webarchive.nationalarchives.gov.uk/ukgwa/20171014113559/https://www.gov.uk/government/uploads/system/uploads/attachment_data/file/565512/CIG-China-Background-v1-September-2015.pdf,1bb48be5b3c89de61e860106b258e8555534c2c00684670918cdda9423dc536b,41,361217
China,"Country information and guidance: background information, including actors of protection and internal relocation, China, September 2015","By country/China/Country information and guidance- background information, including actors of protection and internal relocation, China, September 2015 [1bb48be5b3c8].pdf",https://webarchive.nationalarchives.gov.uk/ukgwa/20161220182635/https://www.gov.uk/government/uploads/system/uploads/attachment_data/file/565512/CIG-China-Background-v1-September-2015.pdf,1bb48be5b3c89de61e860106b258e8555534c2c00684670918cdda9423dc536b,41,361217
China,"Country information and guidance: fear of punishment on return to China for crimes committed in other countries (‘Double Jeopardy’), China, September 2015","By country/China/Country information and guidance- fear of punishment on return to China for crimes committed in other countries (‘Double Jeopardy’), China, September 2015 [9dfff799db23].pdf",https://webarchive.nationalarchives.gov.uk/ukgwa/20180106022430/https://www.gov.uk/government/uploads/system/uploads/attachment_data/file/565514/CIG-China-Double-Jeopardy-v1-September-2015.pdf,9dfff799db23d089f1af34ea5a865cd081a5aa590de46d8b8b41e031a0e36866,8,204873
China,"Country information and guidance: fear of punishment on return to China for crimes committed in other countries (‘Double Jeopardy’), China, September 2015","By country/China/Country information and guidance- fear of punishment on return to China for crimes committed in other countries (‘Double Jeopardy’), China, September 2015 [9dfff799db23].pdf",https://webarchive.nationalarchives.gov.uk/ukgwa/20180302041220/https://www.gov.uk/government/uploads/system/uploads/attachment_data/file/565514/CIG-China-Double-Jeopardy-v1-September-2015.pdf,9dfff799db23d089f1af34ea5a865cd081a5aa590de46d8b8b41e031a0e36866,8,204873
China,"Country information and guidance: fear of punishment on return to China for crimes committed in other countries (‘Double Jeopardy’), China, September 2015","By country/China/Country information and guidance- fear of punishment on return to China for crimes committed in other countries (‘Double Jeopardy’), China, September 2015 [9dfff799db23].pdf",https://webarchive.nationalarchives.gov.uk/ukgwa/20180311131650/https://www.gov.uk/government/uploads/system/uploads/attachment_data/file/565514/CIG-China-Double-Jeopardy-v1-September-2015.pdf,9dfff799db23d089f1af34ea5a865cd081a5aa590de46d8b8b41e031a0e36866,8,204873
China,"Country information and guidance: fear of punishment on return to China for crimes committed in other countries (‘Double Jeopardy’), China, September 2015","By country/China/Country information and guidance- fear of punishment on return to China for crimes committed in other countries (‘Double Jeopardy’), China, September 2015 [9dfff799db23].pdf",https://webarchive.nationalarchives.gov.uk/ukgwa/20170207115823/https://www.gov.uk/government/uploads/system/uploads/attachment_data/file/565514/CIG-China-Double-Jeopardy-v1-September-2015.pdf,9dfff799db23d089f1af34ea5a865cd081a5aa590de46d8b8b41e031a0e36866,8,204873
China,"Country information and guidance: fear of punishment on return to China for crimes committed in other countries (‘Double Jeopardy’), China, September 2015","By country/China/Country information and guidance- fear of punishment on return to China for crimes committed in other countries (‘Double Jeopardy’), China, September 2015 [9dfff799db23].pdf",https://webarchive.nationalarchives.gov.uk/ukgwa/20170210015919/https://www.gov.uk/government/uploads/system/uploads/attachment_data/file/565514/CIG-China-Double-Jeopardy-v1-September-2015.pdf,9dfff799db23d089f1af34ea5a865cd081a5aa590de46d8b8b41e031a0e36866,8,204873
China,"Country information and guidance: fear of punishment on return to China for crimes committed in other countries (‘Double Jeopardy’), China, September 2015","By country/China/Country information and guidance- fear of punishment on return to China for crimes committed in other countries (‘Double Jeopardy’), China, September 2015 [9dfff799db23].pdf",https://webarchive.nationalarchives.gov.uk/ukgwa/20170426190149/https://www.gov.uk/government/uploads/system/uploads/attachment_data/file/565514/CIG-China-Double-Jeopardy-v1-September-2015.pdf,9dfff799db23d089f1af34ea5a865cd081a5aa590de46d8b8b41e031a0e36866,8,204873
China,"Country information and guidance: fear of punishment on return to China for crimes committed in other countries (‘Double Jeopardy’), China, September 2015","By country/China/Country information and guidance- fear of punishment on return to China for crimes committed in other countries (‘Double Jeopardy’), China, September 2015 [9dfff799db23].pdf",https://webarchive.nationalarchives.gov.uk/ukgwa/20170524111530/https://www.gov.uk/government/uploads/system/uploads/attachment_data/file/565514/CIG-China-Double-Jeopardy-v1-September-2015.pdf,9dfff799db23d089f1af34ea5a865cd081a5aa590de46d8b8b41e031a0e36866,8,204873
China,"Country information and guidance: fear of punishment on return to China for crimes committed in other countries (‘Double Jeopardy’), China, September 2015","By country/China/Country information and guidance- fear of punishment on return to China for crimes committed in other countries (‘Double Jeopardy’), China, September 2015 [9dfff799db23].pdf",https://webarchive.nationalarchives.gov.uk/ukgwa/20170804231010/https://www.gov.uk/government/uploads/system/uploads/attachment_data/file/565514/CIG-China-Double-Jeopardy-v1-September-2015.pdf,9dfff799db23d089f1af34ea5a865cd081a5aa590de46d8b8b41e031a0e36866,8,204873
China,"Country information and guidance: fear of punishment on return to China for crimes committed in other countries (‘Double Jeopardy’), China, September 2015","By country/China/Country information and guidance- fear of punishment on return to China for crimes committed in other countries (‘Double Jeopardy’), China, September 2015 [9dfff799db23].pdf",https://webarchive.nationalarchives.gov.uk/ukgwa/20170909154554/https://www.gov.uk/government/uploads/system/uploads/attachment_data/file/565514/CIG-China-Double-Jeopardy-v1-September-2015.pdf,9dfff799db23d089f1af34ea5a865cd081a5aa590de46d8b8b41e031a0e36866,8,204873
China,"Country information and guidance: fear of punishment on return to China for crimes committed in other countries (‘Double Jeopardy’), China, September 2015","By country/China/Country information and guidance- fear of punishment on return to China for crimes committed in other countries (‘Double Jeopardy’), China, September 2015 [9dfff799db23].pdf",https://webarchive.nationalarchives.gov.uk/ukgwa/20171014113502/https://www.gov.uk/government/uploads/system/uploads/attachment_data/file/565514/CIG-China-Double-Jeopardy-v1-September-2015.pdf,9dfff799db23d089f1af34ea5a865cd081a5aa590de46d8b8b41e031a0e36866,8,204873
China,"Country information and guidance: fear of punishment on return to China for crimes committed in other countries (‘Double Jeopardy’), China, September 2015","By country/China/Country information and guidance- fear of punishment on return to China for crimes committed in other countries (‘Double Jeopardy’), China, September 2015 [9dfff799db23].pdf",https://webarchive.nationalarchives.gov.uk/ukgwa/20161220182638/https://www.gov.uk/government/uploads/system/uploads/attachment_data/file/565514/CIG-China-Double-Jeopardy-v1-September-2015.pdf,9dfff799db23d089f1af34ea5a865cd081a5aa590de46d8b8b41e031a0e36866,8,204873
China,"Country information and guidance: journalists, China, March 2016","By country/China/Country information and guidance- journalists, China, March 2016 [f2474d3ea3c8].pdf",https://webarchive.nationalarchives.gov.uk/ukgwa/20180106023216/https://www.gov.uk/government/uploads/system/uploads/attachment_data/file/565509/CIG-china-journalists-v1-March-2016.pdf,f2474d3ea3c83f7771553e4cb2ef29f4f45b452f3b844d42ad35ecc743d8eb14,21,291143
China,"Country information and guidance: journalists, China, March 2016","By country/China/Country information and guidance- journalists, China, March 2016 [f2474d3ea3c8].pdf",https://webarchive.nationalarchives.gov.uk/ukgwa/20180302041159/https://www.gov.uk/government/uploads/system/uploads/attachment_data/file/565509/CIG-china-journalists-v1-March-2016.pdf,f2474d3ea3c83f7771553e4cb2ef29f4f45b452f3b844d42ad35ecc743d8eb14,21,291143
China,"Country information and guidance: journalists, China, March 2016","By country/China/Country information and guidance- journalists, China, March 2016 [f2474d3ea3c8].pdf",https://webarchive.nationalarchives.gov.uk/ukgwa/20180311132315/https://www.gov.uk/government/uploads/system/uploads/attachment_data/file/565509/CIG-china-journalists-v1-March-2016.pdf,f2474d3ea3c83f7771553e4cb2ef29f4f45b452f3b844d42ad35ecc743d8eb14,21,291143
China,"Country information and guidance: journalists, China, March 2016","By country/China/Country information and guidance- journalists, China, March 2016 [f2474d3ea3c8].pdf",https://webarchive.nationalarchives.gov.uk/ukgwa/20170207115816/https://www.gov.uk/government/uploads/system/uploads/attachment_data/file/565509/CIG-china-journalists-v1-March-2016.pdf,f2474d3ea3c83f7771553e4cb2ef29f4f45b452f3b844d42ad35ecc743d8eb14,21,291143
China,"Country information and guidance: journalists, China, March 2016","By country/China/Country information and guidance- journalists, China, March 2016 [f2474d3ea3c8].pdf",https://webarchive.nationalarchives.gov.uk/ukgwa/20170210015912/https://www.gov.uk/government/uploads/system/uploads/attachment_data/file/565509/CIG-china-journalists-v1-March-2016.pdf,f2474d3ea3c83f7771553e4cb2ef29f4f45b452f3b844d42ad35ecc743d8eb14,21,291143
China,"Country information and guidance: journalists, China, March 2016","By country/China/Country information and guidance- journalists, China, March 2016 [f2474d3ea3c8].pdf",https://webarchive.nationalarchives.gov.uk/ukgwa/20170426190142/https://www.gov.uk/government/uploads/system/uploads/attachment_data/file/565509/CIG-china-journalists-v1-March-2016.pdf,f2474d3ea3c83f7771553e4cb2ef29f4f45b452f3b844d42ad35ecc743d8eb14,21,291143
China,"Country information and guidance: journalists, China, March 2016","By country/China/Country information and guidance- journalists, China, March 2016 [f2474d3ea3c8].pdf",https://webarchive.nationalarchives.gov.uk/ukgwa/20170524111523/https://www.gov.uk/government/uploads/system/uploads/attachment_data/file/565509/CIG-china-journalists-v1-March-2016.pdf,f2474d3ea3c83f7771553e4cb2ef29f4f45b452f3b844d42ad35ecc743d8eb14,21,291143
China,"Country information and guidance: journalists, China, March 2016","By country/China/Country information and guidance- journalists, China, March 2016 [f2474d3ea3c8].pdf",https://webarchive.nationalarchives.gov.uk/ukgwa/20170804230526/https://www.gov.uk/government/uploads/system/uploads/attachment_data/file/565509/CIG-china-journalists-v1-March-2016.pdf,f2474d3ea3c83f7771553e4cb2ef29f4f45b452f3b844d42ad35ecc743d8eb14,21,291143
China,"Country information and guidance: journalists, China, March 2016","By country/China/Country information and guidance- journalists, China, March 2016 [f2474d3ea3c8].pdf",https://webarchive.nationalarchives.gov.uk/ukgwa/20170909154152/https://www.gov.uk/government/uploads/system/uploads/attachment_data/file/565509/CIG-china-journalists-v1-March-2016.pdf,f2474d3ea3c83f7771553e4cb2ef29f4f45b452f3b844d42ad35ecc743d8eb14,21,291143
China,"Country information and guidance: journalists, China, March 2016","By country/China/Country information and guidance- journalists, China, March 2016 [f2474d3ea3c8].pdf",https://webarchive.nationalarchives.gov.uk/ukgwa/20171014114223/https://www.gov.uk/government/uploads/system/uploads/attachment_data/file/565509/CIG-china-journalists-v1-March-2016.pdf,f2474d3ea3c83f7771553e4cb2ef29f4f45b452f3b844d42ad35ecc743d8eb14,21,291143
China,"Country information and guidance: journalists, China, March 2016","By country/China/Country information and guidance- journalists, China, March 2016 [f2474d3ea3c8].pdf",https://webarchive.nationalarchives.gov.uk/ukgwa/20161220182631/https://www.gov.uk/government/uploads/system/uploads/attachment_data/file/565509/CIG-china-journalists-v1-March-2016.pdf,f2474d3ea3c83f7771553e4cb2ef29f4f45b452f3b844d42ad35ecc743d8eb14,21,291143
China,"Country information and guidance: opposition to the Chinese Communist Party, China, October 2015","By country/China/Country information and guidance- opposition to the Chinese Communist Party, China, October 2015 [40e0bfeeea81].pdf",https://webarchive.nationalarchives.gov.uk/ukgwa/20180106022429/https://www.gov.uk/government/uploads/system/uploads/attachment_data/file/565511/CIG-China-Opposition-to-the-Chinese-Communist-Party-v1-October-2015.pdf,40e0bfeeea81d92965cc808afb5fa4b9606fc28f7cb80e491a5d933ab1bd6215,46,561049
China,"Country information and guidance: opposition to the Chinese Communist Party, China, October 2015","By country/China/Country information and guidance- opposition to the Chinese Communist Party, China, October 2015 [40e0bfeeea81].pdf",https://webarchive.nationalarchives.gov.uk/ukgwa/20180302041205/https://www.gov.uk/government/uploads/system/uploads/attachment_data/file/565511/CIG-China-Opposition-to-the-Chinese-Communist-Party-v1-October-2015.pdf,40e0bfeeea81d92965cc808afb5fa4b9606fc28f7cb80e491a5d933ab1bd6215,46,561049
China,"Country information and guidance: opposition to the Chinese Communist Party, China, October 2015","By country/China/Country information and guidance- opposition to the Chinese Communist Party, China, October 2015 [40e0bfeeea81].pdf",https://webarchive.nationalarchives.gov.uk/ukgwa/20180311131649/https://www.gov.uk/government/uploads/system/uploads/attachment_data/file/565511/CIG-China-Opposition-to-the-Chinese-Communist-Party-v1-October-2015.pdf,40e0bfeeea81d92965cc808afb5fa4b9606fc28f7cb80e491a5d933ab1bd6215,46,561049
China,"Country information and guidance: opposition to the Chinese Communist Party, China, October 2015","By country/China/Country information and guidance- opposition to the Chinese Communist Party, China, October 2015 [40e0bfeeea81].pdf",https://webarchive.nationalarchives.gov.uk/ukgwa/20170207115818/https://www.gov.uk/government/uploads/system/uploads/attachment_data/file/565511/CIG-China-Opposition-to-the-Chinese-Communist-Party-v1-October-2015.pdf,40e0bfeeea81d92965cc808afb5fa4b9606fc28f7cb80e491a5d933ab1bd6215,46,561049
China,"Country information and guidance: opposition to the Chinese Communist Party, China, October 2015","By country/China/Country information and guidance- opposition to the Chinese Communist Party, China, October 2015 [40e0bfeeea81].pdf",https://webarchive.nationalarchives.gov.uk/ukgwa/20170210015914/https://www.gov.uk/government/uploads/system/uploads/attachment_data/file/565511/CIG-China-Opposition-to-the-Chinese-Communist-Party-v1-October-2015.pdf,40e0bfeeea81d92965cc808afb5fa4b9606fc28f7cb80e491a5d933ab1bd6215,46,561049
China,"Country information and guidance: opposition to the Chinese Communist Party, China, October 2015","By country/China/Country information and guidance- opposition to the Chinese Communist Party, China, October 2015 [40e0bfeeea81].pdf",https://webarchive.nationalarchives.gov.uk/ukgwa/20170426190144/https://www.gov.uk/government/uploads/system/uploads/attachment_data/file/565511/CIG-China-Opposition-to-the-Chinese-Communist-Party-v1-October-2015.pdf,40e0bfeeea81d92965cc808afb5fa4b9606fc28f7cb80e491a5d933ab1bd6215,46,561049
China,"Country information and guidance: opposition to the Chinese Communist Party, China, October 2015","By country/China/Country information and guidance- opposition to the Chinese Communist Party, China, October 2015 [40e0bfeeea81].pdf",https://webarchive.nationalarchives.gov.uk/ukgwa/20170524111525/https://www.gov.uk/government/uploads/system/uploads/attachment_data/file/565511/CIG-China-Opposition-to-the-Chinese-Communist-Party-v1-October-2015.pdf,40e0bfeeea81d92965cc808afb5fa4b9606fc28f7cb80e491a5d933ab1bd6215,46,561049
China,"Country information and guidance: opposition to the Chinese Communist Party, China, October 2015","By country/China/Country information and guidance- opposition to the Chinese Communist Party, China, October 2015 [40e0bfeeea81].pdf",https://webarchive.nationalarchives.gov.uk/ukgwa/20170804231359/https://www.gov.uk/government/uploads/system/uploads/attachment_data/file/565511/CIG-China-Opposition-to-the-Chinese-Communist-Party-v1-October-2015.pdf,40e0bfeeea81d92965cc808afb5fa4b9606fc28f7cb80e491a5d933ab1bd6215,46,561049
China,"Country information and guidance: opposition to the Chinese Communist Party, China, October 2015","By country/China/Country information and guidance- opposition to the Chinese Communist Party, China, October 2015 [40e0bfeeea81].pdf",https://webarchive.nationalarchives.gov.uk/ukgwa/20170909154551/https://www.gov.uk/government/uploads/system/uploads/attachment_data/file/565511/CIG-China-Opposition-to-the-Chinese-Communist-Party-v1-October-2015.pdf,40e0bfeeea81d92965cc808afb5fa4b9606fc28f7cb80e491a5d933ab1bd6215,46,561049
China,"Country information and guidance: opposition to the Chinese Communist Party, China, October 2015","By country/China/Country information and guidance- opposition to the Chinese Communist Party, China, October 2015 [40e0bfeeea81].pdf",https://webarchive.nationalarchives.gov.uk/ukgwa/20171014113702/https://www.gov.uk/government/uploads/system/uploads/attachment_data/file/565511/CIG-China-Opposition-to-the-Chinese-Communist-Party-v1-October-2015.pdf,40e0bfeeea81d92965cc808afb5fa4b9606fc28f7cb80e491a5d933ab1bd6215,46,561049
China,"Country information and guidance: opposition to the Chinese Communist Party, China, October 2015","By country/China/Country information and guidance- opposition to the Chinese Communist Party, China, October 2015 [40e0bfeeea81].pdf",https://webarchive.nationalarchives.gov.uk/ukgwa/20161220182633/https://www.gov.uk/government/uploads/system/uploads/attachment_data/file/565511/CIG-China-Opposition-to-the-Chinese-Communist-Party-v1-October-2015.pdf,40e0bfeeea81d92965cc808afb5fa4b9606fc28f7cb80e491a5d933ab1bd6215,46,561049
China,"Country policy and information note: contravention of national population and family-planning laws, China, November 2017","By country/China/Country policy and information note- contravention of national population and family-planning laws, China, November 2017 [765de3bed258].pdf",https://webarchive.nationalarchives.gov.uk/ukgwa/20180106022601/https://www.gov.uk/government/uploads/system/uploads/attachment_data/file/657446/China_-_Family_Planning_-_CPIN_-_v2.0.pdf,765de3bed258b213611790b25d2e771f195749bad82bf59c8c5f973b5afae0ce,29,485109
China,"Country policy and information note: contravention of national population and family-planning laws, China, November 2017","By country/China/Country policy and information note- contravention of national population and family-planning laws, China, November 2017 [765de3bed258].pdf",https://webarchive.nationalarchives.gov.uk/ukgwa/20180302041216/https://www.gov.uk/government/uploads/system/uploads/attachment_data/file/657446/China_-_Family_Planning_-_CPIN_-_v2.0.pdf,765de3bed258b213611790b25d2e771f195749bad82bf59c8c5f973b5afae0ce,29,485109
China,"Country policy and information note: contravention of national population and family-planning laws, China, November 2017","By country/China/Country policy and information note- contravention of national population and family-planning laws, China, November 2017 [765de3bed258].pdf",https://webarchive.nationalarchives.gov.uk/ukgwa/20180311131646/https://www.gov.uk/government/uploads/system/uploads/attachment_data/file/657446/China_-_Family_Planning_-_CPIN_-_v2.0.pdf,765de3bed258b213611790b25d2e771f195749bad82bf59c8c5f973b5afae0ce,29,485109
China,"Country policy and information note: opposition to the state, China, May 2018","By country/China/Country policy and information note- opposition to the state, China, May 2018 [1750ca2f08a9].pdf",https://webarchive.nationalarchives.gov.uk/ukgwa/20180609153852/https://assets.publishing.service.gov.uk/government/uploads/system/uploads/attachment_data/file/710154/China_-_Oppn_to_the_State_-_CPIN_-_v2.0__May_2018__ex.pdf,1750ca2f08a90219a88e5a5206b402b00ba53700629767e6247eb210f19ec8b2,41,959395
China,"Country policy and information note: opposition to the state, China, May 2018","By country/China/Country policy and information note- opposition to the state, China, May 2018 [1750ca2f08a9].pdf",https://webarchive.nationalarchives.gov.uk/ukgwa/20180718004106/https://assets.publishing.service.gov.uk/government/uploads/system/uploads/attachment_data/file/710154/China_-_Oppn_to_the_State_-_CPIN_-_v2.0__May_2018__ex.pdf,1750ca2f08a90219a88e5a5206b402b00ba53700629767e6247eb210f19ec8b2,41,959395
China,"Country policy and information note: opposition to the state, China, May 2018","By country/China/Country policy and information note- opposition to the state, China, May 2018 [1750ca2f08a9].pdf",https://webarchive.nationalarchives.gov.uk/ukgwa/20180718131611/https://assets.publishing.service.gov.uk/government/uploads/system/uploads/attachment_data/file/710154/China_-_Oppn_to_the_State_-_CPIN_-_v2.0__May_2018__ex.pdf,1750ca2f08a90219a88e5a5206b402b00ba53700629767e6247eb210f19ec8b2,41,959395
China,"Country policy and information note: opposition to the state, China, May 2018","By country/China/Country policy and information note- opposition to the state, China, May 2018 [1750ca2f08a9].pdf",https://webarchive.nationalarchives.gov.uk/ukgwa/20180809131423/https://assets.publishing.service.gov.uk/government/uploads/system/uploads/attachment_data/file/710154/China_-_Oppn_to_the_State_-_CPIN_-_v2.0__May_2018__ex.pdf,1750ca2f08a90219a88e5a5206b402b00ba53700629767e6247eb210f19ec8b2,41,959395
China,"Country policy and information note: opposition to the state, China, May 2018","By country/China/Country policy and information note- opposition to the state, China, May 2018 [1750ca2f08a9].pdf",https://webarchive.nationalarchives.gov.uk/ukgwa/20180912185244/https://assets.publishing.service.gov.uk/government/uploads/system/uploads/attachment_data/file/710154/China_-_Oppn_to_the_State_-_CPIN_-_v2.0__May_2018__ex.pdf,1750ca2f08a90219a88e5a5206b402b00ba53700629767e6247eb210f19ec8b2,41,959395
China,"Country policy and information note: opposition to the state, China, May 2018","By country/China/Country policy and information note- opposition to the state, China, May 2018 [1750ca2f08a9].pdf",https://webarchive.nationalarchives.gov.uk/ukgwa/20181003153947/https://assets.publishing.service.gov.uk/government/uploads/system/uploads/attachment_data/file/710154/China_-_Oppn_to_the_State_-_CPIN_-_v2.0__May_2018__ex.pdf,1750ca2f08a90219a88e5a5206b402b00ba53700629767e6247eb210f19ec8b2,41,959395
China,"Country policy and information note: opposition to the state, China, May 2018","By country/China/Country policy and information note- opposition to the state, China, May 2018 [1750ca2f08a9].pdf",https://webarchive.nationalarchives.gov.uk/ukgwa/20181113071524/https://assets.publishing.service.gov.uk/government/uploads/system/uploads/attachment_data/file/710154/China_-_Oppn_to_the_State_-_CPIN_-_v2.0__May_2018__ex.pdf,1750ca2f08a90219a88e5a5206b402b00ba53700629767e6247eb210f19ec8b2,41,959395
Democratic Republic of the Congo,"Country information and guidance: treatment on return, Democratic Republic of Congo, September 2015","By country/Democratic Republic of the Congo/Country information and guidance- treatment on return, Democratic Republic of Congo, September 2015 [270d26f744c4].pdf",https://webarchive.nationalarchives.gov.uk/ukgwa/20190111171307/https://assets.publishing.service.gov.uk/government/uploads/system/uploads/attachment_data/file/565619/CIG-DRC-returns-v1.1-September-2015.pdf,270d26f744c4c4ec0f61cc560a641248cf94585474b4ca14755396031a7dfd8d,71,581898
Democratic Republic of the Congo,"Country information and guidance: treatment on return, Democratic Republic of Congo, September 2015","By country/Democratic Republic of the Congo/Country information and guidance- treatment on return, Democratic Republic of Congo, September 2015 [270d26f744c4].pdf",https://webarchive.nationalarchives.gov.uk/ukgwa/20180413033109/https://assets.publishing.service.gov.uk/government/uploads/system/uploads/attachment_data/file/565619/CIG-DRC-returns-v1.1-September-2015.pdf,270d26f744c4c4ec0f61cc560a641248cf94585474b4ca14755396031a7dfd8d,71,581898
Democratic Republic of the Congo,"Country information and guidance: treatment on return, Democratic Republic of Congo, September 2015","By country/Democratic Republic of the Congo/Country information and guidance- treatment on return, Democratic Republic of Congo, September 2015 [270d26f744c4].pdf",https://webarchive.nationalarchives.gov.uk/ukgwa/20180513014237/https://assets.publishing.service.gov.uk/government/uploads/system/uploads/attachment_data/file/565619/CIG-DRC-returns-v1.1-September-2015.pdf,270d26f744c4c4ec0f61cc560a641248cf94585474b4ca14755396031a7dfd8d,71,581898
Democratic Republic of the Congo,"Country information and guidance: treatment on return, Democratic Republic of Congo, September 2015","By country/Democratic Republic of the Congo/Country information and guidance- treatment on return, Democratic Republic of Congo, September 2015 [270d26f744c4].pdf",https://webarchive.nationalarchives.gov.uk/ukgwa/20180609025451/https://assets.publishing.service.gov.uk/government/uploads/system/uploads/attachment_data/file/565619/CIG-DRC-returns-v1.1-September-2015.pdf,270d26f744c4c4ec0f61cc560a641248cf94585474b4ca14755396031a7dfd8d,71,581898
Democratic Republic of the Congo,"Country information and guidance: treatment on return, Democratic Republic of Congo, September 2015","By country/Democratic Republic of the Congo/Country information and guidance- treatment on return, Democratic Republic of Congo, September 2015 [270d26f744c4].pdf",https://webarchive.nationalarchives.gov.uk/ukgwa/20180718141602/https://assets.publishing.service.gov.uk/government/uploads/system/uploads/attachment_data/file/565619/CIG-DRC-returns-v1.1-September-2015.pdf,270d26f744c4c4ec0f61cc560a641248cf94585474b4ca14755396031a7dfd8d,71,581898
Democratic Republic of the Congo,"Country information and guidance: treatment on return, Democratic Republic of Congo, September 2015","By country/Democratic Republic of the Congo/Country information and guidance- treatment on return, Democratic Republic of Congo, September 2015 [270d26f744c4].pdf",https://webarchive.nationalarchives.gov.uk/ukgwa/20180719111016/https://assets.publishing.service.gov.uk/government/uploads/system/uploads/attachment_data/file/565619/CIG-DRC-returns-v1.1-September-2015.pdf,270d26f744c4c4ec0f61cc560a641248cf94585474b4ca14755396031a7dfd8d,71,581898
Democratic Republic of the Congo,"Country information and guidance: treatment on return, Democratic Republic of Congo, September 2015","By country/Democratic Republic of the Congo/Country information and guidance- treatment on return, Democratic Republic of Congo, September 2015 [270d26f744c4].pdf",https://webarchive.nationalarchives.gov.uk/ukgwa/20180809004454/https://assets.publishing.service.gov.uk/government/uploads/system/uploads/attachment_data/file/565619/CIG-DRC-returns-v1.1-September-2015.pdf,270d26f744c4c4ec0f61cc560a641248cf94585474b4ca14755396031a7dfd8d,71,581898
Democratic Republic of the Congo,"Country information and guidance: treatment on return, Democratic Republic of Congo, September 2015","By country/Democratic Republic of the Congo/Country information and guidance- treatment on return, Democratic Republic of Congo, September 2015 [270d26f744c4].pdf",https://webarchive.nationalarchives.gov.uk/ukgwa/20180913063033/https://assets.publishing.service.gov.uk/government/uploads/system/uploads/attachment_data/file/565619/CIG-DRC-returns-v1.1-September-2015.pdf,270d26f744c4c4ec0f61cc560a641248cf94585474b4ca14755396031a7dfd8d,71,581898
Democratic Republic of the Congo,"Country information and guidance: treatment on return, Democratic Republic of Congo, September 2015","By country/Democratic Republic of the Congo/Country information and guidance- treatment on return, Democratic Republic of Congo, September 2015 [270d26f744c4].pdf",https://webarchive.nationalarchives.gov.uk/ukgwa/20181004124949/https://assets.publishing.service.gov.uk/government/uploads/system/uploads/attachment_data/file/565619/CIG-DRC-returns-v1.1-September-2015.pdf,270d26f744c4c4ec0f61cc560a641248cf94585474b4ca14755396031a7dfd8d,71,581898
Democratic Republic of the Congo,"Country information and guidance: treatment on return, Democratic Republic of Congo, September 2015","By country/Democratic Republic of the Congo/Country information and guidance- treatment on return, Democratic Republic of Congo, September 2015 [270d26f744c4].pdf",https://webarchive.nationalarchives.gov.uk/ukgwa/20181112184219/https://assets.publishing.service.gov.uk/government/uploads/system/uploads/attachment_data/file/565619/CIG-DRC-returns-v1.1-September-2015.pdf,270d26f744c4c4ec0f61cc560a641248cf94585474b4ca14755396031a7dfd8d,71,581898
Democratic Republic of the Congo,"Country information and guidance: treatment on return, Democratic Republic of Congo, September 2015","By country/Democratic Republic of the Congo/Country information and guidance- treatment on return, Democratic Republic of Congo, September 2015 [270d26f744c4].pdf",https://webarchive.nationalarchives.gov.uk/ukgwa/20181219124910/https://assets.publishing.service.gov.uk/government/uploads/system/uploads/attachment_data/file/565619/CIG-DRC-returns-v1.1-September-2015.pdf,270d26f744c4c4ec0f61cc560a641248cf94585474b4ca14755396031a7dfd8d,71,581898
Democratic Republic of the Congo,"Country policy and information note: opposition to the government, Democratic Republic of the Congo, November 2016","By country/Democratic Republic of the Congo/Country policy and information note- opposition to the government, Democratic Republic of the Congo, November 2016 [dfab7ae9168a].pdf",https://webarchive.nationalarchives.gov.uk/ukgwa/20180106050634/https://www.gov.uk/government/uploads/system/uploads/attachment_data/file/566672/CPIN-DRC-Po-lOpps-v1-November-2016.pdf,dfab7ae9168a2e5b1067e7c817175dce31fb9bec098c66ac8515057def3f2008,32,351155
Democratic Republic of the Congo,"Country policy and information note: opposition to the government, Democratic Republic of the Congo, November 2016","By country/Democratic Republic of the Congo/Country policy and information note- opposition to the government, Democratic Republic of the Congo, November 2016 [dfab7ae9168a].pdf",https://webarchive.nationalarchives.gov.uk/ukgwa/20180301025614/https://www.gov.uk/government/uploads/system/uploads/attachment_data/file/566672/CPIN-DRC-Po-lOpps-v1-November-2016.pdf,dfab7ae9168a2e5b1067e7c817175dce31fb9bec098c66ac8515057def3f2008,32,351155
Democratic Republic of the Congo,"Country policy and information note: opposition to the government, Democratic Republic of the Congo, November 2016","By country/Democratic Republic of the Congo/Country policy and information note- opposition to the government, Democratic Republic of the Congo, November 2016 [dfab7ae9168a].pdf",https://webarchive.nationalarchives.gov.uk/ukgwa/20180301200951/https://www.gov.uk/government/uploads/system/uploads/attachment_data/file/566672/CPIN-DRC-Po-lOpps-v1-November-2016.pdf,dfab7ae9168a2e5b1067e7c817175dce31fb9bec098c66ac8515057def3f2008,32,351155
Democratic Republic of the Congo,"Country policy and information note: opposition to the government, Democratic Republic of the Congo, November 2016","By country/Democratic Republic of the Congo/Country policy and information note- opposition to the government, Democratic Republic of the Congo, November 2016 [dfab7ae9168a].pdf",https://webarchive.nationalarchives.gov.uk/ukgwa/20180310203451/https://www.gov.uk/government/uploads/system/uploads/attachment_data/file/566672/CPIN-DRC-Po-lOpps-v1-November-2016.pdf,dfab7ae9168a2e5b1067e7c817175dce31fb9bec098c66ac8515057def3f2008,32,351155
Democratic Republic of the Congo,"Country policy and information note: opposition to the government, Democratic Republic of the Congo, November 2016","By country/Democratic Republic of the Congo/Country policy and information note- opposition to the government, Democratic Republic of the Congo, November 2016 [dfab7ae9168a].pdf",https://webarchive.nationalarchives.gov.uk/ukgwa/20180313174848/https://www.gov.uk/government/uploads/system/uploads/attachment_data/file/566672/CPIN-DRC-Po-lOpps-v1-November-2016.pdf,dfab7ae9168a2e5b1067e7c817175dce31fb9bec098c66ac8515057def3f2008,32,351155
Democratic Republic of the Congo,"Country policy and information note: opposition to the government, Democratic Republic of the Congo, November 2016","By country/Democratic Republic of the Congo/Country policy and information note- opposition to the government, Democratic Republic of the Congo, November 2016 [dfab7ae9168a].pdf",https://webarchive.nationalarchives.gov.uk/ukgwa/20170207115832/https://www.gov.uk/government/uploads/system/uploads/attachment_data/file/566672/CPIN-DRC-Po-lOpps-v1-November-2016.pdf,dfab7ae9168a2e5b1067e7c817175dce31fb9bec098c66ac8515057def3f2008,32,351155
Democratic Republic of the Congo,"Country policy and information note: opposition to the government, Democratic Republic of the Congo, November 2016","By country/Democratic Republic of the Congo/Country policy and information note- opposition to the government, Democratic Republic of the Congo, November 2016 [dfab7ae9168a].pdf",https://webarchive.nationalarchives.gov.uk/ukgwa/20170210015903/https://www.gov.uk/government/uploads/system/uploads/attachment_data/file/566672/CPIN-DRC-Po-lOpps-v1-November-2016.pdf,dfab7ae9168a2e5b1067e7c817175dce31fb9bec098c66ac8515057def3f2008,32,351155
Democratic Republic of the Congo,"Country policy and information note: opposition to the government, Democratic Republic of the Congo, November 2016","By country/Democratic Republic of the Congo/Country policy and information note- opposition to the government, Democratic Republic of the Congo, November 2016 [dfab7ae9168a].pdf",https://webarchive.nationalarchives.gov.uk/ukgwa/20170425040251/https://www.gov.uk/government/uploads/system/uploads/attachment_data/file/566672/CPIN-DRC-Po-lOpps-v1-November-2016.pdf,dfab7ae9168a2e5b1067e7c817175dce31fb9bec098c66ac8515057def3f2008,32,351155
Democratic Republic of the Congo,"Country policy and information note: opposition to the government, Democratic Republic of the Congo, November 2016","By country/Democratic Republic of the Congo/Country policy and information note- opposition to the government, Democratic Republic of the Congo, November 2016 [dfab7ae9168a].pdf",https://webarchive.nationalarchives.gov.uk/ukgwa/20170523010922/https://www.gov.uk/government/uploads/system/uploads/attachment_data/file/566672/CPIN-DRC-Po-lOpps-v1-November-2016.pdf,dfab7ae9168a2e5b1067e7c817175dce31fb9bec098c66ac8515057def3f2008,32,351155
Democratic Republic of the Congo,"Country policy and information note: opposition to the government, Democratic Republic of the Congo, November 2016","By country/Democratic Republic of the Congo/Country policy and information note- opposition to the government, Democratic Republic of the Congo, November 2016 [dfab7ae9168a].pdf",https://webarchive.nationalarchives.gov.uk/ukgwa/20171013135039/https://www.gov.uk/government/uploads/system/uploads/attachment_data/file/566672/CPIN-DRC-Po-lOpps-v1-November-2016.pdf,dfab7ae9168a2e5b1067e7c817175dce31fb9bec098c66ac8515057def3f2008,32,351155
Democratic Republic of the Congo,"Country policy and information note: opposition to the government, Democratic Republic of the Congo, November 2016","By country/Democratic Republic of the Congo/Country policy and information note- opposition to the government, Democratic Republic of the Congo, November 2016 [dfab7ae9168a].pdf",https://webarchive.nationalarchives.gov.uk/ukgwa/20161220182623/https://www.gov.uk/government/uploads/system/uploads/attachment_data/file/566672/CPIN-DRC-Po-lOpps-v1-November-2016.pdf,dfab7ae9168a2e5b1067e7c817175dce31fb9bec098c66ac8515057def3f2008,32,351155
Democratic Republic of the Congo,"Country policy and information note: women fearing gender-based harm or violence, Democratic Republic of the Congo, June 2017","By country/Democratic Republic of the Congo/Country policy and information note- women fearing gender-based harm or violence, Democratic Republic of the Congo, June 2017 [4fdc1365d69e].pdf",https://webarchive.nationalarchives.gov.uk/ukgwa/20180412205843/https://assets.publishing.service.gov.uk/government/uploads/system/uploads/attachment_data/file/620431/CPIN_DRC_WomenFGBV2017v1_0.pdf,4fdc1365d69e09c6c2b5976e5878f1020995f74d7ddc72db682312dc888a6437,36,558951
Democratic Republic of the Congo,"Country policy and information note: women fearing gender-based harm or violence, Democratic Republic of the Congo, June 2017","By country/Democratic Republic of the Congo/Country policy and information note- women fearing gender-based harm or violence, Democratic Republic of the Congo, June 2017 [4fdc1365d69e].pdf",https://webarchive.nationalarchives.gov.uk/ukgwa/20180513005642/https://assets.publishing.service.gov.uk/government/uploads/system/uploads/attachment_data/file/620431/CPIN_DRC_WomenFGBV2017v1_0.pdf,4fdc1365d69e09c6c2b5976e5878f1020995f74d7ddc72db682312dc888a6437,36,558951
Democratic Republic of the Congo,"Country policy and information note: women fearing gender-based harm or violence, Democratic Republic of the Congo, June 2017","By country/Democratic Republic of the Congo/Country policy and information note- women fearing gender-based harm or violence, Democratic Republic of the Congo, June 2017 [4fdc1365d69e].pdf",https://webarchive.nationalarchives.gov.uk/ukgwa/20180609025450/https://assets.publishing.service.gov.uk/government/uploads/system/uploads/attachment_data/file/620431/CPIN_DRC_WomenFGBV2017v1_0.pdf,4fdc1365d69e09c6c2b5976e5878f1020995f74d7ddc72db682312dc888a6437,36,558951
Democratic Republic of the Congo,"Country policy and information note: women fearing gender-based harm or violence, Democratic Republic of the Congo, June 2017","By country/Democratic Republic of the Congo/Country policy and information note- women fearing gender-based harm or violence, Democratic Republic of the Congo, June 2017 [4fdc1365d69e].pdf",https://webarchive.nationalarchives.gov.uk/ukgwa/20180717033915/https://assets.publishing.service.gov.uk/government/uploads/system/uploads/attachment_data/file/620431/CPIN_DRC_WomenFGBV2017v1_0.pdf,4fdc1365d69e09c6c2b5976e5878f1020995f74d7ddc72db682312dc888a6437,36,558951
Democratic Republic of the Congo,"Country policy and information note: women fearing gender-based harm or violence, Democratic Republic of the Congo, June 2017","By country/Democratic Republic of the Congo/Country policy and information note- women fearing gender-based harm or violence, Democratic Republic of the Congo, June 2017 [4fdc1365d69e].pdf",https://webarchive.nationalarchives.gov.uk/ukgwa/20180718232121/https://assets.publishing.service.gov.uk/government/uploads/system/uploads/attachment_data/file/620431/CPIN_DRC_WomenFGBV2017v1_0.pdf,4fdc1365d69e09c6c2b5976e5878f1020995f74d7ddc72db682312dc888a6437,36,558951
Democratic Republic of the Congo,"Country policy and information note: women fearing gender-based harm or violence, Democratic Republic of the Congo, June 2017","By country/Democratic Republic of the Congo/Country policy and information note- women fearing gender-based harm or violence, Democratic Republic of the Congo, June 2017 [4fdc1365d69e].pdf",https://webarchive.nationalarchives.gov.uk/ukgwa/20180809004453/https://assets.publishing.service.gov.uk/government/uploads/system/uploads/attachment_data/file/620431/CPIN_DRC_WomenFGBV2017v1_0.pdf,4fdc1365d69e09c6c2b5976e5878f1020995f74d7ddc72db682312dc888a6437,36,558951
Democratic Republic of the Congo,"Country policy and information note: women fearing gender-based harm or violence, Democratic Republic of the Congo, June 2017","By country/Democratic Republic of the Congo/Country policy and information note- women fearing gender-based harm or violence, Democratic Republic of the Congo, June 2017 [4fdc1365d69e].pdf",https://webarchive.nationalarchives.gov.uk/ukgwa/20180913064824/https://assets.publishing.service.gov.uk/government/uploads/system/uploads/attachment_data/file/620431/CPIN_DRC_WomenFGBV2017v1_0.pdf,4fdc1365d69e09c6c2b5976e5878f1020995f74d7ddc72db682312dc888a6437,36,558951
Egypt,"Country information and guidance: Muslim Brotherhood, Egypt, August 2016","By country/Egypt/Country information and guidance- Muslim Brotherhood, Egypt, August 2016 [f1f56e6ea779].pdf",https://webarchive.nationalarchives.gov.uk/ukgwa/20170207115837/https://www.gov.uk/government/uploads/system/uploads/attachment_data/file/565629/CIG-Egypt-Muslim-Brotherhood-v2-August-2016.pdf,f1f56e6ea77907ecb60ca244d2582b5e0a93b4f227cd34b4b5f441a64ec2f5d9,22,297835
Egypt,"Country information and guidance: Muslim Brotherhood, Egypt, August 2016","By country/Egypt/Country information and guidance- Muslim Brotherhood, Egypt, August 2016 [f1f56e6ea779].pdf",https://webarchive.nationalarchives.gov.uk/ukgwa/20170210015852/https://www.gov.uk/government/uploads/system/uploads/attachment_data/file/565629/CIG-Egypt-Muslim-Brotherhood-v2-August-2016.pdf,f1f56e6ea77907ecb60ca244d2582b5e0a93b4f227cd34b4b5f441a64ec2f5d9,22,297835
Egypt,"Country information and guidance: Muslim Brotherhood, Egypt, August 2016","By country/Egypt/Country information and guidance- Muslim Brotherhood, Egypt, August 2016 [f1f56e6ea779].pdf",https://webarchive.nationalarchives.gov.uk/ukgwa/20170428061622/https://www.gov.uk/government/uploads/system/uploads/attachment_data/file/565629/CIG-Egypt-Muslim-Brotherhood-v2-August-2016.pdf,f1f56e6ea77907ecb60ca244d2582b5e0a93b4f227cd34b4b5f441a64ec2f5d9,22,297835
Egypt,"Country information and guidance: Muslim Brotherhood, Egypt, August 2016","By country/Egypt/Country information and guidance- Muslim Brotherhood, Egypt, August 2016 [f1f56e6ea779].pdf",https://webarchive.nationalarchives.gov.uk/ukgwa/20170522062953/https://www.gov.uk/government/uploads/system/uploads/attachment_data/file/565629/CIG-Egypt-Muslim-Brotherhood-v2-August-2016.pdf,f1f56e6ea77907ecb60ca244d2582b5e0a93b4f227cd34b4b5f441a64ec2f5d9,22,297835
Egypt,"Country information and guidance: Muslim Brotherhood, Egypt, August 2016","By country/Egypt/Country information and guidance- Muslim Brotherhood, Egypt, August 2016 [f1f56e6ea779].pdf",https://webarchive.nationalarchives.gov.uk/ukgwa/20161220182609/https://www.gov.uk/government/uploads/system/uploads/attachment_data/file/565629/CIG-Egypt-Muslim-Brotherhood-v2-August-2016.pdf,f1f56e6ea77907ecb60ca244d2582b5e0a93b4f227cd34b4b5f441a64ec2f5d9,22,297835
Egypt,"Country information and guidance: background information, including actors of protection and internal relocation, Egypt, May 2015","By country/Egypt/Country information and guidance- background information, including actors of protection and internal relocation, Egypt, May 2015 [580d11a57158].pdf",https://webarchive.nationalarchives.gov.uk/ukgwa/20170207115839/https://www.gov.uk/government/uploads/system/uploads/attachment_data/file/565630/CIG-EGY-Background-information-v1-May-2015.pdf,580d11a571580c18f9278c5cc0bf2329191c65c466860a5e7e01abc42984cf39,37,516828
Egypt,"Country information and guidance: background information, including actors of protection and internal relocation, Egypt, May 2015","By country/Egypt/Country information and guidance- background information, including actors of protection and internal relocation, Egypt, May 2015 [580d11a57158].pdf",https://webarchive.nationalarchives.gov.uk/ukgwa/20170210015854/https://www.gov.uk/government/uploads/system/uploads/attachment_data/file/565630/CIG-EGY-Background-information-v1-May-2015.pdf,580d11a571580c18f9278c5cc0bf2329191c65c466860a5e7e01abc42984cf39,37,516828
Egypt,"Country information and guidance: background information, including actors of protection and internal relocation, Egypt, May 2015","By country/Egypt/Country information and guidance- background information, including actors of protection and internal relocation, Egypt, May 2015 [580d11a57158].pdf",https://webarchive.nationalarchives.gov.uk/ukgwa/20170428061624/https://www.gov.uk/government/uploads/system/uploads/attachment_data/file/565630/CIG-EGY-Background-information-v1-May-2015.pdf,580d11a571580c18f9278c5cc0bf2329191c65c466860a5e7e01abc42984cf39,37,516828
Egypt,"Country information and guidance: background information, including actors of protection and internal relocation, Egypt, May 2015","By country/Egypt/Country information and guidance- background information, including actors of protection and internal relocation, Egypt, May 2015 [580d11a57158].pdf",https://webarchive.nationalarchives.gov.uk/ukgwa/20170522062955/https://www.gov.uk/government/uploads/system/uploads/attachment_data/file/565630/CIG-EGY-Background-information-v1-May-2015.pdf,580d11a571580c18f9278c5cc0bf2329191c65c466860a5e7e01abc42984cf39,37,516828
Egypt,"Country information and guidance: background information, including actors of protection and internal relocation, Egypt, May 2015","By country/Egypt/Country information and guidance- background information, including actors of protection and internal relocation, Egypt, May 2015 [580d11a57158].pdf",https://webarchive.nationalarchives.gov.uk/ukgwa/20161220182611/https://www.gov.uk/government/uploads/system/uploads/attachment_data/file/565630/CIG-EGY-Background-information-v1-May-2015.pdf,580d11a571580c18f9278c5cc0bf2329191c65c466860a5e7e01abc42984cf39,37,516828
Egypt,"Country policy and information note: Christians, Egypt, November 2016","By country/Egypt/Country policy and information note- Christians, Egypt, November 2016 [f7219df95c6b].pdf",https://webarchive.nationalarchives.gov.uk/ukgwa/20170207115835/https://www.gov.uk/government/uploads/system/uploads/attachment_data/file/571971/CPIN_-_Egypt_-_Christians_-_v2.0__November_2016_.pdf,f7219df95c6b94b1f4e663a7e8ed2d7dc1c22d60680ce328b1ae400678e3bcf0,46,535479
Egypt,"Country policy and information note: Christians, Egypt, November 2016","By country/Egypt/Country policy and information note- Christians, Egypt, November 2016 [f7219df95c6b].pdf",https://webarchive.nationalarchives.gov.uk/ukgwa/20170210015850/https://www.gov.uk/government/uploads/system/uploads/attachment_data/file/571971/CPIN_-_Egypt_-_Christians_-_v2.0__November_2016_.pdf,f7219df95c6b94b1f4e663a7e8ed2d7dc1c22d60680ce328b1ae400678e3bcf0,46,535479
Egypt,"Country policy and information note: Christians, Egypt, November 2016","By country/Egypt/Country policy and information note- Christians, Egypt, November 2016 [f7219df95c6b].pdf",https://webarchive.nationalarchives.gov.uk/ukgwa/20170428061619/https://www.gov.uk/government/uploads/system/uploads/attachment_data/file/571971/CPIN_-_Egypt_-_Christians_-_v2.0__November_2016_.pdf,f7219df95c6b94b1f4e663a7e8ed2d7dc1c22d60680ce328b1ae400678e3bcf0,46,535479
Egypt,"Country policy and information note: Christians, Egypt, November 2016","By country/Egypt/Country policy and information note- Christians, Egypt, November 2016 [f7219df95c6b].pdf",https://webarchive.nationalarchives.gov.uk/ukgwa/20170522062950/https://www.gov.uk/government/uploads/system/uploads/attachment_data/file/571971/CPIN_-_Egypt_-_Christians_-_v2.0__November_2016_.pdf,f7219df95c6b94b1f4e663a7e8ed2d7dc1c22d60680ce328b1ae400678e3bcf0,46,535479
Egypt,"Country policy and information note: Christians, Egypt, November 2016","By country/Egypt/Country policy and information note- Christians, Egypt, November 2016 [f7219df95c6b].pdf",https://webarchive.nationalarchives.gov.uk/ukgwa/20161220182606/https://www.gov.uk/government/uploads/system/uploads/attachment_data/file/571971/CPIN_-_Egypt_-_Christians_-_v2.0__November_2016_.pdf,f7219df95c6b94b1f4e663a7e8ed2d7dc1c22d60680ce328b1ae400678e3bcf0,46,535479
Egypt,"Operational guidance note: Egypt, 19 December 2013 (re-issued October 2014)","By country/Egypt/Operational guidance note- Egypt, 19 December 2013 (re-issued October 2014) [38a68a3f0939].pdf",https://webarchive.nationalarchives.gov.uk/ukgwa/20170207115841/https://www.gov.uk/government/uploads/system/uploads/attachment_data/file/565631/Egypt__OGN_v3_OGN-Egypt-July-2014.pdf,38a68a3f09395093910758b8a651538391f626612b3989db28cd147ae17881e8,22,343016
Egypt,"Operational guidance note: Egypt, 19 December 2013 (re-issued October 2014)","By country/Egypt/Operational guidance note- Egypt, 19 December 2013 (re-issued October 2014) [38a68a3f0939].pdf",https://webarchive.nationalarchives.gov.uk/ukgwa/20170210015856/https://www.gov.uk/government/uploads/system/uploads/attachment_data/file/565631/Egypt__OGN_v3_OGN-Egypt-July-2014.pdf,38a68a3f09395093910758b8a651538391f626612b3989db28cd147ae17881e8,22,343016
Egypt,"Operational guidance note: Egypt, 19 December 2013 (re-issued October 2014)","By country/Egypt/Operational guidance note- Egypt, 19 December 2013 (re-issued October 2014) [38a68a3f0939].pdf",https://webarchive.nationalarchives.gov.uk/ukgwa/20161220182613/https://www.gov.uk/government/uploads/system/uploads/attachment_data/file/565631/Egypt__OGN_v3_OGN-Egypt-July-2014.pdf,38a68a3f09395093910758b8a651538391f626612b3989db28cd147ae17881e8,22,343016
Egypt,"Country policy and information note: women, Egypt, March 2017","By country/Egypt/Country policy and information note- women, Egypt, March 2017 [1917ce569e5a].pdf",https://webarchive.nationalarchives.gov.uk/ukgwa/20180106065154/https://www.gov.uk/government/uploads/system/uploads/attachment_data/file/597489/CPIN_-_Egypt_-_Women.pdf,1917ce569e5a39cd5a59ae802c98a3a1c468fd04122352564cb98f1e1adeb990,34,380469
Egypt,"Country policy and information note: women, Egypt, March 2017","By country/Egypt/Country policy and information note- women, Egypt, March 2017 [1917ce569e5a].pdf",https://webarchive.nationalarchives.gov.uk/ukgwa/20180228214235/https://www.gov.uk/government/uploads/system/uploads/attachment_data/file/597489/CPIN_-_Egypt_-_Women.pdf,1917ce569e5a39cd5a59ae802c98a3a1c468fd04122352564cb98f1e1adeb990,34,380469
Egypt,"Country policy and information note: women, Egypt, March 2017","By country/Egypt/Country policy and information note- women, Egypt, March 2017 [1917ce569e5a].pdf",https://webarchive.nationalarchives.gov.uk/ukgwa/20180311064041/https://www.gov.uk/government/uploads/system/uploads/attachment_data/file/597489/CPIN_-_Egypt_-_Women.pdf,1917ce569e5a39cd5a59ae802c98a3a1c468fd04122352564cb98f1e1adeb990,34,380469
Egypt,"Country policy and information note: women, Egypt, March 2017","By country/Egypt/Country policy and information note- women, Egypt, March 2017 [1917ce569e5a].pdf",https://webarchive.nationalarchives.gov.uk/ukgwa/20170428061617/https://www.gov.uk/government/uploads/system/uploads/attachment_data/file/597489/CPIN_-_Egypt_-_Women.pdf,1917ce569e5a39cd5a59ae802c98a3a1c468fd04122352564cb98f1e1adeb990,34,380469
Egypt,"Country policy and information note: women, Egypt, March 2017","By country/Egypt/Country policy and information note- women, Egypt, March 2017 [1917ce569e5a].pdf",https://webarchive.nationalarchives.gov.uk/ukgwa/20170522062948/https://www.gov.uk/government/uploads/system/uploads/attachment_data/file/597489/CPIN_-_Egypt_-_Women.pdf,1917ce569e5a39cd5a59ae802c98a3a1c468fd04122352564cb98f1e1adeb990,34,380469
Egypt,"Country policy and information note: women, Egypt, March 2017","By country/Egypt/Country policy and information note- women, Egypt, March 2017 [1917ce569e5a].pdf",https://webarchive.nationalarchives.gov.uk/ukgwa/20170804231228/https://www.gov.uk/government/uploads/system/uploads/attachment_data/file/597489/CPIN_-_Egypt_-_Women.pdf,1917ce569e5a39cd5a59ae802c98a3a1c468fd04122352564cb98f1e1adeb990,34,380469
Egypt,"Country policy and information note: women, Egypt, March 2017","By country/Egypt/Country policy and information note- women, Egypt, March 2017 [1917ce569e5a].pdf",https://webarchive.nationalarchives.gov.uk/ukgwa/20170909144307/https://www.gov.uk/government/uploads/system/uploads/attachment_data/file/597489/CPIN_-_Egypt_-_Women.pdf,1917ce569e5a39cd5a59ae802c98a3a1c468fd04122352564cb98f1e1adeb990,34,380469
Egypt,"Country policy and information note: women, Egypt, March 2017","By country/Egypt/Country policy and information note- women, Egypt, March 2017 [1917ce569e5a].pdf",https://webarchive.nationalarchives.gov.uk/ukgwa/20171013052351/https://www.gov.uk/government/uploads/system/uploads/attachment_data/file/597489/CPIN_-_Egypt_-_Women.pdf,1917ce569e5a39cd5a59ae802c98a3a1c468fd04122352564cb98f1e1adeb990,34,380469
Egypt,"Country policy and information note: women, Egypt, March 2017","By country/Egypt/Country policy and information note- women, Egypt, March 2017 [1917ce569e5a].pdf",https://webarchive.nationalarchives.gov.uk/ukgwa/20171111140101/https://www.gov.uk/government/uploads/system/uploads/attachment_data/file/597489/CPIN_-_Egypt_-_Women.pdf,1917ce569e5a39cd5a59ae802c98a3a1c468fd04122352564cb98f1e1adeb990,34,380469
Egypt,"Country policy and information note: women, Egypt, March 2017","By country/Egypt/Country policy and information note- women, Egypt, March 2017 [1917ce569e5a].pdf",https://webarchive.nationalarchives.gov.uk/ukgwa/20171216235853/https://www.gov.uk/government/uploads/system/uploads/attachment_data/file/597489/CPIN_-_Egypt_-_Women.pdf,1917ce569e5a39cd5a59ae802c98a3a1c468fd04122352564cb98f1e1adeb990,34,380469
Eritrea,"Country policy and information note: national service and illegal exit, Eritrea, October 2016","By country/Eritrea/Country policy and information note- national service and illegal exit, Eritrea, October 2016 [a72312a91709].pdf",https://webarchive.nationalarchives.gov.uk/ukgwa/20180105144014/https://www.gov.uk/government/uploads/system/uploads/attachment_data/file/565635/CPIN-Eritrea-NS-and-Illegal-Exit-v4-October-2016.pdf,a72312a91709ba5a4a19ed5dfdd46d8dd2a20b2723339a58a48e32533b673e62,95,990745
Eritrea,"Country policy and information note: national service and illegal exit, Eritrea, October 2016","By country/Eritrea/Country policy and information note- national service and illegal exit, Eritrea, October 2016 [a72312a91709].pdf",https://webarchive.nationalarchives.gov.uk/ukgwa/20180302025339/https://www.gov.uk/government/uploads/system/uploads/attachment_data/file/565635/CPIN-Eritrea-NS-and-Illegal-Exit-v4-October-2016.pdf,a72312a91709ba5a4a19ed5dfdd46d8dd2a20b2723339a58a48e32533b673e62,95,990745
Eritrea,"Country policy and information note: national service and illegal exit, Eritrea, October 2016","By country/Eritrea/Country policy and information note- national service and illegal exit, Eritrea, October 2016 [a72312a91709].pdf",https://webarchive.nationalarchives.gov.uk/ukgwa/20180310234615/https://www.gov.uk/government/uploads/system/uploads/attachment_data/file/565635/CPIN-Eritrea-NS-and-Illegal-Exit-v4-October-2016.pdf,a72312a91709ba5a4a19ed5dfdd46d8dd2a20b2723339a58a48e32533b673e62,95,990745
Eritrea,"Country policy and information note: national service and illegal exit, Eritrea, October 2016","By country/Eritrea/Country policy and information note- national service and illegal exit, Eritrea, October 2016 [a72312a91709].pdf",https://webarchive.nationalarchives.gov.uk/ukgwa/20170207115844/https://www.gov.uk/government/uploads/system/uploads/attachment_data/file/565635/CPIN-Eritrea-NS-and-Illegal-Exit-v4-October-2016.pdf,a72312a91709ba5a4a19ed5dfdd46d8dd2a20b2723339a58a48e32533b673e62,95,990745
Eritrea,"Country policy and information note: national service and illegal exit, Eritrea, October 2016","By country/Eritrea/Country policy and information note- national service and illegal exit, Eritrea, October 2016 [a72312a91709].pdf",https://webarchive.nationalarchives.gov.uk/ukgwa/20170210015843/https://www.gov.uk/government/uploads/system/uploads/attachment_data/file/565635/CPIN-Eritrea-NS-and-Illegal-Exit-v4-October-2016.pdf,a72312a91709ba5a4a19ed5dfdd46d8dd2a20b2723339a58a48e32533b673e62,95,990745
Eritrea,"Country policy and information note: national service and illegal exit, Eritrea, October 2016","By country/Eritrea/Country policy and information note- national service and illegal exit, Eritrea, October 2016 [a72312a91709].pdf",https://webarchive.nationalarchives.gov.uk/ukgwa/20170426190127/https://www.gov.uk/government/uploads/system/uploads/attachment_data/file/565635/CPIN-Eritrea-NS-and-Illegal-Exit-v4-October-2016.pdf,a72312a91709ba5a4a19ed5dfdd46d8dd2a20b2723339a58a48e32533b673e62,95,990745
Eritrea,"Country policy and information note: national service and illegal exit, Eritrea, October 2016","By country/Eritrea/Country policy and information note- national service and illegal exit, Eritrea, October 2016 [a72312a91709].pdf",https://webarchive.nationalarchives.gov.uk/ukgwa/20170524111508/https://www.gov.uk/government/uploads/system/uploads/attachment_data/file/565635/CPIN-Eritrea-NS-and-Illegal-Exit-v4-October-2016.pdf,a72312a91709ba5a4a19ed5dfdd46d8dd2a20b2723339a58a48e32533b673e62,95,990745
Eritrea,"Country policy and information note: national service and illegal exit, Eritrea, October 2016","By country/Eritrea/Country policy and information note- national service and illegal exit, Eritrea, October 2016 [a72312a91709].pdf",https://webarchive.nationalarchives.gov.uk/ukgwa/20170804233002/https://www.gov.uk/government/uploads/system/uploads/attachment_data/file/565635/CPIN-Eritrea-NS-and-Illegal-Exit-v4-October-2016.pdf,a72312a91709ba5a4a19ed5dfdd46d8dd2a20b2723339a58a48e32533b673e62,95,990745
Eritrea,"Country policy and information note: national service and illegal exit, Eritrea, October 2016","By country/Eritrea/Country policy and information note- national service and illegal exit, Eritrea, October 2016 [a72312a91709].pdf",https://webarchive.nationalarchives.gov.uk/ukgwa/20170909154011/https://www.gov.uk/government/uploads/system/uploads/attachment_data/file/565635/CPIN-Eritrea-NS-and-Illegal-Exit-v4-October-2016.pdf,a72312a91709ba5a4a19ed5dfdd46d8dd2a20b2723339a58a48e32533b673e62,95,990745
Eritrea,"Country policy and information note: national service and illegal exit, Eritrea, October 2016","By country/Eritrea/Country policy and information note- national service and illegal exit, Eritrea, October 2016 [a72312a91709].pdf",https://webarchive.nationalarchives.gov.uk/ukgwa/20171014113539/https://www.gov.uk/government/uploads/system/uploads/attachment_data/file/565635/CPIN-Eritrea-NS-and-Illegal-Exit-v4-October-2016.pdf,a72312a91709ba5a4a19ed5dfdd46d8dd2a20b2723339a58a48e32533b673e62,95,990745
Eritrea,"Country policy and information note: national service and illegal exit, Eritrea, October 2016","By country/Eritrea/Country policy and information note- national service and illegal exit, Eritrea, October 2016 [a72312a91709].pdf",https://webarchive.nationalarchives.gov.uk/ukgwa/20161220182557/https://www.gov.uk/government/uploads/system/uploads/attachment_data/file/565635/CPIN-Eritrea-NS-and-Illegal-Exit-v4-October-2016.pdf,a72312a91709ba5a4a19ed5dfdd46d8dd2a20b2723339a58a48e32533b673e62,95,990745
Eritrea,"Country policy and information note: religious groups, Eritrea, October 2016","By country/Eritrea/Country policy and information note- religious groups, Eritrea, October 2016 [3f76d43b6dec].pdf",https://webarchive.nationalarchives.gov.uk/ukgwa/20180105142853/https://www.gov.uk/government/uploads/system/uploads/attachment_data/file/565636/CPIN-Eritrea-Religious-Groups-v2-October-2016.pdf,3f76d43b6dece1c677d56b505419623f393a57ebbf971368678728684d16e659,17,253300
Eritrea,"Country policy and information note: religious groups, Eritrea, October 2016","By country/Eritrea/Country policy and information note- religious groups, Eritrea, October 2016 [3f76d43b6dec].pdf",https://webarchive.nationalarchives.gov.uk/ukgwa/20170207115846/https://www.gov.uk/government/uploads/system/uploads/attachment_data/file/565636/CPIN-Eritrea-Religious-Groups-v2-October-2016.pdf,3f76d43b6dece1c677d56b505419623f393a57ebbf971368678728684d16e659,17,253300
Eritrea,"Country policy and information note: religious groups, Eritrea, October 2016","By country/Eritrea/Country policy and information note- religious groups, Eritrea, October 2016 [3f76d43b6dec].pdf",https://webarchive.nationalarchives.gov.uk/ukgwa/20170210015845/https://www.gov.uk/government/uploads/system/uploads/attachment_data/file/565636/CPIN-Eritrea-Religious-Groups-v2-October-2016.pdf,3f76d43b6dece1c677d56b505419623f393a57ebbf971368678728684d16e659,17,253300
Eritrea,"Country policy and information note: religious groups, Eritrea, October 2016","By country/Eritrea/Country policy and information note- religious groups, Eritrea, October 2016 [3f76d43b6dec].pdf",https://webarchive.nationalarchives.gov.uk/ukgwa/20170426190129/https://www.gov.uk/government/uploads/system/uploads/attachment_data/file/565636/CPIN-Eritrea-Religious-Groups-v2-October-2016.pdf,3f76d43b6dece1c677d56b505419623f393a57ebbf971368678728684d16e659,17,253300
Eritrea,"Country policy and information note: religious groups, Eritrea, October 2016","By country/Eritrea/Country policy and information note- religious groups, Eritrea, October 2016 [3f76d43b6dec].pdf",https://webarchive.nationalarchives.gov.uk/ukgwa/20170524111511/https://www.gov.uk/government/uploads/system/uploads/attachment_data/file/565636/CPIN-Eritrea-Religious-Groups-v2-October-2016.pdf,3f76d43b6dece1c677d56b505419623f393a57ebbf971368678728684d16e659,17,253300
Eritrea,"Country policy and information note: religious groups, Eritrea, October 2016","By country/Eritrea/Country policy and information note- religious groups, Eritrea, October 2016 [3f76d43b6dec].pdf",https://webarchive.nationalarchives.gov.uk/ukgwa/20170804232845/https://www.gov.uk/government/uploads/system/uploads/attachment_data/file/565636/CPIN-Eritrea-Religious-Groups-v2-October-2016.pdf,3f76d43b6dece1c677d56b505419623f393a57ebbf971368678728684d16e659,17,253300
Eritrea,"Country policy and information note: religious groups, Eritrea, October 2016","By country/Eritrea/Country policy and information note- religious groups, Eritrea, October 2016 [3f76d43b6dec].pdf",https://webarchive.nationalarchives.gov.uk/ukgwa/20170909153612/https://www.gov.uk/government/uploads/system/uploads/attachment_data/file/565636/CPIN-Eritrea-Religious-Groups-v2-October-2016.pdf,3f76d43b6dece1c677d56b505419623f393a57ebbf971368678728684d16e659,17,253300
Eritrea,"Country policy and information note: religious groups, Eritrea, October 2016","By country/Eritrea/Country policy and information note- religious groups, Eritrea, October 2016 [3f76d43b6dec].pdf",https://webarchive.nationalarchives.gov.uk/ukgwa/20171014113540/https://www.gov.uk/government/uploads/system/uploads/attachment_data/file/565636/CPIN-Eritrea-Religious-Groups-v2-October-2016.pdf,3f76d43b6dece1c677d56b505419623f393a57ebbf971368678728684d16e659,17,253300
Eritrea,"Country policy and information note: religious groups, Eritrea, October 2016","By country/Eritrea/Country policy and information note- religious groups, Eritrea, October 2016 [3f76d43b6dec].pdf",https://webarchive.nationalarchives.gov.uk/ukgwa/20161220182559/https://www.gov.uk/government/uploads/system/uploads/attachment_data/file/565636/CPIN-Eritrea-Religious-Groups-v2-October-2016.pdf,3f76d43b6dece1c677d56b505419623f393a57ebbf971368678728684d16e659,17,253300
Ethiopia,"Country policy and information note: Oromos and the ‘Oromo Protests’, Ethiopia, December 2016","By country/Ethiopia/Country policy and information note- Oromos and the ‘Oromo Protests’, Ethiopia, December 2016 [4e63a9b9f68c].pdf",https://webarchive.nationalarchives.gov.uk/ukgwa/20180105200051/https://www.gov.uk/government/uploads/system/uploads/attachment_data/file/575515/CPIN_ETH_Oromo_and_Oromo_protests.v1.pdf,4e63a9b9f68c35ed21dde213c91438e3769a22da978f6a7761aae7f9df89757b,50,1049806
Ethiopia,"Country policy and information note: Oromos and the ‘Oromo Protests’, Ethiopia, December 2016","By country/Ethiopia/Country policy and information note- Oromos and the ‘Oromo Protests’, Ethiopia, December 2016 [4e63a9b9f68c].pdf",https://webarchive.nationalarchives.gov.uk/ukgwa/20170207115852/https://www.gov.uk/government/uploads/system/uploads/attachment_data/file/575515/CPIN_ETH_Oromo_and_Oromo_protests.v1.pdf,4e63a9b9f68c35ed21dde213c91438e3769a22da978f6a7761aae7f9df89757b,50,1049806
Ethiopia,"Country policy and information note: Oromos and the ‘Oromo Protests’, Ethiopia, December 2016","By country/Ethiopia/Country policy and information note- Oromos and the ‘Oromo Protests’, Ethiopia, December 2016 [4e63a9b9f68c].pdf",https://webarchive.nationalarchives.gov.uk/ukgwa/20170210015836/https://www.gov.uk/government/uploads/system/uploads/attachment_data/file/575515/CPIN_ETH_Oromo_and_Oromo_protests.v1.pdf,4e63a9b9f68c35ed21dde213c91438e3769a22da978f6a7761aae7f9df89757b,50,1049806
Ethiopia,"Country policy and information note: Oromos and the ‘Oromo Protests’, Ethiopia, December 2016","By country/Ethiopia/Country policy and information note- Oromos and the ‘Oromo Protests’, Ethiopia, December 2016 [4e63a9b9f68c].pdf",https://webarchive.nationalarchives.gov.uk/ukgwa/20170426190120/https://www.gov.uk/government/uploads/system/uploads/attachment_data/file/575515/CPIN_ETH_Oromo_and_Oromo_protests.v1.pdf,4e63a9b9f68c35ed21dde213c91438e3769a22da978f6a7761aae7f9df89757b,50,1049806
Ethiopia,"Country policy and information note: Oromos and the ‘Oromo Protests’, Ethiopia, December 2016","By country/Ethiopia/Country policy and information note- Oromos and the ‘Oromo Protests’, Ethiopia, December 2016 [4e63a9b9f68c].pdf",https://webarchive.nationalarchives.gov.uk/ukgwa/20170524105808/https://www.gov.uk/government/uploads/system/uploads/attachment_data/file/575515/CPIN_ETH_Oromo_and_Oromo_protests.v1.pdf,4e63a9b9f68c35ed21dde213c91438e3769a22da978f6a7761aae7f9df89757b,50,1049806
Ethiopia,"Country policy and information note: Oromos and the ‘Oromo Protests’, Ethiopia, December 2016","By country/Ethiopia/Country policy and information note- Oromos and the ‘Oromo Protests’, Ethiopia, December 2016 [4e63a9b9f68c].pdf",https://webarchive.nationalarchives.gov.uk/ukgwa/20170804233527/https://www.gov.uk/government/uploads/system/uploads/attachment_data/file/575515/CPIN_ETH_Oromo_and_Oromo_protests.v1.pdf,4e63a9b9f68c35ed21dde213c91438e3769a22da978f6a7761aae7f9df89757b,50,1049806
Ethiopia,"Country policy and information note: Oromos and the ‘Oromo Protests’, Ethiopia, December 2016","By country/Ethiopia/Country policy and information note- Oromos and the ‘Oromo Protests’, Ethiopia, December 2016 [4e63a9b9f68c].pdf",https://webarchive.nationalarchives.gov.uk/ukgwa/20170909154955/https://www.gov.uk/government/uploads/system/uploads/attachment_data/file/575515/CPIN_ETH_Oromo_and_Oromo_protests.v1.pdf,4e63a9b9f68c35ed21dde213c91438e3769a22da978f6a7761aae7f9df89757b,50,1049806
Ethiopia,"Country policy and information note: Oromos and the ‘Oromo Protests’, Ethiopia, December 2016","By country/Ethiopia/Country policy and information note- Oromos and the ‘Oromo Protests’, Ethiopia, December 2016 [4e63a9b9f68c].pdf",https://webarchive.nationalarchives.gov.uk/ukgwa/20171014113026/https://www.gov.uk/government/uploads/system/uploads/attachment_data/file/575515/CPIN_ETH_Oromo_and_Oromo_protests.v1.pdf,4e63a9b9f68c35ed21dde213c91438e3769a22da978f6a7761aae7f9df89757b,50,1049806
Ethiopia,"Country policy and information note: Oromos and the ‘Oromo Protests’, Ethiopia, December 2016","By country/Ethiopia/Country policy and information note- Oromos and the ‘Oromo Protests’, Ethiopia, December 2016 [4e63a9b9f68c].pdf",https://webarchive.nationalarchives.gov.uk/ukgwa/20171216230455/https://www.gov.uk/government/uploads/system/uploads/attachment_data/file/575515/CPIN_ETH_Oromo_and_Oromo_protests.v1.pdf,4e63a9b9f68c35ed21dde213c91438e3769a22da978f6a7761aae7f9df89757b,50,1049806
Ethiopia,"Country policy and information note: Oromos and the ‘Oromo Protests’, Ethiopia, December 2016","By country/Ethiopia/Country policy and information note- Oromos and the ‘Oromo Protests’, Ethiopia, December 2016 [4e63a9b9f68c].pdf",https://webarchive.nationalarchives.gov.uk/ukgwa/20161220182548/https://www.gov.uk/government/uploads/system/uploads/attachment_data/file/575515/CPIN_ETH_Oromo_and_Oromo_protests.v1.pdf,4e63a9b9f68c35ed21dde213c91438e3769a22da978f6a7761aae7f9df89757b,50,1049806
Ethiopia,"Country background note: Ethiopia, November 2019","By country/Ethiopia/Country background note- Ethiopia, November 2019 [de9b774ba76b].pdf",https://webarchive.nationalarchives.gov.uk/ukgwa/20200105094518/https://assets.publishing.service.gov.uk/government/uploads/system/uploads/attachment_data/file/849804/Ethiopia_-_Background_Note_-_v1.0__November_2019__GOV.UK.pdf,de9b774ba76b0b1dc8453f4221017f1557ebf84819919839e8b2d3ff8ba9f3c9,53,997433
Ethiopia,"Country background note: Ethiopia, November 2019","By country/Ethiopia/Country background note- Ethiopia, November 2019 [de9b774ba76b].pdf",https://webarchive.nationalarchives.gov.uk/ukgwa/20200207170606/https://assets.publishing.service.gov.uk/government/uploads/system/uploads/attachment_data/file/849804/Ethiopia_-_Background_Note_-_v1.0__November_2019__GOV.UK.pdf,de9b774ba76b0b1dc8453f4221017f1557ebf84819919839e8b2d3ff8ba9f3c9,53,997433
Ethiopia,"Country background note: Ethiopia, November 2019","By country/Ethiopia/Country background note- Ethiopia, November 2019 [de9b774ba76b].pdf",https://webarchive.nationalarchives.gov.uk/ukgwa/20200305053258/https://assets.publishing.service.gov.uk/government/uploads/system/uploads/attachment_data/file/849804/Ethiopia_-_Background_Note_-_v1.0__November_2019__GOV.UK.pdf,de9b774ba76b0b1dc8453f4221017f1557ebf84819919839e8b2d3ff8ba9f3c9,53,997433
Ethiopia,"Country background note: Ethiopia, November 2019","By country/Ethiopia/Country background note- Ethiopia, November 2019 [de9b774ba76b].pdf",https://webarchive.nationalarchives.gov.uk/ukgwa/20200318231043/https://assets.publishing.service.gov.uk/government/uploads/system/uploads/attachment_data/file/849804/Ethiopia_-_Background_Note_-_v1.0__November_2019__GOV.UK.pdf,de9b774ba76b0b1dc8453f4221017f1557ebf84819919839e8b2d3ff8ba9f3c9,53,997433
Ethiopia,"Country background note: Ethiopia, November 2019","By country/Ethiopia/Country background note- Ethiopia, November 2019 [de9b774ba76b].pdf",https://webarchive.nationalarchives.gov.uk/ukgwa/20200405002011/https://assets.publishing.service.gov.uk/government/uploads/system/uploads/attachment_data/file/849804/Ethiopia_-_Background_Note_-_v1.0__November_2019__GOV.UK.pdf,de9b774ba76b0b1dc8453f4221017f1557ebf84819919839e8b2d3ff8ba9f3c9,53,997433
Ethiopia,"Country background note: Ethiopia, November 2019","By country/Ethiopia/Country background note- Ethiopia, November 2019 [de9b774ba76b].pdf",https://webarchive.nationalarchives.gov.uk/ukgwa/20200422070551/https://assets.publishing.service.gov.uk/government/uploads/system/uploads/attachment_data/file/849804/Ethiopia_-_Background_Note_-_v1.0__November_2019__GOV.UK.pdf,de9b774ba76b0b1dc8453f4221017f1557ebf84819919839e8b2d3ff8ba9f3c9,53,997433
Ethiopia,"Country background note: Ethiopia, November 2019","By country/Ethiopia/Country background note- Ethiopia, November 2019 [de9b774ba76b].pdf",https://webarchive.nationalarchives.gov.uk/ukgwa/20200510054123/https://assets.publishing.service.gov.uk/government/uploads/system/uploads/attachment_data/file/849804/Ethiopia_-_Background_Note_-_v1.0__November_2019__GOV.UK.pdf,de9b774ba76b0b1dc8453f4221017f1557ebf84819919839e8b2d3ff8ba9f3c9,53,997433
Ethiopia,"Country background note: Ethiopia, November 2019","By country/Ethiopia/Country background note- Ethiopia, November 2019 [de9b774ba76b].pdf",https://webarchive.nationalarchives.gov.uk/ukgwa/20200611095856/https://assets.publishing.service.gov.uk/government/uploads/system/uploads/attachment_data/file/849804/Ethiopia_-_Background_Note_-_v1.0__November_2019__GOV.UK.pdf,de9b774ba76b0b1dc8453f4221017f1557ebf84819919839e8b2d3ff8ba9f3c9,53,997433
Ethiopia,"Country background note: Ethiopia, November 2019","By country/Ethiopia/Country background note- Ethiopia, November 2019 [de9b774ba76b].pdf",https://webarchive.nationalarchives.gov.uk/ukgwa/20200710180612/https://assets.publishing.service.gov.uk/government/uploads/system/uploads/attachment_data/file/849804/Ethiopia_-_Background_Note_-_v1.0__November_2019__GOV.UK.pdf,de9b774ba76b0b1dc8453f4221017f1557ebf84819919839e8b2d3ff8ba9f3c9,53,997433
Ethiopia,"Country background note: Ethiopia, November 2019","By country/Ethiopia/Country background note- Ethiopia, November 2019 [de9b774ba76b].pdf",https://webarchive.nationalarchives.gov.uk/ukgwa/20200716080026/https://assets.publishing.service.gov.uk/government/uploads/system/uploads/attachment_data/file/849804/Ethiopia_-_Background_Note_-_v1.0__November_2019__GOV.UK.pdf,de9b774ba76b0b1dc8453f4221017f1557ebf84819919839e8b2d3ff8ba9f3c9,53,997433
Ethiopia,"Country background note: Ethiopia, November 2019","By country/Ethiopia/Country background note- Ethiopia, November 2019 [de9b774ba76b].pdf",https://webarchive.nationalarchives.gov.uk/ukgwa/20200807191711/https://assets.publishing.service.gov.uk/government/uploads/system/uploads/attachment_data/file/849804/Ethiopia_-_Background_Note_-_v1.0__November_2019__GOV.UK.pdf,de9b774ba76b0b1dc8453f4221017f1557ebf84819919839e8b2d3ff8ba9f3c9,53,997433
Ethiopia,"Country background note: Ethiopia, November 2019","By country/Ethiopia/Country background note- Ethiopia, November 2019 [de9b774ba76b].pdf",https://webarchive.nationalarchives.gov.uk/ukgwa/20200827093408/https://assets.publishing.service.gov.uk/government/uploads/system/uploads/attachment_data/file/849804/Ethiopia_-_Background_Note_-_v1.0__November_2019__GOV.UK.pdf,de9b774ba76b0b1dc8453f4221017f1557ebf84819919839e8b2d3ff8ba9f3c9,53,997433
Ethiopia,"Country background note: Ethiopia, November 2019","By country/Ethiopia/Country background note- Ethiopia, November 2019 [de9b774ba76b].pdf",https://webarchive.nationalarchives.gov.uk/ukgwa/20200828044832/https://assets.publishing.service.gov.uk/government/uploads/system/uploads/attachment_data/file/849804/Ethiopia_-_Background_Note_-_v1.0__November_2019__GOV.UK.pdf,de9b774ba76b0b1dc8453f4221017f1557ebf84819919839e8b2d3ff8ba9f3c9,53,997433
Ethiopia,"Country background note: Ethiopia, November 2019","By country/Ethiopia/Country background note- Ethiopia, November 2019 [de9b774ba76b].pdf",https://webarchive.nationalarchives.gov.uk/ukgwa/20200903094955/https://assets.publishing.service.gov.uk/government/uploads/system/uploads/attachment_data/file/849804/Ethiopia_-_Background_Note_-_v1.0__November_2019__GOV.UK.pdf,de9b774ba76b0b1dc8453f4221017f1557ebf84819919839e8b2d3ff8ba9f3c9,53,997433
Ethiopia,"Country background note: Ethiopia, November 2019","By country/Ethiopia/Country background note- Ethiopia, November 2019 [de9b774ba76b].pdf",https://webarchive.nationalarchives.gov.uk/ukgwa/20200903103110/https://assets.publishing.service.gov.uk/government/uploads/system/uploads/attachment_data/file/849804/Ethiopia_-_Background_Note_-_v1.0__November_2019__GOV.UK.pdf,de9b774ba76b0b1dc8453f4221017f1557ebf84819919839e8b2d3ff8ba9f3c9,53,997433
Ethiopia,"Country background note: Ethiopia, November 2019","By country/Ethiopia/Country background note- Ethiopia, November 2019 [de9b774ba76b].pdf",https://webarchive.nationalarchives.gov.uk/ukgwa/20200904085532/https://assets.publishing.service.gov.uk/government/uploads/system/uploads/attachment_data/file/849804/Ethiopia_-_Background_Note_-_v1.0__November_2019__GOV.UK.pdf,de9b774ba76b0b1dc8453f4221017f1557ebf84819919839e8b2d3ff8ba9f3c9,53,997433
Ethiopia,"Country background note: Ethiopia, November 2019","By country/Ethiopia/Country background note- Ethiopia, November 2019 [de9b774ba76b].pdf",https://webarchive.nationalarchives.gov.uk/ukgwa/20200905031042/https://assets.publishing.service.gov.uk/government/uploads/system/uploads/attachment_data/file/849804/Ethiopia_-_Background_Note_-_v1.0__November_2019__GOV.UK.pdf,de9b774ba76b0b1dc8453f4221017f1557ebf84819919839e8b2d3ff8ba9f3c9,53,997433
Ethiopia,"Country background note: Ethiopia, November 2019","By country/Ethiopia/Country background note- Ethiopia, November 2019 [de9b774ba76b].pdf",https://webarchive.nationalarchives.gov.uk/ukgwa/20200907235659/https://assets.publishing.service.gov.uk/government/uploads/system/uploads/attachment_data/file/849804/Ethiopia_-_Background_Note_-_v1.0__November_2019__GOV.UK.pdf,de9b774ba76b0b1dc8453f4221017f1557ebf84819919839e8b2d3ff8ba9f3c9,53,997433
Ethiopia,"Country background note: Ethiopia, November 2019","By country/Ethiopia/Country background note- Ethiopia, November 2019 [de9b774ba76b].pdf",https://webarchive.nationalarchives.gov.uk/ukgwa/20200909101349/https://assets.publishing.service.gov.uk/government/uploads/system/uploads/attachment_data/file/849804/Ethiopia_-_Background_Note_-_v1.0__November_2019__GOV.UK.pdf,de9b774ba76b0b1dc8453f4221017f1557ebf84819919839e8b2d3ff8ba9f3c9,53,997433
Ethiopia,"Country background note: Ethiopia, November 2019","By country/Ethiopia/Country background note- Ethiopia, November 2019 [de9b774ba76b].pdf",https://webarchive.nationalarchives.gov.uk/ukgwa/20200910082155/https://assets.publishing.service.gov.uk/government/uploads/system/uploads/attachment_data/file/849804/Ethiopia_-_Background_Note_-_v1.0__November_2019__GOV.UK.pdf,de9b774ba76b0b1dc8453f4221017f1557ebf84819919839e8b2d3ff8ba9f3c9,53,997433
Ethiopia,"Country background note: Ethiopia, November 2019","By country/Ethiopia/Country background note- Ethiopia, November 2019 [de9b774ba76b].pdf",https://webarchive.nationalarchives.gov.uk/ukgwa/20200911063752/https://assets.publishing.service.gov.uk/government/uploads/system/uploads/attachment_data/file/849804/Ethiopia_-_Background_Note_-_v1.0__November_2019__GOV.UK.pdf,de9b774ba76b0b1dc8453f4221017f1557ebf84819919839e8b2d3ff8ba9f3c9,53,997433
Ethiopia,"Country background note: Ethiopia, November 2019","By country/Ethiopia/Country background note- Ethiopia, November 2019 [de9b774ba76b].pdf",https://webarchive.nationalarchives.gov.uk/ukgwa/20200915000505/https://assets.publishing.service.gov.uk/government/uploads/system/uploads/attachment_data/file/849804/Ethiopia_-_Background_Note_-_v1.0__November_2019__GOV.UK.pdf,de9b774ba76b0b1dc8453f4221017f1557ebf84819919839e8b2d3ff8ba9f3c9,53,997433
Ethiopia,"Country background note: Ethiopia, November 2019","By country/Ethiopia/Country background note- Ethiopia, November 2019 [de9b774ba76b].pdf",https://webarchive.nationalarchives.gov.uk/ukgwa/20191208162919/https://assets.publishing.service.gov.uk/government/uploads/system/uploads/attachment_data/file/849804/Ethiopia_-_Background_Note_-_v1.0__November_2019__GOV.UK.pdf,de9b774ba76b0b1dc8453f4221017f1557ebf84819919839e8b2d3ff8ba9f3c9,53,997433
Gambia,"Country information and guidance: opposition to the government, Gambia, December 2015","By country/Gambia/Country information and guidance- opposition to the government, Gambia, December 2015 [e1489b49e39f].pdf",https://webarchive.nationalarchives.gov.uk/ukgwa/20170207115903/https://www.gov.uk/government/uploads/system/uploads/attachment_data/file/565765/CIG-Gambia-Opposition-to-the-Government-v1-December-2015.pdf,e1489b49e39f28f2f3ac31b0ca996230af516fe6d33ca59b4ec22df200e2cf2d,20,246710
Gambia,"Country information and guidance: opposition to the government, Gambia, December 2015","By country/Gambia/Country information and guidance- opposition to the government, Gambia, December 2015 [e1489b49e39f].pdf",https://webarchive.nationalarchives.gov.uk/ukgwa/20170210015829/https://www.gov.uk/government/uploads/system/uploads/attachment_data/file/565765/CIG-Gambia-Opposition-to-the-Government-v1-December-2015.pdf,e1489b49e39f28f2f3ac31b0ca996230af516fe6d33ca59b4ec22df200e2cf2d,20,246710
Gambia,"Country information and guidance: opposition to the government, Gambia, December 2015","By country/Gambia/Country information and guidance- opposition to the government, Gambia, December 2015 [e1489b49e39f].pdf",https://webarchive.nationalarchives.gov.uk/ukgwa/20161220182541/https://www.gov.uk/government/uploads/system/uploads/attachment_data/file/565765/CIG-Gambia-Opposition-to-the-Government-v1-December-2015.pdf,e1489b49e39f28f2f3ac31b0ca996230af516fe6d33ca59b4ec22df200e2cf2d,20,246710
Gambia,"Country information report: Gambia, January 2014","By country/Gambia/Country information report- Gambia, January 2014 [8c2a74b763f2].pdf",https://webarchive.nationalarchives.gov.uk/ukgwa/20170207115906/https://www.gov.uk/government/uploads/system/uploads/attachment_data/file/565766/Gambia-COI-report-2013-2014.pdf,8c2a74b763f24f425e326580580336d08c0793bcad7047d06ab50c70c6345667,72,1254381
Gambia,"Country information report: Gambia, January 2014","By country/Gambia/Country information report- Gambia, January 2014 [8c2a74b763f2].pdf",https://webarchive.nationalarchives.gov.uk/ukgwa/20170210015831/https://www.gov.uk/government/uploads/system/uploads/attachment_data/file/565766/Gambia-COI-report-2013-2014.pdf,8c2a74b763f24f425e326580580336d08c0793bcad7047d06ab50c70c6345667,72,1254381
Gambia,"Country information report: Gambia, January 2014","By country/Gambia/Country information report- Gambia, January 2014 [8c2a74b763f2].pdf",https://webarchive.nationalarchives.gov.uk/ukgwa/20161220182543/https://www.gov.uk/government/uploads/system/uploads/attachment_data/file/565766/Gambia-COI-report-2013-2014.pdf,8c2a74b763f24f425e326580580336d08c0793bcad7047d06ab50c70c6345667,72,1254381
Gambia,"Operational guidance note: Gambia, June 2013","By country/Gambia/Operational guidance note- Gambia, June 2013 [255736cac309].pdf",https://webarchive.nationalarchives.gov.uk/ukgwa/20170207115908/https://www.gov.uk/government/uploads/system/uploads/attachment_data/file/565767/Gambia-operational-guidance-v6-June-2013.pdf,255736cac309d42ad3776da1976ca3fb24ca8dd9b450810760c6588a441b86f8,32,394921
Gambia,"Operational guidance note: Gambia, June 2013","By country/Gambia/Operational guidance note- Gambia, June 2013 [255736cac309].pdf",https://webarchive.nationalarchives.gov.uk/ukgwa/20170210015834/https://www.gov.uk/government/uploads/system/uploads/attachment_data/file/565767/Gambia-operational-guidance-v6-June-2013.pdf,255736cac309d42ad3776da1976ca3fb24ca8dd9b450810760c6588a441b86f8,32,394921
Gambia,"Operational guidance note: Gambia, June 2013","By country/Gambia/Operational guidance note- Gambia, June 2013 [255736cac309].pdf",https://webarchive.nationalarchives.gov.uk/ukgwa/20161220182546/https://www.gov.uk/government/uploads/system/uploads/attachment_data/file/565767/Gambia-operational-guidance-v6-June-2013.pdf,255736cac309d42ad3776da1976ca3fb24ca8dd9b450810760c6588a441b86f8,32,394921
India,"Country information and guidance: women fearing gender-based harm/violence, India, April 2015","By country/India/Country information and guidance- women fearing gender-based harm-violence, India, April 2015 [ed44cf7d3a4a].pdf",https://webarchive.nationalarchives.gov.uk/ukgwa/20180106030546/https://www.gov.uk/government/uploads/system/uploads/attachment_data/file/565773/CIG-India-Women-v1-April-2015.pdf,ed44cf7d3a4ab6153d2792d1f24d3eac85d07ae646b531809b59d54f65aee12a,46,513935
India,"Country information and guidance: women fearing gender-based harm/violence, India, April 2015","By country/India/Country information and guidance- women fearing gender-based harm-violence, India, April 2015 [ed44cf7d3a4a].pdf",https://webarchive.nationalarchives.gov.uk/ukgwa/20180301111654/https://www.gov.uk/government/uploads/system/uploads/attachment_data/file/565773/CIG-India-Women-v1-April-2015.pdf,ed44cf7d3a4ab6153d2792d1f24d3eac85d07ae646b531809b59d54f65aee12a,46,513935
India,"Country information and guidance: women fearing gender-based harm/violence, India, April 2015","By country/India/Country information and guidance- women fearing gender-based harm-violence, India, April 2015 [ed44cf7d3a4a].pdf",https://webarchive.nationalarchives.gov.uk/ukgwa/20180310120743/https://www.gov.uk/government/uploads/system/uploads/attachment_data/file/565773/CIG-India-Women-v1-April-2015.pdf,ed44cf7d3a4ab6153d2792d1f24d3eac85d07ae646b531809b59d54f65aee12a,46,513935
India,"Country information and guidance: women fearing gender-based harm/violence, India, April 2015","By country/India/Country information and guidance- women fearing gender-based harm-violence, India, April 2015 [ed44cf7d3a4a].pdf",https://webarchive.nationalarchives.gov.uk/ukgwa/20170207115918/https://www.gov.uk/government/uploads/system/uploads/attachment_data/file/565773/CIG-India-Women-v1-April-2015.pdf,ed44cf7d3a4ab6153d2792d1f24d3eac85d07ae646b531809b59d54f65aee12a,46,513935
India,"Country information and guidance: women fearing gender-based harm/violence, India, April 2015","By country/India/Country information and guidance- women fearing gender-based harm-violence, India, April 2015 [ed44cf7d3a4a].pdf",https://webarchive.nationalarchives.gov.uk/ukgwa/20170210015807/https://www.gov.uk/government/uploads/system/uploads/attachment_data/file/565773/CIG-India-Women-v1-April-2015.pdf,ed44cf7d3a4ab6153d2792d1f24d3eac85d07ae646b531809b59d54f65aee12a,46,513935
India,"Country information and guidance: women fearing gender-based harm/violence, India, April 2015","By country/India/Country information and guidance- women fearing gender-based harm-violence, India, April 2015 [ed44cf7d3a4a].pdf",https://webarchive.nationalarchives.gov.uk/ukgwa/20170429032125/https://www.gov.uk/government/uploads/system/uploads/attachment_data/file/565773/CIG-India-Women-v1-April-2015.pdf,ed44cf7d3a4ab6153d2792d1f24d3eac85d07ae646b531809b59d54f65aee12a,46,513935
India,"Country information and guidance: women fearing gender-based harm/violence, India, April 2015","By country/India/Country information and guidance- women fearing gender-based harm-violence, India, April 2015 [ed44cf7d3a4a].pdf",https://webarchive.nationalarchives.gov.uk/ukgwa/20170522214624/https://www.gov.uk/government/uploads/system/uploads/attachment_data/file/565773/CIG-India-Women-v1-April-2015.pdf,ed44cf7d3a4ab6153d2792d1f24d3eac85d07ae646b531809b59d54f65aee12a,46,513935
India,"Country information and guidance: women fearing gender-based harm/violence, India, April 2015","By country/India/Country information and guidance- women fearing gender-based harm-violence, India, April 2015 [ed44cf7d3a4a].pdf",https://webarchive.nationalarchives.gov.uk/ukgwa/20170804194923/https://www.gov.uk/government/uploads/system/uploads/attachment_data/file/565773/CIG-India-Women-v1-April-2015.pdf,ed44cf7d3a4ab6153d2792d1f24d3eac85d07ae646b531809b59d54f65aee12a,46,513935
India,"Country information and guidance: women fearing gender-based harm/violence, India, April 2015","By country/India/Country information and guidance- women fearing gender-based harm-violence, India, April 2015 [ed44cf7d3a4a].pdf",https://webarchive.nationalarchives.gov.uk/ukgwa/20171014051016/https://www.gov.uk/government/uploads/system/uploads/attachment_data/file/565773/CIG-India-Women-v1-April-2015.pdf,ed44cf7d3a4ab6153d2792d1f24d3eac85d07ae646b531809b59d54f65aee12a,46,513935
India,"Country information and guidance: women fearing gender-based harm/violence, India, April 2015","By country/India/Country information and guidance- women fearing gender-based harm-violence, India, April 2015 [ed44cf7d3a4a].pdf",https://webarchive.nationalarchives.gov.uk/ukgwa/20171111155713/https://www.gov.uk/government/uploads/system/uploads/attachment_data/file/565773/CIG-India-Women-v1-April-2015.pdf,ed44cf7d3a4ab6153d2792d1f24d3eac85d07ae646b531809b59d54f65aee12a,46,513935
India,"Country information and guidance: women fearing gender-based harm/violence, India, April 2015","By country/India/Country information and guidance- women fearing gender-based harm-violence, India, April 2015 [ed44cf7d3a4a].pdf",https://webarchive.nationalarchives.gov.uk/ukgwa/20161220182518/https://www.gov.uk/government/uploads/system/uploads/attachment_data/file/565773/CIG-India-Women-v1-April-2015.pdf,ed44cf7d3a4ab6153d2792d1f24d3eac85d07ae646b531809b59d54f65aee12a,46,513935
India,"Country policy and information note: prison conditions, India, November 2016","By country/India/Country policy and information note- prison conditions, India, November 2016 [09288e1cc78c].pdf",https://webarchive.nationalarchives.gov.uk/ukgwa/20180106030520/https://www.gov.uk/government/uploads/system/uploads/attachment_data/file/565771/CPIN-India-Prison-Conditions-v2-November-2016.pdf,09288e1cc78c9b68fffe5299497c035e56232debe75a7b6b9df810cd2e853ebc,26,440454
India,"Country policy and information note: prison conditions, India, November 2016","By country/India/Country policy and information note- prison conditions, India, November 2016 [09288e1cc78c].pdf",https://webarchive.nationalarchives.gov.uk/ukgwa/20180301095419/https://www.gov.uk/government/uploads/system/uploads/attachment_data/file/565771/CPIN-India-Prison-Conditions-v2-November-2016.pdf,09288e1cc78c9b68fffe5299497c035e56232debe75a7b6b9df810cd2e853ebc,26,440454
India,"Country policy and information note: prison conditions, India, November 2016","By country/India/Country policy and information note- prison conditions, India, November 2016 [09288e1cc78c].pdf",https://webarchive.nationalarchives.gov.uk/ukgwa/20180310120742/https://www.gov.uk/government/uploads/system/uploads/attachment_data/file/565771/CPIN-India-Prison-Conditions-v2-November-2016.pdf,09288e1cc78c9b68fffe5299497c035e56232debe75a7b6b9df810cd2e853ebc,26,440454
India,"Country policy and information note: prison conditions, India, November 2016","By country/India/Country policy and information note- prison conditions, India, November 2016 [09288e1cc78c].pdf",https://webarchive.nationalarchives.gov.uk/ukgwa/20170207115916/https://www.gov.uk/government/uploads/system/uploads/attachment_data/file/565771/CPIN-India-Prison-Conditions-v2-November-2016.pdf,09288e1cc78c9b68fffe5299497c035e56232debe75a7b6b9df810cd2e853ebc,26,440454
India,"Country policy and information note: prison conditions, India, November 2016","By country/India/Country policy and information note- prison conditions, India, November 2016 [09288e1cc78c].pdf",https://webarchive.nationalarchives.gov.uk/ukgwa/20170210015805/https://www.gov.uk/government/uploads/system/uploads/attachment_data/file/565771/CPIN-India-Prison-Conditions-v2-November-2016.pdf,09288e1cc78c9b68fffe5299497c035e56232debe75a7b6b9df810cd2e853ebc,26,440454
India,"Country policy and information note: prison conditions, India, November 2016","By country/India/Country policy and information note- prison conditions, India, November 2016 [09288e1cc78c].pdf",https://webarchive.nationalarchives.gov.uk/ukgwa/20170429032123/https://www.gov.uk/government/uploads/system/uploads/attachment_data/file/565771/CPIN-India-Prison-Conditions-v2-November-2016.pdf,09288e1cc78c9b68fffe5299497c035e56232debe75a7b6b9df810cd2e853ebc,26,440454
India,"Country policy and information note: prison conditions, India, November 2016","By country/India/Country policy and information note- prison conditions, India, November 2016 [09288e1cc78c].pdf",https://webarchive.nationalarchives.gov.uk/ukgwa/20170522214622/https://www.gov.uk/government/uploads/system/uploads/attachment_data/file/565771/CPIN-India-Prison-Conditions-v2-November-2016.pdf,09288e1cc78c9b68fffe5299497c035e56232debe75a7b6b9df810cd2e853ebc,26,440454
India,"Country policy and information note: prison conditions, India, November 2016","By country/India/Country policy and information note- prison conditions, India, November 2016 [09288e1cc78c].pdf",https://webarchive.nationalarchives.gov.uk/ukgwa/20170804194710/https://www.gov.uk/government/uploads/system/uploads/attachment_data/file/565771/CPIN-India-Prison-Conditions-v2-November-2016.pdf,09288e1cc78c9b68fffe5299497c035e56232debe75a7b6b9df810cd2e853ebc,26,440454
India,"Country policy and information note: prison conditions, India, November 2016","By country/India/Country policy and information note- prison conditions, India, November 2016 [09288e1cc78c].pdf",https://webarchive.nationalarchives.gov.uk/ukgwa/20171014051219/https://www.gov.uk/government/uploads/system/uploads/attachment_data/file/565771/CPIN-India-Prison-Conditions-v2-November-2016.pdf,09288e1cc78c9b68fffe5299497c035e56232debe75a7b6b9df810cd2e853ebc,26,440454
India,"Country policy and information note: prison conditions, India, November 2016","By country/India/Country policy and information note- prison conditions, India, November 2016 [09288e1cc78c].pdf",https://webarchive.nationalarchives.gov.uk/ukgwa/20171111160131/https://www.gov.uk/government/uploads/system/uploads/attachment_data/file/565771/CPIN-India-Prison-Conditions-v2-November-2016.pdf,09288e1cc78c9b68fffe5299497c035e56232debe75a7b6b9df810cd2e853ebc,26,440454
India,"Country policy and information note: prison conditions, India, November 2016","By country/India/Country policy and information note- prison conditions, India, November 2016 [09288e1cc78c].pdf",https://webarchive.nationalarchives.gov.uk/ukgwa/20161220182516/https://www.gov.uk/government/uploads/system/uploads/attachment_data/file/565771/CPIN-India-Prison-Conditions-v2-November-2016.pdf,09288e1cc78c9b68fffe5299497c035e56232debe75a7b6b9df810cd2e853ebc,26,440454
India,"Country policy and information note: sexual orientation and gender identity, India, February 2017","By country/India/Country policy and information note- sexual orientation and gender identity, India, February 2017 [87ead796f4a3].pdf",https://webarchive.nationalarchives.gov.uk/ukgwa/20180106025234/https://www.gov.uk/government/uploads/system/uploads/attachment_data/file/594442/India.CPIN.Sexual_orientation_and_gender_identity.v2.0.pdf,87ead796f4a3fb0cfc1158be1526a1790ed0ce3f1062d30039bc756202b238f0,31,660175
India,"Country policy and information note: sexual orientation and gender identity, India, February 2017","By country/India/Country policy and information note- sexual orientation and gender identity, India, February 2017 [87ead796f4a3].pdf",https://webarchive.nationalarchives.gov.uk/ukgwa/20180301100705/https://www.gov.uk/government/uploads/system/uploads/attachment_data/file/594442/India.CPIN.Sexual_orientation_and_gender_identity.v2.0.pdf,87ead796f4a3fb0cfc1158be1526a1790ed0ce3f1062d30039bc756202b238f0,31,660175
India,"Country policy and information note: sexual orientation and gender identity, India, February 2017","By country/India/Country policy and information note- sexual orientation and gender identity, India, February 2017 [87ead796f4a3].pdf",https://webarchive.nationalarchives.gov.uk/ukgwa/20180310120741/https://www.gov.uk/government/uploads/system/uploads/attachment_data/file/594442/India.CPIN.Sexual_orientation_and_gender_identity.v2.0.pdf,87ead796f4a3fb0cfc1158be1526a1790ed0ce3f1062d30039bc756202b238f0,31,660175
India,"Country policy and information note: sexual orientation and gender identity, India, February 2017","By country/India/Country policy and information note- sexual orientation and gender identity, India, February 2017 [87ead796f4a3].pdf",https://webarchive.nationalarchives.gov.uk/ukgwa/20170429032120/https://www.gov.uk/government/uploads/system/uploads/attachment_data/file/594442/India.CPIN.Sexual_orientation_and_gender_identity.v2.0.pdf,87ead796f4a3fb0cfc1158be1526a1790ed0ce3f1062d30039bc756202b238f0,31,660175
India,"Country policy and information note: sexual orientation and gender identity, India, February 2017","By country/India/Country policy and information note- sexual orientation and gender identity, India, February 2017 [87ead796f4a3].pdf",https://webarchive.nationalarchives.gov.uk/ukgwa/20170522214619/https://www.gov.uk/government/uploads/system/uploads/attachment_data/file/594442/India.CPIN.Sexual_orientation_and_gender_identity.v2.0.pdf,87ead796f4a3fb0cfc1158be1526a1790ed0ce3f1062d30039bc756202b238f0,31,660175
India,"Country policy and information note: sexual orientation and gender identity, India, February 2017","By country/India/Country policy and information note- sexual orientation and gender identity, India, February 2017 [87ead796f4a3].pdf",https://webarchive.nationalarchives.gov.uk/ukgwa/20170804195347/https://www.gov.uk/government/uploads/system/uploads/attachment_data/file/594442/India.CPIN.Sexual_orientation_and_gender_identity.v2.0.pdf,87ead796f4a3fb0cfc1158be1526a1790ed0ce3f1062d30039bc756202b238f0,31,660175
India,"Country policy and information note: sexual orientation and gender identity, India, February 2017","By country/India/Country policy and information note- sexual orientation and gender identity, India, February 2017 [87ead796f4a3].pdf",https://webarchive.nationalarchives.gov.uk/ukgwa/20171014051218/https://www.gov.uk/government/uploads/system/uploads/attachment_data/file/594442/India.CPIN.Sexual_orientation_and_gender_identity.v2.0.pdf,87ead796f4a3fb0cfc1158be1526a1790ed0ce3f1062d30039bc756202b238f0,31,660175
India,"Country policy and information note: sexual orientation and gender identity, India, February 2017","By country/India/Country policy and information note- sexual orientation and gender identity, India, February 2017 [87ead796f4a3].pdf",https://webarchive.nationalarchives.gov.uk/ukgwa/20171111160711/https://www.gov.uk/government/uploads/system/uploads/attachment_data/file/594442/India.CPIN.Sexual_orientation_and_gender_identity.v2.0.pdf,87ead796f4a3fb0cfc1158be1526a1790ed0ce3f1062d30039bc756202b238f0,31,660175
Iran,"Country information and guidance: Christians and Christian converts, Iran, December 2015","By country/Iran/Country information and guidance- Christians and Christian converts, Iran, December 2015 [268bb06223aa].pdf",https://webarchive.nationalarchives.gov.uk/ukgwa/20170207115954/https://www.gov.uk/government/uploads/system/uploads/attachment_data/file/565836/CIG-Iran-Christians-and-Christian-Converts-v2-December-2015.pdf,268bb06223aa4f9e3bb0194d870304694e401d459d206fa6760ba8c6374f3fbe,28,430896
Iran,"Country information and guidance: Christians and Christian converts, Iran, December 2015","By country/Iran/Country information and guidance- Christians and Christian converts, Iran, December 2015 [268bb06223aa].pdf",https://webarchive.nationalarchives.gov.uk/ukgwa/20170210015803/https://www.gov.uk/government/uploads/system/uploads/attachment_data/file/565836/CIG-Iran-Christians-and-Christian-Converts-v2-December-2015.pdf,268bb06223aa4f9e3bb0194d870304694e401d459d206fa6760ba8c6374f3fbe,28,430896
Iran,"Country information and guidance: Christians and Christian converts, Iran, December 2015","By country/Iran/Country information and guidance- Christians and Christian converts, Iran, December 2015 [268bb06223aa].pdf",https://webarchive.nationalarchives.gov.uk/ukgwa/20161220182514/https://www.gov.uk/government/uploads/system/uploads/attachment_data/file/565836/CIG-Iran-Christians-and-Christian-Converts-v2-December-2015.pdf,268bb06223aa4f9e3bb0194d870304694e401d459d206fa6760ba8c6374f3fbe,28,430896
Iran,"Country information and guidance: background information, including actors of protection, and internal relocation, Iran, July 2016","By country/Iran/Country information and guidance- background information, including actors of protection, and internal relocation, Iran, July 2016 [21556ad51246].pdf",https://webarchive.nationalarchives.gov.uk/ukgwa/20180106002647/https://www.gov.uk/government/uploads/system/uploads/attachment_data/file/565827/CIG-Iran-Background-Information-v3-July-2016.pdf,21556ad512461a61e1f0a6a69918975e0f507fcc0383e59eb07891d0dbbd6f20,47,452956
Iran,"Country information and guidance: background information, including actors of protection, and internal relocation, Iran, July 2016","By country/Iran/Country information and guidance- background information, including actors of protection, and internal relocation, Iran, July 2016 [21556ad51246].pdf",https://webarchive.nationalarchives.gov.uk/ukgwa/20170207115938/https://www.gov.uk/government/uploads/system/uploads/attachment_data/file/565827/CIG-Iran-Background-Information-v3-July-2016.pdf,21556ad512461a61e1f0a6a69918975e0f507fcc0383e59eb07891d0dbbd6f20,47,452956
Iran,"Country information and guidance: background information, including actors of protection, and internal relocation, Iran, July 2016","By country/Iran/Country information and guidance- background information, including actors of protection, and internal relocation, Iran, July 2016 [21556ad51246].pdf",https://webarchive.nationalarchives.gov.uk/ukgwa/20170210015747/https://www.gov.uk/government/uploads/system/uploads/attachment_data/file/565827/CIG-Iran-Background-Information-v3-July-2016.pdf,21556ad512461a61e1f0a6a69918975e0f507fcc0383e59eb07891d0dbbd6f20,47,452956
Iran,"Country information and guidance: background information, including actors of protection, and internal relocation, Iran, July 2016","By country/Iran/Country information and guidance- background information, including actors of protection, and internal relocation, Iran, July 2016 [21556ad51246].pdf",https://webarchive.nationalarchives.gov.uk/ukgwa/20170429004809/https://www.gov.uk/government/uploads/system/uploads/attachment_data/file/565827/CIG-Iran-Background-Information-v3-July-2016.pdf,21556ad512461a61e1f0a6a69918975e0f507fcc0383e59eb07891d0dbbd6f20,47,452956
Iran,"Country information and guidance: background information, including actors of protection, and internal relocation, Iran, July 2016","By country/Iran/Country information and guidance- background information, including actors of protection, and internal relocation, Iran, July 2016 [21556ad51246].pdf",https://webarchive.nationalarchives.gov.uk/ukgwa/20170522203209/https://www.gov.uk/government/uploads/system/uploads/attachment_data/file/565827/CIG-Iran-Background-Information-v3-July-2016.pdf,21556ad512461a61e1f0a6a69918975e0f507fcc0383e59eb07891d0dbbd6f20,47,452956
Iran,"Country information and guidance: background information, including actors of protection, and internal relocation, Iran, July 2016","By country/Iran/Country information and guidance- background information, including actors of protection, and internal relocation, Iran, July 2016 [21556ad51246].pdf",https://webarchive.nationalarchives.gov.uk/ukgwa/20170804231619/https://www.gov.uk/government/uploads/system/uploads/attachment_data/file/565827/CIG-Iran-Background-Information-v3-July-2016.pdf,21556ad512461a61e1f0a6a69918975e0f507fcc0383e59eb07891d0dbbd6f20,47,452956
Iran,"Country information and guidance: background information, including actors of protection, and internal relocation, Iran, July 2016","By country/Iran/Country information and guidance- background information, including actors of protection, and internal relocation, Iran, July 2016 [21556ad51246].pdf",https://webarchive.nationalarchives.gov.uk/ukgwa/20170909173043/https://www.gov.uk/government/uploads/system/uploads/attachment_data/file/565827/CIG-Iran-Background-Information-v3-July-2016.pdf,21556ad512461a61e1f0a6a69918975e0f507fcc0383e59eb07891d0dbbd6f20,47,452956
Iran,"Country information and guidance: background information, including actors of protection, and internal relocation, Iran, July 2016","By country/Iran/Country information and guidance- background information, including actors of protection, and internal relocation, Iran, July 2016 [21556ad51246].pdf",https://webarchive.nationalarchives.gov.uk/ukgwa/20171013073132/https://www.gov.uk/government/uploads/system/uploads/attachment_data/file/565827/CIG-Iran-Background-Information-v3-July-2016.pdf,21556ad512461a61e1f0a6a69918975e0f507fcc0383e59eb07891d0dbbd6f20,47,452956
Iran,"Country information and guidance: background information, including actors of protection, and internal relocation, Iran, July 2016","By country/Iran/Country information and guidance- background information, including actors of protection, and internal relocation, Iran, July 2016 [21556ad51246].pdf",https://webarchive.nationalarchives.gov.uk/ukgwa/20171111211453/https://www.gov.uk/government/uploads/system/uploads/attachment_data/file/565827/CIG-Iran-Background-Information-v3-July-2016.pdf,21556ad512461a61e1f0a6a69918975e0f507fcc0383e59eb07891d0dbbd6f20,47,452956
Iran,"Country information and guidance: background information, including actors of protection, and internal relocation, Iran, July 2016","By country/Iran/Country information and guidance- background information, including actors of protection, and internal relocation, Iran, July 2016 [21556ad51246].pdf",https://webarchive.nationalarchives.gov.uk/ukgwa/20161220182458/https://www.gov.uk/government/uploads/system/uploads/attachment_data/file/565827/CIG-Iran-Background-Information-v3-July-2016.pdf,21556ad512461a61e1f0a6a69918975e0f507fcc0383e59eb07891d0dbbd6f20,47,452956
Iran,"Country information and guidance: illegal exit, Iran, July 2016","By country/Iran/Country information and guidance- illegal exit, Iran, July 2016 [e2b3d5b108d3].pdf",https://webarchive.nationalarchives.gov.uk/ukgwa/20190111171322/https://assets.publishing.service.gov.uk/government/uploads/system/uploads/attachment_data/file/565828/CIG-Iran-Illegal-Exit-v4-July-2016.pdf,e2b3d5b108d357e23a31d16f710a49352acce667aa43a402014344b3581c8ee2,18,267445
Iran,"Country information and guidance: illegal exit, Iran, July 2016","By country/Iran/Country information and guidance- illegal exit, Iran, July 2016 [e2b3d5b108d3].pdf",https://webarchive.nationalarchives.gov.uk/ukgwa/20190205122839/https://assets.publishing.service.gov.uk/government/uploads/system/uploads/attachment_data/file/565828/CIG-Iran-Illegal-Exit-v4-July-2016.pdf,e2b3d5b108d357e23a31d16f710a49352acce667aa43a402014344b3581c8ee2,18,267445
Iran,"Country information and guidance: illegal exit, Iran, July 2016","By country/Iran/Country information and guidance- illegal exit, Iran, July 2016 [e2b3d5b108d3].pdf",https://webarchive.nationalarchives.gov.uk/ukgwa/20190205152546/https://assets.publishing.service.gov.uk/government/uploads/system/uploads/attachment_data/file/565828/CIG-Iran-Illegal-Exit-v4-July-2016.pdf,e2b3d5b108d357e23a31d16f710a49352acce667aa43a402014344b3581c8ee2,18,267445
Iran,"Country information and guidance: illegal exit, Iran, July 2016","By country/Iran/Country information and guidance- illegal exit, Iran, July 2016 [e2b3d5b108d3].pdf",https://webarchive.nationalarchives.gov.uk/ukgwa/20190220162725/https://assets.publishing.service.gov.uk/government/uploads/system/uploads/attachment_data/file/565828/CIG-Iran-Illegal-Exit-v4-July-2016.pdf,e2b3d5b108d357e23a31d16f710a49352acce667aa43a402014344b3581c8ee2,18,267445
Iran,"Country information and guidance: illegal exit, Iran, July 2016","By country/Iran/Country information and guidance- illegal exit, Iran, July 2016 [e2b3d5b108d3].pdf",https://webarchive.nationalarchives.gov.uk/ukgwa/20180412153819/https://assets.publishing.service.gov.uk/government/uploads/system/uploads/attachment_data/file/565828/CIG-Iran-Illegal-Exit-v4-July-2016.pdf,e2b3d5b108d357e23a31d16f710a49352acce667aa43a402014344b3581c8ee2,18,267445
Iran,"Country information and guidance: illegal exit, Iran, July 2016","By country/Iran/Country information and guidance- illegal exit, Iran, July 2016 [e2b3d5b108d3].pdf",https://webarchive.nationalarchives.gov.uk/ukgwa/20180512163551/https://assets.publishing.service.gov.uk/government/uploads/system/uploads/attachment_data/file/565828/CIG-Iran-Illegal-Exit-v4-July-2016.pdf,e2b3d5b108d357e23a31d16f710a49352acce667aa43a402014344b3581c8ee2,18,267445
Iran,"Country information and guidance: illegal exit, Iran, July 2016","By country/Iran/Country information and guidance- illegal exit, Iran, July 2016 [e2b3d5b108d3].pdf",https://webarchive.nationalarchives.gov.uk/ukgwa/20180610104543/https://assets.publishing.service.gov.uk/government/uploads/system/uploads/attachment_data/file/565828/CIG-Iran-Illegal-Exit-v4-July-2016.pdf,e2b3d5b108d357e23a31d16f710a49352acce667aa43a402014344b3581c8ee2,18,267445
Iran,"Country information and guidance: illegal exit, Iran, July 2016","By country/Iran/Country information and guidance- illegal exit, Iran, July 2016 [e2b3d5b108d3].pdf",https://webarchive.nationalarchives.gov.uk/ukgwa/20180718003254/https://assets.publishing.service.gov.uk/government/uploads/system/uploads/attachment_data/file/565828/CIG-Iran-Illegal-Exit-v4-July-2016.pdf,e2b3d5b108d357e23a31d16f710a49352acce667aa43a402014344b3581c8ee2,18,267445
Iran,"Country information and guidance: illegal exit, Iran, July 2016","By country/Iran/Country information and guidance- illegal exit, Iran, July 2016 [e2b3d5b108d3].pdf",https://webarchive.nationalarchives.gov.uk/ukgwa/20180719012908/https://assets.publishing.service.gov.uk/government/uploads/system/uploads/attachment_data/file/565828/CIG-Iran-Illegal-Exit-v4-July-2016.pdf,e2b3d5b108d357e23a31d16f710a49352acce667aa43a402014344b3581c8ee2,18,267445
Iran,"Country information and guidance: illegal exit, Iran, July 2016","By country/Iran/Country information and guidance- illegal exit, Iran, July 2016 [e2b3d5b108d3].pdf",https://webarchive.nationalarchives.gov.uk/ukgwa/20180808151309/https://assets.publishing.service.gov.uk/government/uploads/system/uploads/attachment_data/file/565828/CIG-Iran-Illegal-Exit-v4-July-2016.pdf,e2b3d5b108d357e23a31d16f710a49352acce667aa43a402014344b3581c8ee2,18,267445
Iran,"Country information and guidance: illegal exit, Iran, July 2016","By country/Iran/Country information and guidance- illegal exit, Iran, July 2016 [e2b3d5b108d3].pdf",https://webarchive.nationalarchives.gov.uk/ukgwa/20180912040816/https://assets.publishing.service.gov.uk/government/uploads/system/uploads/attachment_data/file/565828/CIG-Iran-Illegal-Exit-v4-July-2016.pdf,e2b3d5b108d357e23a31d16f710a49352acce667aa43a402014344b3581c8ee2,18,267445
Iran,"Country information and guidance: illegal exit, Iran, July 2016","By country/Iran/Country information and guidance- illegal exit, Iran, July 2016 [e2b3d5b108d3].pdf",https://webarchive.nationalarchives.gov.uk/ukgwa/20181004130149/https://assets.publishing.service.gov.uk/government/uploads/system/uploads/attachment_data/file/565828/CIG-Iran-Illegal-Exit-v4-July-2016.pdf,e2b3d5b108d357e23a31d16f710a49352acce667aa43a402014344b3581c8ee2,18,267445
Iran,"Country information and guidance: illegal exit, Iran, July 2016","By country/Iran/Country information and guidance- illegal exit, Iran, July 2016 [e2b3d5b108d3].pdf",https://webarchive.nationalarchives.gov.uk/ukgwa/20181113064249/https://assets.publishing.service.gov.uk/government/uploads/system/uploads/attachment_data/file/565828/CIG-Iran-Illegal-Exit-v4-July-2016.pdf,e2b3d5b108d357e23a31d16f710a49352acce667aa43a402014344b3581c8ee2,18,267445
Iran,"Country information and guidance: illegal exit, Iran, July 2016","By country/Iran/Country information and guidance- illegal exit, Iran, July 2016 [e2b3d5b108d3].pdf",https://webarchive.nationalarchives.gov.uk/ukgwa/20181219124852/https://assets.publishing.service.gov.uk/government/uploads/system/uploads/attachment_data/file/565828/CIG-Iran-Illegal-Exit-v4-July-2016.pdf,e2b3d5b108d357e23a31d16f710a49352acce667aa43a402014344b3581c8ee2,18,267445
Iran,"Country information and guidance: sexual orientation and gender identity, Iran, September 2016","By country/Iran/Country information and guidance- sexual orientation and gender identity, Iran, September 2016 [aaabad1b5675].pdf",https://webarchive.nationalarchives.gov.uk/ukgwa/20190111171310/https://assets.publishing.service.gov.uk/government/uploads/system/uploads/attachment_data/file/565824/CIG-Iran-SOGI-v2-September-2016.pdf,aaabad1b567546a2ac92297420601c751df6ce679802955fc788b11b08d9ef85,23,349754
Iran,"Country information and guidance: sexual orientation and gender identity, Iran, September 2016","By country/Iran/Country information and guidance- sexual orientation and gender identity, Iran, September 2016 [aaabad1b5675].pdf",https://webarchive.nationalarchives.gov.uk/ukgwa/20190205122811/https://assets.publishing.service.gov.uk/government/uploads/system/uploads/attachment_data/file/565824/CIG-Iran-SOGI-v2-September-2016.pdf,aaabad1b567546a2ac92297420601c751df6ce679802955fc788b11b08d9ef85,23,349754
Iran,"Country information and guidance: sexual orientation and gender identity, Iran, September 2016","By country/Iran/Country information and guidance- sexual orientation and gender identity, Iran, September 2016 [aaabad1b5675].pdf",https://webarchive.nationalarchives.gov.uk/ukgwa/20190205152651/https://assets.publishing.service.gov.uk/government/uploads/system/uploads/attachment_data/file/565824/CIG-Iran-SOGI-v2-September-2016.pdf,aaabad1b567546a2ac92297420601c751df6ce679802955fc788b11b08d9ef85,23,349754
Iran,"Country information and guidance: sexual orientation and gender identity, Iran, September 2016","By country/Iran/Country information and guidance- sexual orientation and gender identity, Iran, September 2016 [aaabad1b5675].pdf",https://webarchive.nationalarchives.gov.uk/ukgwa/20190220163305/https://assets.publishing.service.gov.uk/government/uploads/system/uploads/attachment_data/file/565824/CIG-Iran-SOGI-v2-September-2016.pdf,aaabad1b567546a2ac92297420601c751df6ce679802955fc788b11b08d9ef85,23,349754
Iran,"Country information and guidance: sexual orientation and gender identity, Iran, September 2016","By country/Iran/Country information and guidance- sexual orientation and gender identity, Iran, September 2016 [aaabad1b5675].pdf",https://webarchive.nationalarchives.gov.uk/ukgwa/20190304074421/https://assets.publishing.service.gov.uk/government/uploads/system/uploads/attachment_data/file/565824/CIG-Iran-SOGI-v2-September-2016.pdf,aaabad1b567546a2ac92297420601c751df6ce679802955fc788b11b08d9ef85,23,349754
Iran,"Country information and guidance: sexual orientation and gender identity, Iran, September 2016","By country/Iran/Country information and guidance- sexual orientation and gender identity, Iran, September 2016 [aaabad1b5675].pdf",https://webarchive.nationalarchives.gov.uk/ukgwa/20190319195637/https://assets.publishing.service.gov.uk/government/uploads/system/uploads/attachment_data/file/565824/CIG-Iran-SOGI-v2-September-2016.pdf,aaabad1b567546a2ac92297420601c751df6ce679802955fc788b11b08d9ef85,23,349754
Iran,"Country information and guidance: sexual orientation and gender identity, Iran, September 2016","By country/Iran/Country information and guidance- sexual orientation and gender identity, Iran, September 2016 [aaabad1b5675].pdf",https://webarchive.nationalarchives.gov.uk/ukgwa/20190403214642/https://assets.publishing.service.gov.uk/government/uploads/system/uploads/attachment_data/file/565824/CIG-Iran-SOGI-v2-September-2016.pdf,aaabad1b567546a2ac92297420601c751df6ce679802955fc788b11b08d9ef85,23,349754
Iran,"Country information and guidance: sexual orientation and gender identity, Iran, September 2016","By country/Iran/Country information and guidance- sexual orientation and gender identity, Iran, September 2016 [aaabad1b5675].pdf",https://webarchive.nationalarchives.gov.uk/ukgwa/20190511155611/https://assets.publishing.service.gov.uk/government/uploads/system/uploads/attachment_data/file/565824/CIG-Iran-SOGI-v2-September-2016.pdf,aaabad1b567546a2ac92297420601c751df6ce679802955fc788b11b08d9ef85,23,349754
Iran,"Country information and guidance: sexual orientation and gender identity, Iran, September 2016","By country/Iran/Country information and guidance- sexual orientation and gender identity, Iran, September 2016 [aaabad1b5675].pdf",https://webarchive.nationalarchives.gov.uk/ukgwa/20190609053951/https://assets.publishing.service.gov.uk/government/uploads/system/uploads/attachment_data/file/565824/CIG-Iran-SOGI-v2-September-2016.pdf,aaabad1b567546a2ac92297420601c751df6ce679802955fc788b11b08d9ef85,23,349754
Iran,"Country information and guidance: sexual orientation and gender identity, Iran, September 2016","By country/Iran/Country information and guidance- sexual orientation and gender identity, Iran, September 2016 [aaabad1b5675].pdf",https://webarchive.nationalarchives.gov.uk/ukgwa/20180412155819/https://assets.publishing.service.gov.uk/government/uploads/system/uploads/attachment_data/file/565824/CIG-Iran-SOGI-v2-September-2016.pdf,aaabad1b567546a2ac92297420601c751df6ce679802955fc788b11b08d9ef85,23,349754
Iran,"Country information and guidance: sexual orientation and gender identity, Iran, September 2016","By country/Iran/Country information and guidance- sexual orientation and gender identity, Iran, September 2016 [aaabad1b5675].pdf",https://webarchive.nationalarchives.gov.uk/ukgwa/20180512163551/https://assets.publishing.service.gov.uk/government/uploads/system/uploads/attachment_data/file/565824/CIG-Iran-SOGI-v2-September-2016.pdf,aaabad1b567546a2ac92297420601c751df6ce679802955fc788b11b08d9ef85,23,349754
Iran,"Country information and guidance: sexual orientation and gender identity, Iran, September 2016","By country/Iran/Country information and guidance- sexual orientation and gender identity, Iran, September 2016 [aaabad1b5675].pdf",https://webarchive.nationalarchives.gov.uk/ukgwa/20180610110841/https://assets.publishing.service.gov.uk/government/uploads/system/uploads/attachment_data/file/565824/CIG-Iran-SOGI-v2-September-2016.pdf,aaabad1b567546a2ac92297420601c751df6ce679802955fc788b11b08d9ef85,23,349754
Iran,"Country information and guidance: sexual orientation and gender identity, Iran, September 2016","By country/Iran/Country information and guidance- sexual orientation and gender identity, Iran, September 2016 [aaabad1b5675].pdf",https://webarchive.nationalarchives.gov.uk/ukgwa/20180718005624/https://assets.publishing.service.gov.uk/government/uploads/system/uploads/attachment_data/file/565824/CIG-Iran-SOGI-v2-September-2016.pdf,aaabad1b567546a2ac92297420601c751df6ce679802955fc788b11b08d9ef85,23,349754
Iran,"Country information and guidance: sexual orientation and gender identity, Iran, September 2016","By country/Iran/Country information and guidance- sexual orientation and gender identity, Iran, September 2016 [aaabad1b5675].pdf",https://webarchive.nationalarchives.gov.uk/ukgwa/20180719012905/https://assets.publishing.service.gov.uk/government/uploads/system/uploads/attachment_data/file/565824/CIG-Iran-SOGI-v2-September-2016.pdf,aaabad1b567546a2ac92297420601c751df6ce679802955fc788b11b08d9ef85,23,349754
Iran,"Country information and guidance: sexual orientation and gender identity, Iran, September 2016","By country/Iran/Country information and guidance- sexual orientation and gender identity, Iran, September 2016 [aaabad1b5675].pdf",https://webarchive.nationalarchives.gov.uk/ukgwa/20180808154827/https://assets.publishing.service.gov.uk/government/uploads/system/uploads/attachment_data/file/565824/CIG-Iran-SOGI-v2-September-2016.pdf,aaabad1b567546a2ac92297420601c751df6ce679802955fc788b11b08d9ef85,23,349754
Iran,"Country information and guidance: sexual orientation and gender identity, Iran, September 2016","By country/Iran/Country information and guidance- sexual orientation and gender identity, Iran, September 2016 [aaabad1b5675].pdf",https://webarchive.nationalarchives.gov.uk/ukgwa/20180912040816/https://assets.publishing.service.gov.uk/government/uploads/system/uploads/attachment_data/file/565824/CIG-Iran-SOGI-v2-September-2016.pdf,aaabad1b567546a2ac92297420601c751df6ce679802955fc788b11b08d9ef85,23,349754
Iran,"Country information and guidance: sexual orientation and gender identity, Iran, September 2016","By country/Iran/Country information and guidance- sexual orientation and gender identity, Iran, September 2016 [aaabad1b5675].pdf",https://webarchive.nationalarchives.gov.uk/ukgwa/20181004125022/https://assets.publishing.service.gov.uk/government/uploads/system/uploads/attachment_data/file/565824/CIG-Iran-SOGI-v2-September-2016.pdf,aaabad1b567546a2ac92297420601c751df6ce679802955fc788b11b08d9ef85,23,349754
Iran,"Country information and guidance: sexual orientation and gender identity, Iran, September 2016","By country/Iran/Country information and guidance- sexual orientation and gender identity, Iran, September 2016 [aaabad1b5675].pdf",https://webarchive.nationalarchives.gov.uk/ukgwa/20181113062326/https://assets.publishing.service.gov.uk/government/uploads/system/uploads/attachment_data/file/565824/CIG-Iran-SOGI-v2-September-2016.pdf,aaabad1b567546a2ac92297420601c751df6ce679802955fc788b11b08d9ef85,23,349754
Iran,"Country information and guidance: sexual orientation and gender identity, Iran, September 2016","By country/Iran/Country information and guidance- sexual orientation and gender identity, Iran, September 2016 [aaabad1b5675].pdf",https://webarchive.nationalarchives.gov.uk/ukgwa/20181219125017/https://assets.publishing.service.gov.uk/government/uploads/system/uploads/attachment_data/file/565824/CIG-Iran-SOGI-v2-September-2016.pdf,aaabad1b567546a2ac92297420601c751df6ce679802955fc788b11b08d9ef85,23,349754
Iran,"Country information and guidance: women, Iran, February 2016","By country/Iran/Country information and guidance- women, Iran, February 2016 [0683a5ed7d90].pdf",https://webarchive.nationalarchives.gov.uk/ukgwa/20180106003407/https://www.gov.uk/government/uploads/system/uploads/attachment_data/file/565835/CIG-Iran-Women-v1-February-2016.pdf,0683a5ed7d909ab2897897fc7f0dc4a52b55638d0d48c4a2d124aa8222c0ba36,39,571873
Iran,"Country information and guidance: women, Iran, February 2016","By country/Iran/Country information and guidance- women, Iran, February 2016 [0683a5ed7d90].pdf",https://webarchive.nationalarchives.gov.uk/ukgwa/20180301145531/https://www.gov.uk/government/uploads/system/uploads/attachment_data/file/565835/CIG-Iran-Women-v1-February-2016.pdf,0683a5ed7d909ab2897897fc7f0dc4a52b55638d0d48c4a2d124aa8222c0ba36,39,571873
Iran,"Country information and guidance: women, Iran, February 2016","By country/Iran/Country information and guidance- women, Iran, February 2016 [0683a5ed7d90].pdf",https://webarchive.nationalarchives.gov.uk/ukgwa/20180311132303/https://www.gov.uk/government/uploads/system/uploads/attachment_data/file/565835/CIG-Iran-Women-v1-February-2016.pdf,0683a5ed7d909ab2897897fc7f0dc4a52b55638d0d48c4a2d124aa8222c0ba36,39,571873
Iran,"Country information and guidance: women, Iran, February 2016","By country/Iran/Country information and guidance- women, Iran, February 2016 [0683a5ed7d90].pdf",https://webarchive.nationalarchives.gov.uk/ukgwa/20170207115952/https://www.gov.uk/government/uploads/system/uploads/attachment_data/file/565835/CIG-Iran-Women-v1-February-2016.pdf,0683a5ed7d909ab2897897fc7f0dc4a52b55638d0d48c4a2d124aa8222c0ba36,39,571873
Iran,"Country information and guidance: women, Iran, February 2016","By country/Iran/Country information and guidance- women, Iran, February 2016 [0683a5ed7d90].pdf",https://webarchive.nationalarchives.gov.uk/ukgwa/20170210015801/https://www.gov.uk/government/uploads/system/uploads/attachment_data/file/565835/CIG-Iran-Women-v1-February-2016.pdf,0683a5ed7d909ab2897897fc7f0dc4a52b55638d0d48c4a2d124aa8222c0ba36,39,571873
Iran,"Country information and guidance: women, Iran, February 2016","By country/Iran/Country information and guidance- women, Iran, February 2016 [0683a5ed7d90].pdf",https://webarchive.nationalarchives.gov.uk/ukgwa/20170429004822/https://www.gov.uk/government/uploads/system/uploads/attachment_data/file/565835/CIG-Iran-Women-v1-February-2016.pdf,0683a5ed7d909ab2897897fc7f0dc4a52b55638d0d48c4a2d124aa8222c0ba36,39,571873
Iran,"Country information and guidance: women, Iran, February 2016","By country/Iran/Country information and guidance- women, Iran, February 2016 [0683a5ed7d90].pdf",https://webarchive.nationalarchives.gov.uk/ukgwa/20170522203223/https://www.gov.uk/government/uploads/system/uploads/attachment_data/file/565835/CIG-Iran-Women-v1-February-2016.pdf,0683a5ed7d909ab2897897fc7f0dc4a52b55638d0d48c4a2d124aa8222c0ba36,39,571873
Iran,"Country information and guidance: women, Iran, February 2016","By country/Iran/Country information and guidance- women, Iran, February 2016 [0683a5ed7d90].pdf",https://webarchive.nationalarchives.gov.uk/ukgwa/20170804232001/https://www.gov.uk/government/uploads/system/uploads/attachment_data/file/565835/CIG-Iran-Women-v1-February-2016.pdf,0683a5ed7d909ab2897897fc7f0dc4a52b55638d0d48c4a2d124aa8222c0ba36,39,571873
Iran,"Country information and guidance: women, Iran, February 2016","By country/Iran/Country information and guidance- women, Iran, February 2016 [0683a5ed7d90].pdf",https://webarchive.nationalarchives.gov.uk/ukgwa/20170909173615/https://www.gov.uk/government/uploads/system/uploads/attachment_data/file/565835/CIG-Iran-Women-v1-February-2016.pdf,0683a5ed7d909ab2897897fc7f0dc4a52b55638d0d48c4a2d124aa8222c0ba36,39,571873
Iran,"Country information and guidance: women, Iran, February 2016","By country/Iran/Country information and guidance- women, Iran, February 2016 [0683a5ed7d90].pdf",https://webarchive.nationalarchives.gov.uk/ukgwa/20171013115601/https://www.gov.uk/government/uploads/system/uploads/attachment_data/file/565835/CIG-Iran-Women-v1-February-2016.pdf,0683a5ed7d909ab2897897fc7f0dc4a52b55638d0d48c4a2d124aa8222c0ba36,39,571873
Iran,"Country information and guidance: women, Iran, February 2016","By country/Iran/Country information and guidance- women, Iran, February 2016 [0683a5ed7d90].pdf",https://webarchive.nationalarchives.gov.uk/ukgwa/20171111211456/https://www.gov.uk/government/uploads/system/uploads/attachment_data/file/565835/CIG-Iran-Women-v1-February-2016.pdf,0683a5ed7d909ab2897897fc7f0dc4a52b55638d0d48c4a2d124aa8222c0ba36,39,571873
Iran,"Country information and guidance: women, Iran, February 2016","By country/Iran/Country information and guidance- women, Iran, February 2016 [0683a5ed7d90].pdf",https://webarchive.nationalarchives.gov.uk/ukgwa/20161220182511/https://www.gov.uk/government/uploads/system/uploads/attachment_data/file/565835/CIG-Iran-Women-v1-February-2016.pdf,0683a5ed7d909ab2897897fc7f0dc4a52b55638d0d48c4a2d124aa8222c0ba36,39,571873
Iran,"Country policy and information note: Christians and Christian converts, Iran, February 2017","By country/Iran/Country policy and information note- Christians and Christian converts, Iran, February 2017 [eccbcbe2faf8].pdf",https://webarchive.nationalarchives.gov.uk/ukgwa/20180106003404/https://www.gov.uk/government/uploads/system/uploads/attachment_data/file/594899/CPIN_-_Iran_-_Christians_-_v3_0.pdf,eccbcbe2faf8151f69a0afac8349b03fcb3c6b759194c6eda1986622103f3eb6,27,440394
Iran,"Country policy and information note: Christians and Christian converts, Iran, February 2017","By country/Iran/Country policy and information note- Christians and Christian converts, Iran, February 2017 [eccbcbe2faf8].pdf",https://webarchive.nationalarchives.gov.uk/ukgwa/20180301145018/https://www.gov.uk/government/uploads/system/uploads/attachment_data/file/594899/CPIN_-_Iran_-_Christians_-_v3_0.pdf,eccbcbe2faf8151f69a0afac8349b03fcb3c6b759194c6eda1986622103f3eb6,27,440394
Iran,"Country policy and information note: Christians and Christian converts, Iran, February 2017","By country/Iran/Country policy and information note- Christians and Christian converts, Iran, February 2017 [eccbcbe2faf8].pdf",https://webarchive.nationalarchives.gov.uk/ukgwa/20170429004755/https://www.gov.uk/government/uploads/system/uploads/attachment_data/file/594899/CPIN_-_Iran_-_Christians_-_v3_0.pdf,eccbcbe2faf8151f69a0afac8349b03fcb3c6b759194c6eda1986622103f3eb6,27,440394
Iran,"Country policy and information note: Christians and Christian converts, Iran, February 2017","By country/Iran/Country policy and information note- Christians and Christian converts, Iran, February 2017 [eccbcbe2faf8].pdf",https://webarchive.nationalarchives.gov.uk/ukgwa/20170522203152/https://www.gov.uk/government/uploads/system/uploads/attachment_data/file/594899/CPIN_-_Iran_-_Christians_-_v3_0.pdf,eccbcbe2faf8151f69a0afac8349b03fcb3c6b759194c6eda1986622103f3eb6,27,440394
Iran,"Country policy and information note: Christians and Christian converts, Iran, February 2017","By country/Iran/Country policy and information note- Christians and Christian converts, Iran, February 2017 [eccbcbe2faf8].pdf",https://webarchive.nationalarchives.gov.uk/ukgwa/20170804232158/https://www.gov.uk/government/uploads/system/uploads/attachment_data/file/594899/CPIN_-_Iran_-_Christians_-_v3_0.pdf,eccbcbe2faf8151f69a0afac8349b03fcb3c6b759194c6eda1986622103f3eb6,27,440394
Iran,"Country policy and information note: Christians and Christian converts, Iran, February 2017","By country/Iran/Country policy and information note- Christians and Christian converts, Iran, February 2017 [eccbcbe2faf8].pdf",https://webarchive.nationalarchives.gov.uk/ukgwa/20170909173735/https://www.gov.uk/government/uploads/system/uploads/attachment_data/file/594899/CPIN_-_Iran_-_Christians_-_v3_0.pdf,eccbcbe2faf8151f69a0afac8349b03fcb3c6b759194c6eda1986622103f3eb6,27,440394
Iran,"Country policy and information note: Christians and Christian converts, Iran, February 2017","By country/Iran/Country policy and information note- Christians and Christian converts, Iran, February 2017 [eccbcbe2faf8].pdf",https://webarchive.nationalarchives.gov.uk/ukgwa/20171013115556/https://www.gov.uk/government/uploads/system/uploads/attachment_data/file/594899/CPIN_-_Iran_-_Christians_-_v3_0.pdf,eccbcbe2faf8151f69a0afac8349b03fcb3c6b759194c6eda1986622103f3eb6,27,440394
Iran,"Country policy and information note: Christians and Christian converts, Iran, February 2017","By country/Iran/Country policy and information note- Christians and Christian converts, Iran, February 2017 [eccbcbe2faf8].pdf",https://webarchive.nationalarchives.gov.uk/ukgwa/20171111210713/https://www.gov.uk/government/uploads/system/uploads/attachment_data/file/594899/CPIN_-_Iran_-_Christians_-_v3_0.pdf,eccbcbe2faf8151f69a0afac8349b03fcb3c6b759194c6eda1986622103f3eb6,27,440394
Iran,"Country policy and information note: background information, including actors of protection and internal relocation, Iran, December 2017","By country/Iran/Country policy and information note- background information, including actors of protection and internal relocation, Iran, December 2017 [328d9c95ded9].pdf",https://webarchive.nationalarchives.gov.uk/ukgwa/20180106003544/https://www.gov.uk/government/uploads/system/uploads/attachment_data/file/667630/Iran_-_Background_-_CPIN_-_v4_0__December_2017_.pdf,328d9c95ded923f5e9573c30a33d8d66217a1069084671b9845f69b51d462ae5,69,2904569
Iran,"Country policy and information note: background information, including actors of protection and internal relocation, Iran, December 2017","By country/Iran/Country policy and information note- background information, including actors of protection and internal relocation, Iran, December 2017 [328d9c95ded9].pdf",https://webarchive.nationalarchives.gov.uk/ukgwa/20180301145748/https://www.gov.uk/government/uploads/system/uploads/attachment_data/file/667630/Iran_-_Background_-_CPIN_-_v4_0__December_2017_.pdf,328d9c95ded923f5e9573c30a33d8d66217a1069084671b9845f69b51d462ae5,69,2904569
Iran,"Country policy and information note: background information, including actors of protection and internal relocation, Iran, December 2017","By country/Iran/Country policy and information note- background information, including actors of protection and internal relocation, Iran, December 2017 [328d9c95ded9].pdf",https://webarchive.nationalarchives.gov.uk/ukgwa/20180301200951/https://www.gov.uk/government/uploads/system/uploads/attachment_data/file/667630/Iran_-_Background_-_CPIN_-_v4_0__December_2017_.pdf,328d9c95ded923f5e9573c30a33d8d66217a1069084671b9845f69b51d462ae5,69,2904569
Iran,"Country policy and information note: background information, including actors of protection and internal relocation, Iran, December 2017","By country/Iran/Country policy and information note- background information, including actors of protection and internal relocation, Iran, December 2017 [328d9c95ded9].pdf",https://webarchive.nationalarchives.gov.uk/ukgwa/20180310225442/https://www.gov.uk/government/uploads/system/uploads/attachment_data/file/667630/Iran_-_Background_-_CPIN_-_v4_0__December_2017_.pdf,328d9c95ded923f5e9573c30a33d8d66217a1069084671b9845f69b51d462ae5,69,2904569
Iran,"Country policy and information note: background information, including actors of protection and internal relocation, Iran, December 2017","By country/Iran/Country policy and information note- background information, including actors of protection and internal relocation, Iran, December 2017 [328d9c95ded9].pdf",https://webarchive.nationalarchives.gov.uk/ukgwa/20180313174848/https://www.gov.uk/government/uploads/system/uploads/attachment_data/file/667630/Iran_-_Background_-_CPIN_-_v4_0__December_2017_.pdf,328d9c95ded923f5e9573c30a33d8d66217a1069084671b9845f69b51d462ae5,69,2904569
Iran,"Country policy and information note: women fearing domestic violence, Iran, July 2017","By country/Iran/Country policy and information note- women fearing domestic violence, Iran, July 2017 [006235d7d4d1].pdf",https://webarchive.nationalarchives.gov.uk/ukgwa/20180412155507/https://assets.publishing.service.gov.uk/government/uploads/system/uploads/attachment_data/file/632615/Iran_-_Women_fearing_DV_July_2017.pdf,006235d7d4d1e059a72c5f3352a631a23a41212d42cfaee8c51d2b5fa44ceb26,16,301138
Iran,"Country policy and information note: women fearing domestic violence, Iran, July 2017","By country/Iran/Country policy and information note- women fearing domestic violence, Iran, July 2017 [006235d7d4d1].pdf",https://webarchive.nationalarchives.gov.uk/ukgwa/20180512165413/https://assets.publishing.service.gov.uk/government/uploads/system/uploads/attachment_data/file/632615/Iran_-_Women_fearing_DV_July_2017.pdf,006235d7d4d1e059a72c5f3352a631a23a41212d42cfaee8c51d2b5fa44ceb26,16,301138
Iran,"Country policy and information note: women fearing domestic violence, Iran, July 2017","By country/Iran/Country policy and information note- women fearing domestic violence, Iran, July 2017 [006235d7d4d1].pdf",https://webarchive.nationalarchives.gov.uk/ukgwa/20180610105745/https://assets.publishing.service.gov.uk/government/uploads/system/uploads/attachment_data/file/632615/Iran_-_Women_fearing_DV_July_2017.pdf,006235d7d4d1e059a72c5f3352a631a23a41212d42cfaee8c51d2b5fa44ceb26,16,301138
Iran,"Country policy and information note: women fearing domestic violence, Iran, July 2017","By country/Iran/Country policy and information note- women fearing domestic violence, Iran, July 2017 [006235d7d4d1].pdf",https://webarchive.nationalarchives.gov.uk/ukgwa/20180718005128/https://assets.publishing.service.gov.uk/government/uploads/system/uploads/attachment_data/file/632615/Iran_-_Women_fearing_DV_July_2017.pdf,006235d7d4d1e059a72c5f3352a631a23a41212d42cfaee8c51d2b5fa44ceb26,16,301138
Iran,"Country policy and information note: women fearing domestic violence, Iran, July 2017","By country/Iran/Country policy and information note- women fearing domestic violence, Iran, July 2017 [006235d7d4d1].pdf",https://webarchive.nationalarchives.gov.uk/ukgwa/20180719022709/https://assets.publishing.service.gov.uk/government/uploads/system/uploads/attachment_data/file/632615/Iran_-_Women_fearing_DV_July_2017.pdf,006235d7d4d1e059a72c5f3352a631a23a41212d42cfaee8c51d2b5fa44ceb26,16,301138
Iran,"Country policy and information note: women fearing domestic violence, Iran, July 2017","By country/Iran/Country policy and information note- women fearing domestic violence, Iran, July 2017 [006235d7d4d1].pdf",https://webarchive.nationalarchives.gov.uk/ukgwa/20180808151307/https://assets.publishing.service.gov.uk/government/uploads/system/uploads/attachment_data/file/632615/Iran_-_Women_fearing_DV_July_2017.pdf,006235d7d4d1e059a72c5f3352a631a23a41212d42cfaee8c51d2b5fa44ceb26,16,301138
Iran,"Country policy and information note: women fearing domestic violence, Iran, July 2017","By country/Iran/Country policy and information note- women fearing domestic violence, Iran, July 2017 [006235d7d4d1].pdf",https://webarchive.nationalarchives.gov.uk/ukgwa/20180912040808/https://assets.publishing.service.gov.uk/government/uploads/system/uploads/attachment_data/file/632615/Iran_-_Women_fearing_DV_July_2017.pdf,006235d7d4d1e059a72c5f3352a631a23a41212d42cfaee8c51d2b5fa44ceb26,16,301138
Iran,"Country policy and information note: Iran, Ahwazis and Ahwazi political groups, June 2018","By country/Iran/Country policy and information note- Iran, Ahwazis and Ahwazi political groups, June 2018 [9f60532bbb04].pdf",https://webarchive.nationalarchives.gov.uk/ukgwa/20180718003250/https://assets.publishing.service.gov.uk/government/uploads/system/uploads/attachment_data/file/714945/Iran_-_Ahwazis_-_CPIN_-_v1.0__June_2018_.pdf,9f60532bbb04a61ef434eb6c487fffe1f20ec8a0cf6e0c43d2ab39f3ff65c91e,32,706014
Iran,"Country policy and information note: Iran, Ahwazis and Ahwazi political groups, June 2018","By country/Iran/Country policy and information note- Iran, Ahwazis and Ahwazi political groups, June 2018 [9f60532bbb04].pdf",https://webarchive.nationalarchives.gov.uk/ukgwa/20180719015502/https://assets.publishing.service.gov.uk/government/uploads/system/uploads/attachment_data/file/714945/Iran_-_Ahwazis_-_CPIN_-_v1.0__June_2018_.pdf,9f60532bbb04a61ef434eb6c487fffe1f20ec8a0cf6e0c43d2ab39f3ff65c91e,32,706014
Iran,"Country policy and information note: Iran, Ahwazis and Ahwazi political groups, June 2018","By country/Iran/Country policy and information note- Iran, Ahwazis and Ahwazi political groups, June 2018 [9f60532bbb04].pdf",https://webarchive.nationalarchives.gov.uk/ukgwa/20180808160206/https://assets.publishing.service.gov.uk/government/uploads/system/uploads/attachment_data/file/714945/Iran_-_Ahwazis_-_CPIN_-_v1.0__June_2018_.pdf,9f60532bbb04a61ef434eb6c487fffe1f20ec8a0cf6e0c43d2ab39f3ff65c91e,32,706014
Iran,"Country policy and information note: Iran, Ahwazis and Ahwazi political groups, June 2018","By country/Iran/Country policy and information note- Iran, Ahwazis and Ahwazi political groups, June 2018 [9f60532bbb04].pdf",https://webarchive.nationalarchives.gov.uk/ukgwa/20180912042250/https://assets.publishing.service.gov.uk/government/uploads/system/uploads/attachment_data/file/714945/Iran_-_Ahwazis_-_CPIN_-_v1.0__June_2018_.pdf,9f60532bbb04a61ef434eb6c487fffe1f20ec8a0cf6e0c43d2ab39f3ff65c91e,32,706014
Iran,"Country policy and information note: Iran, Ahwazis and Ahwazi political groups, June 2018","By country/Iran/Country policy and information note- Iran, Ahwazis and Ahwazi political groups, June 2018 [9f60532bbb04].pdf",https://webarchive.nationalarchives.gov.uk/ukgwa/20181004125859/https://assets.publishing.service.gov.uk/government/uploads/system/uploads/attachment_data/file/714945/Iran_-_Ahwazis_-_CPIN_-_v1.0__June_2018_.pdf,9f60532bbb04a61ef434eb6c487fffe1f20ec8a0cf6e0c43d2ab39f3ff65c91e,32,706014
Iran,"Country policy and information note: Iran, Ahwazis and Ahwazi political groups, June 2018","By country/Iran/Country policy and information note- Iran, Ahwazis and Ahwazi political groups, June 2018 [9f60532bbb04].pdf",https://webarchive.nationalarchives.gov.uk/ukgwa/20181113063027/https://assets.publishing.service.gov.uk/government/uploads/system/uploads/attachment_data/file/714945/Iran_-_Ahwazis_-_CPIN_-_v1.0__June_2018_.pdf,9f60532bbb04a61ef434eb6c487fffe1f20ec8a0cf6e0c43d2ab39f3ff65c91e,32,706014
Iraq,"Country information and guidance: Sunni (Arab) muslims, Iraq, August 2016","By country/Iraq/Country information and guidance- Sunni (Arab) muslims, Iraq, August 2016 [a03d3becc467].pdf",https://webarchive.nationalarchives.gov.uk/ukgwa/20170207120001/https://www.gov.uk/government/uploads/system/uploads/attachment_data/file/565850/CIG-Iraq-Sunnis-v1-August-2016.pdf,a03d3becc4674d4207a292bad70e0817d94982865da533957abe8ff5faa8cf4d,47,861373
Iraq,"Country information and guidance: Sunni (Arab) muslims, Iraq, August 2016","By country/Iraq/Country information and guidance- Sunni (Arab) muslims, Iraq, August 2016 [a03d3becc467].pdf",https://webarchive.nationalarchives.gov.uk/ukgwa/20170210015723/https://www.gov.uk/government/uploads/system/uploads/attachment_data/file/565850/CIG-Iraq-Sunnis-v1-August-2016.pdf,a03d3becc4674d4207a292bad70e0817d94982865da533957abe8ff5faa8cf4d,47,861373
Iraq,"Country information and guidance: Sunni (Arab) muslims, Iraq, August 2016","By country/Iraq/Country information and guidance- Sunni (Arab) muslims, Iraq, August 2016 [a03d3becc467].pdf",https://webarchive.nationalarchives.gov.uk/ukgwa/20170428003029/https://www.gov.uk/government/uploads/system/uploads/attachment_data/file/565850/CIG-Iraq-Sunnis-v1-August-2016.pdf,a03d3becc4674d4207a292bad70e0817d94982865da533957abe8ff5faa8cf4d,47,861373
Iraq,"Country information and guidance: Sunni (Arab) muslims, Iraq, August 2016","By country/Iraq/Country information and guidance- Sunni (Arab) muslims, Iraq, August 2016 [a03d3becc467].pdf",https://webarchive.nationalarchives.gov.uk/ukgwa/20170522030952/https://www.gov.uk/government/uploads/system/uploads/attachment_data/file/565850/CIG-Iraq-Sunnis-v1-August-2016.pdf,a03d3becc4674d4207a292bad70e0817d94982865da533957abe8ff5faa8cf4d,47,861373
Iraq,"Country information and guidance: Sunni (Arab) muslims, Iraq, August 2016","By country/Iraq/Country information and guidance- Sunni (Arab) muslims, Iraq, August 2016 [a03d3becc467].pdf",https://webarchive.nationalarchives.gov.uk/ukgwa/20161220182430/https://www.gov.uk/government/uploads/system/uploads/attachment_data/file/565850/CIG-Iraq-Sunnis-v1-August-2016.pdf,a03d3becc4674d4207a292bad70e0817d94982865da533957abe8ff5faa8cf4d,47,861373
Iraq,"Country information and guidance: humanitarian situation, Iraq, August 2016","By country/Iraq/Country information and guidance- humanitarian situation, Iraq, August 2016 [a65eb75e5edc].pdf",https://webarchive.nationalarchives.gov.uk/ukgwa/20170207120006/https://www.gov.uk/government/uploads/system/uploads/attachment_data/file/565852/CIG-Iraq-humanitarian-situation-v3-August-2016.pdf,a65eb75e5edcec6fc9b9b77c1aa8de2ec0513257ca51ffe64d43d9b47297b7a6,23,482894
Iraq,"Country information and guidance: humanitarian situation, Iraq, August 2016","By country/Iraq/Country information and guidance- humanitarian situation, Iraq, August 2016 [a65eb75e5edc].pdf",https://webarchive.nationalarchives.gov.uk/ukgwa/20170210015727/https://www.gov.uk/government/uploads/system/uploads/attachment_data/file/565852/CIG-Iraq-humanitarian-situation-v3-August-2016.pdf,a65eb75e5edcec6fc9b9b77c1aa8de2ec0513257ca51ffe64d43d9b47297b7a6,23,482894
Iraq,"Country information and guidance: humanitarian situation, Iraq, August 2016","By country/Iraq/Country information and guidance- humanitarian situation, Iraq, August 2016 [a65eb75e5edc].pdf",https://webarchive.nationalarchives.gov.uk/ukgwa/20161220182435/https://www.gov.uk/government/uploads/system/uploads/attachment_data/file/565852/CIG-Iraq-humanitarian-situation-v3-August-2016.pdf,a65eb75e5edcec6fc9b9b77c1aa8de2ec0513257ca51ffe64d43d9b47297b7a6,23,482894
Iraq,"Country information and guidance: return/internal relocation, Iraq, August 2016","By country/Iraq/Country information and guidance- return-internal relocation, Iraq, August 2016 [dfde2edf8067].pdf",https://webarchive.nationalarchives.gov.uk/ukgwa/20170207120010/https://www.gov.uk/government/uploads/system/uploads/attachment_data/file/565855/CIG-Iraq-Return-Internal-Relocation-v3-August-2016.pdf,dfde2edf80679d7fa1a91ce4296145d899087798d51365d335a313fb14f9a034,100,1355490
Iraq,"Country information and guidance: return/internal relocation, Iraq, August 2016","By country/Iraq/Country information and guidance- return-internal relocation, Iraq, August 2016 [dfde2edf8067].pdf",https://webarchive.nationalarchives.gov.uk/ukgwa/20170210015732/https://www.gov.uk/government/uploads/system/uploads/attachment_data/file/565855/CIG-Iraq-Return-Internal-Relocation-v3-August-2016.pdf,dfde2edf80679d7fa1a91ce4296145d899087798d51365d335a313fb14f9a034,100,1355490
Iraq,"Country information and guidance: return/internal relocation, Iraq, August 2016","By country/Iraq/Country information and guidance- return-internal relocation, Iraq, August 2016 [dfde2edf8067].pdf",https://webarchive.nationalarchives.gov.uk/ukgwa/20170428003034/https://www.gov.uk/government/uploads/system/uploads/attachment_data/file/565855/CIG-Iraq-Return-Internal-Relocation-v3-August-2016.pdf,dfde2edf80679d7fa1a91ce4296145d899087798d51365d335a313fb14f9a034,100,1355490
Iraq,"Country information and guidance: return/internal relocation, Iraq, August 2016","By country/Iraq/Country information and guidance- return-internal relocation, Iraq, August 2016 [dfde2edf8067].pdf",https://webarchive.nationalarchives.gov.uk/ukgwa/20170522030957/https://www.gov.uk/government/uploads/system/uploads/attachment_data/file/565855/CIG-Iraq-Return-Internal-Relocation-v3-August-2016.pdf,dfde2edf80679d7fa1a91ce4296145d899087798d51365d335a313fb14f9a034,100,1355490
Iraq,"Country information and guidance: return/internal relocation, Iraq, August 2016","By country/Iraq/Country information and guidance- return-internal relocation, Iraq, August 2016 [dfde2edf8067].pdf",https://webarchive.nationalarchives.gov.uk/ukgwa/20161220182441/https://www.gov.uk/government/uploads/system/uploads/attachment_data/file/565855/CIG-Iraq-Return-Internal-Relocation-v3-August-2016.pdf,dfde2edf80679d7fa1a91ce4296145d899087798d51365d335a313fb14f9a034,100,1355490
Iraq,"Country information and guidance: security situation in Baghdad, the south and the Kurdistan Region of Iraq (KRI), Iraq, August 2016","By country/Iraq/Country information and guidance- security situation in Baghdad, the south and the Kurdistan Region of Iraq (KRI), Iraq, August 2016 [912847cd84ad].pdf",https://webarchive.nationalarchives.gov.uk/ukgwa/20170207120008/https://www.gov.uk/government/uploads/system/uploads/attachment_data/file/565853/CIG-Iraq-Baghdad-south-KRI-security-v2-August-2016.pdf,912847cd84ad19c4ca52d1fe8611a27b04f3772eaf703eef3f2e792b9ca11c3c,36,1674839
Iraq,"Country information and guidance: security situation in Baghdad, the south and the Kurdistan Region of Iraq (KRI), Iraq, August 2016","By country/Iraq/Country information and guidance- security situation in Baghdad, the south and the Kurdistan Region of Iraq (KRI), Iraq, August 2016 [912847cd84ad].pdf",https://webarchive.nationalarchives.gov.uk/ukgwa/20170210015730/https://www.gov.uk/government/uploads/system/uploads/attachment_data/file/565853/CIG-Iraq-Baghdad-south-KRI-security-v2-August-2016.pdf,912847cd84ad19c4ca52d1fe8611a27b04f3772eaf703eef3f2e792b9ca11c3c,36,1674839
Iraq,"Country information and guidance: security situation in Baghdad, the south and the Kurdistan Region of Iraq (KRI), Iraq, August 2016","By country/Iraq/Country information and guidance- security situation in Baghdad, the south and the Kurdistan Region of Iraq (KRI), Iraq, August 2016 [912847cd84ad].pdf",https://webarchive.nationalarchives.gov.uk/ukgwa/20161220182437/https://www.gov.uk/government/uploads/system/uploads/attachment_data/file/565853/CIG-Iraq-Baghdad-south-KRI-security-v2-August-2016.pdf,912847cd84ad19c4ca52d1fe8611a27b04f3772eaf703eef3f2e792b9ca11c3c,36,1674839
Iraq,"Country information and guidance: security situation in the 'contested' areas, Iraq, August 2016","By country/Iraq/Country information and guidance- security situation in the 'contested' areas, Iraq, August 2016 [f7c12b492c07].pdf",https://webarchive.nationalarchives.gov.uk/ukgwa/20170207120013/https://www.gov.uk/government/uploads/system/uploads/attachment_data/file/565856/CIG-Iraq-contested-regions-security-v1-August-2016.pdf,f7c12b492c0759c31039433c1f815ec7198e996f1b326260a92bede0aa1c8829,30,1619043
Iraq,"Country information and guidance: security situation in the 'contested' areas, Iraq, August 2016","By country/Iraq/Country information and guidance- security situation in the 'contested' areas, Iraq, August 2016 [f7c12b492c07].pdf",https://webarchive.nationalarchives.gov.uk/ukgwa/20170210015734/https://www.gov.uk/government/uploads/system/uploads/attachment_data/file/565856/CIG-Iraq-contested-regions-security-v1-August-2016.pdf,f7c12b492c0759c31039433c1f815ec7198e996f1b326260a92bede0aa1c8829,30,1619043
Iraq,"Country information and guidance: security situation in the 'contested' areas, Iraq, August 2016","By country/Iraq/Country information and guidance- security situation in the 'contested' areas, Iraq, August 2016 [f7c12b492c07].pdf",https://webarchive.nationalarchives.gov.uk/ukgwa/20161220182443/https://www.gov.uk/government/uploads/system/uploads/attachment_data/file/565856/CIG-Iraq-contested-regions-security-v1-August-2016.pdf,f7c12b492c0759c31039433c1f815ec7198e996f1b326260a92bede0aa1c8829,30,1619043
Iraq,"Country policy and information note: Security and humanitarian situation, Iraq, March 2017","By country/Iraq/Country policy and information note- Security and humanitarian situation, Iraq, March 2017 [d0bc5a99c6f9].pdf",https://webarchive.nationalarchives.gov.uk/ukgwa/20180413072819/https://assets.publishing.service.gov.uk/government/uploads/system/uploads/attachment_data/file/601508/Iraq_-_Sec_and_Hum_situation_-_CPIN_-_v4_0.pdf,d0bc5a99c6f9cea18e5c90bee8a6773105cfe7eed30e8f12855cccfb432e4652,56,1511691
Iraq,"Country policy and information note: Security and humanitarian situation, Iraq, March 2017","By country/Iraq/Country policy and information note- Security and humanitarian situation, Iraq, March 2017 [d0bc5a99c6f9].pdf",https://webarchive.nationalarchives.gov.uk/ukgwa/20180512004747/https://assets.publishing.service.gov.uk/government/uploads/system/uploads/attachment_data/file/601508/Iraq_-_Sec_and_Hum_situation_-_CPIN_-_v4_0.pdf,d0bc5a99c6f9cea18e5c90bee8a6773105cfe7eed30e8f12855cccfb432e4652,56,1511691
Iraq,"Country policy and information note: Security and humanitarian situation, Iraq, March 2017","By country/Iraq/Country policy and information note- Security and humanitarian situation, Iraq, March 2017 [d0bc5a99c6f9].pdf",https://webarchive.nationalarchives.gov.uk/ukgwa/20180610011042/https://assets.publishing.service.gov.uk/government/uploads/system/uploads/attachment_data/file/601508/Iraq_-_Sec_and_Hum_situation_-_CPIN_-_v4_0.pdf,d0bc5a99c6f9cea18e5c90bee8a6773105cfe7eed30e8f12855cccfb432e4652,56,1511691
Iraq,"Country policy and information note: Security and humanitarian situation, Iraq, March 2017","By country/Iraq/Country policy and information note- Security and humanitarian situation, Iraq, March 2017 [d0bc5a99c6f9].pdf",https://webarchive.nationalarchives.gov.uk/ukgwa/20180718141219/https://assets.publishing.service.gov.uk/government/uploads/system/uploads/attachment_data/file/601508/Iraq_-_Sec_and_Hum_situation_-_CPIN_-_v4_0.pdf,d0bc5a99c6f9cea18e5c90bee8a6773105cfe7eed30e8f12855cccfb432e4652,56,1511691
Iraq,"Country policy and information note: Security and humanitarian situation, Iraq, March 2017","By country/Iraq/Country policy and information note- Security and humanitarian situation, Iraq, March 2017 [d0bc5a99c6f9].pdf",https://webarchive.nationalarchives.gov.uk/ukgwa/20180719004146/https://assets.publishing.service.gov.uk/government/uploads/system/uploads/attachment_data/file/601508/Iraq_-_Sec_and_Hum_situation_-_CPIN_-_v4_0.pdf,d0bc5a99c6f9cea18e5c90bee8a6773105cfe7eed30e8f12855cccfb432e4652,56,1511691
Iraq,"Country policy and information note: Security and humanitarian situation, Iraq, March 2017","By country/Iraq/Country policy and information note- Security and humanitarian situation, Iraq, March 2017 [d0bc5a99c6f9].pdf",https://webarchive.nationalarchives.gov.uk/ukgwa/20180809082131/https://assets.publishing.service.gov.uk/government/uploads/system/uploads/attachment_data/file/601508/Iraq_-_Sec_and_Hum_situation_-_CPIN_-_v4_0.pdf,d0bc5a99c6f9cea18e5c90bee8a6773105cfe7eed30e8f12855cccfb432e4652,56,1511691
Iraq,"Country policy and information note: Security and humanitarian situation, Iraq, March 2017","By country/Iraq/Country policy and information note- Security and humanitarian situation, Iraq, March 2017 [d0bc5a99c6f9].pdf",https://webarchive.nationalarchives.gov.uk/ukgwa/20180913081919/https://assets.publishing.service.gov.uk/government/uploads/system/uploads/attachment_data/file/601508/Iraq_-_Sec_and_Hum_situation_-_CPIN_-_v4_0.pdf,d0bc5a99c6f9cea18e5c90bee8a6773105cfe7eed30e8f12855cccfb432e4652,56,1511691
Iraq,"Country policy and information note: Security and humanitarian situation, Iraq, March 2017","By country/Iraq/Country policy and information note- Security and humanitarian situation, Iraq, March 2017 [d0bc5a99c6f9].pdf",https://webarchive.nationalarchives.gov.uk/ukgwa/20181003181502/https://assets.publishing.service.gov.uk/government/uploads/system/uploads/attachment_data/file/601508/Iraq_-_Sec_and_Hum_situation_-_CPIN_-_v4_0.pdf,d0bc5a99c6f9cea18e5c90bee8a6773105cfe7eed30e8f12855cccfb432e4652,56,1511691
Iraq,"Country policy and information note: Security and humanitarian situation, Iraq, March 2017","By country/Iraq/Country policy and information note- Security and humanitarian situation, Iraq, March 2017 [d0bc5a99c6f9].pdf",https://webarchive.nationalarchives.gov.uk/ukgwa/20181113030758/https://assets.publishing.service.gov.uk/government/uploads/system/uploads/attachment_data/file/601508/Iraq_-_Sec_and_Hum_situation_-_CPIN_-_v4_0.pdf,d0bc5a99c6f9cea18e5c90bee8a6773105cfe7eed30e8f12855cccfb432e4652,56,1511691
Iraq,"Country policy and information note: perceived collaborators, Iraq, January 2018","By country/Iraq/Country policy and information note- perceived collaborators, Iraq, January 2018 [e0c90b7e4e25].pdf",https://webarchive.nationalarchives.gov.uk/ukgwa/20190111171135/https://assets.publishing.service.gov.uk/government/uploads/system/uploads/attachment_data/file/673605/Iraq_-_perceived_collaborators_-_CPIN_-_v1.0.pdf,e0c90b7e4e25524e99691b6c5504ef349a1dc855120163df0adf3f916b9dd3ad,16,676243
Iraq,"Country policy and information note: perceived collaborators, Iraq, January 2018","By country/Iraq/Country policy and information note- perceived collaborators, Iraq, January 2018 [e0c90b7e4e25].pdf",https://webarchive.nationalarchives.gov.uk/ukgwa/20190205152031/https://assets.publishing.service.gov.uk/government/uploads/system/uploads/attachment_data/file/673605/Iraq_-_perceived_collaborators_-_CPIN_-_v1.0.pdf,e0c90b7e4e25524e99691b6c5504ef349a1dc855120163df0adf3f916b9dd3ad,16,676243
Iraq,"Country policy and information note: perceived collaborators, Iraq, January 2018","By country/Iraq/Country policy and information note- perceived collaborators, Iraq, January 2018 [e0c90b7e4e25].pdf",https://webarchive.nationalarchives.gov.uk/ukgwa/20180413073836/https://assets.publishing.service.gov.uk/government/uploads/system/uploads/attachment_data/file/673605/Iraq_-_perceived_collaborators_-_CPIN_-_v1.0.pdf,e0c90b7e4e25524e99691b6c5504ef349a1dc855120163df0adf3f916b9dd3ad,16,676243
Iraq,"Country policy and information note: perceived collaborators, Iraq, January 2018","By country/Iraq/Country policy and information note- perceived collaborators, Iraq, January 2018 [e0c90b7e4e25].pdf",https://webarchive.nationalarchives.gov.uk/ukgwa/20180512005507/https://assets.publishing.service.gov.uk/government/uploads/system/uploads/attachment_data/file/673605/Iraq_-_perceived_collaborators_-_CPIN_-_v1.0.pdf,e0c90b7e4e25524e99691b6c5504ef349a1dc855120163df0adf3f916b9dd3ad,16,676243
Iraq,"Country policy and information note: perceived collaborators, Iraq, January 2018","By country/Iraq/Country policy and information note- perceived collaborators, Iraq, January 2018 [e0c90b7e4e25].pdf",https://webarchive.nationalarchives.gov.uk/ukgwa/20180610010944/https://assets.publishing.service.gov.uk/government/uploads/system/uploads/attachment_data/file/673605/Iraq_-_perceived_collaborators_-_CPIN_-_v1.0.pdf,e0c90b7e4e25524e99691b6c5504ef349a1dc855120163df0adf3f916b9dd3ad,16,676243
Iraq,"Country policy and information note: perceived collaborators, Iraq, January 2018","By country/Iraq/Country policy and information note- perceived collaborators, Iraq, January 2018 [e0c90b7e4e25].pdf",https://webarchive.nationalarchives.gov.uk/ukgwa/20180718135406/https://assets.publishing.service.gov.uk/government/uploads/system/uploads/attachment_data/file/673605/Iraq_-_perceived_collaborators_-_CPIN_-_v1.0.pdf,e0c90b7e4e25524e99691b6c5504ef349a1dc855120163df0adf3f916b9dd3ad,16,676243
Iraq,"Country policy and information note: perceived collaborators, Iraq, January 2018","By country/Iraq/Country policy and information note- perceived collaborators, Iraq, January 2018 [e0c90b7e4e25].pdf",https://webarchive.nationalarchives.gov.uk/ukgwa/20180719012430/https://assets.publishing.service.gov.uk/government/uploads/system/uploads/attachment_data/file/673605/Iraq_-_perceived_collaborators_-_CPIN_-_v1.0.pdf,e0c90b7e4e25524e99691b6c5504ef349a1dc855120163df0adf3f916b9dd3ad,16,676243
Iraq,"Country policy and information note: perceived collaborators, Iraq, January 2018","By country/Iraq/Country policy and information note- perceived collaborators, Iraq, January 2018 [e0c90b7e4e25].pdf",https://webarchive.nationalarchives.gov.uk/ukgwa/20180809082856/https://assets.publishing.service.gov.uk/government/uploads/system/uploads/attachment_data/file/673605/Iraq_-_perceived_collaborators_-_CPIN_-_v1.0.pdf,e0c90b7e4e25524e99691b6c5504ef349a1dc855120163df0adf3f916b9dd3ad,16,676243
Iraq,"Country policy and information note: perceived collaborators, Iraq, January 2018","By country/Iraq/Country policy and information note- perceived collaborators, Iraq, January 2018 [e0c90b7e4e25].pdf",https://webarchive.nationalarchives.gov.uk/ukgwa/20180913081918/https://assets.publishing.service.gov.uk/government/uploads/system/uploads/attachment_data/file/673605/Iraq_-_perceived_collaborators_-_CPIN_-_v1.0.pdf,e0c90b7e4e25524e99691b6c5504ef349a1dc855120163df0adf3f916b9dd3ad,16,676243
Iraq,"Country policy and information note: perceived collaborators, Iraq, January 2018","By country/Iraq/Country policy and information note- perceived collaborators, Iraq, January 2018 [e0c90b7e4e25].pdf",https://webarchive.nationalarchives.gov.uk/ukgwa/20180924171258/https://assets.publishing.service.gov.uk/government/uploads/system/uploads/attachment_data/file/673605/Iraq_-_perceived_collaborators_-_CPIN_-_v1.0.pdf,e0c90b7e4e25524e99691b6c5504ef349a1dc855120163df0adf3f916b9dd3ad,16,676243
Iraq,"Country policy and information note: perceived collaborators, Iraq, January 2018","By country/Iraq/Country policy and information note- perceived collaborators, Iraq, January 2018 [e0c90b7e4e25].pdf",https://webarchive.nationalarchives.gov.uk/ukgwa/20181003171807/https://assets.publishing.service.gov.uk/government/uploads/system/uploads/attachment_data/file/673605/Iraq_-_perceived_collaborators_-_CPIN_-_v1.0.pdf,e0c90b7e4e25524e99691b6c5504ef349a1dc855120163df0adf3f916b9dd3ad,16,676243
Iraq,"Country policy and information note: perceived collaborators, Iraq, January 2018","By country/Iraq/Country policy and information note- perceived collaborators, Iraq, January 2018 [e0c90b7e4e25].pdf",https://webarchive.nationalarchives.gov.uk/ukgwa/20181113025957/https://assets.publishing.service.gov.uk/government/uploads/system/uploads/attachment_data/file/673605/Iraq_-_perceived_collaborators_-_CPIN_-_v1.0.pdf,e0c90b7e4e25524e99691b6c5504ef349a1dc855120163df0adf3f916b9dd3ad,16,676243
Iraq,"Country policy and information note: perceived collaborators, Iraq, January 2018","By country/Iraq/Country policy and information note- perceived collaborators, Iraq, January 2018 [e0c90b7e4e25].pdf",https://webarchive.nationalarchives.gov.uk/ukgwa/20181219125057/https://assets.publishing.service.gov.uk/government/uploads/system/uploads/attachment_data/file/673605/Iraq_-_perceived_collaborators_-_CPIN_-_v1.0.pdf,e0c90b7e4e25524e99691b6c5504ef349a1dc855120163df0adf3f916b9dd3ad,16,676243
Jamaica,"Country information and guidance: background information, including actors of protection and internal relocation, Jamaica, May 2016","By country/Jamaica/Country information and guidance- background information, including actors of protection and internal relocation, Jamaica, May 2016 [dfd348029048].pdf",https://webarchive.nationalarchives.gov.uk/ukgwa/20180106095855/https://www.gov.uk/government/uploads/system/uploads/attachment_data/file/565865/CIG-Jamaica-Background-v-1-May-2016.pdf,dfd3480290488f7b2875d7fa751978cc69f00d71043badc4af0c833c40a39a10,20,250997
Jamaica,"Country information and guidance: background information, including actors of protection and internal relocation, Jamaica, May 2016","By country/Jamaica/Country information and guidance- background information, including actors of protection and internal relocation, Jamaica, May 2016 [dfd348029048].pdf",https://webarchive.nationalarchives.gov.uk/ukgwa/20180301193442/https://www.gov.uk/government/uploads/system/uploads/attachment_data/file/565865/CIG-Jamaica-Background-v-1-May-2016.pdf,dfd3480290488f7b2875d7fa751978cc69f00d71043badc4af0c833c40a39a10,20,250997
Jamaica,"Country information and guidance: background information, including actors of protection and internal relocation, Jamaica, May 2016","By country/Jamaica/Country information and guidance- background information, including actors of protection and internal relocation, Jamaica, May 2016 [dfd348029048].pdf",https://webarchive.nationalarchives.gov.uk/ukgwa/20170201014202/https://www.gov.uk/government/uploads/system/uploads/attachment_data/file/565865/CIG-Jamaica-Background-v-1-May-2016.pdf,dfd3480290488f7b2875d7fa751978cc69f00d71043badc4af0c833c40a39a10,20,250997
Jamaica,"Country information and guidance: background information, including actors of protection and internal relocation, Jamaica, May 2016","By country/Jamaica/Country information and guidance- background information, including actors of protection and internal relocation, Jamaica, May 2016 [dfd348029048].pdf",https://webarchive.nationalarchives.gov.uk/ukgwa/20170210015710/https://www.gov.uk/government/uploads/system/uploads/attachment_data/file/565865/CIG-Jamaica-Background-v-1-May-2016.pdf,dfd3480290488f7b2875d7fa751978cc69f00d71043badc4af0c833c40a39a10,20,250997
Jamaica,"Country information and guidance: background information, including actors of protection and internal relocation, Jamaica, May 2016","By country/Jamaica/Country information and guidance- background information, including actors of protection and internal relocation, Jamaica, May 2016 [dfd348029048].pdf",https://webarchive.nationalarchives.gov.uk/ukgwa/20170428133111/https://www.gov.uk/government/uploads/system/uploads/attachment_data/file/565865/CIG-Jamaica-Background-v-1-May-2016.pdf,dfd3480290488f7b2875d7fa751978cc69f00d71043badc4af0c833c40a39a10,20,250997
Jamaica,"Country information and guidance: background information, including actors of protection and internal relocation, Jamaica, May 2016","By country/Jamaica/Country information and guidance- background information, including actors of protection and internal relocation, Jamaica, May 2016 [dfd348029048].pdf",https://webarchive.nationalarchives.gov.uk/ukgwa/20170522105645/https://www.gov.uk/government/uploads/system/uploads/attachment_data/file/565865/CIG-Jamaica-Background-v-1-May-2016.pdf,dfd3480290488f7b2875d7fa751978cc69f00d71043badc4af0c833c40a39a10,20,250997
Jamaica,"Country information and guidance: background information, including actors of protection and internal relocation, Jamaica, May 2016","By country/Jamaica/Country information and guidance- background information, including actors of protection and internal relocation, Jamaica, May 2016 [dfd348029048].pdf",https://webarchive.nationalarchives.gov.uk/ukgwa/20170804213026/https://www.gov.uk/government/uploads/system/uploads/attachment_data/file/565865/CIG-Jamaica-Background-v-1-May-2016.pdf,dfd3480290488f7b2875d7fa751978cc69f00d71043badc4af0c833c40a39a10,20,250997
Jamaica,"Country information and guidance: background information, including actors of protection and internal relocation, Jamaica, May 2016","By country/Jamaica/Country information and guidance- background information, including actors of protection and internal relocation, Jamaica, May 2016 [dfd348029048].pdf",https://webarchive.nationalarchives.gov.uk/ukgwa/20170909113358/https://www.gov.uk/government/uploads/system/uploads/attachment_data/file/565865/CIG-Jamaica-Background-v-1-May-2016.pdf,dfd3480290488f7b2875d7fa751978cc69f00d71043badc4af0c833c40a39a10,20,250997
Jamaica,"Country information and guidance: background information, including actors of protection and internal relocation, Jamaica, May 2016","By country/Jamaica/Country information and guidance- background information, including actors of protection and internal relocation, Jamaica, May 2016 [dfd348029048].pdf",https://webarchive.nationalarchives.gov.uk/ukgwa/20171013213505/https://www.gov.uk/government/uploads/system/uploads/attachment_data/file/565865/CIG-Jamaica-Background-v-1-May-2016.pdf,dfd3480290488f7b2875d7fa751978cc69f00d71043badc4af0c833c40a39a10,20,250997
Jamaica,"Country information and guidance: background information, including actors of protection and internal relocation, Jamaica, May 2016","By country/Jamaica/Country information and guidance- background information, including actors of protection and internal relocation, Jamaica, May 2016 [dfd348029048].pdf",https://webarchive.nationalarchives.gov.uk/ukgwa/20161220182416/https://www.gov.uk/government/uploads/system/uploads/attachment_data/file/565865/CIG-Jamaica-Background-v-1-May-2016.pdf,dfd3480290488f7b2875d7fa751978cc69f00d71043badc4af0c833c40a39a10,20,250997
Jamaica,"Country information and guidance: fear of organised criminal gangs, Jamaica, July 2015","By country/Jamaica/Country information and guidance- fear of organised criminal gangs, Jamaica, July 2015 [d4cb69cb49b9].pdf",https://webarchive.nationalarchives.gov.uk/ukgwa/20170201014204/https://www.gov.uk/government/uploads/system/uploads/attachment_data/file/565868/CIG-Jamaica-Organised-Criminal-Gangs-v1-July-2015.pdf,d4cb69cb49b90e62660576d288ba8eb01a436fbfe365ae8c9eacd1fa580dfe87,32,443699
Jamaica,"Country information and guidance: fear of organised criminal gangs, Jamaica, July 2015","By country/Jamaica/Country information and guidance- fear of organised criminal gangs, Jamaica, July 2015 [d4cb69cb49b9].pdf",https://webarchive.nationalarchives.gov.uk/ukgwa/20170210015712/https://www.gov.uk/government/uploads/system/uploads/attachment_data/file/565868/CIG-Jamaica-Organised-Criminal-Gangs-v1-July-2015.pdf,d4cb69cb49b90e62660576d288ba8eb01a436fbfe365ae8c9eacd1fa580dfe87,32,443699
Jamaica,"Country information and guidance: fear of organised criminal gangs, Jamaica, July 2015","By country/Jamaica/Country information and guidance- fear of organised criminal gangs, Jamaica, July 2015 [d4cb69cb49b9].pdf",https://webarchive.nationalarchives.gov.uk/ukgwa/20161220182418/https://www.gov.uk/government/uploads/system/uploads/attachment_data/file/565868/CIG-Jamaica-Organised-Criminal-Gangs-v1-July-2015.pdf,d4cb69cb49b90e62660576d288ba8eb01a436fbfe365ae8c9eacd1fa580dfe87,32,443699
Jamaica,"Country information and guidance: sexual orientation and gender identity, Jamaica, July 2015","By country/Jamaica/Country information and guidance- sexual orientation and gender identity, Jamaica, July 2015 [b1b672979719].pdf",https://webarchive.nationalarchives.gov.uk/ukgwa/20170201014206/https://www.gov.uk/government/uploads/system/uploads/attachment_data/file/565869/CIG-Jamaica-SOGI-v1-July-2015.pdf,b1b672979719daff819b902e5087d0201a5e795bd0165423bf626eafb9e7d5fa,37,470103
Jamaica,"Country information and guidance: sexual orientation and gender identity, Jamaica, July 2015","By country/Jamaica/Country information and guidance- sexual orientation and gender identity, Jamaica, July 2015 [b1b672979719].pdf",https://webarchive.nationalarchives.gov.uk/ukgwa/20170210015714/https://www.gov.uk/government/uploads/system/uploads/attachment_data/file/565869/CIG-Jamaica-SOGI-v1-July-2015.pdf,b1b672979719daff819b902e5087d0201a5e795bd0165423bf626eafb9e7d5fa,37,470103
Jamaica,"Country information and guidance: sexual orientation and gender identity, Jamaica, July 2015","By country/Jamaica/Country information and guidance- sexual orientation and gender identity, Jamaica, July 2015 [b1b672979719].pdf",https://webarchive.nationalarchives.gov.uk/ukgwa/20161220182420/https://www.gov.uk/government/uploads/system/uploads/attachment_data/file/565869/CIG-Jamaica-SOGI-v1-July-2015.pdf,b1b672979719daff819b902e5087d0201a5e795bd0165423bf626eafb9e7d5fa,37,470103
Jamaica,"Country information and guidance: women fearing domestic violence, Jamaica, July 2015","By country/Jamaica/Country information and guidance- women fearing domestic violence, Jamaica, July 2015 [50b75a4055bc].pdf",https://webarchive.nationalarchives.gov.uk/ukgwa/20161220182422/https://www.gov.uk/government/uploads/system/uploads/attachment_data/file/565870/CIG-Jamaica-Women-v1-July-2015.pdf,50b75a4055bcc3ec5d69dabffcafc22af7f963bc4d62afe2927c51226c97a273,20,334093
Kenya,"Country information and guidance: sexual orientation and gender identity, Kenya, March 2016","By country/Kenya/Country information and guidance- sexual orientation and gender identity, Kenya, March 2016 [ec4ec9a8ed93].pdf",https://webarchive.nationalarchives.gov.uk/ukgwa/20170207120015/https://www.gov.uk/government/uploads/system/uploads/attachment_data/file/565881/CIG-Kenya-Sexual-Orientation-and-Gender-Identity-March-2016-v1.pdf,ec4ec9a8ed93d68a872575baf494ae4067bfc6e3c2b8b056b8e1a3a38e8f0655,32,433479
Kenya,"Country information and guidance: sexual orientation and gender identity, Kenya, March 2016","By country/Kenya/Country information and guidance- sexual orientation and gender identity, Kenya, March 2016 [ec4ec9a8ed93].pdf",https://webarchive.nationalarchives.gov.uk/ukgwa/20170210015705/https://www.gov.uk/government/uploads/system/uploads/attachment_data/file/565881/CIG-Kenya-Sexual-Orientation-and-Gender-Identity-March-2016-v1.pdf,ec4ec9a8ed93d68a872575baf494ae4067bfc6e3c2b8b056b8e1a3a38e8f0655,32,433479
Kenya,"Country information and guidance: sexual orientation and gender identity, Kenya, March 2016","By country/Kenya/Country information and guidance- sexual orientation and gender identity, Kenya, March 2016 [ec4ec9a8ed93].pdf",https://webarchive.nationalarchives.gov.uk/ukgwa/20161220182411/https://www.gov.uk/government/uploads/system/uploads/attachment_data/file/565881/CIG-Kenya-Sexual-Orientation-and-Gender-Identity-March-2016-v1.pdf,ec4ec9a8ed93d68a872575baf494ae4067bfc6e3c2b8b056b8e1a3a38e8f0655,32,433479
Kenya,"Country of origin information report: Kenya, May 2013","By country/Kenya/Country of origin information report- Kenya, May 2013 [09c4b35fb261].pdf",https://webarchive.nationalarchives.gov.uk/ukgwa/20170207120018/https://www.gov.uk/government/uploads/system/uploads/attachment_data/file/565884/Kenya-COI-report-May-2013.pdf,09c4b35fb2614d1cff7da2b7d647166069661021d3b1ec9e9e2434ba661a60e2,189,1345881
Kenya,"Country of origin information report: Kenya, May 2013","By country/Kenya/Country of origin information report- Kenya, May 2013 [09c4b35fb261].pdf",https://webarchive.nationalarchives.gov.uk/ukgwa/20170210015707/https://www.gov.uk/government/uploads/system/uploads/attachment_data/file/565884/Kenya-COI-report-May-2013.pdf,09c4b35fb2614d1cff7da2b7d647166069661021d3b1ec9e9e2434ba661a60e2,189,1345881
Kenya,"Country of origin information report: Kenya, May 2013","By country/Kenya/Country of origin information report- Kenya, May 2013 [09c4b35fb261].pdf",https://webarchive.nationalarchives.gov.uk/ukgwa/20161220182413/https://www.gov.uk/government/uploads/system/uploads/attachment_data/file/565884/Kenya-COI-report-May-2013.pdf,09c4b35fb2614d1cff7da2b7d647166069661021d3b1ec9e9e2434ba661a60e2,189,1345881
Libya,"Country information and guidance: actual or perceived Gaddafi clan members/loyalists, Libya, August 2014","By country/Libya/Country information and guidance- actual or perceived Gaddafi clan members-loyalists, Libya, August 2014 [62e77feae408].pdf",https://webarchive.nationalarchives.gov.uk/ukgwa/20170203082450/https://www.gov.uk/government/uploads/system/uploads/attachment_data/file/566176/CIG__Libya__Actual_or_perceived_supporters_of_Col__Gaddafi.pdf,62e77feae4085fd8b55ba96efa8a0058f9ad77781dbabd39b07d6c8d7029993b,21,473074
Libya,"Country information and guidance: actual or perceived Gaddafi clan members/loyalists, Libya, August 2014","By country/Libya/Country information and guidance- actual or perceived Gaddafi clan members-loyalists, Libya, August 2014 [62e77feae408].pdf",https://webarchive.nationalarchives.gov.uk/ukgwa/20170210015701/https://www.gov.uk/government/uploads/system/uploads/attachment_data/file/566176/CIG__Libya__Actual_or_perceived_supporters_of_Col__Gaddafi.pdf,62e77feae4085fd8b55ba96efa8a0058f9ad77781dbabd39b07d6c8d7029993b,21,473074
Libya,"Country information and guidance: actual or perceived Gaddafi clan members/loyalists, Libya, August 2014","By country/Libya/Country information and guidance- actual or perceived Gaddafi clan members-loyalists, Libya, August 2014 [62e77feae408].pdf",https://webarchive.nationalarchives.gov.uk/ukgwa/20161220182406/https://www.gov.uk/government/uploads/system/uploads/attachment_data/file/566176/CIG__Libya__Actual_or_perceived_supporters_of_Col__Gaddafi.pdf,62e77feae4085fd8b55ba96efa8a0058f9ad77781dbabd39b07d6c8d7029993b,21,473074
Libya,"Country information and guidance: minority ethnic groups, Libya, June 2016","By country/Libya/Country information and guidance- minority ethnic groups, Libya, June 2016 [e391bc3a2812].pdf",https://webarchive.nationalarchives.gov.uk/ukgwa/20190111171325/https://assets.publishing.service.gov.uk/government/uploads/system/uploads/attachment_data/file/566171/Libya_-_ethnic_minority_groups.pdf,e391bc3a2812c2379318ccc87b0c4cd0c0249f2c501a515dacbab62a6c591647,25,318525
Libya,"Country information and guidance: minority ethnic groups, Libya, June 2016","By country/Libya/Country information and guidance- minority ethnic groups, Libya, June 2016 [e391bc3a2812].pdf",https://webarchive.nationalarchives.gov.uk/ukgwa/20190205122816/https://assets.publishing.service.gov.uk/government/uploads/system/uploads/attachment_data/file/566171/Libya_-_ethnic_minority_groups.pdf,e391bc3a2812c2379318ccc87b0c4cd0c0249f2c501a515dacbab62a6c591647,25,318525
Libya,"Country information and guidance: minority ethnic groups, Libya, June 2016","By country/Libya/Country information and guidance- minority ethnic groups, Libya, June 2016 [e391bc3a2812].pdf",https://webarchive.nationalarchives.gov.uk/ukgwa/20190205152508/https://assets.publishing.service.gov.uk/government/uploads/system/uploads/attachment_data/file/566171/Libya_-_ethnic_minority_groups.pdf,e391bc3a2812c2379318ccc87b0c4cd0c0249f2c501a515dacbab62a6c591647,25,318525
Libya,"Country information and guidance: minority ethnic groups, Libya, June 2016","By country/Libya/Country information and guidance- minority ethnic groups, Libya, June 2016 [e391bc3a2812].pdf",https://webarchive.nationalarchives.gov.uk/ukgwa/20180412073851/https://assets.publishing.service.gov.uk/government/uploads/system/uploads/attachment_data/file/566171/Libya_-_ethnic_minority_groups.pdf,e391bc3a2812c2379318ccc87b0c4cd0c0249f2c501a515dacbab62a6c591647,25,318525
Libya,"Country information and guidance: minority ethnic groups, Libya, June 2016","By country/Libya/Country information and guidance- minority ethnic groups, Libya, June 2016 [e391bc3a2812].pdf",https://webarchive.nationalarchives.gov.uk/ukgwa/20180512001422/https://assets.publishing.service.gov.uk/government/uploads/system/uploads/attachment_data/file/566171/Libya_-_ethnic_minority_groups.pdf,e391bc3a2812c2379318ccc87b0c4cd0c0249f2c501a515dacbab62a6c591647,25,318525
Libya,"Country information and guidance: minority ethnic groups, Libya, June 2016","By country/Libya/Country information and guidance- minority ethnic groups, Libya, June 2016 [e391bc3a2812].pdf",https://webarchive.nationalarchives.gov.uk/ukgwa/20180610045018/https://assets.publishing.service.gov.uk/government/uploads/system/uploads/attachment_data/file/566171/Libya_-_ethnic_minority_groups.pdf,e391bc3a2812c2379318ccc87b0c4cd0c0249f2c501a515dacbab62a6c591647,25,318525
Libya,"Country information and guidance: minority ethnic groups, Libya, June 2016","By country/Libya/Country information and guidance- minority ethnic groups, Libya, June 2016 [e391bc3a2812].pdf",https://webarchive.nationalarchives.gov.uk/ukgwa/20180718140444/https://assets.publishing.service.gov.uk/government/uploads/system/uploads/attachment_data/file/566171/Libya_-_ethnic_minority_groups.pdf,e391bc3a2812c2379318ccc87b0c4cd0c0249f2c501a515dacbab62a6c591647,25,318525
Libya,"Country information and guidance: minority ethnic groups, Libya, June 2016","By country/Libya/Country information and guidance- minority ethnic groups, Libya, June 2016 [e391bc3a2812].pdf",https://webarchive.nationalarchives.gov.uk/ukgwa/20180719090822/https://assets.publishing.service.gov.uk/government/uploads/system/uploads/attachment_data/file/566171/Libya_-_ethnic_minority_groups.pdf,e391bc3a2812c2379318ccc87b0c4cd0c0249f2c501a515dacbab62a6c591647,25,318525
Libya,"Country information and guidance: minority ethnic groups, Libya, June 2016","By country/Libya/Country information and guidance- minority ethnic groups, Libya, June 2016 [e391bc3a2812].pdf",https://webarchive.nationalarchives.gov.uk/ukgwa/20180809070108/https://assets.publishing.service.gov.uk/government/uploads/system/uploads/attachment_data/file/566171/Libya_-_ethnic_minority_groups.pdf,e391bc3a2812c2379318ccc87b0c4cd0c0249f2c501a515dacbab62a6c591647,25,318525
Libya,"Country information and guidance: minority ethnic groups, Libya, June 2016","By country/Libya/Country information and guidance- minority ethnic groups, Libya, June 2016 [e391bc3a2812].pdf",https://webarchive.nationalarchives.gov.uk/ukgwa/20180913081624/https://assets.publishing.service.gov.uk/government/uploads/system/uploads/attachment_data/file/566171/Libya_-_ethnic_minority_groups.pdf,e391bc3a2812c2379318ccc87b0c4cd0c0249f2c501a515dacbab62a6c591647,25,318525
Libya,"Country information and guidance: minority ethnic groups, Libya, June 2016","By country/Libya/Country information and guidance- minority ethnic groups, Libya, June 2016 [e391bc3a2812].pdf",https://webarchive.nationalarchives.gov.uk/ukgwa/20181004124418/https://assets.publishing.service.gov.uk/government/uploads/system/uploads/attachment_data/file/566171/Libya_-_ethnic_minority_groups.pdf,e391bc3a2812c2379318ccc87b0c4cd0c0249f2c501a515dacbab62a6c591647,25,318525
Libya,"Country information and guidance: minority ethnic groups, Libya, June 2016","By country/Libya/Country information and guidance- minority ethnic groups, Libya, June 2016 [e391bc3a2812].pdf",https://webarchive.nationalarchives.gov.uk/ukgwa/20181113061638/https://assets.publishing.service.gov.uk/government/uploads/system/uploads/attachment_data/file/566171/Libya_-_ethnic_minority_groups.pdf,e391bc3a2812c2379318ccc87b0c4cd0c0249f2c501a515dacbab62a6c591647,25,318525
Libya,"Country information and guidance: minority ethnic groups, Libya, June 2016","By country/Libya/Country information and guidance- minority ethnic groups, Libya, June 2016 [e391bc3a2812].pdf",https://webarchive.nationalarchives.gov.uk/ukgwa/20181219124921/https://assets.publishing.service.gov.uk/government/uploads/system/uploads/attachment_data/file/566171/Libya_-_ethnic_minority_groups.pdf,e391bc3a2812c2379318ccc87b0c4cd0c0249f2c501a515dacbab62a6c591647,25,318525
Libya,"Country information and guidance: prison conditions, Libya, September 2014","By country/Libya/Country information and guidance- prison conditions, Libya, September 2014 [62880013570d].pdf",https://webarchive.nationalarchives.gov.uk/ukgwa/20180106091528/https://www.gov.uk/government/uploads/system/uploads/attachment_data/file/566175/CIG_-_Libya_-_Prison_Conditions.pdf,62880013570d90c1274bbc6fd435937a1f76aaf1346324d3721e54d03b41d702,19,455642
Libya,"Country information and guidance: prison conditions, Libya, September 2014","By country/Libya/Country information and guidance- prison conditions, Libya, September 2014 [62880013570d].pdf",https://webarchive.nationalarchives.gov.uk/ukgwa/20180301111747/https://www.gov.uk/government/uploads/system/uploads/attachment_data/file/566175/CIG_-_Libya_-_Prison_Conditions.pdf,62880013570d90c1274bbc6fd435937a1f76aaf1346324d3721e54d03b41d702,19,455642
Libya,"Country information and guidance: prison conditions, Libya, September 2014","By country/Libya/Country information and guidance- prison conditions, Libya, September 2014 [62880013570d].pdf",https://webarchive.nationalarchives.gov.uk/ukgwa/20180310214732/https://www.gov.uk/government/uploads/system/uploads/attachment_data/file/566175/CIG_-_Libya_-_Prison_Conditions.pdf,62880013570d90c1274bbc6fd435937a1f76aaf1346324d3721e54d03b41d702,19,455642
Libya,"Country information and guidance: prison conditions, Libya, September 2014","By country/Libya/Country information and guidance- prison conditions, Libya, September 2014 [62880013570d].pdf",https://webarchive.nationalarchives.gov.uk/ukgwa/20170203082448/https://www.gov.uk/government/uploads/system/uploads/attachment_data/file/566175/CIG_-_Libya_-_Prison_Conditions.pdf,62880013570d90c1274bbc6fd435937a1f76aaf1346324d3721e54d03b41d702,19,455642
Libya,"Country information and guidance: prison conditions, Libya, September 2014","By country/Libya/Country information and guidance- prison conditions, Libya, September 2014 [62880013570d].pdf",https://webarchive.nationalarchives.gov.uk/ukgwa/20170210015658/https://www.gov.uk/government/uploads/system/uploads/attachment_data/file/566175/CIG_-_Libya_-_Prison_Conditions.pdf,62880013570d90c1274bbc6fd435937a1f76aaf1346324d3721e54d03b41d702,19,455642
Libya,"Country information and guidance: prison conditions, Libya, September 2014","By country/Libya/Country information and guidance- prison conditions, Libya, September 2014 [62880013570d].pdf",https://webarchive.nationalarchives.gov.uk/ukgwa/20170428051324/https://www.gov.uk/government/uploads/system/uploads/attachment_data/file/566175/CIG_-_Libya_-_Prison_Conditions.pdf,62880013570d90c1274bbc6fd435937a1f76aaf1346324d3721e54d03b41d702,19,455642
Libya,"Country information and guidance: prison conditions, Libya, September 2014","By country/Libya/Country information and guidance- prison conditions, Libya, September 2014 [62880013570d].pdf",https://webarchive.nationalarchives.gov.uk/ukgwa/20170522053919/https://www.gov.uk/government/uploads/system/uploads/attachment_data/file/566175/CIG_-_Libya_-_Prison_Conditions.pdf,62880013570d90c1274bbc6fd435937a1f76aaf1346324d3721e54d03b41d702,19,455642
Libya,"Country information and guidance: prison conditions, Libya, September 2014","By country/Libya/Country information and guidance- prison conditions, Libya, September 2014 [62880013570d].pdf",https://webarchive.nationalarchives.gov.uk/ukgwa/20170627201947/https://www.gov.uk/government/uploads/system/uploads/attachment_data/file/566175/CIG_-_Libya_-_Prison_Conditions.pdf,62880013570d90c1274bbc6fd435937a1f76aaf1346324d3721e54d03b41d702,19,455642
Libya,"Country information and guidance: prison conditions, Libya, September 2014","By country/Libya/Country information and guidance- prison conditions, Libya, September 2014 [62880013570d].pdf",https://webarchive.nationalarchives.gov.uk/ukgwa/20170804195507/https://www.gov.uk/government/uploads/system/uploads/attachment_data/file/566175/CIG_-_Libya_-_Prison_Conditions.pdf,62880013570d90c1274bbc6fd435937a1f76aaf1346324d3721e54d03b41d702,19,455642
Libya,"Country information and guidance: prison conditions, Libya, September 2014","By country/Libya/Country information and guidance- prison conditions, Libya, September 2014 [62880013570d].pdf",https://webarchive.nationalarchives.gov.uk/ukgwa/20170909180620/https://www.gov.uk/government/uploads/system/uploads/attachment_data/file/566175/CIG_-_Libya_-_Prison_Conditions.pdf,62880013570d90c1274bbc6fd435937a1f76aaf1346324d3721e54d03b41d702,19,455642
Libya,"Country information and guidance: prison conditions, Libya, September 2014","By country/Libya/Country information and guidance- prison conditions, Libya, September 2014 [62880013570d].pdf",https://webarchive.nationalarchives.gov.uk/ukgwa/20171014120546/https://www.gov.uk/government/uploads/system/uploads/attachment_data/file/566175/CIG_-_Libya_-_Prison_Conditions.pdf,62880013570d90c1274bbc6fd435937a1f76aaf1346324d3721e54d03b41d702,19,455642
Libya,"Country information and guidance: prison conditions, Libya, September 2014","By country/Libya/Country information and guidance- prison conditions, Libya, September 2014 [62880013570d].pdf",https://webarchive.nationalarchives.gov.uk/ukgwa/20171111204304/https://www.gov.uk/government/uploads/system/uploads/attachment_data/file/566175/CIG_-_Libya_-_Prison_Conditions.pdf,62880013570d90c1274bbc6fd435937a1f76aaf1346324d3721e54d03b41d702,19,455642
Libya,"Country information and guidance: prison conditions, Libya, September 2014","By country/Libya/Country information and guidance- prison conditions, Libya, September 2014 [62880013570d].pdf",https://webarchive.nationalarchives.gov.uk/ukgwa/20161220182404/https://www.gov.uk/government/uploads/system/uploads/attachment_data/file/566175/CIG_-_Libya_-_Prison_Conditions.pdf,62880013570d90c1274bbc6fd435937a1f76aaf1346324d3721e54d03b41d702,19,455642
Libya,"Country information and guidance: violence against women, Libya, October 2014","By country/Libya/Country information and guidance- violence against women, Libya, October 2014 [087af9325255].pdf",https://webarchive.nationalarchives.gov.uk/ukgwa/20180106091603/https://www.gov.uk/government/uploads/system/uploads/attachment_data/file/566173/CIG_-_Libya_-_Women.pdf,087af9325255fc9580030fbe83c015671ab090026c0d7a5e5ddeabe479a6a1f1,20,466300
Libya,"Country information and guidance: violence against women, Libya, October 2014","By country/Libya/Country information and guidance- violence against women, Libya, October 2014 [087af9325255].pdf",https://webarchive.nationalarchives.gov.uk/ukgwa/20170203082446/https://www.gov.uk/government/uploads/system/uploads/attachment_data/file/566173/CIG_-_Libya_-_Women.pdf,087af9325255fc9580030fbe83c015671ab090026c0d7a5e5ddeabe479a6a1f1,20,466300
Libya,"Country information and guidance: violence against women, Libya, October 2014","By country/Libya/Country information and guidance- violence against women, Libya, October 2014 [087af9325255].pdf",https://webarchive.nationalarchives.gov.uk/ukgwa/20170210015656/https://www.gov.uk/government/uploads/system/uploads/attachment_data/file/566173/CIG_-_Libya_-_Women.pdf,087af9325255fc9580030fbe83c015671ab090026c0d7a5e5ddeabe479a6a1f1,20,466300
Libya,"Country information and guidance: violence against women, Libya, October 2014","By country/Libya/Country information and guidance- violence against women, Libya, October 2014 [087af9325255].pdf",https://webarchive.nationalarchives.gov.uk/ukgwa/20170428051321/https://www.gov.uk/government/uploads/system/uploads/attachment_data/file/566173/CIG_-_Libya_-_Women.pdf,087af9325255fc9580030fbe83c015671ab090026c0d7a5e5ddeabe479a6a1f1,20,466300
Libya,"Country information and guidance: violence against women, Libya, October 2014","By country/Libya/Country information and guidance- violence against women, Libya, October 2014 [087af9325255].pdf",https://webarchive.nationalarchives.gov.uk/ukgwa/20170522053917/https://www.gov.uk/government/uploads/system/uploads/attachment_data/file/566173/CIG_-_Libya_-_Women.pdf,087af9325255fc9580030fbe83c015671ab090026c0d7a5e5ddeabe479a6a1f1,20,466300
Libya,"Country information and guidance: violence against women, Libya, October 2014","By country/Libya/Country information and guidance- violence against women, Libya, October 2014 [087af9325255].pdf",https://webarchive.nationalarchives.gov.uk/ukgwa/20170627201945/https://www.gov.uk/government/uploads/system/uploads/attachment_data/file/566173/CIG_-_Libya_-_Women.pdf,087af9325255fc9580030fbe83c015671ab090026c0d7a5e5ddeabe479a6a1f1,20,466300
Libya,"Country information and guidance: violence against women, Libya, October 2014","By country/Libya/Country information and guidance- violence against women, Libya, October 2014 [087af9325255].pdf",https://webarchive.nationalarchives.gov.uk/ukgwa/20170804194936/https://www.gov.uk/government/uploads/system/uploads/attachment_data/file/566173/CIG_-_Libya_-_Women.pdf,087af9325255fc9580030fbe83c015671ab090026c0d7a5e5ddeabe479a6a1f1,20,466300
Libya,"Country information and guidance: violence against women, Libya, October 2014","By country/Libya/Country information and guidance- violence against women, Libya, October 2014 [087af9325255].pdf",https://webarchive.nationalarchives.gov.uk/ukgwa/20170909180339/https://www.gov.uk/government/uploads/system/uploads/attachment_data/file/566173/CIG_-_Libya_-_Women.pdf,087af9325255fc9580030fbe83c015671ab090026c0d7a5e5ddeabe479a6a1f1,20,466300
Libya,"Country information and guidance: violence against women, Libya, October 2014","By country/Libya/Country information and guidance- violence against women, Libya, October 2014 [087af9325255].pdf",https://webarchive.nationalarchives.gov.uk/ukgwa/20171014121204/https://www.gov.uk/government/uploads/system/uploads/attachment_data/file/566173/CIG_-_Libya_-_Women.pdf,087af9325255fc9580030fbe83c015671ab090026c0d7a5e5ddeabe479a6a1f1,20,466300
Libya,"Country information and guidance: violence against women, Libya, October 2014","By country/Libya/Country information and guidance- violence against women, Libya, October 2014 [087af9325255].pdf",https://webarchive.nationalarchives.gov.uk/ukgwa/20171111203326/https://www.gov.uk/government/uploads/system/uploads/attachment_data/file/566173/CIG_-_Libya_-_Women.pdf,087af9325255fc9580030fbe83c015671ab090026c0d7a5e5ddeabe479a6a1f1,20,466300
Libya,"Country information and guidance: violence against women, Libya, October 2014","By country/Libya/Country information and guidance- violence against women, Libya, October 2014 [087af9325255].pdf",https://webarchive.nationalarchives.gov.uk/ukgwa/20161220182402/https://www.gov.uk/government/uploads/system/uploads/attachment_data/file/566173/CIG_-_Libya_-_Women.pdf,087af9325255fc9580030fbe83c015671ab090026c0d7a5e5ddeabe479a6a1f1,20,466300
Libya,"Country policy and information note: security and humanitarian situation, Libya, January 2017","By country/Libya/Country policy and information note- security and humanitarian situation, Libya, January 2017 [41a0e6f2d621].pdf",https://webarchive.nationalarchives.gov.uk/ukgwa/20170203082441/https://www.gov.uk/government/uploads/system/uploads/attachment_data/file/587068/Libya_-_Security_-_v2.pdf,41a0e6f2d6215d3965edccad96081c8abe13b9b410da9141104ac33e1c161ee9,53,789353
Libya,"Country policy and information note: security and humanitarian situation, Libya, January 2017","By country/Libya/Country policy and information note- security and humanitarian situation, Libya, January 2017 [41a0e6f2d621].pdf",https://webarchive.nationalarchives.gov.uk/ukgwa/20170428051316/https://www.gov.uk/government/uploads/system/uploads/attachment_data/file/587068/Libya_-_Security_-_v2.pdf,41a0e6f2d6215d3965edccad96081c8abe13b9b410da9141104ac33e1c161ee9,53,789353
Libya,"Country policy and information note: security and humanitarian situation, Libya, January 2017","By country/Libya/Country policy and information note- security and humanitarian situation, Libya, January 2017 [41a0e6f2d621].pdf",https://webarchive.nationalarchives.gov.uk/ukgwa/20170522053912/https://www.gov.uk/government/uploads/system/uploads/attachment_data/file/587068/Libya_-_Security_-_v2.pdf,41a0e6f2d6215d3965edccad96081c8abe13b9b410da9141104ac33e1c161ee9,53,789353
Libya,"Country policy and information note: security and humanitarian situation, Libya, January 2017","By country/Libya/Country policy and information note- security and humanitarian situation, Libya, January 2017 [41a0e6f2d621].pdf",https://webarchive.nationalarchives.gov.uk/ukgwa/20170627201940/https://www.gov.uk/government/uploads/system/uploads/attachment_data/file/587068/Libya_-_Security_-_v2.pdf,41a0e6f2d6215d3965edccad96081c8abe13b9b410da9141104ac33e1c161ee9,53,789353
Libya,"Country policy and information note: actual or perceived supporters of former President Gaddafi, Libya, March 2017","By country/Libya/Country policy and information note- actual or perceived supporters of former President Gaddafi, Libya, March 2017 [091cbcbb9168].pdf",https://webarchive.nationalarchives.gov.uk/ukgwa/20190111165712/https://assets.publishing.service.gov.uk/government/uploads/system/uploads/attachment_data/file/600439/Libya_-_Gaddafi_Supporters_-_CPIN_-_v2.0__March_2017_.pdf,091cbcbb916834c4ccbafddc13aa5a5c4edee0cb5495ea51e2815fb56edc9948,29,389387
Libya,"Country policy and information note: actual or perceived supporters of former President Gaddafi, Libya, March 2017","By country/Libya/Country policy and information note- actual or perceived supporters of former President Gaddafi, Libya, March 2017 [091cbcbb9168].pdf",https://webarchive.nationalarchives.gov.uk/ukgwa/20190205150609/https://assets.publishing.service.gov.uk/government/uploads/system/uploads/attachment_data/file/600439/Libya_-_Gaddafi_Supporters_-_CPIN_-_v2.0__March_2017_.pdf,091cbcbb916834c4ccbafddc13aa5a5c4edee0cb5495ea51e2815fb56edc9948,29,389387
Libya,"Country policy and information note: actual or perceived supporters of former President Gaddafi, Libya, March 2017","By country/Libya/Country policy and information note- actual or perceived supporters of former President Gaddafi, Libya, March 2017 [091cbcbb9168].pdf",https://webarchive.nationalarchives.gov.uk/ukgwa/20190221062526/https://assets.publishing.service.gov.uk/government/uploads/system/uploads/attachment_data/file/600439/Libya_-_Gaddafi_Supporters_-_CPIN_-_v2.0__March_2017_.pdf,091cbcbb916834c4ccbafddc13aa5a5c4edee0cb5495ea51e2815fb56edc9948,29,389387
Libya,"Country policy and information note: actual or perceived supporters of former President Gaddafi, Libya, March 2017","By country/Libya/Country policy and information note- actual or perceived supporters of former President Gaddafi, Libya, March 2017 [091cbcbb9168].pdf",https://webarchive.nationalarchives.gov.uk/ukgwa/20190303165527/https://assets.publishing.service.gov.uk/government/uploads/system/uploads/attachment_data/file/600439/Libya_-_Gaddafi_Supporters_-_CPIN_-_v2.0__March_2017_.pdf,091cbcbb916834c4ccbafddc13aa5a5c4edee0cb5495ea51e2815fb56edc9948,29,389387
Libya,"Country policy and information note: actual or perceived supporters of former President Gaddafi, Libya, March 2017","By country/Libya/Country policy and information note- actual or perceived supporters of former President Gaddafi, Libya, March 2017 [091cbcbb9168].pdf",https://webarchive.nationalarchives.gov.uk/ukgwa/20190320124806/https://assets.publishing.service.gov.uk/government/uploads/system/uploads/attachment_data/file/600439/Libya_-_Gaddafi_Supporters_-_CPIN_-_v2.0__March_2017_.pdf,091cbcbb916834c4ccbafddc13aa5a5c4edee0cb5495ea51e2815fb56edc9948,29,389387
Libya,"Country policy and information note: actual or perceived supporters of former President Gaddafi, Libya, March 2017","By country/Libya/Country policy and information note- actual or perceived supporters of former President Gaddafi, Libya, March 2017 [091cbcbb9168].pdf",https://webarchive.nationalarchives.gov.uk/ukgwa/20190404072859/https://assets.publishing.service.gov.uk/government/uploads/system/uploads/attachment_data/file/600439/Libya_-_Gaddafi_Supporters_-_CPIN_-_v2.0__March_2017_.pdf,091cbcbb916834c4ccbafddc13aa5a5c4edee0cb5495ea51e2815fb56edc9948,29,389387
Libya,"Country policy and information note: actual or perceived supporters of former President Gaddafi, Libya, March 2017","By country/Libya/Country policy and information note- actual or perceived supporters of former President Gaddafi, Libya, March 2017 [091cbcbb9168].pdf",https://webarchive.nationalarchives.gov.uk/ukgwa/20180412073522/https://assets.publishing.service.gov.uk/government/uploads/system/uploads/attachment_data/file/600439/Libya_-_Gaddafi_Supporters_-_CPIN_-_v2.0__March_2017_.pdf,091cbcbb916834c4ccbafddc13aa5a5c4edee0cb5495ea51e2815fb56edc9948,29,389387
Libya,"Country policy and information note: actual or perceived supporters of former President Gaddafi, Libya, March 2017","By country/Libya/Country policy and information note- actual or perceived supporters of former President Gaddafi, Libya, March 2017 [091cbcbb9168].pdf",https://webarchive.nationalarchives.gov.uk/ukgwa/20180512003514/https://assets.publishing.service.gov.uk/government/uploads/system/uploads/attachment_data/file/600439/Libya_-_Gaddafi_Supporters_-_CPIN_-_v2.0__March_2017_.pdf,091cbcbb916834c4ccbafddc13aa5a5c4edee0cb5495ea51e2815fb56edc9948,29,389387
Libya,"Country policy and information note: actual or perceived supporters of former President Gaddafi, Libya, March 2017","By country/Libya/Country policy and information note- actual or perceived supporters of former President Gaddafi, Libya, March 2017 [091cbcbb9168].pdf",https://webarchive.nationalarchives.gov.uk/ukgwa/20180610045016/https://assets.publishing.service.gov.uk/government/uploads/system/uploads/attachment_data/file/600439/Libya_-_Gaddafi_Supporters_-_CPIN_-_v2.0__March_2017_.pdf,091cbcbb916834c4ccbafddc13aa5a5c4edee0cb5495ea51e2815fb56edc9948,29,389387
Libya,"Country policy and information note: actual or perceived supporters of former President Gaddafi, Libya, March 2017","By country/Libya/Country policy and information note- actual or perceived supporters of former President Gaddafi, Libya, March 2017 [091cbcbb9168].pdf",https://webarchive.nationalarchives.gov.uk/ukgwa/20180718142007/https://assets.publishing.service.gov.uk/government/uploads/system/uploads/attachment_data/file/600439/Libya_-_Gaddafi_Supporters_-_CPIN_-_v2.0__March_2017_.pdf,091cbcbb916834c4ccbafddc13aa5a5c4edee0cb5495ea51e2815fb56edc9948,29,389387
Libya,"Country policy and information note: actual or perceived supporters of former President Gaddafi, Libya, March 2017","By country/Libya/Country policy and information note- actual or perceived supporters of former President Gaddafi, Libya, March 2017 [091cbcbb9168].pdf",https://webarchive.nationalarchives.gov.uk/ukgwa/20180719081751/https://assets.publishing.service.gov.uk/government/uploads/system/uploads/attachment_data/file/600439/Libya_-_Gaddafi_Supporters_-_CPIN_-_v2.0__March_2017_.pdf,091cbcbb916834c4ccbafddc13aa5a5c4edee0cb5495ea51e2815fb56edc9948,29,389387
Libya,"Country policy and information note: actual or perceived supporters of former President Gaddafi, Libya, March 2017","By country/Libya/Country policy and information note- actual or perceived supporters of former President Gaddafi, Libya, March 2017 [091cbcbb9168].pdf",https://webarchive.nationalarchives.gov.uk/ukgwa/20180809070513/https://assets.publishing.service.gov.uk/government/uploads/system/uploads/attachment_data/file/600439/Libya_-_Gaddafi_Supporters_-_CPIN_-_v2.0__March_2017_.pdf,091cbcbb916834c4ccbafddc13aa5a5c4edee0cb5495ea51e2815fb56edc9948,29,389387
Libya,"Country policy and information note: actual or perceived supporters of former President Gaddafi, Libya, March 2017","By country/Libya/Country policy and information note- actual or perceived supporters of former President Gaddafi, Libya, March 2017 [091cbcbb9168].pdf",https://webarchive.nationalarchives.gov.uk/ukgwa/20180913083026/https://assets.publishing.service.gov.uk/government/uploads/system/uploads/attachment_data/file/600439/Libya_-_Gaddafi_Supporters_-_CPIN_-_v2.0__March_2017_.pdf,091cbcbb916834c4ccbafddc13aa5a5c4edee0cb5495ea51e2815fb56edc9948,29,389387
Libya,"Country policy and information note: actual or perceived supporters of former President Gaddafi, Libya, March 2017","By country/Libya/Country policy and information note- actual or perceived supporters of former President Gaddafi, Libya, March 2017 [091cbcbb9168].pdf",https://webarchive.nationalarchives.gov.uk/ukgwa/20181004124330/https://assets.publishing.service.gov.uk/government/uploads/system/uploads/attachment_data/file/600439/Libya_-_Gaddafi_Supporters_-_CPIN_-_v2.0__March_2017_.pdf,091cbcbb916834c4ccbafddc13aa5a5c4edee0cb5495ea51e2815fb56edc9948,29,389387
Libya,"Country policy and information note: actual or perceived supporters of former President Gaddafi, Libya, March 2017","By country/Libya/Country policy and information note- actual or perceived supporters of former President Gaddafi, Libya, March 2017 [091cbcbb9168].pdf",https://webarchive.nationalarchives.gov.uk/ukgwa/20181113061636/https://assets.publishing.service.gov.uk/government/uploads/system/uploads/attachment_data/file/600439/Libya_-_Gaddafi_Supporters_-_CPIN_-_v2.0__March_2017_.pdf,091cbcbb916834c4ccbafddc13aa5a5c4edee0cb5495ea51e2815fb56edc9948,29,389387
Libya,"Country policy and information note: actual or perceived supporters of former President Gaddafi, Libya, March 2017","By country/Libya/Country policy and information note- actual or perceived supporters of former President Gaddafi, Libya, March 2017 [091cbcbb9168].pdf",https://webarchive.nationalarchives.gov.uk/ukgwa/20181219125502/https://assets.publishing.service.gov.uk/government/uploads/system/uploads/attachment_data/file/600439/Libya_-_Gaddafi_Supporters_-_CPIN_-_v2.0__March_2017_.pdf,091cbcbb916834c4ccbafddc13aa5a5c4edee0cb5495ea51e2815fb56edc9948,29,389387
Myanmar (Burma),"Country information and guidance: opposition to the government, Burma, November 2015","By country/Myanmar (Burma)/Country information and guidance- opposition to the government, Burma, November 2015 [4773eab3058c].pdf",https://webarchive.nationalarchives.gov.uk/ukgwa/20170207115805/https://www.gov.uk/government/uploads/system/uploads/attachment_data/file/565495/CIG-burma-opposition-to-government-v1-November-2015.pdf,4773eab3058c660f37e55ec0358c3428de493c7927ac562ff0558165e4ebc58c,31,489348
Myanmar (Burma),"Country information and guidance: opposition to the government, Burma, November 2015","By country/Myanmar (Burma)/Country information and guidance- opposition to the government, Burma, November 2015 [4773eab3058c].pdf",https://webarchive.nationalarchives.gov.uk/ukgwa/20170210015923/https://www.gov.uk/government/uploads/system/uploads/attachment_data/file/565495/CIG-burma-opposition-to-government-v1-November-2015.pdf,4773eab3058c660f37e55ec0358c3428de493c7927ac562ff0558165e4ebc58c,31,489348
Myanmar (Burma),"Country information and guidance: opposition to the government, Burma, November 2015","By country/Myanmar (Burma)/Country information and guidance- opposition to the government, Burma, November 2015 [4773eab3058c].pdf",https://webarchive.nationalarchives.gov.uk/ukgwa/20161220182642/https://www.gov.uk/government/uploads/system/uploads/attachment_data/file/565495/CIG-burma-opposition-to-government-v1-November-2015.pdf,4773eab3058c660f37e55ec0358c3428de493c7927ac562ff0558165e4ebc58c,31,489348
Nigeria,"Country information and guidance report: sexual orientation and gender identity, Nigeria, March 2015","By country/Nigeria/Country information and guidance report- sexual orientation and gender identity, Nigeria, March 2015 [8c8d5e11adb0].pdf",https://webarchive.nationalarchives.gov.uk/ukgwa/20190111171313/https://assets.publishing.service.gov.uk/government/uploads/system/uploads/attachment_data/file/566196/NGA_CIG_SOGI.pdf,8c8d5e11adb0a7d38d8b2eb07a6dc4b313476fffa72bafec7bcca90f7f117666,35,965968
Nigeria,"Country information and guidance report: sexual orientation and gender identity, Nigeria, March 2015","By country/Nigeria/Country information and guidance report- sexual orientation and gender identity, Nigeria, March 2015 [8c8d5e11adb0].pdf",https://webarchive.nationalarchives.gov.uk/ukgwa/20190205122843/https://assets.publishing.service.gov.uk/government/uploads/system/uploads/attachment_data/file/566196/NGA_CIG_SOGI.pdf,8c8d5e11adb0a7d38d8b2eb07a6dc4b313476fffa72bafec7bcca90f7f117666,35,965968
Nigeria,"Country information and guidance report: sexual orientation and gender identity, Nigeria, March 2015","By country/Nigeria/Country information and guidance report- sexual orientation and gender identity, Nigeria, March 2015 [8c8d5e11adb0].pdf",https://webarchive.nationalarchives.gov.uk/ukgwa/20190205152549/https://assets.publishing.service.gov.uk/government/uploads/system/uploads/attachment_data/file/566196/NGA_CIG_SOGI.pdf,8c8d5e11adb0a7d38d8b2eb07a6dc4b313476fffa72bafec7bcca90f7f117666,35,965968
Nigeria,"Country information and guidance report: sexual orientation and gender identity, Nigeria, March 2015","By country/Nigeria/Country information and guidance report- sexual orientation and gender identity, Nigeria, March 2015 [8c8d5e11adb0].pdf",https://webarchive.nationalarchives.gov.uk/ukgwa/20190220210022/https://assets.publishing.service.gov.uk/government/uploads/system/uploads/attachment_data/file/566196/NGA_CIG_SOGI.pdf,8c8d5e11adb0a7d38d8b2eb07a6dc4b313476fffa72bafec7bcca90f7f117666,35,965968
Nigeria,"Country information and guidance report: sexual orientation and gender identity, Nigeria, March 2015","By country/Nigeria/Country information and guidance report- sexual orientation and gender identity, Nigeria, March 2015 [8c8d5e11adb0].pdf",https://webarchive.nationalarchives.gov.uk/ukgwa/20190304061644/https://assets.publishing.service.gov.uk/government/uploads/system/uploads/attachment_data/file/566196/NGA_CIG_SOGI.pdf,8c8d5e11adb0a7d38d8b2eb07a6dc4b313476fffa72bafec7bcca90f7f117666,35,965968
Nigeria,"Country information and guidance report: sexual orientation and gender identity, Nigeria, March 2015","By country/Nigeria/Country information and guidance report- sexual orientation and gender identity, Nigeria, March 2015 [8c8d5e11adb0].pdf",https://webarchive.nationalarchives.gov.uk/ukgwa/20190319184533/https://assets.publishing.service.gov.uk/government/uploads/system/uploads/attachment_data/file/566196/NGA_CIG_SOGI.pdf,8c8d5e11adb0a7d38d8b2eb07a6dc4b313476fffa72bafec7bcca90f7f117666,35,965968
Nigeria,"Country information and guidance report: sexual orientation and gender identity, Nigeria, March 2015","By country/Nigeria/Country information and guidance report- sexual orientation and gender identity, Nigeria, March 2015 [8c8d5e11adb0].pdf",https://webarchive.nationalarchives.gov.uk/ukgwa/20190404065251/https://assets.publishing.service.gov.uk/government/uploads/system/uploads/attachment_data/file/566196/NGA_CIG_SOGI.pdf,8c8d5e11adb0a7d38d8b2eb07a6dc4b313476fffa72bafec7bcca90f7f117666,35,965968
Nigeria,"Country information and guidance report: sexual orientation and gender identity, Nigeria, March 2015","By country/Nigeria/Country information and guidance report- sexual orientation and gender identity, Nigeria, March 2015 [8c8d5e11adb0].pdf",https://webarchive.nationalarchives.gov.uk/ukgwa/20180412091432/https://assets.publishing.service.gov.uk/government/uploads/system/uploads/attachment_data/file/566196/NGA_CIG_SOGI.pdf,8c8d5e11adb0a7d38d8b2eb07a6dc4b313476fffa72bafec7bcca90f7f117666,35,965968
Nigeria,"Country information and guidance report: sexual orientation and gender identity, Nigeria, March 2015","By country/Nigeria/Country information and guidance report- sexual orientation and gender identity, Nigeria, March 2015 [8c8d5e11adb0].pdf",https://webarchive.nationalarchives.gov.uk/ukgwa/20180513012446/https://assets.publishing.service.gov.uk/government/uploads/system/uploads/attachment_data/file/566196/NGA_CIG_SOGI.pdf,8c8d5e11adb0a7d38d8b2eb07a6dc4b313476fffa72bafec7bcca90f7f117666,35,965968
Nigeria,"Country information and guidance report: sexual orientation and gender identity, Nigeria, March 2015","By country/Nigeria/Country information and guidance report- sexual orientation and gender identity, Nigeria, March 2015 [8c8d5e11adb0].pdf",https://webarchive.nationalarchives.gov.uk/ukgwa/20180609083147/https://assets.publishing.service.gov.uk/government/uploads/system/uploads/attachment_data/file/566196/NGA_CIG_SOGI.pdf,8c8d5e11adb0a7d38d8b2eb07a6dc4b313476fffa72bafec7bcca90f7f117666,35,965968
Nigeria,"Country information and guidance report: sexual orientation and gender identity, Nigeria, March 2015","By country/Nigeria/Country information and guidance report- sexual orientation and gender identity, Nigeria, March 2015 [8c8d5e11adb0].pdf",https://webarchive.nationalarchives.gov.uk/ukgwa/20180718003844/https://assets.publishing.service.gov.uk/government/uploads/system/uploads/attachment_data/file/566196/NGA_CIG_SOGI.pdf,8c8d5e11adb0a7d38d8b2eb07a6dc4b313476fffa72bafec7bcca90f7f117666,35,965968
Nigeria,"Country information and guidance report: sexual orientation and gender identity, Nigeria, March 2015","By country/Nigeria/Country information and guidance report- sexual orientation and gender identity, Nigeria, March 2015 [8c8d5e11adb0].pdf",https://webarchive.nationalarchives.gov.uk/ukgwa/20180719055436/https://assets.publishing.service.gov.uk/government/uploads/system/uploads/attachment_data/file/566196/NGA_CIG_SOGI.pdf,8c8d5e11adb0a7d38d8b2eb07a6dc4b313476fffa72bafec7bcca90f7f117666,35,965968
Nigeria,"Country information and guidance report: sexual orientation and gender identity, Nigeria, March 2015","By country/Nigeria/Country information and guidance report- sexual orientation and gender identity, Nigeria, March 2015 [8c8d5e11adb0].pdf",https://webarchive.nationalarchives.gov.uk/ukgwa/20180809030527/https://assets.publishing.service.gov.uk/government/uploads/system/uploads/attachment_data/file/566196/NGA_CIG_SOGI.pdf,8c8d5e11adb0a7d38d8b2eb07a6dc4b313476fffa72bafec7bcca90f7f117666,35,965968
Nigeria,"Country information and guidance report: sexual orientation and gender identity, Nigeria, March 2015","By country/Nigeria/Country information and guidance report- sexual orientation and gender identity, Nigeria, March 2015 [8c8d5e11adb0].pdf",https://webarchive.nationalarchives.gov.uk/ukgwa/20180913071201/https://assets.publishing.service.gov.uk/government/uploads/system/uploads/attachment_data/file/566196/NGA_CIG_SOGI.pdf,8c8d5e11adb0a7d38d8b2eb07a6dc4b313476fffa72bafec7bcca90f7f117666,35,965968
Nigeria,"Country information and guidance report: sexual orientation and gender identity, Nigeria, March 2015","By country/Nigeria/Country information and guidance report- sexual orientation and gender identity, Nigeria, March 2015 [8c8d5e11adb0].pdf",https://webarchive.nationalarchives.gov.uk/ukgwa/20181003130902/https://assets.publishing.service.gov.uk/government/uploads/system/uploads/attachment_data/file/566196/NGA_CIG_SOGI.pdf,8c8d5e11adb0a7d38d8b2eb07a6dc4b313476fffa72bafec7bcca90f7f117666,35,965968
Nigeria,"Country information and guidance report: sexual orientation and gender identity, Nigeria, March 2015","By country/Nigeria/Country information and guidance report- sexual orientation and gender identity, Nigeria, March 2015 [8c8d5e11adb0].pdf",https://webarchive.nationalarchives.gov.uk/ukgwa/20181112164718/https://assets.publishing.service.gov.uk/government/uploads/system/uploads/attachment_data/file/566196/NGA_CIG_SOGI.pdf,8c8d5e11adb0a7d38d8b2eb07a6dc4b313476fffa72bafec7bcca90f7f117666,35,965968
Nigeria,"Country information and guidance report: sexual orientation and gender identity, Nigeria, March 2015","By country/Nigeria/Country information and guidance report- sexual orientation and gender identity, Nigeria, March 2015 [8c8d5e11adb0].pdf",https://webarchive.nationalarchives.gov.uk/ukgwa/20181219124857/https://assets.publishing.service.gov.uk/government/uploads/system/uploads/attachment_data/file/566196/NGA_CIG_SOGI.pdf,8c8d5e11adb0a7d38d8b2eb07a6dc4b313476fffa72bafec7bcca90f7f117666,35,965968
Nigeria,"Country information and guidance: background information, including actors of protection and internal relocation, Nigeria, August 2016","By country/Nigeria/Country information and guidance- background information, including actors of protection and internal relocation, Nigeria, August 2016 [51f7042ec5a4].pdf",https://webarchive.nationalarchives.gov.uk/ukgwa/20190111171227/https://assets.publishing.service.gov.uk/government/uploads/system/uploads/attachment_data/file/566194/CIG_-_Nigeria_-_Background.pdf,51f7042ec5a4925bddfd191c1f4b17ac354083d51e05a3a10de32fb3b8bdf45a,40,464537
Nigeria,"Country information and guidance: background information, including actors of protection and internal relocation, Nigeria, August 2016","By country/Nigeria/Country information and guidance- background information, including actors of protection and internal relocation, Nigeria, August 2016 [51f7042ec5a4].pdf",https://webarchive.nationalarchives.gov.uk/ukgwa/20190205122838/https://assets.publishing.service.gov.uk/government/uploads/system/uploads/attachment_data/file/566194/CIG_-_Nigeria_-_Background.pdf,51f7042ec5a4925bddfd191c1f4b17ac354083d51e05a3a10de32fb3b8bdf45a,40,464537
Nigeria,"Country information and guidance: background information, including actors of protection and internal relocation, Nigeria, August 2016","By country/Nigeria/Country information and guidance- background information, including actors of protection and internal relocation, Nigeria, August 2016 [51f7042ec5a4].pdf",https://webarchive.nationalarchives.gov.uk/ukgwa/20190205152706/https://assets.publishing.service.gov.uk/government/uploads/system/uploads/attachment_data/file/566194/CIG_-_Nigeria_-_Background.pdf,51f7042ec5a4925bddfd191c1f4b17ac354083d51e05a3a10de32fb3b8bdf45a,40,464537
Nigeria,"Country information and guidance: background information, including actors of protection and internal relocation, Nigeria, August 2016","By country/Nigeria/Country information and guidance- background information, including actors of protection and internal relocation, Nigeria, August 2016 [51f7042ec5a4].pdf",https://webarchive.nationalarchives.gov.uk/ukgwa/20190220212926/https://assets.publishing.service.gov.uk/government/uploads/system/uploads/attachment_data/file/566194/CIG_-_Nigeria_-_Background.pdf,51f7042ec5a4925bddfd191c1f4b17ac354083d51e05a3a10de32fb3b8bdf45a,40,464537
Nigeria,"Country information and guidance: background information, including actors of protection and internal relocation, Nigeria, August 2016","By country/Nigeria/Country information and guidance- background information, including actors of protection and internal relocation, Nigeria, August 2016 [51f7042ec5a4].pdf",https://webarchive.nationalarchives.gov.uk/ukgwa/20190304061204/https://assets.publishing.service.gov.uk/government/uploads/system/uploads/attachment_data/file/566194/CIG_-_Nigeria_-_Background.pdf,51f7042ec5a4925bddfd191c1f4b17ac354083d51e05a3a10de32fb3b8bdf45a,40,464537
Nigeria,"Country information and guidance: background information, including actors of protection and internal relocation, Nigeria, August 2016","By country/Nigeria/Country information and guidance- background information, including actors of protection and internal relocation, Nigeria, August 2016 [51f7042ec5a4].pdf",https://webarchive.nationalarchives.gov.uk/ukgwa/20190319185534/https://assets.publishing.service.gov.uk/government/uploads/system/uploads/attachment_data/file/566194/CIG_-_Nigeria_-_Background.pdf,51f7042ec5a4925bddfd191c1f4b17ac354083d51e05a3a10de32fb3b8bdf45a,40,464537
Nigeria,"Country information and guidance: background information, including actors of protection and internal relocation, Nigeria, August 2016","By country/Nigeria/Country information and guidance- background information, including actors of protection and internal relocation, Nigeria, August 2016 [51f7042ec5a4].pdf",https://webarchive.nationalarchives.gov.uk/ukgwa/20190404061911/https://assets.publishing.service.gov.uk/government/uploads/system/uploads/attachment_data/file/566194/CIG_-_Nigeria_-_Background.pdf,51f7042ec5a4925bddfd191c1f4b17ac354083d51e05a3a10de32fb3b8bdf45a,40,464537
Nigeria,"Country information and guidance: background information, including actors of protection and internal relocation, Nigeria, August 2016","By country/Nigeria/Country information and guidance- background information, including actors of protection and internal relocation, Nigeria, August 2016 [51f7042ec5a4].pdf",https://webarchive.nationalarchives.gov.uk/ukgwa/20180412092503/https://assets.publishing.service.gov.uk/government/uploads/system/uploads/attachment_data/file/566194/CIG_-_Nigeria_-_Background.pdf,51f7042ec5a4925bddfd191c1f4b17ac354083d51e05a3a10de32fb3b8bdf45a,40,464537
Nigeria,"Country information and guidance: background information, including actors of protection and internal relocation, Nigeria, August 2016","By country/Nigeria/Country information and guidance- background information, including actors of protection and internal relocation, Nigeria, August 2016 [51f7042ec5a4].pdf",https://webarchive.nationalarchives.gov.uk/ukgwa/20180513003659/https://assets.publishing.service.gov.uk/government/uploads/system/uploads/attachment_data/file/566194/CIG_-_Nigeria_-_Background.pdf,51f7042ec5a4925bddfd191c1f4b17ac354083d51e05a3a10de32fb3b8bdf45a,40,464537
Nigeria,"Country information and guidance: background information, including actors of protection and internal relocation, Nigeria, August 2016","By country/Nigeria/Country information and guidance- background information, including actors of protection and internal relocation, Nigeria, August 2016 [51f7042ec5a4].pdf",https://webarchive.nationalarchives.gov.uk/ukgwa/20180609090846/https://assets.publishing.service.gov.uk/government/uploads/system/uploads/attachment_data/file/566194/CIG_-_Nigeria_-_Background.pdf,51f7042ec5a4925bddfd191c1f4b17ac354083d51e05a3a10de32fb3b8bdf45a,40,464537
Nigeria,"Country information and guidance: background information, including actors of protection and internal relocation, Nigeria, August 2016","By country/Nigeria/Country information and guidance- background information, including actors of protection and internal relocation, Nigeria, August 2016 [51f7042ec5a4].pdf",https://webarchive.nationalarchives.gov.uk/ukgwa/20180718005653/https://assets.publishing.service.gov.uk/government/uploads/system/uploads/attachment_data/file/566194/CIG_-_Nigeria_-_Background.pdf,51f7042ec5a4925bddfd191c1f4b17ac354083d51e05a3a10de32fb3b8bdf45a,40,464537
Nigeria,"Country information and guidance: background information, including actors of protection and internal relocation, Nigeria, August 2016","By country/Nigeria/Country information and guidance- background information, including actors of protection and internal relocation, Nigeria, August 2016 [51f7042ec5a4].pdf",https://webarchive.nationalarchives.gov.uk/ukgwa/20180719055434/https://assets.publishing.service.gov.uk/government/uploads/system/uploads/attachment_data/file/566194/CIG_-_Nigeria_-_Background.pdf,51f7042ec5a4925bddfd191c1f4b17ac354083d51e05a3a10de32fb3b8bdf45a,40,464537
Nigeria,"Country information and guidance: background information, including actors of protection and internal relocation, Nigeria, August 2016","By country/Nigeria/Country information and guidance- background information, including actors of protection and internal relocation, Nigeria, August 2016 [51f7042ec5a4].pdf",https://webarchive.nationalarchives.gov.uk/ukgwa/20180809032933/https://assets.publishing.service.gov.uk/government/uploads/system/uploads/attachment_data/file/566194/CIG_-_Nigeria_-_Background.pdf,51f7042ec5a4925bddfd191c1f4b17ac354083d51e05a3a10de32fb3b8bdf45a,40,464537
Nigeria,"Country information and guidance: background information, including actors of protection and internal relocation, Nigeria, August 2016","By country/Nigeria/Country information and guidance- background information, including actors of protection and internal relocation, Nigeria, August 2016 [51f7042ec5a4].pdf",https://webarchive.nationalarchives.gov.uk/ukgwa/20180913071629/https://assets.publishing.service.gov.uk/government/uploads/system/uploads/attachment_data/file/566194/CIG_-_Nigeria_-_Background.pdf,51f7042ec5a4925bddfd191c1f4b17ac354083d51e05a3a10de32fb3b8bdf45a,40,464537
Nigeria,"Country information and guidance: background information, including actors of protection and internal relocation, Nigeria, August 2016","By country/Nigeria/Country information and guidance- background information, including actors of protection and internal relocation, Nigeria, August 2016 [51f7042ec5a4].pdf",https://webarchive.nationalarchives.gov.uk/ukgwa/20181003131027/https://assets.publishing.service.gov.uk/government/uploads/system/uploads/attachment_data/file/566194/CIG_-_Nigeria_-_Background.pdf,51f7042ec5a4925bddfd191c1f4b17ac354083d51e05a3a10de32fb3b8bdf45a,40,464537
Nigeria,"Country information and guidance: background information, including actors of protection and internal relocation, Nigeria, August 2016","By country/Nigeria/Country information and guidance- background information, including actors of protection and internal relocation, Nigeria, August 2016 [51f7042ec5a4].pdf",https://webarchive.nationalarchives.gov.uk/ukgwa/20181112164715/https://assets.publishing.service.gov.uk/government/uploads/system/uploads/attachment_data/file/566194/CIG_-_Nigeria_-_Background.pdf,51f7042ec5a4925bddfd191c1f4b17ac354083d51e05a3a10de32fb3b8bdf45a,40,464537
Nigeria,"Country information and guidance: background information, including actors of protection and internal relocation, Nigeria, August 2016","By country/Nigeria/Country information and guidance- background information, including actors of protection and internal relocation, Nigeria, August 2016 [51f7042ec5a4].pdf",https://webarchive.nationalarchives.gov.uk/ukgwa/20181219124920/https://assets.publishing.service.gov.uk/government/uploads/system/uploads/attachment_data/file/566194/CIG_-_Nigeria_-_Background.pdf,51f7042ec5a4925bddfd191c1f4b17ac354083d51e05a3a10de32fb3b8bdf45a,40,464537
Nigeria,"Country policy and information note: trafficking of women, Nigeria, November 2016","By country/Nigeria/Country policy and information note- trafficking of women, Nigeria, November 2016 [e6a9baea39f0].pdf",https://webarchive.nationalarchives.gov.uk/ukgwa/20190111165316/https://assets.publishing.service.gov.uk/government/uploads/system/uploads/attachment_data/file/570872/CPIN-Nigeria-Trafficking-v2-November-2016.pdf,e6a9baea39f0bcad211a19dcfd99dc3c5f2cecb367ac13a44e35b50c0f50a0f7,50,529490
Nigeria,"Country policy and information note: trafficking of women, Nigeria, November 2016","By country/Nigeria/Country policy and information note- trafficking of women, Nigeria, November 2016 [e6a9baea39f0].pdf",https://webarchive.nationalarchives.gov.uk/ukgwa/20190205150134/https://assets.publishing.service.gov.uk/government/uploads/system/uploads/attachment_data/file/570872/CPIN-Nigeria-Trafficking-v2-November-2016.pdf,e6a9baea39f0bcad211a19dcfd99dc3c5f2cecb367ac13a44e35b50c0f50a0f7,50,529490
Nigeria,"Country policy and information note: trafficking of women, Nigeria, November 2016","By country/Nigeria/Country policy and information note- trafficking of women, Nigeria, November 2016 [e6a9baea39f0].pdf",https://webarchive.nationalarchives.gov.uk/ukgwa/20190220212925/https://assets.publishing.service.gov.uk/government/uploads/system/uploads/attachment_data/file/570872/CPIN-Nigeria-Trafficking-v2-November-2016.pdf,e6a9baea39f0bcad211a19dcfd99dc3c5f2cecb367ac13a44e35b50c0f50a0f7,50,529490
Nigeria,"Country policy and information note: trafficking of women, Nigeria, November 2016","By country/Nigeria/Country policy and information note- trafficking of women, Nigeria, November 2016 [e6a9baea39f0].pdf",https://webarchive.nationalarchives.gov.uk/ukgwa/20190304060230/https://assets.publishing.service.gov.uk/government/uploads/system/uploads/attachment_data/file/570872/CPIN-Nigeria-Trafficking-v2-November-2016.pdf,e6a9baea39f0bcad211a19dcfd99dc3c5f2cecb367ac13a44e35b50c0f50a0f7,50,529490
Nigeria,"Country policy and information note: trafficking of women, Nigeria, November 2016","By country/Nigeria/Country policy and information note- trafficking of women, Nigeria, November 2016 [e6a9baea39f0].pdf",https://webarchive.nationalarchives.gov.uk/ukgwa/20190319183749/https://assets.publishing.service.gov.uk/government/uploads/system/uploads/attachment_data/file/570872/CPIN-Nigeria-Trafficking-v2-November-2016.pdf,e6a9baea39f0bcad211a19dcfd99dc3c5f2cecb367ac13a44e35b50c0f50a0f7,50,529490
Nigeria,"Country policy and information note: trafficking of women, Nigeria, November 2016","By country/Nigeria/Country policy and information note- trafficking of women, Nigeria, November 2016 [e6a9baea39f0].pdf",https://webarchive.nationalarchives.gov.uk/ukgwa/20190404065249/https://assets.publishing.service.gov.uk/government/uploads/system/uploads/attachment_data/file/570872/CPIN-Nigeria-Trafficking-v2-November-2016.pdf,e6a9baea39f0bcad211a19dcfd99dc3c5f2cecb367ac13a44e35b50c0f50a0f7,50,529490
Nigeria,"Country policy and information note: trafficking of women, Nigeria, November 2016","By country/Nigeria/Country policy and information note- trafficking of women, Nigeria, November 2016 [e6a9baea39f0].pdf",https://webarchive.nationalarchives.gov.uk/ukgwa/20190510035544/https://assets.publishing.service.gov.uk/government/uploads/system/uploads/attachment_data/file/570872/CPIN-Nigeria-Trafficking-v2-November-2016.pdf,e6a9baea39f0bcad211a19dcfd99dc3c5f2cecb367ac13a44e35b50c0f50a0f7,50,529490
Nigeria,"Country policy and information note: trafficking of women, Nigeria, November 2016","By country/Nigeria/Country policy and information note- trafficking of women, Nigeria, November 2016 [e6a9baea39f0].pdf",https://webarchive.nationalarchives.gov.uk/ukgwa/20190610132751/https://assets.publishing.service.gov.uk/government/uploads/system/uploads/attachment_data/file/570872/CPIN-Nigeria-Trafficking-v2-November-2016.pdf,e6a9baea39f0bcad211a19dcfd99dc3c5f2cecb367ac13a44e35b50c0f50a0f7,50,529490
Nigeria,"Country policy and information note: trafficking of women, Nigeria, November 2016","By country/Nigeria/Country policy and information note- trafficking of women, Nigeria, November 2016 [e6a9baea39f0].pdf",https://webarchive.nationalarchives.gov.uk/ukgwa/20180412090459/https://assets.publishing.service.gov.uk/government/uploads/system/uploads/attachment_data/file/570872/CPIN-Nigeria-Trafficking-v2-November-2016.pdf,e6a9baea39f0bcad211a19dcfd99dc3c5f2cecb367ac13a44e35b50c0f50a0f7,50,529490
Nigeria,"Country policy and information note: trafficking of women, Nigeria, November 2016","By country/Nigeria/Country policy and information note- trafficking of women, Nigeria, November 2016 [e6a9baea39f0].pdf",https://webarchive.nationalarchives.gov.uk/ukgwa/20180513004542/https://assets.publishing.service.gov.uk/government/uploads/system/uploads/attachment_data/file/570872/CPIN-Nigeria-Trafficking-v2-November-2016.pdf,e6a9baea39f0bcad211a19dcfd99dc3c5f2cecb367ac13a44e35b50c0f50a0f7,50,529490
Nigeria,"Country policy and information note: trafficking of women, Nigeria, November 2016","By country/Nigeria/Country policy and information note- trafficking of women, Nigeria, November 2016 [e6a9baea39f0].pdf",https://webarchive.nationalarchives.gov.uk/ukgwa/20180609090516/https://assets.publishing.service.gov.uk/government/uploads/system/uploads/attachment_data/file/570872/CPIN-Nigeria-Trafficking-v2-November-2016.pdf,e6a9baea39f0bcad211a19dcfd99dc3c5f2cecb367ac13a44e35b50c0f50a0f7,50,529490
Nigeria,"Country policy and information note: trafficking of women, Nigeria, November 2016","By country/Nigeria/Country policy and information note- trafficking of women, Nigeria, November 2016 [e6a9baea39f0].pdf",https://webarchive.nationalarchives.gov.uk/ukgwa/20180718005650/https://assets.publishing.service.gov.uk/government/uploads/system/uploads/attachment_data/file/570872/CPIN-Nigeria-Trafficking-v2-November-2016.pdf,e6a9baea39f0bcad211a19dcfd99dc3c5f2cecb367ac13a44e35b50c0f50a0f7,50,529490
Nigeria,"Country policy and information note: trafficking of women, Nigeria, November 2016","By country/Nigeria/Country policy and information note- trafficking of women, Nigeria, November 2016 [e6a9baea39f0].pdf",https://webarchive.nationalarchives.gov.uk/ukgwa/20180719052757/https://assets.publishing.service.gov.uk/government/uploads/system/uploads/attachment_data/file/570872/CPIN-Nigeria-Trafficking-v2-November-2016.pdf,e6a9baea39f0bcad211a19dcfd99dc3c5f2cecb367ac13a44e35b50c0f50a0f7,50,529490
Nigeria,"Country policy and information note: trafficking of women, Nigeria, November 2016","By country/Nigeria/Country policy and information note- trafficking of women, Nigeria, November 2016 [e6a9baea39f0].pdf",https://webarchive.nationalarchives.gov.uk/ukgwa/20180809030947/https://assets.publishing.service.gov.uk/government/uploads/system/uploads/attachment_data/file/570872/CPIN-Nigeria-Trafficking-v2-November-2016.pdf,e6a9baea39f0bcad211a19dcfd99dc3c5f2cecb367ac13a44e35b50c0f50a0f7,50,529490
Nigeria,"Country policy and information note: trafficking of women, Nigeria, November 2016","By country/Nigeria/Country policy and information note- trafficking of women, Nigeria, November 2016 [e6a9baea39f0].pdf",https://webarchive.nationalarchives.gov.uk/ukgwa/20180913065416/https://assets.publishing.service.gov.uk/government/uploads/system/uploads/attachment_data/file/570872/CPIN-Nigeria-Trafficking-v2-November-2016.pdf,e6a9baea39f0bcad211a19dcfd99dc3c5f2cecb367ac13a44e35b50c0f50a0f7,50,529490
Nigeria,"Country policy and information note: trafficking of women, Nigeria, November 2016","By country/Nigeria/Country policy and information note- trafficking of women, Nigeria, November 2016 [e6a9baea39f0].pdf",https://webarchive.nationalarchives.gov.uk/ukgwa/20181003131553/https://assets.publishing.service.gov.uk/government/uploads/system/uploads/attachment_data/file/570872/CPIN-Nigeria-Trafficking-v2-November-2016.pdf,e6a9baea39f0bcad211a19dcfd99dc3c5f2cecb367ac13a44e35b50c0f50a0f7,50,529490
Nigeria,"Country policy and information note: trafficking of women, Nigeria, November 2016","By country/Nigeria/Country policy and information note- trafficking of women, Nigeria, November 2016 [e6a9baea39f0].pdf",https://webarchive.nationalarchives.gov.uk/ukgwa/20181112173313/https://assets.publishing.service.gov.uk/government/uploads/system/uploads/attachment_data/file/570872/CPIN-Nigeria-Trafficking-v2-November-2016.pdf,e6a9baea39f0bcad211a19dcfd99dc3c5f2cecb367ac13a44e35b50c0f50a0f7,50,529490
Nigeria,"Country policy and information note: trafficking of women, Nigeria, November 2016","By country/Nigeria/Country policy and information note- trafficking of women, Nigeria, November 2016 [e6a9baea39f0].pdf",https://webarchive.nationalarchives.gov.uk/ukgwa/20181219125029/https://assets.publishing.service.gov.uk/government/uploads/system/uploads/attachment_data/file/570872/CPIN-Nigeria-Trafficking-v2-November-2016.pdf,e6a9baea39f0bcad211a19dcfd99dc3c5f2cecb367ac13a44e35b50c0f50a0f7,50,529490
Nigeria,"Country policy and information note Nigeria: Biafran separatists, April 2020","By country/Nigeria/Country policy and information note Nigeria- Biafran separatists, April 2020 [dfb9946e31de].pdf",https://webarchive.nationalarchives.gov.uk/ukgwa/20210108211433/https://assets.publishing.service.gov.uk/government/uploads/system/uploads/attachment_data/file/878655/NGA_-BIAFRAN_SEPARATISTS_-_CPIN_-_v1.0__April_2020__gov.uk.pdf,dfb9946e31ded436b7560cd150d74bbcf928c0e9848d036351bad17d47211069,45,548838
Nigeria,"Country policy and information note Nigeria: Biafran separatists, April 2020","By country/Nigeria/Country policy and information note Nigeria- Biafran separatists, April 2020 [dfb9946e31de].pdf",https://webarchive.nationalarchives.gov.uk/ukgwa/20210205223808/https://assets.publishing.service.gov.uk/government/uploads/system/uploads/attachment_data/file/878655/NGA_-BIAFRAN_SEPARATISTS_-_CPIN_-_v1.0__April_2020__gov.uk.pdf,dfb9946e31ded436b7560cd150d74bbcf928c0e9848d036351bad17d47211069,45,548838
Nigeria,"Country policy and information note Nigeria: Biafran separatists, April 2020","By country/Nigeria/Country policy and information note Nigeria- Biafran separatists, April 2020 [dfb9946e31de].pdf",https://webarchive.nationalarchives.gov.uk/ukgwa/20200424090137/https://assets.publishing.service.gov.uk/government/uploads/system/uploads/attachment_data/file/878655/NGA_-BIAFRAN_SEPARATISTS_-_CPIN_-_v1.0__April_2020__gov.uk.pdf,dfb9946e31ded436b7560cd150d74bbcf928c0e9848d036351bad17d47211069,45,548838
Nigeria,"Country policy and information note Nigeria: Biafran separatists, April 2020","By country/Nigeria/Country policy and information note Nigeria- Biafran separatists, April 2020 [dfb9946e31de].pdf",https://webarchive.nationalarchives.gov.uk/ukgwa/20200507115707/https://assets.publishing.service.gov.uk/government/uploads/system/uploads/attachment_data/file/878655/NGA_-BIAFRAN_SEPARATISTS_-_CPIN_-_v1.0__April_2020__gov.uk.pdf,dfb9946e31ded436b7560cd150d74bbcf928c0e9848d036351bad17d47211069,45,548838
Nigeria,"Country policy and information note Nigeria: Biafran separatists, April 2020","By country/Nigeria/Country policy and information note Nigeria- Biafran separatists, April 2020 [dfb9946e31de].pdf",https://webarchive.nationalarchives.gov.uk/ukgwa/20200606131810/https://assets.publishing.service.gov.uk/government/uploads/system/uploads/attachment_data/file/878655/NGA_-BIAFRAN_SEPARATISTS_-_CPIN_-_v1.0__April_2020__gov.uk.pdf,dfb9946e31ded436b7560cd150d74bbcf928c0e9848d036351bad17d47211069,45,548838
Nigeria,"Country policy and information note Nigeria: Biafran separatists, April 2020","By country/Nigeria/Country policy and information note Nigeria- Biafran separatists, April 2020 [dfb9946e31de].pdf",https://webarchive.nationalarchives.gov.uk/ukgwa/20200710030608/https://assets.publishing.service.gov.uk/government/uploads/system/uploads/attachment_data/file/878655/NGA_-BIAFRAN_SEPARATISTS_-_CPIN_-_v1.0__April_2020__gov.uk.pdf,dfb9946e31ded436b7560cd150d74bbcf928c0e9848d036351bad17d47211069,45,548838
Nigeria,"Country policy and information note Nigeria: Biafran separatists, April 2020","By country/Nigeria/Country policy and information note Nigeria- Biafran separatists, April 2020 [dfb9946e31de].pdf",https://webarchive.nationalarchives.gov.uk/ukgwa/20200728040808/https://assets.publishing.service.gov.uk/government/uploads/system/uploads/attachment_data/file/878655/NGA_-BIAFRAN_SEPARATISTS_-_CPIN_-_v1.0__April_2020__gov.uk.pdf,dfb9946e31ded436b7560cd150d74bbcf928c0e9848d036351bad17d47211069,45,548838
Nigeria,"Country policy and information note Nigeria: Biafran separatists, April 2020","By country/Nigeria/Country policy and information note Nigeria- Biafran separatists, April 2020 [dfb9946e31de].pdf",https://webarchive.nationalarchives.gov.uk/ukgwa/20200729093505/https://assets.publishing.service.gov.uk/government/uploads/system/uploads/attachment_data/file/878655/NGA_-BIAFRAN_SEPARATISTS_-_CPIN_-_v1.0__April_2020__gov.uk.pdf,dfb9946e31ded436b7560cd150d74bbcf928c0e9848d036351bad17d47211069,45,548838
Nigeria,"Country policy and information note Nigeria: Biafran separatists, April 2020","By country/Nigeria/Country policy and information note Nigeria- Biafran separatists, April 2020 [dfb9946e31de].pdf",https://webarchive.nationalarchives.gov.uk/ukgwa/20200730083657/https://assets.publishing.service.gov.uk/government/uploads/system/uploads/attachment_data/file/878655/NGA_-BIAFRAN_SEPARATISTS_-_CPIN_-_v1.0__April_2020__gov.uk.pdf,dfb9946e31ded436b7560cd150d74bbcf928c0e9848d036351bad17d47211069,45,548838
Nigeria,"Country policy and information note Nigeria: Biafran separatists, April 2020","By country/Nigeria/Country policy and information note Nigeria- Biafran separatists, April 2020 [dfb9946e31de].pdf",https://webarchive.nationalarchives.gov.uk/ukgwa/20200731042148/https://assets.publishing.service.gov.uk/government/uploads/system/uploads/attachment_data/file/878655/NGA_-BIAFRAN_SEPARATISTS_-_CPIN_-_v1.0__April_2020__gov.uk.pdf,dfb9946e31ded436b7560cd150d74bbcf928c0e9848d036351bad17d47211069,45,548838
Nigeria,"Country policy and information note Nigeria: Biafran separatists, April 2020","By country/Nigeria/Country policy and information note Nigeria- Biafran separatists, April 2020 [dfb9946e31de].pdf",https://webarchive.nationalarchives.gov.uk/ukgwa/20200804072312/https://assets.publishing.service.gov.uk/government/uploads/system/uploads/attachment_data/file/878655/NGA_-BIAFRAN_SEPARATISTS_-_CPIN_-_v1.0__April_2020__gov.uk.pdf,dfb9946e31ded436b7560cd150d74bbcf928c0e9848d036351bad17d47211069,45,548838
Nigeria,"Country policy and information note Nigeria: Biafran separatists, April 2020","By country/Nigeria/Country policy and information note Nigeria- Biafran separatists, April 2020 [dfb9946e31de].pdf",https://webarchive.nationalarchives.gov.uk/ukgwa/20200805094156/https://assets.publishing.service.gov.uk/government/uploads/system/uploads/attachment_data/file/878655/NGA_-BIAFRAN_SEPARATISTS_-_CPIN_-_v1.0__April_2020__gov.uk.pdf,dfb9946e31ded436b7560cd150d74bbcf928c0e9848d036351bad17d47211069,45,548838
Nigeria,"Country policy and information note Nigeria: Biafran separatists, April 2020","By country/Nigeria/Country policy and information note Nigeria- Biafran separatists, April 2020 [dfb9946e31de].pdf",https://webarchive.nationalarchives.gov.uk/ukgwa/20200805163413/https://assets.publishing.service.gov.uk/government/uploads/system/uploads/attachment_data/file/878655/NGA_-BIAFRAN_SEPARATISTS_-_CPIN_-_v1.0__April_2020__gov.uk.pdf,dfb9946e31ded436b7560cd150d74bbcf928c0e9848d036351bad17d47211069,45,548838
Nigeria,"Country policy and information note Nigeria: Biafran separatists, April 2020","By country/Nigeria/Country policy and information note Nigeria- Biafran separatists, April 2020 [dfb9946e31de].pdf",https://webarchive.nationalarchives.gov.uk/ukgwa/20200806082122/https://assets.publishing.service.gov.uk/government/uploads/system/uploads/attachment_data/file/878655/NGA_-BIAFRAN_SEPARATISTS_-_CPIN_-_v1.0__April_2020__gov.uk.pdf,dfb9946e31ded436b7560cd150d74bbcf928c0e9848d036351bad17d47211069,45,548838
Nigeria,"Country policy and information note Nigeria: Biafran separatists, April 2020","By country/Nigeria/Country policy and information note Nigeria- Biafran separatists, April 2020 [dfb9946e31de].pdf",https://webarchive.nationalarchives.gov.uk/ukgwa/20200807110505/https://assets.publishing.service.gov.uk/government/uploads/system/uploads/attachment_data/file/878655/NGA_-BIAFRAN_SEPARATISTS_-_CPIN_-_v1.0__April_2020__gov.uk.pdf,dfb9946e31ded436b7560cd150d74bbcf928c0e9848d036351bad17d47211069,45,548838
Nigeria,"Country policy and information note Nigeria: Biafran separatists, April 2020","By country/Nigeria/Country policy and information note Nigeria- Biafran separatists, April 2020 [dfb9946e31de].pdf",https://webarchive.nationalarchives.gov.uk/ukgwa/20200808174423/https://assets.publishing.service.gov.uk/government/uploads/system/uploads/attachment_data/file/878655/NGA_-BIAFRAN_SEPARATISTS_-_CPIN_-_v1.0__April_2020__gov.uk.pdf,dfb9946e31ded436b7560cd150d74bbcf928c0e9848d036351bad17d47211069,45,548838
Nigeria,"Country policy and information note Nigeria: Biafran separatists, April 2020","By country/Nigeria/Country policy and information note Nigeria- Biafran separatists, April 2020 [dfb9946e31de].pdf",https://webarchive.nationalarchives.gov.uk/ukgwa/20200811075133/https://assets.publishing.service.gov.uk/government/uploads/system/uploads/attachment_data/file/878655/NGA_-BIAFRAN_SEPARATISTS_-_CPIN_-_v1.0__April_2020__gov.uk.pdf,dfb9946e31ded436b7560cd150d74bbcf928c0e9848d036351bad17d47211069,45,548838
Nigeria,"Country policy and information note Nigeria: Biafran separatists, April 2020","By country/Nigeria/Country policy and information note Nigeria- Biafran separatists, April 2020 [dfb9946e31de].pdf",https://webarchive.nationalarchives.gov.uk/ukgwa/20200915033557/https://assets.publishing.service.gov.uk/government/uploads/system/uploads/attachment_data/file/878655/NGA_-BIAFRAN_SEPARATISTS_-_CPIN_-_v1.0__April_2020__gov.uk.pdf,dfb9946e31ded436b7560cd150d74bbcf928c0e9848d036351bad17d47211069,45,548838
Nigeria,"Country policy and information note Nigeria: Biafran separatists, April 2020","By country/Nigeria/Country policy and information note Nigeria- Biafran separatists, April 2020 [dfb9946e31de].pdf",https://webarchive.nationalarchives.gov.uk/ukgwa/20201006004857/https://assets.publishing.service.gov.uk/government/uploads/system/uploads/attachment_data/file/878655/NGA_-BIAFRAN_SEPARATISTS_-_CPIN_-_v1.0__April_2020__gov.uk.pdf,dfb9946e31ded436b7560cd150d74bbcf928c0e9848d036351bad17d47211069,45,548838
Nigeria,"Country policy and information note Nigeria: Biafran separatists, April 2020","By country/Nigeria/Country policy and information note Nigeria- Biafran separatists, April 2020 [dfb9946e31de].pdf",https://webarchive.nationalarchives.gov.uk/ukgwa/20201108131243/https://assets.publishing.service.gov.uk/government/uploads/system/uploads/attachment_data/file/878655/NGA_-BIAFRAN_SEPARATISTS_-_CPIN_-_v1.0__April_2020__gov.uk.pdf,dfb9946e31ded436b7560cd150d74bbcf928c0e9848d036351bad17d47211069,45,548838
Nigeria,"Country policy and information note Nigeria: Biafran separatists, April 2020","By country/Nigeria/Country policy and information note Nigeria- Biafran separatists, April 2020 [dfb9946e31de].pdf",https://webarchive.nationalarchives.gov.uk/ukgwa/20201205210436/https://assets.publishing.service.gov.uk/government/uploads/system/uploads/attachment_data/file/878655/NGA_-BIAFRAN_SEPARATISTS_-_CPIN_-_v1.0__April_2020__gov.uk.pdf,dfb9946e31ded436b7560cd150d74bbcf928c0e9848d036351bad17d47211069,45,548838
Nigeria,"Country policy and information note Nigeria: Biafran separatists, April 2020","By country/Nigeria/Country policy and information note Nigeria- Biafran separatists, April 2020 [dfb9946e31de].pdf",https://webarchive.nationalarchives.gov.uk/ukgwa/20201228030434/https://assets.publishing.service.gov.uk/government/uploads/system/uploads/attachment_data/file/878655/NGA_-BIAFRAN_SEPARATISTS_-_CPIN_-_v1.0__April_2020__gov.uk.pdf,dfb9946e31ded436b7560cd150d74bbcf928c0e9848d036351bad17d47211069,45,548838
Pakistan,"Country information and guidance report: background information, including actors of protection, and internal relocation, Pakistan, 06 October 2014","By country/Pakistan/Country information and guidance report- background information, including actors of protection, and internal relocation, Pakistan, 06 October 2014 [742cd1fed557].pdf",https://webarchive.nationalarchives.gov.uk/ukgwa/20170201183548/https://www.gov.uk/government/uploads/system/uploads/attachment_data/file/566241/Pakistan_CIG.pdf,742cd1fed5579c2a42cd5906e45090da557eb6f3c77b04b65ee5ac275d30f020,36,434106
Pakistan,"Country information and guidance report: background information, including actors of protection, and internal relocation, Pakistan, 06 October 2014","By country/Pakistan/Country information and guidance report- background information, including actors of protection, and internal relocation, Pakistan, 06 October 2014 [742cd1fed557].pdf",https://webarchive.nationalarchives.gov.uk/ukgwa/20170203203531/https://www.gov.uk/government/uploads/system/uploads/attachment_data/file/566241/Pakistan_CIG.pdf,742cd1fed5579c2a42cd5906e45090da557eb6f3c77b04b65ee5ac275d30f020,36,434106
Pakistan,"Country information and guidance report: background information, including actors of protection, and internal relocation, Pakistan, 06 October 2014","By country/Pakistan/Country information and guidance report- background information, including actors of protection, and internal relocation, Pakistan, 06 October 2014 [742cd1fed557].pdf",https://webarchive.nationalarchives.gov.uk/ukgwa/20170210015618/https://www.gov.uk/government/uploads/system/uploads/attachment_data/file/566241/Pakistan_CIG.pdf,742cd1fed5579c2a42cd5906e45090da557eb6f3c77b04b65ee5ac275d30f020,36,434106
Pakistan,"Country information and guidance report: background information, including actors of protection, and internal relocation, Pakistan, 06 October 2014","By country/Pakistan/Country information and guidance report- background information, including actors of protection, and internal relocation, Pakistan, 06 October 2014 [742cd1fed557].pdf",https://webarchive.nationalarchives.gov.uk/ukgwa/20170425190207/https://www.gov.uk/government/uploads/system/uploads/attachment_data/file/566241/Pakistan_CIG.pdf,742cd1fed5579c2a42cd5906e45090da557eb6f3c77b04b65ee5ac275d30f020,36,434106
Pakistan,"Country information and guidance report: background information, including actors of protection, and internal relocation, Pakistan, 06 October 2014","By country/Pakistan/Country information and guidance report- background information, including actors of protection, and internal relocation, Pakistan, 06 October 2014 [742cd1fed557].pdf",https://webarchive.nationalarchives.gov.uk/ukgwa/20170523150138/https://www.gov.uk/government/uploads/system/uploads/attachment_data/file/566241/Pakistan_CIG.pdf,742cd1fed5579c2a42cd5906e45090da557eb6f3c77b04b65ee5ac275d30f020,36,434106
Pakistan,"Country information and guidance report: background information, including actors of protection, and internal relocation, Pakistan, 06 October 2014","By country/Pakistan/Country information and guidance report- background information, including actors of protection, and internal relocation, Pakistan, 06 October 2014 [742cd1fed557].pdf",https://webarchive.nationalarchives.gov.uk/ukgwa/20161220182320/https://www.gov.uk/government/uploads/system/uploads/attachment_data/file/566241/Pakistan_CIG.pdf,742cd1fed5579c2a42cd5906e45090da557eb6f3c77b04b65ee5ac275d30f020,36,434106
Pakistan,"Country information and guidance report: fear of the Taliban and other militant groups, Pakistan, May 2014","By country/Pakistan/Country information and guidance report- fear of the Taliban and other militant groups, Pakistan, May 2014 [0c1da2c8cfd1].pdf",https://webarchive.nationalarchives.gov.uk/ukgwa/20180106035610/https://www.gov.uk/government/uploads/system/uploads/attachment_data/file/566243/Pakistan_CIG.Fear_Taliban.pdf,0c1da2c8cfd1e96fcae59d669c031a0cb32236ff509dc6add58fbcdcd26ff109,15,340881
Pakistan,"Country information and guidance report: fear of the Taliban and other militant groups, Pakistan, May 2014","By country/Pakistan/Country information and guidance report- fear of the Taliban and other militant groups, Pakistan, May 2014 [0c1da2c8cfd1].pdf",https://webarchive.nationalarchives.gov.uk/ukgwa/20180302031902/https://www.gov.uk/government/uploads/system/uploads/attachment_data/file/566243/Pakistan_CIG.Fear_Taliban.pdf,0c1da2c8cfd1e96fcae59d669c031a0cb32236ff509dc6add58fbcdcd26ff109,15,340881
Pakistan,"Country information and guidance report: fear of the Taliban and other militant groups, Pakistan, May 2014","By country/Pakistan/Country information and guidance report- fear of the Taliban and other militant groups, Pakistan, May 2014 [0c1da2c8cfd1].pdf",https://webarchive.nationalarchives.gov.uk/ukgwa/20180310183234/https://www.gov.uk/government/uploads/system/uploads/attachment_data/file/566243/Pakistan_CIG.Fear_Taliban.pdf,0c1da2c8cfd1e96fcae59d669c031a0cb32236ff509dc6add58fbcdcd26ff109,15,340881
Pakistan,"Country information and guidance report: fear of the Taliban and other militant groups, Pakistan, May 2014","By country/Pakistan/Country information and guidance report- fear of the Taliban and other militant groups, Pakistan, May 2014 [0c1da2c8cfd1].pdf",https://webarchive.nationalarchives.gov.uk/ukgwa/20170201183551/https://www.gov.uk/government/uploads/system/uploads/attachment_data/file/566243/Pakistan_CIG.Fear_Taliban.pdf,0c1da2c8cfd1e96fcae59d669c031a0cb32236ff509dc6add58fbcdcd26ff109,15,340881
Pakistan,"Country information and guidance report: fear of the Taliban and other militant groups, Pakistan, May 2014","By country/Pakistan/Country information and guidance report- fear of the Taliban and other militant groups, Pakistan, May 2014 [0c1da2c8cfd1].pdf",https://webarchive.nationalarchives.gov.uk/ukgwa/20170203203534/https://www.gov.uk/government/uploads/system/uploads/attachment_data/file/566243/Pakistan_CIG.Fear_Taliban.pdf,0c1da2c8cfd1e96fcae59d669c031a0cb32236ff509dc6add58fbcdcd26ff109,15,340881
Pakistan,"Country information and guidance report: fear of the Taliban and other militant groups, Pakistan, May 2014","By country/Pakistan/Country information and guidance report- fear of the Taliban and other militant groups, Pakistan, May 2014 [0c1da2c8cfd1].pdf",https://webarchive.nationalarchives.gov.uk/ukgwa/20170210015622/https://www.gov.uk/government/uploads/system/uploads/attachment_data/file/566243/Pakistan_CIG.Fear_Taliban.pdf,0c1da2c8cfd1e96fcae59d669c031a0cb32236ff509dc6add58fbcdcd26ff109,15,340881
Pakistan,"Country information and guidance report: fear of the Taliban and other militant groups, Pakistan, May 2014","By country/Pakistan/Country information and guidance report- fear of the Taliban and other militant groups, Pakistan, May 2014 [0c1da2c8cfd1].pdf",https://webarchive.nationalarchives.gov.uk/ukgwa/20170425190209/https://www.gov.uk/government/uploads/system/uploads/attachment_data/file/566243/Pakistan_CIG.Fear_Taliban.pdf,0c1da2c8cfd1e96fcae59d669c031a0cb32236ff509dc6add58fbcdcd26ff109,15,340881
Pakistan,"Country information and guidance report: fear of the Taliban and other militant groups, Pakistan, May 2014","By country/Pakistan/Country information and guidance report- fear of the Taliban and other militant groups, Pakistan, May 2014 [0c1da2c8cfd1].pdf",https://webarchive.nationalarchives.gov.uk/ukgwa/20170523150140/https://www.gov.uk/government/uploads/system/uploads/attachment_data/file/566243/Pakistan_CIG.Fear_Taliban.pdf,0c1da2c8cfd1e96fcae59d669c031a0cb32236ff509dc6add58fbcdcd26ff109,15,340881
Pakistan,"Country information and guidance report: fear of the Taliban and other militant groups, Pakistan, May 2014","By country/Pakistan/Country information and guidance report- fear of the Taliban and other militant groups, Pakistan, May 2014 [0c1da2c8cfd1].pdf",https://webarchive.nationalarchives.gov.uk/ukgwa/20170627202050/https://www.gov.uk/government/uploads/system/uploads/attachment_data/file/566243/Pakistan_CIG.Fear_Taliban.pdf,0c1da2c8cfd1e96fcae59d669c031a0cb32236ff509dc6add58fbcdcd26ff109,15,340881
Pakistan,"Country information and guidance report: fear of the Taliban and other militant groups, Pakistan, May 2014","By country/Pakistan/Country information and guidance report- fear of the Taliban and other militant groups, Pakistan, May 2014 [0c1da2c8cfd1].pdf",https://webarchive.nationalarchives.gov.uk/ukgwa/20170804173253/https://www.gov.uk/government/uploads/system/uploads/attachment_data/file/566243/Pakistan_CIG.Fear_Taliban.pdf,0c1da2c8cfd1e96fcae59d669c031a0cb32236ff509dc6add58fbcdcd26ff109,15,340881
Pakistan,"Country information and guidance report: fear of the Taliban and other militant groups, Pakistan, May 2014","By country/Pakistan/Country information and guidance report- fear of the Taliban and other militant groups, Pakistan, May 2014 [0c1da2c8cfd1].pdf",https://webarchive.nationalarchives.gov.uk/ukgwa/20170909151214/https://www.gov.uk/government/uploads/system/uploads/attachment_data/file/566243/Pakistan_CIG.Fear_Taliban.pdf,0c1da2c8cfd1e96fcae59d669c031a0cb32236ff509dc6add58fbcdcd26ff109,15,340881
Pakistan,"Country information and guidance report: fear of the Taliban and other militant groups, Pakistan, May 2014","By country/Pakistan/Country information and guidance report- fear of the Taliban and other militant groups, Pakistan, May 2014 [0c1da2c8cfd1].pdf",https://webarchive.nationalarchives.gov.uk/ukgwa/20171012152034/https://www.gov.uk/government/uploads/system/uploads/attachment_data/file/566243/Pakistan_CIG.Fear_Taliban.pdf,0c1da2c8cfd1e96fcae59d669c031a0cb32236ff509dc6add58fbcdcd26ff109,15,340881
Pakistan,"Country information and guidance report: fear of the Taliban and other militant groups, Pakistan, May 2014","By country/Pakistan/Country information and guidance report- fear of the Taliban and other militant groups, Pakistan, May 2014 [0c1da2c8cfd1].pdf",https://webarchive.nationalarchives.gov.uk/ukgwa/20171111184854/https://www.gov.uk/government/uploads/system/uploads/attachment_data/file/566243/Pakistan_CIG.Fear_Taliban.pdf,0c1da2c8cfd1e96fcae59d669c031a0cb32236ff509dc6add58fbcdcd26ff109,15,340881
Pakistan,"Country information and guidance report: fear of the Taliban and other militant groups, Pakistan, May 2014","By country/Pakistan/Country information and guidance report- fear of the Taliban and other militant groups, Pakistan, May 2014 [0c1da2c8cfd1].pdf",https://webarchive.nationalarchives.gov.uk/ukgwa/20171216173458/https://www.gov.uk/government/uploads/system/uploads/attachment_data/file/566243/Pakistan_CIG.Fear_Taliban.pdf,0c1da2c8cfd1e96fcae59d669c031a0cb32236ff509dc6add58fbcdcd26ff109,15,340881
Pakistan,"Country information and guidance report: fear of the Taliban and other militant groups, Pakistan, May 2014","By country/Pakistan/Country information and guidance report- fear of the Taliban and other militant groups, Pakistan, May 2014 [0c1da2c8cfd1].pdf",https://webarchive.nationalarchives.gov.uk/ukgwa/20161220182325/https://www.gov.uk/government/uploads/system/uploads/attachment_data/file/566243/Pakistan_CIG.Fear_Taliban.pdf,0c1da2c8cfd1e96fcae59d669c031a0cb32236ff509dc6add58fbcdcd26ff109,15,340881
Pakistan,"Country information and guidance report: land disputes, Pakistan, 16 July 2014","By country/Pakistan/Country information and guidance report- land disputes, Pakistan, 16 July 2014 [d5080bb547b5].pdf",https://webarchive.nationalarchives.gov.uk/ukgwa/20161220182322/https://www.gov.uk/government/uploads/system/uploads/attachment_data/file/566244/Pakistan_CIG.Land_disputes.pdf,d5080bb547b5354c30bc3ff6a768f8fa3977683d4dfbc250ef5c0dd3dd543ece,8,252518
Pakistan,"Country information and guidance: Christians and Christian converts, Pakistan, May 2016","By country/Pakistan/Country information and guidance- Christians and Christian converts, Pakistan, May 2016 [fc0b9d2391ec].pdf",https://webarchive.nationalarchives.gov.uk/ukgwa/20180106035137/https://www.gov.uk/government/uploads/system/uploads/attachment_data/file/566235/Pakistan-Christians_and_Christian_converts.pdf,fc0b9d2391ec47908152781195c3eb7104e800bbac5065225c77830ff7d16dbc,44,522988
Pakistan,"Country information and guidance: Christians and Christian converts, Pakistan, May 2016","By country/Pakistan/Country information and guidance- Christians and Christian converts, Pakistan, May 2016 [fc0b9d2391ec].pdf",https://webarchive.nationalarchives.gov.uk/ukgwa/20180302020733/https://www.gov.uk/government/uploads/system/uploads/attachment_data/file/566235/Pakistan-Christians_and_Christian_converts.pdf,fc0b9d2391ec47908152781195c3eb7104e800bbac5065225c77830ff7d16dbc,44,522988
Pakistan,"Country information and guidance: Christians and Christian converts, Pakistan, May 2016","By country/Pakistan/Country information and guidance- Christians and Christian converts, Pakistan, May 2016 [fc0b9d2391ec].pdf",https://webarchive.nationalarchives.gov.uk/ukgwa/20180310184502/https://www.gov.uk/government/uploads/system/uploads/attachment_data/file/566235/Pakistan-Christians_and_Christian_converts.pdf,fc0b9d2391ec47908152781195c3eb7104e800bbac5065225c77830ff7d16dbc,44,522988
Pakistan,"Country information and guidance: Christians and Christian converts, Pakistan, May 2016","By country/Pakistan/Country information and guidance- Christians and Christian converts, Pakistan, May 2016 [fc0b9d2391ec].pdf",https://webarchive.nationalarchives.gov.uk/ukgwa/20170201183535/https://www.gov.uk/government/uploads/system/uploads/attachment_data/file/566235/Pakistan-Christians_and_Christian_converts.pdf,fc0b9d2391ec47908152781195c3eb7104e800bbac5065225c77830ff7d16dbc,44,522988
Pakistan,"Country information and guidance: Christians and Christian converts, Pakistan, May 2016","By country/Pakistan/Country information and guidance- Christians and Christian converts, Pakistan, May 2016 [fc0b9d2391ec].pdf",https://webarchive.nationalarchives.gov.uk/ukgwa/20170203203518/https://www.gov.uk/government/uploads/system/uploads/attachment_data/file/566235/Pakistan-Christians_and_Christian_converts.pdf,fc0b9d2391ec47908152781195c3eb7104e800bbac5065225c77830ff7d16dbc,44,522988
Pakistan,"Country information and guidance: Christians and Christian converts, Pakistan, May 2016","By country/Pakistan/Country information and guidance- Christians and Christian converts, Pakistan, May 2016 [fc0b9d2391ec].pdf",https://webarchive.nationalarchives.gov.uk/ukgwa/20170210015605/https://www.gov.uk/government/uploads/system/uploads/attachment_data/file/566235/Pakistan-Christians_and_Christian_converts.pdf,fc0b9d2391ec47908152781195c3eb7104e800bbac5065225c77830ff7d16dbc,44,522988
Pakistan,"Country information and guidance: Christians and Christian converts, Pakistan, May 2016","By country/Pakistan/Country information and guidance- Christians and Christian converts, Pakistan, May 2016 [fc0b9d2391ec].pdf",https://webarchive.nationalarchives.gov.uk/ukgwa/20170425190153/https://www.gov.uk/government/uploads/system/uploads/attachment_data/file/566235/Pakistan-Christians_and_Christian_converts.pdf,fc0b9d2391ec47908152781195c3eb7104e800bbac5065225c77830ff7d16dbc,44,522988
Pakistan,"Country information and guidance: Christians and Christian converts, Pakistan, May 2016","By country/Pakistan/Country information and guidance- Christians and Christian converts, Pakistan, May 2016 [fc0b9d2391ec].pdf",https://webarchive.nationalarchives.gov.uk/ukgwa/20170523150124/https://www.gov.uk/government/uploads/system/uploads/attachment_data/file/566235/Pakistan-Christians_and_Christian_converts.pdf,fc0b9d2391ec47908152781195c3eb7104e800bbac5065225c77830ff7d16dbc,44,522988
Pakistan,"Country information and guidance: Christians and Christian converts, Pakistan, May 2016","By country/Pakistan/Country information and guidance- Christians and Christian converts, Pakistan, May 2016 [fc0b9d2391ec].pdf",https://webarchive.nationalarchives.gov.uk/ukgwa/20170627202033/https://www.gov.uk/government/uploads/system/uploads/attachment_data/file/566235/Pakistan-Christians_and_Christian_converts.pdf,fc0b9d2391ec47908152781195c3eb7104e800bbac5065225c77830ff7d16dbc,44,522988
Pakistan,"Country information and guidance: Christians and Christian converts, Pakistan, May 2016","By country/Pakistan/Country information and guidance- Christians and Christian converts, Pakistan, May 2016 [fc0b9d2391ec].pdf",https://webarchive.nationalarchives.gov.uk/ukgwa/20170804172747/https://www.gov.uk/government/uploads/system/uploads/attachment_data/file/566235/Pakistan-Christians_and_Christian_converts.pdf,fc0b9d2391ec47908152781195c3eb7104e800bbac5065225c77830ff7d16dbc,44,522988
Pakistan,"Country information and guidance: Christians and Christian converts, Pakistan, May 2016","By country/Pakistan/Country information and guidance- Christians and Christian converts, Pakistan, May 2016 [fc0b9d2391ec].pdf",https://webarchive.nationalarchives.gov.uk/ukgwa/20170909150946/https://www.gov.uk/government/uploads/system/uploads/attachment_data/file/566235/Pakistan-Christians_and_Christian_converts.pdf,fc0b9d2391ec47908152781195c3eb7104e800bbac5065225c77830ff7d16dbc,44,522988
Pakistan,"Country information and guidance: Christians and Christian converts, Pakistan, May 2016","By country/Pakistan/Country information and guidance- Christians and Christian converts, Pakistan, May 2016 [fc0b9d2391ec].pdf",https://webarchive.nationalarchives.gov.uk/ukgwa/20171012151849/https://www.gov.uk/government/uploads/system/uploads/attachment_data/file/566235/Pakistan-Christians_and_Christian_converts.pdf,fc0b9d2391ec47908152781195c3eb7104e800bbac5065225c77830ff7d16dbc,44,522988
Pakistan,"Country information and guidance: Christians and Christian converts, Pakistan, May 2016","By country/Pakistan/Country information and guidance- Christians and Christian converts, Pakistan, May 2016 [fc0b9d2391ec].pdf",https://webarchive.nationalarchives.gov.uk/ukgwa/20171111184852/https://www.gov.uk/government/uploads/system/uploads/attachment_data/file/566235/Pakistan-Christians_and_Christian_converts.pdf,fc0b9d2391ec47908152781195c3eb7104e800bbac5065225c77830ff7d16dbc,44,522988
Pakistan,"Country information and guidance: Christians and Christian converts, Pakistan, May 2016","By country/Pakistan/Country information and guidance- Christians and Christian converts, Pakistan, May 2016 [fc0b9d2391ec].pdf",https://webarchive.nationalarchives.gov.uk/ukgwa/20171216173456/https://www.gov.uk/government/uploads/system/uploads/attachment_data/file/566235/Pakistan-Christians_and_Christian_converts.pdf,fc0b9d2391ec47908152781195c3eb7104e800bbac5065225c77830ff7d16dbc,44,522988
Pakistan,"Country information and guidance: Christians and Christian converts, Pakistan, May 2016","By country/Pakistan/Country information and guidance- Christians and Christian converts, Pakistan, May 2016 [fc0b9d2391ec].pdf",https://webarchive.nationalarchives.gov.uk/ukgwa/20161220182307/https://www.gov.uk/government/uploads/system/uploads/attachment_data/file/566235/Pakistan-Christians_and_Christian_converts.pdf,fc0b9d2391ec47908152781195c3eb7104e800bbac5065225c77830ff7d16dbc,44,522988
Pakistan,"Country information and guidance: security and humanitarian, Pakistan, November 2015","By country/Pakistan/Country information and guidance- security and humanitarian, Pakistan, November 2015 [6a4155a77b31].pdf",https://webarchive.nationalarchives.gov.uk/ukgwa/20180106035140/https://www.gov.uk/government/uploads/system/uploads/attachment_data/file/566239/PAK_Security_and_humanitarian_situation.pdf,6a4155a77b31c4bafc2507f54a4950bb925c4cef062481f6040a50310f6e1b4d,23,451746
Pakistan,"Country information and guidance: security and humanitarian, Pakistan, November 2015","By country/Pakistan/Country information and guidance- security and humanitarian, Pakistan, November 2015 [6a4155a77b31].pdf",https://webarchive.nationalarchives.gov.uk/ukgwa/20180302030931/https://www.gov.uk/government/uploads/system/uploads/attachment_data/file/566239/PAK_Security_and_humanitarian_situation.pdf,6a4155a77b31c4bafc2507f54a4950bb925c4cef062481f6040a50310f6e1b4d,23,451746
Pakistan,"Country information and guidance: security and humanitarian, Pakistan, November 2015","By country/Pakistan/Country information and guidance- security and humanitarian, Pakistan, November 2015 [6a4155a77b31].pdf",https://webarchive.nationalarchives.gov.uk/ukgwa/20180310184344/https://www.gov.uk/government/uploads/system/uploads/attachment_data/file/566239/PAK_Security_and_humanitarian_situation.pdf,6a4155a77b31c4bafc2507f54a4950bb925c4cef062481f6040a50310f6e1b4d,23,451746
Pakistan,"Country information and guidance: security and humanitarian, Pakistan, November 2015","By country/Pakistan/Country information and guidance- security and humanitarian, Pakistan, November 2015 [6a4155a77b31].pdf",https://webarchive.nationalarchives.gov.uk/ukgwa/20170201183544/https://www.gov.uk/government/uploads/system/uploads/attachment_data/file/566239/PAK_Security_and_humanitarian_situation.pdf,6a4155a77b31c4bafc2507f54a4950bb925c4cef062481f6040a50310f6e1b4d,23,451746
Pakistan,"Country information and guidance: security and humanitarian, Pakistan, November 2015","By country/Pakistan/Country information and guidance- security and humanitarian, Pakistan, November 2015 [6a4155a77b31].pdf",https://webarchive.nationalarchives.gov.uk/ukgwa/20170203203527/https://www.gov.uk/government/uploads/system/uploads/attachment_data/file/566239/PAK_Security_and_humanitarian_situation.pdf,6a4155a77b31c4bafc2507f54a4950bb925c4cef062481f6040a50310f6e1b4d,23,451746
Pakistan,"Country information and guidance: security and humanitarian, Pakistan, November 2015","By country/Pakistan/Country information and guidance- security and humanitarian, Pakistan, November 2015 [6a4155a77b31].pdf",https://webarchive.nationalarchives.gov.uk/ukgwa/20170210015614/https://www.gov.uk/government/uploads/system/uploads/attachment_data/file/566239/PAK_Security_and_humanitarian_situation.pdf,6a4155a77b31c4bafc2507f54a4950bb925c4cef062481f6040a50310f6e1b4d,23,451746
Pakistan,"Country information and guidance: security and humanitarian, Pakistan, November 2015","By country/Pakistan/Country information and guidance- security and humanitarian, Pakistan, November 2015 [6a4155a77b31].pdf",https://webarchive.nationalarchives.gov.uk/ukgwa/20170425190203/https://www.gov.uk/government/uploads/system/uploads/attachment_data/file/566239/PAK_Security_and_humanitarian_situation.pdf,6a4155a77b31c4bafc2507f54a4950bb925c4cef062481f6040a50310f6e1b4d,23,451746
Pakistan,"Country information and guidance: security and humanitarian, Pakistan, November 2015","By country/Pakistan/Country information and guidance- security and humanitarian, Pakistan, November 2015 [6a4155a77b31].pdf",https://webarchive.nationalarchives.gov.uk/ukgwa/20170523150133/https://www.gov.uk/government/uploads/system/uploads/attachment_data/file/566239/PAK_Security_and_humanitarian_situation.pdf,6a4155a77b31c4bafc2507f54a4950bb925c4cef062481f6040a50310f6e1b4d,23,451746
Pakistan,"Country information and guidance: security and humanitarian, Pakistan, November 2015","By country/Pakistan/Country information and guidance- security and humanitarian, Pakistan, November 2015 [6a4155a77b31].pdf",https://webarchive.nationalarchives.gov.uk/ukgwa/20170627202041/https://www.gov.uk/government/uploads/system/uploads/attachment_data/file/566239/PAK_Security_and_humanitarian_situation.pdf,6a4155a77b31c4bafc2507f54a4950bb925c4cef062481f6040a50310f6e1b4d,23,451746
Pakistan,"Country information and guidance: security and humanitarian, Pakistan, November 2015","By country/Pakistan/Country information and guidance- security and humanitarian, Pakistan, November 2015 [6a4155a77b31].pdf",https://webarchive.nationalarchives.gov.uk/ukgwa/20170804172951/https://www.gov.uk/government/uploads/system/uploads/attachment_data/file/566239/PAK_Security_and_humanitarian_situation.pdf,6a4155a77b31c4bafc2507f54a4950bb925c4cef062481f6040a50310f6e1b4d,23,451746
Pakistan,"Country information and guidance: security and humanitarian, Pakistan, November 2015","By country/Pakistan/Country information and guidance- security and humanitarian, Pakistan, November 2015 [6a4155a77b31].pdf",https://webarchive.nationalarchives.gov.uk/ukgwa/20170909150805/https://www.gov.uk/government/uploads/system/uploads/attachment_data/file/566239/PAK_Security_and_humanitarian_situation.pdf,6a4155a77b31c4bafc2507f54a4950bb925c4cef062481f6040a50310f6e1b4d,23,451746
Pakistan,"Country information and guidance: security and humanitarian, Pakistan, November 2015","By country/Pakistan/Country information and guidance- security and humanitarian, Pakistan, November 2015 [6a4155a77b31].pdf",https://webarchive.nationalarchives.gov.uk/ukgwa/20171012152823/https://www.gov.uk/government/uploads/system/uploads/attachment_data/file/566239/PAK_Security_and_humanitarian_situation.pdf,6a4155a77b31c4bafc2507f54a4950bb925c4cef062481f6040a50310f6e1b4d,23,451746
Pakistan,"Country information and guidance: security and humanitarian, Pakistan, November 2015","By country/Pakistan/Country information and guidance- security and humanitarian, Pakistan, November 2015 [6a4155a77b31].pdf",https://webarchive.nationalarchives.gov.uk/ukgwa/20171111184034/https://www.gov.uk/government/uploads/system/uploads/attachment_data/file/566239/PAK_Security_and_humanitarian_situation.pdf,6a4155a77b31c4bafc2507f54a4950bb925c4cef062481f6040a50310f6e1b4d,23,451746
Pakistan,"Country information and guidance: security and humanitarian, Pakistan, November 2015","By country/Pakistan/Country information and guidance- security and humanitarian, Pakistan, November 2015 [6a4155a77b31].pdf",https://webarchive.nationalarchives.gov.uk/ukgwa/20171216173957/https://www.gov.uk/government/uploads/system/uploads/attachment_data/file/566239/PAK_Security_and_humanitarian_situation.pdf,6a4155a77b31c4bafc2507f54a4950bb925c4cef062481f6040a50310f6e1b4d,23,451746
Pakistan,"Country information and guidance: security and humanitarian, Pakistan, November 2015","By country/Pakistan/Country information and guidance- security and humanitarian, Pakistan, November 2015 [6a4155a77b31].pdf",https://webarchive.nationalarchives.gov.uk/ukgwa/20161220182316/https://www.gov.uk/government/uploads/system/uploads/attachment_data/file/566239/PAK_Security_and_humanitarian_situation.pdf,6a4155a77b31c4bafc2507f54a4950bb925c4cef062481f6040a50310f6e1b4d,23,451746
Palestine,"Country information and guidance: Occupied Palestinian Territories, security and humanitarian situation, June 2015","By country/Palestine/Country information and guidance- Occupied Palestinian Territories, security and humanitarian situation, June 2015 [4ba1d149e90a].pdf",https://webarchive.nationalarchives.gov.uk/ukgwa/20190105053211/https://assets.publishing.service.gov.uk/government/uploads/system/uploads/attachment_data/file/566222/CIG_-_OPT_-_Security_and_Humanitarian.pdf,4ba1d149e90a6b0fe5926d185db6b9c45a2ecdb2910fd9f0580b0ee533ed0706,44,461454
Palestine,"Country information and guidance: Occupied Palestinian Territories, security and humanitarian situation, June 2015","By country/Palestine/Country information and guidance- Occupied Palestinian Territories, security and humanitarian situation, June 2015 [4ba1d149e90a].pdf",https://webarchive.nationalarchives.gov.uk/ukgwa/20190221085626/https://assets.publishing.service.gov.uk/government/uploads/system/uploads/attachment_data/file/566222/CIG_-_OPT_-_Security_and_Humanitarian.pdf,4ba1d149e90a6b0fe5926d185db6b9c45a2ecdb2910fd9f0580b0ee533ed0706,44,461454
Palestine,"Country information and guidance: Occupied Palestinian Territories, security and humanitarian situation, June 2015","By country/Palestine/Country information and guidance- Occupied Palestinian Territories, security and humanitarian situation, June 2015 [4ba1d149e90a].pdf",https://webarchive.nationalarchives.gov.uk/ukgwa/20190304104122/https://assets.publishing.service.gov.uk/government/uploads/system/uploads/attachment_data/file/566222/CIG_-_OPT_-_Security_and_Humanitarian.pdf,4ba1d149e90a6b0fe5926d185db6b9c45a2ecdb2910fd9f0580b0ee533ed0706,44,461454
Palestine,"Country information and guidance: Occupied Palestinian Territories, security and humanitarian situation, June 2015","By country/Palestine/Country information and guidance- Occupied Palestinian Territories, security and humanitarian situation, June 2015 [4ba1d149e90a].pdf",https://webarchive.nationalarchives.gov.uk/ukgwa/20180412124453/https://assets.publishing.service.gov.uk/government/uploads/system/uploads/attachment_data/file/566222/CIG_-_OPT_-_Security_and_Humanitarian.pdf,4ba1d149e90a6b0fe5926d185db6b9c45a2ecdb2910fd9f0580b0ee533ed0706,44,461454
Palestine,"Country information and guidance: Occupied Palestinian Territories, security and humanitarian situation, June 2015","By country/Palestine/Country information and guidance- Occupied Palestinian Territories, security and humanitarian situation, June 2015 [4ba1d149e90a].pdf",https://webarchive.nationalarchives.gov.uk/ukgwa/20180513015458/https://assets.publishing.service.gov.uk/government/uploads/system/uploads/attachment_data/file/566222/CIG_-_OPT_-_Security_and_Humanitarian.pdf,4ba1d149e90a6b0fe5926d185db6b9c45a2ecdb2910fd9f0580b0ee533ed0706,44,461454
Palestine,"Country information and guidance: Occupied Palestinian Territories, security and humanitarian situation, June 2015","By country/Palestine/Country information and guidance- Occupied Palestinian Territories, security and humanitarian situation, June 2015 [4ba1d149e90a].pdf",https://webarchive.nationalarchives.gov.uk/ukgwa/20180609053048/https://assets.publishing.service.gov.uk/government/uploads/system/uploads/attachment_data/file/566222/CIG_-_OPT_-_Security_and_Humanitarian.pdf,4ba1d149e90a6b0fe5926d185db6b9c45a2ecdb2910fd9f0580b0ee533ed0706,44,461454
Palestine,"Country information and guidance: Occupied Palestinian Territories, security and humanitarian situation, June 2015","By country/Palestine/Country information and guidance- Occupied Palestinian Territories, security and humanitarian situation, June 2015 [4ba1d149e90a].pdf",https://webarchive.nationalarchives.gov.uk/ukgwa/20180718140449/https://assets.publishing.service.gov.uk/government/uploads/system/uploads/attachment_data/file/566222/CIG_-_OPT_-_Security_and_Humanitarian.pdf,4ba1d149e90a6b0fe5926d185db6b9c45a2ecdb2910fd9f0580b0ee533ed0706,44,461454
Palestine,"Country information and guidance: Occupied Palestinian Territories, security and humanitarian situation, June 2015","By country/Palestine/Country information and guidance- Occupied Palestinian Territories, security and humanitarian situation, June 2015 [4ba1d149e90a].pdf",https://webarchive.nationalarchives.gov.uk/ukgwa/20180719035450/https://assets.publishing.service.gov.uk/government/uploads/system/uploads/attachment_data/file/566222/CIG_-_OPT_-_Security_and_Humanitarian.pdf,4ba1d149e90a6b0fe5926d185db6b9c45a2ecdb2910fd9f0580b0ee533ed0706,44,461454
Palestine,"Country information and guidance: Occupied Palestinian Territories, security and humanitarian situation, June 2015","By country/Palestine/Country information and guidance- Occupied Palestinian Territories, security and humanitarian situation, June 2015 [4ba1d149e90a].pdf",https://webarchive.nationalarchives.gov.uk/ukgwa/20180809003431/https://assets.publishing.service.gov.uk/government/uploads/system/uploads/attachment_data/file/566222/CIG_-_OPT_-_Security_and_Humanitarian.pdf,4ba1d149e90a6b0fe5926d185db6b9c45a2ecdb2910fd9f0580b0ee533ed0706,44,461454
Palestine,"Country information and guidance: Occupied Palestinian Territories, security and humanitarian situation, June 2015","By country/Palestine/Country information and guidance- Occupied Palestinian Territories, security and humanitarian situation, June 2015 [4ba1d149e90a].pdf",https://webarchive.nationalarchives.gov.uk/ukgwa/20180911200829/https://assets.publishing.service.gov.uk/government/uploads/system/uploads/attachment_data/file/566222/CIG_-_OPT_-_Security_and_Humanitarian.pdf,4ba1d149e90a6b0fe5926d185db6b9c45a2ecdb2910fd9f0580b0ee533ed0706,44,461454
Palestine,"Country information and guidance: Occupied Palestinian Territories, security and humanitarian situation, June 2015","By country/Palestine/Country information and guidance- Occupied Palestinian Territories, security and humanitarian situation, June 2015 [4ba1d149e90a].pdf",https://webarchive.nationalarchives.gov.uk/ukgwa/20181004124811/https://assets.publishing.service.gov.uk/government/uploads/system/uploads/attachment_data/file/566222/CIG_-_OPT_-_Security_and_Humanitarian.pdf,4ba1d149e90a6b0fe5926d185db6b9c45a2ecdb2910fd9f0580b0ee533ed0706,44,461454
Palestine,"Country information and guidance: Occupied Palestinian Territories, security and humanitarian situation, June 2015","By country/Palestine/Country information and guidance- Occupied Palestinian Territories, security and humanitarian situation, June 2015 [4ba1d149e90a].pdf",https://webarchive.nationalarchives.gov.uk/ukgwa/20181113055333/https://assets.publishing.service.gov.uk/government/uploads/system/uploads/attachment_data/file/566222/CIG_-_OPT_-_Security_and_Humanitarian.pdf,4ba1d149e90a6b0fe5926d185db6b9c45a2ecdb2910fd9f0580b0ee533ed0706,44,461454
Palestine,"Country information and guidance: Occupied Palestinian Territories, security and humanitarian situation, June 2015","By country/Palestine/Country information and guidance- Occupied Palestinian Territories, security and humanitarian situation, June 2015 [4ba1d149e90a].pdf",https://webarchive.nationalarchives.gov.uk/ukgwa/20181208161441/https://assets.publishing.service.gov.uk/government/uploads/system/uploads/attachment_data/file/566222/CIG_-_OPT_-_Security_and_Humanitarian.pdf,4ba1d149e90a6b0fe5926d185db6b9c45a2ecdb2910fd9f0580b0ee533ed0706,44,461454
Palestine,"Country of origin information report: Occupied Palestinian Territories, 15 May 2012","By country/Palestine/Country of origin information report- Occupied Palestinian Territories, 15 May 2012 [5fcaef7e32b0].pdf",https://webarchive.nationalarchives.gov.uk/ukgwa/20170207120057/https://www.gov.uk/government/uploads/system/uploads/attachment_data/file/566225/Occupied_Palestinian_Territories_COI_report.pdf,5fcaef7e32b074cf997cd5157c41b34aff675e14cc504811df9ff3980dff26f4,240,4806429
Palestine,"Country of origin information report: Occupied Palestinian Territories, 15 May 2012","By country/Palestine/Country of origin information report- Occupied Palestinian Territories, 15 May 2012 [5fcaef7e32b0].pdf",https://webarchive.nationalarchives.gov.uk/ukgwa/20170210015629/https://www.gov.uk/government/uploads/system/uploads/attachment_data/file/566225/Occupied_Palestinian_Territories_COI_report.pdf,5fcaef7e32b074cf997cd5157c41b34aff675e14cc504811df9ff3980dff26f4,240,4806429
Palestine,"Country of origin information report: Occupied Palestinian Territories, 15 May 2012","By country/Palestine/Country of origin information report- Occupied Palestinian Territories, 15 May 2012 [5fcaef7e32b0].pdf",https://webarchive.nationalarchives.gov.uk/ukgwa/20161220182331/https://www.gov.uk/government/uploads/system/uploads/attachment_data/file/566225/Occupied_Palestinian_Territories_COI_report.pdf,5fcaef7e32b074cf997cd5157c41b34aff675e14cc504811df9ff3980dff26f4,240,4806429
Palestine,"Operational guidance note: Occupied Palestinian Territories, March 2013","By country/Palestine/Operational guidance note- Occupied Palestinian Territories, March 2013 [d6dd0d45cdcd].pdf",https://webarchive.nationalarchives.gov.uk/ukgwa/20170207120054/https://www.gov.uk/government/uploads/system/uploads/attachment_data/file/566223/Occu_pales_terri_operational_guidance.pdf,d6dd0d45cdcdac24dc61b0566b9fcb8af18f5bcbcfe61ffe4f283fc6f3c78cf9,43,568038
Palestine,"Operational guidance note: Occupied Palestinian Territories, March 2013","By country/Palestine/Operational guidance note- Occupied Palestinian Territories, March 2013 [d6dd0d45cdcd].pdf",https://webarchive.nationalarchives.gov.uk/ukgwa/20170210015627/https://www.gov.uk/government/uploads/system/uploads/attachment_data/file/566223/Occu_pales_terri_operational_guidance.pdf,d6dd0d45cdcdac24dc61b0566b9fcb8af18f5bcbcfe61ffe4f283fc6f3c78cf9,43,568038
Palestine,"Operational guidance note: Occupied Palestinian Territories, March 2013","By country/Palestine/Operational guidance note- Occupied Palestinian Territories, March 2013 [d6dd0d45cdcd].pdf",https://webarchive.nationalarchives.gov.uk/ukgwa/20161220182329/https://www.gov.uk/government/uploads/system/uploads/attachment_data/file/566223/Occu_pales_terri_operational_guidance.pdf,d6dd0d45cdcdac24dc61b0566b9fcb8af18f5bcbcfe61ffe4f283fc6f3c78cf9,43,568038
Somalia,"Country information and guidance: fear of Al-Shabaab, Somalia, March 2016","By country/Somalia/Country information and guidance- fear of Al-Shabaab, Somalia, March 2016 [df1802fa5b84].pdf",https://webarchive.nationalarchives.gov.uk/ukgwa/20170207120104/https://www.gov.uk/government/uploads/system/uploads/attachment_data/file/566253/SOM_CIG_Fear_of_Al_Shabaab.pdf,df1802fa5b84c4359ef61e59ec0874d661d90104ed5879c20126ed332b792627,25,382967
Somalia,"Country information and guidance: fear of Al-Shabaab, Somalia, March 2016","By country/Somalia/Country information and guidance- fear of Al-Shabaab, Somalia, March 2016 [df1802fa5b84].pdf",https://webarchive.nationalarchives.gov.uk/ukgwa/20170210015552/https://www.gov.uk/government/uploads/system/uploads/attachment_data/file/566253/SOM_CIG_Fear_of_Al_Shabaab.pdf,df1802fa5b84c4359ef61e59ec0874d661d90104ed5879c20126ed332b792627,25,382967
Somalia,"Country information and guidance: fear of Al-Shabaab, Somalia, March 2016","By country/Somalia/Country information and guidance- fear of Al-Shabaab, Somalia, March 2016 [df1802fa5b84].pdf",https://webarchive.nationalarchives.gov.uk/ukgwa/20170426183928/https://www.gov.uk/government/uploads/system/uploads/attachment_data/file/566253/SOM_CIG_Fear_of_Al_Shabaab.pdf,df1802fa5b84c4359ef61e59ec0874d661d90104ed5879c20126ed332b792627,25,382967
Somalia,"Country information and guidance: fear of Al-Shabaab, Somalia, March 2016","By country/Somalia/Country information and guidance- fear of Al-Shabaab, Somalia, March 2016 [df1802fa5b84].pdf",https://webarchive.nationalarchives.gov.uk/ukgwa/20170524105720/https://www.gov.uk/government/uploads/system/uploads/attachment_data/file/566253/SOM_CIG_Fear_of_Al_Shabaab.pdf,df1802fa5b84c4359ef61e59ec0874d661d90104ed5879c20126ed332b792627,25,382967
Somalia,"Country information and guidance: fear of Al-Shabaab, Somalia, March 2016","By country/Somalia/Country information and guidance- fear of Al-Shabaab, Somalia, March 2016 [df1802fa5b84].pdf",https://webarchive.nationalarchives.gov.uk/ukgwa/20170627202059/https://www.gov.uk/government/uploads/system/uploads/attachment_data/file/566253/SOM_CIG_Fear_of_Al_Shabaab.pdf,df1802fa5b84c4359ef61e59ec0874d661d90104ed5879c20126ed332b792627,25,382967
Somalia,"Country information and guidance: fear of Al-Shabaab, Somalia, March 2016","By country/Somalia/Country information and guidance- fear of Al-Shabaab, Somalia, March 2016 [df1802fa5b84].pdf",https://webarchive.nationalarchives.gov.uk/ukgwa/20161220182253/https://www.gov.uk/government/uploads/system/uploads/attachment_data/file/566253/SOM_CIG_Fear_of_Al_Shabaab.pdf,df1802fa5b84c4359ef61e59ec0874d661d90104ed5879c20126ed332b792627,25,382967
Somalia,"Country information and guidance: majority clans and minority groups, Somalia, March 2015","By country/Somalia/Country information and guidance- majority clans and minority groups, Somalia, March 2015 [46954609cc12].pdf",https://webarchive.nationalarchives.gov.uk/ukgwa/20170207120106/https://www.gov.uk/government/uploads/system/uploads/attachment_data/file/566254/CIG_SOM_Clans_and_MGs.pdf,46954609cc1288bc2a2e1506f744588c8d2caea7d6cf9ea9c8c454bea6ce2845,39,455189
Somalia,"Country information and guidance: majority clans and minority groups, Somalia, March 2015","By country/Somalia/Country information and guidance- majority clans and minority groups, Somalia, March 2015 [46954609cc12].pdf",https://webarchive.nationalarchives.gov.uk/ukgwa/20170210015554/https://www.gov.uk/government/uploads/system/uploads/attachment_data/file/566254/CIG_SOM_Clans_and_MGs.pdf,46954609cc1288bc2a2e1506f744588c8d2caea7d6cf9ea9c8c454bea6ce2845,39,455189
Somalia,"Country information and guidance: majority clans and minority groups, Somalia, March 2015","By country/Somalia/Country information and guidance- majority clans and minority groups, Somalia, March 2015 [46954609cc12].pdf",https://webarchive.nationalarchives.gov.uk/ukgwa/20170426183930/https://www.gov.uk/government/uploads/system/uploads/attachment_data/file/566254/CIG_SOM_Clans_and_MGs.pdf,46954609cc1288bc2a2e1506f744588c8d2caea7d6cf9ea9c8c454bea6ce2845,39,455189
Somalia,"Country information and guidance: majority clans and minority groups, Somalia, March 2015","By country/Somalia/Country information and guidance- majority clans and minority groups, Somalia, March 2015 [46954609cc12].pdf",https://webarchive.nationalarchives.gov.uk/ukgwa/20170524105723/https://www.gov.uk/government/uploads/system/uploads/attachment_data/file/566254/CIG_SOM_Clans_and_MGs.pdf,46954609cc1288bc2a2e1506f744588c8d2caea7d6cf9ea9c8c454bea6ce2845,39,455189
Somalia,"Country information and guidance: majority clans and minority groups, Somalia, March 2015","By country/Somalia/Country information and guidance- majority clans and minority groups, Somalia, March 2015 [46954609cc12].pdf",https://webarchive.nationalarchives.gov.uk/ukgwa/20161220182256/https://www.gov.uk/government/uploads/system/uploads/attachment_data/file/566254/CIG_SOM_Clans_and_MGs.pdf,46954609cc1288bc2a2e1506f744588c8d2caea7d6cf9ea9c8c454bea6ce2845,39,455189
Somalia,"Country information and guidance: prison conditions, Somalia, February 2015","By country/Somalia/Country information and guidance- prison conditions, Somalia, February 2015 [99a8c4587584].pdf",https://webarchive.nationalarchives.gov.uk/ukgwa/20190111171310/https://assets.publishing.service.gov.uk/government/uploads/system/uploads/attachment_data/file/566255/Som_CIG_prisonconditions.pdf,99a8c458758410fb8cb0ba219e3f6f812886762797cb39c0b983a47f8dbee7ef,12,197914
Somalia,"Country information and guidance: prison conditions, Somalia, February 2015","By country/Somalia/Country information and guidance- prison conditions, Somalia, February 2015 [99a8c4587584].pdf",https://webarchive.nationalarchives.gov.uk/ukgwa/20190205122845/https://assets.publishing.service.gov.uk/government/uploads/system/uploads/attachment_data/file/566255/Som_CIG_prisonconditions.pdf,99a8c458758410fb8cb0ba219e3f6f812886762797cb39c0b983a47f8dbee7ef,12,197914
Somalia,"Country information and guidance: prison conditions, Somalia, February 2015","By country/Somalia/Country information and guidance- prison conditions, Somalia, February 2015 [99a8c4587584].pdf",https://webarchive.nationalarchives.gov.uk/ukgwa/20190205152551/https://assets.publishing.service.gov.uk/government/uploads/system/uploads/attachment_data/file/566255/Som_CIG_prisonconditions.pdf,99a8c458758410fb8cb0ba219e3f6f812886762797cb39c0b983a47f8dbee7ef,12,197914
Somalia,"Country information and guidance: prison conditions, Somalia, February 2015","By country/Somalia/Country information and guidance- prison conditions, Somalia, February 2015 [99a8c4587584].pdf",https://webarchive.nationalarchives.gov.uk/ukgwa/20190221085457/https://assets.publishing.service.gov.uk/government/uploads/system/uploads/attachment_data/file/566255/Som_CIG_prisonconditions.pdf,99a8c458758410fb8cb0ba219e3f6f812886762797cb39c0b983a47f8dbee7ef,12,197914
Somalia,"Country information and guidance: prison conditions, Somalia, February 2015","By country/Somalia/Country information and guidance- prison conditions, Somalia, February 2015 [99a8c4587584].pdf",https://webarchive.nationalarchives.gov.uk/ukgwa/20190304082719/https://assets.publishing.service.gov.uk/government/uploads/system/uploads/attachment_data/file/566255/Som_CIG_prisonconditions.pdf,99a8c458758410fb8cb0ba219e3f6f812886762797cb39c0b983a47f8dbee7ef,12,197914
Somalia,"Country information and guidance: prison conditions, Somalia, February 2015","By country/Somalia/Country information and guidance- prison conditions, Somalia, February 2015 [99a8c4587584].pdf",https://webarchive.nationalarchives.gov.uk/ukgwa/20190320050757/https://assets.publishing.service.gov.uk/government/uploads/system/uploads/attachment_data/file/566255/Som_CIG_prisonconditions.pdf,99a8c458758410fb8cb0ba219e3f6f812886762797cb39c0b983a47f8dbee7ef,12,197914
Somalia,"Country information and guidance: prison conditions, Somalia, February 2015","By country/Somalia/Country information and guidance- prison conditions, Somalia, February 2015 [99a8c4587584].pdf",https://webarchive.nationalarchives.gov.uk/ukgwa/20190404205604/https://assets.publishing.service.gov.uk/government/uploads/system/uploads/attachment_data/file/566255/Som_CIG_prisonconditions.pdf,99a8c458758410fb8cb0ba219e3f6f812886762797cb39c0b983a47f8dbee7ef,12,197914
Somalia,"Country information and guidance: prison conditions, Somalia, February 2015","By country/Somalia/Country information and guidance- prison conditions, Somalia, February 2015 [99a8c4587584].pdf",https://webarchive.nationalarchives.gov.uk/ukgwa/20190510203500/https://assets.publishing.service.gov.uk/government/uploads/system/uploads/attachment_data/file/566255/Som_CIG_prisonconditions.pdf,99a8c458758410fb8cb0ba219e3f6f812886762797cb39c0b983a47f8dbee7ef,12,197914
Somalia,"Country information and guidance: prison conditions, Somalia, February 2015","By country/Somalia/Country information and guidance- prison conditions, Somalia, February 2015 [99a8c4587584].pdf",https://webarchive.nationalarchives.gov.uk/ukgwa/20190610085900/https://assets.publishing.service.gov.uk/government/uploads/system/uploads/attachment_data/file/566255/Som_CIG_prisonconditions.pdf,99a8c458758410fb8cb0ba219e3f6f812886762797cb39c0b983a47f8dbee7ef,12,197914
Somalia,"Country information and guidance: prison conditions, Somalia, February 2015","By country/Somalia/Country information and guidance- prison conditions, Somalia, February 2015 [99a8c4587584].pdf",https://webarchive.nationalarchives.gov.uk/ukgwa/20190704194941/https://assets.publishing.service.gov.uk/government/uploads/system/uploads/attachment_data/file/566255/Som_CIG_prisonconditions.pdf,99a8c458758410fb8cb0ba219e3f6f812886762797cb39c0b983a47f8dbee7ef,12,197914
Somalia,"Country information and guidance: prison conditions, Somalia, February 2015","By country/Somalia/Country information and guidance- prison conditions, Somalia, February 2015 [99a8c4587584].pdf",https://webarchive.nationalarchives.gov.uk/ukgwa/20180413065914/https://assets.publishing.service.gov.uk/government/uploads/system/uploads/attachment_data/file/566255/Som_CIG_prisonconditions.pdf,99a8c458758410fb8cb0ba219e3f6f812886762797cb39c0b983a47f8dbee7ef,12,197914
Somalia,"Country information and guidance: prison conditions, Somalia, February 2015","By country/Somalia/Country information and guidance- prison conditions, Somalia, February 2015 [99a8c4587584].pdf",https://webarchive.nationalarchives.gov.uk/ukgwa/20180512132127/https://assets.publishing.service.gov.uk/government/uploads/system/uploads/attachment_data/file/566255/Som_CIG_prisonconditions.pdf,99a8c458758410fb8cb0ba219e3f6f812886762797cb39c0b983a47f8dbee7ef,12,197914
Somalia,"Country information and guidance: prison conditions, Somalia, February 2015","By country/Somalia/Country information and guidance- prison conditions, Somalia, February 2015 [99a8c4587584].pdf",https://webarchive.nationalarchives.gov.uk/ukgwa/20180609160530/https://assets.publishing.service.gov.uk/government/uploads/system/uploads/attachment_data/file/566255/Som_CIG_prisonconditions.pdf,99a8c458758410fb8cb0ba219e3f6f812886762797cb39c0b983a47f8dbee7ef,12,197914
Somalia,"Country information and guidance: prison conditions, Somalia, February 2015","By country/Somalia/Country information and guidance- prison conditions, Somalia, February 2015 [99a8c4587584].pdf",https://webarchive.nationalarchives.gov.uk/ukgwa/20180718003455/https://assets.publishing.service.gov.uk/government/uploads/system/uploads/attachment_data/file/566255/Som_CIG_prisonconditions.pdf,99a8c458758410fb8cb0ba219e3f6f812886762797cb39c0b983a47f8dbee7ef,12,197914
Somalia,"Country information and guidance: prison conditions, Somalia, February 2015","By country/Somalia/Country information and guidance- prison conditions, Somalia, February 2015 [99a8c4587584].pdf",https://webarchive.nationalarchives.gov.uk/ukgwa/20180718044747/https://assets.publishing.service.gov.uk/government/uploads/system/uploads/attachment_data/file/566255/Som_CIG_prisonconditions.pdf,99a8c458758410fb8cb0ba219e3f6f812886762797cb39c0b983a47f8dbee7ef,12,197914
Somalia,"Country information and guidance: prison conditions, Somalia, February 2015","By country/Somalia/Country information and guidance- prison conditions, Somalia, February 2015 [99a8c4587584].pdf",https://webarchive.nationalarchives.gov.uk/ukgwa/20180808222406/https://assets.publishing.service.gov.uk/government/uploads/system/uploads/attachment_data/file/566255/Som_CIG_prisonconditions.pdf,99a8c458758410fb8cb0ba219e3f6f812886762797cb39c0b983a47f8dbee7ef,12,197914
Somalia,"Country information and guidance: prison conditions, Somalia, February 2015","By country/Somalia/Country information and guidance- prison conditions, Somalia, February 2015 [99a8c4587584].pdf",https://webarchive.nationalarchives.gov.uk/ukgwa/20180912214949/https://assets.publishing.service.gov.uk/government/uploads/system/uploads/attachment_data/file/566255/Som_CIG_prisonconditions.pdf,99a8c458758410fb8cb0ba219e3f6f812886762797cb39c0b983a47f8dbee7ef,12,197914
Somalia,"Country information and guidance: prison conditions, Somalia, February 2015","By country/Somalia/Country information and guidance- prison conditions, Somalia, February 2015 [99a8c4587584].pdf",https://webarchive.nationalarchives.gov.uk/ukgwa/20181004130021/https://assets.publishing.service.gov.uk/government/uploads/system/uploads/attachment_data/file/566255/Som_CIG_prisonconditions.pdf,99a8c458758410fb8cb0ba219e3f6f812886762797cb39c0b983a47f8dbee7ef,12,197914
Somalia,"Country information and guidance: prison conditions, Somalia, February 2015","By country/Somalia/Country information and guidance- prison conditions, Somalia, February 2015 [99a8c4587584].pdf",https://webarchive.nationalarchives.gov.uk/ukgwa/20181113051503/https://assets.publishing.service.gov.uk/government/uploads/system/uploads/attachment_data/file/566255/Som_CIG_prisonconditions.pdf,99a8c458758410fb8cb0ba219e3f6f812886762797cb39c0b983a47f8dbee7ef,12,197914
Somalia,"Country information and guidance: prison conditions, Somalia, February 2015","By country/Somalia/Country information and guidance- prison conditions, Somalia, February 2015 [99a8c4587584].pdf",https://webarchive.nationalarchives.gov.uk/ukgwa/20181219125024/https://assets.publishing.service.gov.uk/government/uploads/system/uploads/attachment_data/file/566255/Som_CIG_prisonconditions.pdf,99a8c458758410fb8cb0ba219e3f6f812886762797cb39c0b983a47f8dbee7ef,12,197914
Somalia,"Country information and guidance: security and humanitarian situation in south and central Somalia, Somalia, July 2016","By country/Somalia/Country information and guidance- security and humanitarian situation in south and central Somalia, Somalia, July 2016 [c78ef6ccade1].pdf",https://webarchive.nationalarchives.gov.uk/ukgwa/20170207120101/https://www.gov.uk/government/uploads/system/uploads/attachment_data/file/566252/CIG_-_Somalia_-_Security_Situation.pdf,c78ef6ccade1346a178b351687be1c74221794bfac7f55ee79f439d309c6b2ea,36,417352
Somalia,"Country information and guidance: security and humanitarian situation in south and central Somalia, Somalia, July 2016","By country/Somalia/Country information and guidance- security and humanitarian situation in south and central Somalia, Somalia, July 2016 [c78ef6ccade1].pdf",https://webarchive.nationalarchives.gov.uk/ukgwa/20170210015550/https://www.gov.uk/government/uploads/system/uploads/attachment_data/file/566252/CIG_-_Somalia_-_Security_Situation.pdf,c78ef6ccade1346a178b351687be1c74221794bfac7f55ee79f439d309c6b2ea,36,417352
Somalia,"Country information and guidance: security and humanitarian situation in south and central Somalia, Somalia, July 2016","By country/Somalia/Country information and guidance- security and humanitarian situation in south and central Somalia, Somalia, July 2016 [c78ef6ccade1].pdf",https://webarchive.nationalarchives.gov.uk/ukgwa/20170426183926/https://www.gov.uk/government/uploads/system/uploads/attachment_data/file/566252/CIG_-_Somalia_-_Security_Situation.pdf,c78ef6ccade1346a178b351687be1c74221794bfac7f55ee79f439d309c6b2ea,36,417352
Somalia,"Country information and guidance: security and humanitarian situation in south and central Somalia, Somalia, July 2016","By country/Somalia/Country information and guidance- security and humanitarian situation in south and central Somalia, Somalia, July 2016 [c78ef6ccade1].pdf",https://webarchive.nationalarchives.gov.uk/ukgwa/20170524105718/https://www.gov.uk/government/uploads/system/uploads/attachment_data/file/566252/CIG_-_Somalia_-_Security_Situation.pdf,c78ef6ccade1346a178b351687be1c74221794bfac7f55ee79f439d309c6b2ea,36,417352
Somalia,"Country information and guidance: security and humanitarian situation in south and central Somalia, Somalia, July 2016","By country/Somalia/Country information and guidance- security and humanitarian situation in south and central Somalia, Somalia, July 2016 [c78ef6ccade1].pdf",https://webarchive.nationalarchives.gov.uk/ukgwa/20170627202057/https://www.gov.uk/government/uploads/system/uploads/attachment_data/file/566252/CIG_-_Somalia_-_Security_Situation.pdf,c78ef6ccade1346a178b351687be1c74221794bfac7f55ee79f439d309c6b2ea,36,417352
Somalia,"Country information and guidance: security and humanitarian situation in south and central Somalia, Somalia, July 2016","By country/Somalia/Country information and guidance- security and humanitarian situation in south and central Somalia, Somalia, July 2016 [c78ef6ccade1].pdf",https://webarchive.nationalarchives.gov.uk/ukgwa/20161220182251/https://www.gov.uk/government/uploads/system/uploads/attachment_data/file/566252/CIG_-_Somalia_-_Security_Situation.pdf,c78ef6ccade1346a178b351687be1c74221794bfac7f55ee79f439d309c6b2ea,36,417352
Somalia,"Country information and guidance: women fearing gender-based harm and violence, Somalia, August 2016","By country/Somalia/Country information and guidance- women fearing gender-based harm and violence, Somalia, August 2016 [faf6ddd7fa02].pdf",https://webarchive.nationalarchives.gov.uk/ukgwa/20180106065847/https://www.gov.uk/government/uploads/system/uploads/attachment_data/file/566250/CIG_-_Somalia_-_Women_fearing_GBV.pdf,faf6ddd7fa024bedae4cc5bc6ecbc974eafabffe56854576ef570a48e3064aab,29,377336
Somalia,"Country information and guidance: women fearing gender-based harm and violence, Somalia, August 2016","By country/Somalia/Country information and guidance- women fearing gender-based harm and violence, Somalia, August 2016 [faf6ddd7fa02].pdf",https://webarchive.nationalarchives.gov.uk/ukgwa/20180302135317/https://www.gov.uk/government/uploads/system/uploads/attachment_data/file/566250/CIG_-_Somalia_-_Women_fearing_GBV.pdf,faf6ddd7fa024bedae4cc5bc6ecbc974eafabffe56854576ef570a48e3064aab,29,377336
Somalia,"Country information and guidance: women fearing gender-based harm and violence, Somalia, August 2016","By country/Somalia/Country information and guidance- women fearing gender-based harm and violence, Somalia, August 2016 [faf6ddd7fa02].pdf",https://webarchive.nationalarchives.gov.uk/ukgwa/20180311065801/https://www.gov.uk/government/uploads/system/uploads/attachment_data/file/566250/CIG_-_Somalia_-_Women_fearing_GBV.pdf,faf6ddd7fa024bedae4cc5bc6ecbc974eafabffe56854576ef570a48e3064aab,29,377336
Somalia,"Country information and guidance: women fearing gender-based harm and violence, Somalia, August 2016","By country/Somalia/Country information and guidance- women fearing gender-based harm and violence, Somalia, August 2016 [faf6ddd7fa02].pdf",https://webarchive.nationalarchives.gov.uk/ukgwa/20170207120059/https://www.gov.uk/government/uploads/system/uploads/attachment_data/file/566250/CIG_-_Somalia_-_Women_fearing_GBV.pdf,faf6ddd7fa024bedae4cc5bc6ecbc974eafabffe56854576ef570a48e3064aab,29,377336
Somalia,"Country information and guidance: women fearing gender-based harm and violence, Somalia, August 2016","By country/Somalia/Country information and guidance- women fearing gender-based harm and violence, Somalia, August 2016 [faf6ddd7fa02].pdf",https://webarchive.nationalarchives.gov.uk/ukgwa/20170210015548/https://www.gov.uk/government/uploads/system/uploads/attachment_data/file/566250/CIG_-_Somalia_-_Women_fearing_GBV.pdf,faf6ddd7fa024bedae4cc5bc6ecbc974eafabffe56854576ef570a48e3064aab,29,377336
Somalia,"Country information and guidance: women fearing gender-based harm and violence, Somalia, August 2016","By country/Somalia/Country information and guidance- women fearing gender-based harm and violence, Somalia, August 2016 [faf6ddd7fa02].pdf",https://webarchive.nationalarchives.gov.uk/ukgwa/20170426183923/https://www.gov.uk/government/uploads/system/uploads/attachment_data/file/566250/CIG_-_Somalia_-_Women_fearing_GBV.pdf,faf6ddd7fa024bedae4cc5bc6ecbc974eafabffe56854576ef570a48e3064aab,29,377336
Somalia,"Country information and guidance: women fearing gender-based harm and violence, Somalia, August 2016","By country/Somalia/Country information and guidance- women fearing gender-based harm and violence, Somalia, August 2016 [faf6ddd7fa02].pdf",https://webarchive.nationalarchives.gov.uk/ukgwa/20170524105716/https://www.gov.uk/government/uploads/system/uploads/attachment_data/file/566250/CIG_-_Somalia_-_Women_fearing_GBV.pdf,faf6ddd7fa024bedae4cc5bc6ecbc974eafabffe56854576ef570a48e3064aab,29,377336
Somalia,"Country information and guidance: women fearing gender-based harm and violence, Somalia, August 2016","By country/Somalia/Country information and guidance- women fearing gender-based harm and violence, Somalia, August 2016 [faf6ddd7fa02].pdf",https://webarchive.nationalarchives.gov.uk/ukgwa/20170627202054/https://www.gov.uk/government/uploads/system/uploads/attachment_data/file/566250/CIG_-_Somalia_-_Women_fearing_GBV.pdf,faf6ddd7fa024bedae4cc5bc6ecbc974eafabffe56854576ef570a48e3064aab,29,377336
Somalia,"Country information and guidance: women fearing gender-based harm and violence, Somalia, August 2016","By country/Somalia/Country information and guidance- women fearing gender-based harm and violence, Somalia, August 2016 [faf6ddd7fa02].pdf",https://webarchive.nationalarchives.gov.uk/ukgwa/20170804230145/https://www.gov.uk/government/uploads/system/uploads/attachment_data/file/566250/CIG_-_Somalia_-_Women_fearing_GBV.pdf,faf6ddd7fa024bedae4cc5bc6ecbc974eafabffe56854576ef570a48e3064aab,29,377336
Somalia,"Country information and guidance: women fearing gender-based harm and violence, Somalia, August 2016","By country/Somalia/Country information and guidance- women fearing gender-based harm and violence, Somalia, August 2016 [faf6ddd7fa02].pdf",https://webarchive.nationalarchives.gov.uk/ukgwa/20170909145228/https://www.gov.uk/government/uploads/system/uploads/attachment_data/file/566250/CIG_-_Somalia_-_Women_fearing_GBV.pdf,faf6ddd7fa024bedae4cc5bc6ecbc974eafabffe56854576ef570a48e3064aab,29,377336
Somalia,"Country information and guidance: women fearing gender-based harm and violence, Somalia, August 2016","By country/Somalia/Country information and guidance- women fearing gender-based harm and violence, Somalia, August 2016 [faf6ddd7fa02].pdf",https://webarchive.nationalarchives.gov.uk/ukgwa/20171013054147/https://www.gov.uk/government/uploads/system/uploads/attachment_data/file/566250/CIG_-_Somalia_-_Women_fearing_GBV.pdf,faf6ddd7fa024bedae4cc5bc6ecbc974eafabffe56854576ef570a48e3064aab,29,377336
Somalia,"Country information and guidance: women fearing gender-based harm and violence, Somalia, August 2016","By country/Somalia/Country information and guidance- women fearing gender-based harm and violence, Somalia, August 2016 [faf6ddd7fa02].pdf",https://webarchive.nationalarchives.gov.uk/ukgwa/20171111140322/https://www.gov.uk/government/uploads/system/uploads/attachment_data/file/566250/CIG_-_Somalia_-_Women_fearing_GBV.pdf,faf6ddd7fa024bedae4cc5bc6ecbc974eafabffe56854576ef570a48e3064aab,29,377336
Somalia,"Country information and guidance: women fearing gender-based harm and violence, Somalia, August 2016","By country/Somalia/Country information and guidance- women fearing gender-based harm and violence, Somalia, August 2016 [faf6ddd7fa02].pdf",https://webarchive.nationalarchives.gov.uk/ukgwa/20171217000637/https://www.gov.uk/government/uploads/system/uploads/attachment_data/file/566250/CIG_-_Somalia_-_Women_fearing_GBV.pdf,faf6ddd7fa024bedae4cc5bc6ecbc974eafabffe56854576ef570a48e3064aab,29,377336
Somalia,"Country information and guidance: women fearing gender-based harm and violence, Somalia, August 2016","By country/Somalia/Country information and guidance- women fearing gender-based harm and violence, Somalia, August 2016 [faf6ddd7fa02].pdf",https://webarchive.nationalarchives.gov.uk/ukgwa/20161220182249/https://www.gov.uk/government/uploads/system/uploads/attachment_data/file/566250/CIG_-_Somalia_-_Women_fearing_GBV.pdf,faf6ddd7fa024bedae4cc5bc6ecbc974eafabffe56854576ef570a48e3064aab,29,377336
Somalia,"Country policy and information note: majority clans and minority groups, Somalia, June 2017","By country/Somalia/Country policy and information note- majority clans and minority groups, Somalia, June 2017 [ba2a55ca8d66].pdf",https://webarchive.nationalarchives.gov.uk/ukgwa/20190111170118/https://assets.publishing.service.gov.uk/government/uploads/system/uploads/attachment_data/file/619552/Somalia_CPIN_majority_clans_and_minority_groups_in_south_and_central_Somalia_2_0_June_2017.pdf,ba2a55ca8d66c50f57e367376ea65bd0060e5f05e6b72d0a7e3826905597a3ce,37,546513
Somalia,"Country policy and information note: majority clans and minority groups, Somalia, June 2017","By country/Somalia/Country policy and information note- majority clans and minority groups, Somalia, June 2017 [ba2a55ca8d66].pdf",https://webarchive.nationalarchives.gov.uk/ukgwa/20180413064641/https://assets.publishing.service.gov.uk/government/uploads/system/uploads/attachment_data/file/619552/Somalia_CPIN_majority_clans_and_minority_groups_in_south_and_central_Somalia_2_0_June_2017.pdf,ba2a55ca8d66c50f57e367376ea65bd0060e5f05e6b72d0a7e3826905597a3ce,37,546513
Somalia,"Country policy and information note: majority clans and minority groups, Somalia, June 2017","By country/Somalia/Country policy and information note- majority clans and minority groups, Somalia, June 2017 [ba2a55ca8d66].pdf",https://webarchive.nationalarchives.gov.uk/ukgwa/20180512132118/https://assets.publishing.service.gov.uk/government/uploads/system/uploads/attachment_data/file/619552/Somalia_CPIN_majority_clans_and_minority_groups_in_south_and_central_Somalia_2_0_June_2017.pdf,ba2a55ca8d66c50f57e367376ea65bd0060e5f05e6b72d0a7e3826905597a3ce,37,546513
Somalia,"Country policy and information note: majority clans and minority groups, Somalia, June 2017","By country/Somalia/Country policy and information note- majority clans and minority groups, Somalia, June 2017 [ba2a55ca8d66].pdf",https://webarchive.nationalarchives.gov.uk/ukgwa/20180609160527/https://assets.publishing.service.gov.uk/government/uploads/system/uploads/attachment_data/file/619552/Somalia_CPIN_majority_clans_and_minority_groups_in_south_and_central_Somalia_2_0_June_2017.pdf,ba2a55ca8d66c50f57e367376ea65bd0060e5f05e6b72d0a7e3826905597a3ce,37,546513
Somalia,"Country policy and information note: majority clans and minority groups, Somalia, June 2017","By country/Somalia/Country policy and information note- majority clans and minority groups, Somalia, June 2017 [ba2a55ca8d66].pdf",https://webarchive.nationalarchives.gov.uk/ukgwa/20180718004151/https://assets.publishing.service.gov.uk/government/uploads/system/uploads/attachment_data/file/619552/Somalia_CPIN_majority_clans_and_minority_groups_in_south_and_central_Somalia_2_0_June_2017.pdf,ba2a55ca8d66c50f57e367376ea65bd0060e5f05e6b72d0a7e3826905597a3ce,37,546513
Somalia,"Country policy and information note: majority clans and minority groups, Somalia, June 2017","By country/Somalia/Country policy and information note- majority clans and minority groups, Somalia, June 2017 [ba2a55ca8d66].pdf",https://webarchive.nationalarchives.gov.uk/ukgwa/20180718052652/https://assets.publishing.service.gov.uk/government/uploads/system/uploads/attachment_data/file/619552/Somalia_CPIN_majority_clans_and_minority_groups_in_south_and_central_Somalia_2_0_June_2017.pdf,ba2a55ca8d66c50f57e367376ea65bd0060e5f05e6b72d0a7e3826905597a3ce,37,546513
Somalia,"Country policy and information note: majority clans and minority groups, Somalia, June 2017","By country/Somalia/Country policy and information note- majority clans and minority groups, Somalia, June 2017 [ba2a55ca8d66].pdf",https://webarchive.nationalarchives.gov.uk/ukgwa/20180808221436/https://assets.publishing.service.gov.uk/government/uploads/system/uploads/attachment_data/file/619552/Somalia_CPIN_majority_clans_and_minority_groups_in_south_and_central_Somalia_2_0_June_2017.pdf,ba2a55ca8d66c50f57e367376ea65bd0060e5f05e6b72d0a7e3826905597a3ce,37,546513
Somalia,"Country policy and information note: majority clans and minority groups, Somalia, June 2017","By country/Somalia/Country policy and information note- majority clans and minority groups, Somalia, June 2017 [ba2a55ca8d66].pdf",https://webarchive.nationalarchives.gov.uk/ukgwa/20180912213523/https://assets.publishing.service.gov.uk/government/uploads/system/uploads/attachment_data/file/619552/Somalia_CPIN_majority_clans_and_minority_groups_in_south_and_central_Somalia_2_0_June_2017.pdf,ba2a55ca8d66c50f57e367376ea65bd0060e5f05e6b72d0a7e3826905597a3ce,37,546513
Somalia,"Country policy and information note: majority clans and minority groups, Somalia, June 2017","By country/Somalia/Country policy and information note- majority clans and minority groups, Somalia, June 2017 [ba2a55ca8d66].pdf",https://webarchive.nationalarchives.gov.uk/ukgwa/20181004130148/https://assets.publishing.service.gov.uk/government/uploads/system/uploads/attachment_data/file/619552/Somalia_CPIN_majority_clans_and_minority_groups_in_south_and_central_Somalia_2_0_June_2017.pdf,ba2a55ca8d66c50f57e367376ea65bd0060e5f05e6b72d0a7e3826905597a3ce,37,546513
Somalia,"Country policy and information note: majority clans and minority groups, Somalia, June 2017","By country/Somalia/Country policy and information note- majority clans and minority groups, Somalia, June 2017 [ba2a55ca8d66].pdf",https://webarchive.nationalarchives.gov.uk/ukgwa/20181113044916/https://assets.publishing.service.gov.uk/government/uploads/system/uploads/attachment_data/file/619552/Somalia_CPIN_majority_clans_and_minority_groups_in_south_and_central_Somalia_2_0_June_2017.pdf,ba2a55ca8d66c50f57e367376ea65bd0060e5f05e6b72d0a7e3826905597a3ce,37,546513
Somalia,"Country policy and information note: majority clans and minority groups, Somalia, June 2017","By country/Somalia/Country policy and information note- majority clans and minority groups, Somalia, June 2017 [ba2a55ca8d66].pdf",https://webarchive.nationalarchives.gov.uk/ukgwa/20181219123941/https://assets.publishing.service.gov.uk/government/uploads/system/uploads/attachment_data/file/619552/Somalia_CPIN_majority_clans_and_minority_groups_in_south_and_central_Somalia_2_0_June_2017.pdf,ba2a55ca8d66c50f57e367376ea65bd0060e5f05e6b72d0a7e3826905597a3ce,37,546513
South Africa,"Operational guidance note: South Africa, March 2013","By country/South Africa/Operational guidance note- South Africa, March 2013 [5a004754c3be].pdf",https://webarchive.nationalarchives.gov.uk/ukgwa/20170207120110/https://www.gov.uk/government/uploads/system/uploads/attachment_data/file/566262/South_Africa_operational_guidance_2013.pdf,5a004754c3be262d67196b80751b8558458bec85df4ceefac735a8dd4cb2b409,19,317626
South Africa,"Operational guidance note: South Africa, March 2013","By country/South Africa/Operational guidance note- South Africa, March 2013 [5a004754c3be].pdf",https://webarchive.nationalarchives.gov.uk/ukgwa/20170210015546/https://www.gov.uk/government/uploads/system/uploads/attachment_data/file/566262/South_Africa_operational_guidance_2013.pdf,5a004754c3be262d67196b80751b8558458bec85df4ceefac735a8dd4cb2b409,19,317626
South Africa,"Operational guidance note: South Africa, March 2013","By country/South Africa/Operational guidance note- South Africa, March 2013 [5a004754c3be].pdf",https://webarchive.nationalarchives.gov.uk/ukgwa/20170426183921/https://www.gov.uk/government/uploads/system/uploads/attachment_data/file/566262/South_Africa_operational_guidance_2013.pdf,5a004754c3be262d67196b80751b8558458bec85df4ceefac735a8dd4cb2b409,19,317626
South Africa,"Operational guidance note: South Africa, March 2013","By country/South Africa/Operational guidance note- South Africa, March 2013 [5a004754c3be].pdf",https://webarchive.nationalarchives.gov.uk/ukgwa/20170524105713/https://www.gov.uk/government/uploads/system/uploads/attachment_data/file/566262/South_Africa_operational_guidance_2013.pdf,5a004754c3be262d67196b80751b8558458bec85df4ceefac735a8dd4cb2b409,19,317626
South Africa,"Operational guidance note: South Africa, March 2013","By country/South Africa/Operational guidance note- South Africa, March 2013 [5a004754c3be].pdf",https://webarchive.nationalarchives.gov.uk/ukgwa/20170627202103/https://www.gov.uk/government/uploads/system/uploads/attachment_data/file/566262/South_Africa_operational_guidance_2013.pdf,5a004754c3be262d67196b80751b8558458bec85df4ceefac735a8dd4cb2b409,19,317626
South Africa,"Operational guidance note: South Africa, March 2013","By country/South Africa/Operational guidance note- South Africa, March 2013 [5a004754c3be].pdf",https://webarchive.nationalarchives.gov.uk/ukgwa/20161220182247/https://www.gov.uk/government/uploads/system/uploads/attachment_data/file/566262/South_Africa_operational_guidance_2013.pdf,5a004754c3be262d67196b80751b8558458bec85df4ceefac735a8dd4cb2b409,19,317626
Sri Lanka,"Country information and guidance report: journalists, media professionals and human rights activists, Sri Lanka, September 2015","By country/Sri Lanka/Country information and guidance report- journalists, media professionals and human rights activists, Sri Lanka, September 2015 [2c7d8699d036].pdf",https://webarchive.nationalarchives.gov.uk/ukgwa/20170207120117/https://www.gov.uk/government/uploads/system/uploads/attachment_data/file/566265/CIG_-_Sri_Lanka_-_Treatment_of_Journalists_and_Human_Rights_Activists.pdf,2c7d8699d036ca7ecc84b04221f3b384b161fc2cf866c0fc8dd86815cdc27fdf,31,372912
Sri Lanka,"Country information and guidance report: journalists, media professionals and human rights activists, Sri Lanka, September 2015","By country/Sri Lanka/Country information and guidance report- journalists, media professionals and human rights activists, Sri Lanka, September 2015 [2c7d8699d036].pdf",https://webarchive.nationalarchives.gov.uk/ukgwa/20170210015544/https://www.gov.uk/government/uploads/system/uploads/attachment_data/file/566265/CIG_-_Sri_Lanka_-_Treatment_of_Journalists_and_Human_Rights_Activists.pdf,2c7d8699d036ca7ecc84b04221f3b384b161fc2cf866c0fc8dd86815cdc27fdf,31,372912
Sri Lanka,"Country information and guidance report: journalists, media professionals and human rights activists, Sri Lanka, September 2015","By country/Sri Lanka/Country information and guidance report- journalists, media professionals and human rights activists, Sri Lanka, September 2015 [2c7d8699d036].pdf",https://webarchive.nationalarchives.gov.uk/ukgwa/20170425164237/https://www.gov.uk/government/uploads/system/uploads/attachment_data/file/566265/CIG_-_Sri_Lanka_-_Treatment_of_Journalists_and_Human_Rights_Activists.pdf,2c7d8699d036ca7ecc84b04221f3b384b161fc2cf866c0fc8dd86815cdc27fdf,31,372912
Sri Lanka,"Country information and guidance report: journalists, media professionals and human rights activists, Sri Lanka, September 2015","By country/Sri Lanka/Country information and guidance report- journalists, media professionals and human rights activists, Sri Lanka, September 2015 [2c7d8699d036].pdf",https://webarchive.nationalarchives.gov.uk/ukgwa/20170525172954/https://www.gov.uk/government/uploads/system/uploads/attachment_data/file/566265/CIG_-_Sri_Lanka_-_Treatment_of_Journalists_and_Human_Rights_Activists.pdf,2c7d8699d036ca7ecc84b04221f3b384b161fc2cf866c0fc8dd86815cdc27fdf,31,372912
Sri Lanka,"Country information and guidance report: journalists, media professionals and human rights activists, Sri Lanka, September 2015","By country/Sri Lanka/Country information and guidance report- journalists, media professionals and human rights activists, Sri Lanka, September 2015 [2c7d8699d036].pdf",https://webarchive.nationalarchives.gov.uk/ukgwa/20170627202114/https://www.gov.uk/government/uploads/system/uploads/attachment_data/file/566265/CIG_-_Sri_Lanka_-_Treatment_of_Journalists_and_Human_Rights_Activists.pdf,2c7d8699d036ca7ecc84b04221f3b384b161fc2cf866c0fc8dd86815cdc27fdf,31,372912
Sri Lanka,"Country information and guidance report: journalists, media professionals and human rights activists, Sri Lanka, September 2015","By country/Sri Lanka/Country information and guidance report- journalists, media professionals and human rights activists, Sri Lanka, September 2015 [2c7d8699d036].pdf",https://webarchive.nationalarchives.gov.uk/ukgwa/20161220182244/https://www.gov.uk/government/uploads/system/uploads/attachment_data/file/566265/CIG_-_Sri_Lanka_-_Treatment_of_Journalists_and_Human_Rights_Activists.pdf,2c7d8699d036ca7ecc84b04221f3b384b161fc2cf866c0fc8dd86815cdc27fdf,31,372912
Sri Lanka,"Country information and guidance report: sexual orientation and gender identity, Sri Lanka, September 2015","By country/Sri Lanka/Country information and guidance report- sexual orientation and gender identity, Sri Lanka, September 2015 [2c7bad097b97].pdf",https://webarchive.nationalarchives.gov.uk/ukgwa/20170207120115/https://www.gov.uk/government/uploads/system/uploads/attachment_data/file/566264/sri_lanka_sexual_orientation_and_gender_identity.pdf,2c7bad097b9707569cc2c979bd713217f6a4add9594cafc40adefd6471455650,26,374147
Sri Lanka,"Country information and guidance report: sexual orientation and gender identity, Sri Lanka, September 2015","By country/Sri Lanka/Country information and guidance report- sexual orientation and gender identity, Sri Lanka, September 2015 [2c7bad097b97].pdf",https://webarchive.nationalarchives.gov.uk/ukgwa/20170210015541/https://www.gov.uk/government/uploads/system/uploads/attachment_data/file/566264/sri_lanka_sexual_orientation_and_gender_identity.pdf,2c7bad097b9707569cc2c979bd713217f6a4add9594cafc40adefd6471455650,26,374147
Sri Lanka,"Country information and guidance report: sexual orientation and gender identity, Sri Lanka, September 2015","By country/Sri Lanka/Country information and guidance report- sexual orientation and gender identity, Sri Lanka, September 2015 [2c7bad097b97].pdf",https://webarchive.nationalarchives.gov.uk/ukgwa/20170425164234/https://www.gov.uk/government/uploads/system/uploads/attachment_data/file/566264/sri_lanka_sexual_orientation_and_gender_identity.pdf,2c7bad097b9707569cc2c979bd713217f6a4add9594cafc40adefd6471455650,26,374147
Sri Lanka,"Country information and guidance report: sexual orientation and gender identity, Sri Lanka, September 2015","By country/Sri Lanka/Country information and guidance report- sexual orientation and gender identity, Sri Lanka, September 2015 [2c7bad097b97].pdf",https://webarchive.nationalarchives.gov.uk/ukgwa/20170525172951/https://www.gov.uk/government/uploads/system/uploads/attachment_data/file/566264/sri_lanka_sexual_orientation_and_gender_identity.pdf,2c7bad097b9707569cc2c979bd713217f6a4add9594cafc40adefd6471455650,26,374147
Sri Lanka,"Country information and guidance report: sexual orientation and gender identity, Sri Lanka, September 2015","By country/Sri Lanka/Country information and guidance report- sexual orientation and gender identity, Sri Lanka, September 2015 [2c7bad097b97].pdf",https://webarchive.nationalarchives.gov.uk/ukgwa/20170627202112/https://www.gov.uk/government/uploads/system/uploads/attachment_data/file/566264/sri_lanka_sexual_orientation_and_gender_identity.pdf,2c7bad097b9707569cc2c979bd713217f6a4add9594cafc40adefd6471455650,26,374147
Sri Lanka,"Country information and guidance report: sexual orientation and gender identity, Sri Lanka, September 2015","By country/Sri Lanka/Country information and guidance report- sexual orientation and gender identity, Sri Lanka, September 2015 [2c7bad097b97].pdf",https://webarchive.nationalarchives.gov.uk/ukgwa/20161220182242/https://www.gov.uk/government/uploads/system/uploads/attachment_data/file/566264/sri_lanka_sexual_orientation_and_gender_identity.pdf,2c7bad097b9707569cc2c979bd713217f6a4add9594cafc40adefd6471455650,26,374147
Sri Lanka,"Country information and guidance: Tamil separatism, Sri Lanka, August 2016","By country/Sri Lanka/Country information and guidance- Tamil separatism, Sri Lanka, August 2016 [82280546b6fd].pdf",https://webarchive.nationalarchives.gov.uk/ukgwa/20170207120113/https://www.gov.uk/government/uploads/system/uploads/attachment_data/file/566263/Sri_Lanka_-_Tamil_Separatism.pdf,82280546b6fd82d7999bf47301c3085b8ff6bdf945dc369c38967b2dcf8af3a6,51,654068
Sri Lanka,"Country information and guidance: Tamil separatism, Sri Lanka, August 2016","By country/Sri Lanka/Country information and guidance- Tamil separatism, Sri Lanka, August 2016 [82280546b6fd].pdf",https://webarchive.nationalarchives.gov.uk/ukgwa/20170210015539/https://www.gov.uk/government/uploads/system/uploads/attachment_data/file/566263/Sri_Lanka_-_Tamil_Separatism.pdf,82280546b6fd82d7999bf47301c3085b8ff6bdf945dc369c38967b2dcf8af3a6,51,654068
Sri Lanka,"Country information and guidance: Tamil separatism, Sri Lanka, August 2016","By country/Sri Lanka/Country information and guidance- Tamil separatism, Sri Lanka, August 2016 [82280546b6fd].pdf",https://webarchive.nationalarchives.gov.uk/ukgwa/20161220182239/https://www.gov.uk/government/uploads/system/uploads/attachment_data/file/566263/Sri_Lanka_-_Tamil_Separatism.pdf,82280546b6fd82d7999bf47301c3085b8ff6bdf945dc369c38967b2dcf8af3a6,51,654068
Sri Lanka,"Country policy and information note: sexual orientation and gender identity, Sri Lanka, July 2017","By country/Sri Lanka/Country policy and information note- sexual orientation and gender identity, Sri Lanka, July 2017 [f7e5d5da1467].pdf",https://webarchive.nationalarchives.gov.uk/ukgwa/20180106034806/https://www.gov.uk/government/uploads/system/uploads/attachment_data/file/627708/cpin_sri_lanka_sexual_orientation_identity_july_2017.pdf,f7e5d5da14673aa3d0936f67121019518861494125b6fcb0eec09d3ec558c8f0,27,319144
Sri Lanka,"Country policy and information note: sexual orientation and gender identity, Sri Lanka, July 2017","By country/Sri Lanka/Country policy and information note- sexual orientation and gender identity, Sri Lanka, July 2017 [f7e5d5da1467].pdf",https://webarchive.nationalarchives.gov.uk/ukgwa/20180302002421/https://www.gov.uk/government/uploads/system/uploads/attachment_data/file/627708/cpin_sri_lanka_sexual_orientation_identity_july_2017.pdf,f7e5d5da14673aa3d0936f67121019518861494125b6fcb0eec09d3ec558c8f0,27,319144
Sri Lanka,"Country policy and information note: sexual orientation and gender identity, Sri Lanka, July 2017","By country/Sri Lanka/Country policy and information note- sexual orientation and gender identity, Sri Lanka, July 2017 [f7e5d5da1467].pdf",https://webarchive.nationalarchives.gov.uk/ukgwa/20180311095722/https://www.gov.uk/government/uploads/system/uploads/attachment_data/file/627708/cpin_sri_lanka_sexual_orientation_identity_july_2017.pdf,f7e5d5da14673aa3d0936f67121019518861494125b6fcb0eec09d3ec558c8f0,27,319144
Sri Lanka,"Country policy and information note: sexual orientation and gender identity, Sri Lanka, July 2017","By country/Sri Lanka/Country policy and information note- sexual orientation and gender identity, Sri Lanka, July 2017 [f7e5d5da1467].pdf",https://webarchive.nationalarchives.gov.uk/ukgwa/20170804154651/https://www.gov.uk/government/uploads/system/uploads/attachment_data/file/627708/cpin_sri_lanka_sexual_orientation_identity_july_2017.pdf,f7e5d5da14673aa3d0936f67121019518861494125b6fcb0eec09d3ec558c8f0,27,319144
Sri Lanka,"Country policy and information note: sexual orientation and gender identity, Sri Lanka, July 2017","By country/Sri Lanka/Country policy and information note- sexual orientation and gender identity, Sri Lanka, July 2017 [f7e5d5da1467].pdf",https://webarchive.nationalarchives.gov.uk/ukgwa/20171012231111/https://www.gov.uk/government/uploads/system/uploads/attachment_data/file/627708/cpin_sri_lanka_sexual_orientation_identity_july_2017.pdf,f7e5d5da14673aa3d0936f67121019518861494125b6fcb0eec09d3ec558c8f0,27,319144
Sri Lanka,"Country policy and information note: sexual orientation and gender identity, Sri Lanka, July 2017","By country/Sri Lanka/Country policy and information note- sexual orientation and gender identity, Sri Lanka, July 2017 [f7e5d5da1467].pdf",https://webarchive.nationalarchives.gov.uk/ukgwa/20171111230705/https://www.gov.uk/government/uploads/system/uploads/attachment_data/file/627708/cpin_sri_lanka_sexual_orientation_identity_july_2017.pdf,f7e5d5da14673aa3d0936f67121019518861494125b6fcb0eec09d3ec558c8f0,27,319144
Sri Lanka,"Country policy and information note: Tamil separatism, Sri Lanka, May 2020","By country/Sri Lanka/Country policy and information note- Tamil separatism, Sri Lanka, May 2020 [1ad495cdba0a].pdf",https://webarchive.nationalarchives.gov.uk/ukgwa/20210108164624/https://assets.publishing.service.gov.uk/government/uploads/system/uploads/attachment_data/file/884618/Sri_Lanka_-_Tamil_Separatism_-CPIN-_v6.0.pdf,1ad495cdba0a260548e4d37594666ac0df2d5a351444a4189c077f9c95a3e44a,90,1240112
Sri Lanka,"Country policy and information note: Tamil separatism, Sri Lanka, May 2020","By country/Sri Lanka/Country policy and information note- Tamil separatism, Sri Lanka, May 2020 [1ad495cdba0a].pdf",https://webarchive.nationalarchives.gov.uk/ukgwa/20210204161359/https://assets.publishing.service.gov.uk/government/uploads/system/uploads/attachment_data/file/884618/Sri_Lanka_-_Tamil_Separatism_-CPIN-_v6.0.pdf,1ad495cdba0a260548e4d37594666ac0df2d5a351444a4189c077f9c95a3e44a,90,1240112
Sri Lanka,"Country policy and information note: Tamil separatism, Sri Lanka, May 2020","By country/Sri Lanka/Country policy and information note- Tamil separatism, Sri Lanka, May 2020 [1ad495cdba0a].pdf",https://webarchive.nationalarchives.gov.uk/ukgwa/20210227104859/https://assets.publishing.service.gov.uk/government/uploads/system/uploads/attachment_data/file/884618/Sri_Lanka_-_Tamil_Separatism_-CPIN-_v6.0.pdf,1ad495cdba0a260548e4d37594666ac0df2d5a351444a4189c077f9c95a3e44a,90,1240112
Sri Lanka,"Country policy and information note: Tamil separatism, Sri Lanka, May 2020","By country/Sri Lanka/Country policy and information note- Tamil separatism, Sri Lanka, May 2020 [1ad495cdba0a].pdf",https://webarchive.nationalarchives.gov.uk/ukgwa/20210303182859/https://assets.publishing.service.gov.uk/government/uploads/system/uploads/attachment_data/file/884618/Sri_Lanka_-_Tamil_Separatism_-CPIN-_v6.0.pdf,1ad495cdba0a260548e4d37594666ac0df2d5a351444a4189c077f9c95a3e44a,90,1240112
Sri Lanka,"Country policy and information note: Tamil separatism, Sri Lanka, May 2020","By country/Sri Lanka/Country policy and information note- Tamil separatism, Sri Lanka, May 2020 [1ad495cdba0a].pdf",https://webarchive.nationalarchives.gov.uk/ukgwa/20210327192232/https://assets.publishing.service.gov.uk/government/uploads/system/uploads/attachment_data/file/884618/Sri_Lanka_-_Tamil_Separatism_-CPIN-_v6.0.pdf,1ad495cdba0a260548e4d37594666ac0df2d5a351444a4189c077f9c95a3e44a,90,1240112
Sri Lanka,"Country policy and information note: Tamil separatism, Sri Lanka, May 2020","By country/Sri Lanka/Country policy and information note- Tamil separatism, Sri Lanka, May 2020 [1ad495cdba0a].pdf",https://webarchive.nationalarchives.gov.uk/ukgwa/20210404055803/https://assets.publishing.service.gov.uk/government/uploads/system/uploads/attachment_data/file/884618/Sri_Lanka_-_Tamil_Separatism_-CPIN-_v6.0.pdf,1ad495cdba0a260548e4d37594666ac0df2d5a351444a4189c077f9c95a3e44a,90,1240112
Sri Lanka,"Country policy and information note: Tamil separatism, Sri Lanka, May 2020","By country/Sri Lanka/Country policy and information note- Tamil separatism, Sri Lanka, May 2020 [1ad495cdba0a].pdf",https://webarchive.nationalarchives.gov.uk/ukgwa/20210518114449/https://assets.publishing.service.gov.uk/government/uploads/system/uploads/attachment_data/file/884618/Sri_Lanka_-_Tamil_Separatism_-CPIN-_v6.0.pdf,1ad495cdba0a260548e4d37594666ac0df2d5a351444a4189c077f9c95a3e44a,90,1240112
Sri Lanka,"Country policy and information note: Tamil separatism, Sri Lanka, May 2020","By country/Sri Lanka/Country policy and information note- Tamil separatism, Sri Lanka, May 2020 [1ad495cdba0a].pdf",https://webarchive.nationalarchives.gov.uk/ukgwa/20200518005555/https://assets.publishing.service.gov.uk/government/uploads/system/uploads/attachment_data/file/884618/Sri_Lanka_-_Tamil_Separatism_-CPIN-_v6.0.pdf,1ad495cdba0a260548e4d37594666ac0df2d5a351444a4189c077f9c95a3e44a,90,1240112
Sri Lanka,"Country policy and information note: Tamil separatism, Sri Lanka, May 2020","By country/Sri Lanka/Country policy and information note- Tamil separatism, Sri Lanka, May 2020 [1ad495cdba0a].pdf",https://webarchive.nationalarchives.gov.uk/ukgwa/20200609155255/https://assets.publishing.service.gov.uk/government/uploads/system/uploads/attachment_data/file/884618/Sri_Lanka_-_Tamil_Separatism_-CPIN-_v6.0.pdf,1ad495cdba0a260548e4d37594666ac0df2d5a351444a4189c077f9c95a3e44a,90,1240112
Sri Lanka,"Country policy and information note: Tamil separatism, Sri Lanka, May 2020","By country/Sri Lanka/Country policy and information note- Tamil separatism, Sri Lanka, May 2020 [1ad495cdba0a].pdf",https://webarchive.nationalarchives.gov.uk/ukgwa/20200708225640/https://assets.publishing.service.gov.uk/government/uploads/system/uploads/attachment_data/file/884618/Sri_Lanka_-_Tamil_Separatism_-CPIN-_v6.0.pdf,1ad495cdba0a260548e4d37594666ac0df2d5a351444a4189c077f9c95a3e44a,90,1240112
Sri Lanka,"Country policy and information note: Tamil separatism, Sri Lanka, May 2020","By country/Sri Lanka/Country policy and information note- Tamil separatism, Sri Lanka, May 2020 [1ad495cdba0a].pdf",https://webarchive.nationalarchives.gov.uk/ukgwa/20200725131006/https://assets.publishing.service.gov.uk/government/uploads/system/uploads/attachment_data/file/884618/Sri_Lanka_-_Tamil_Separatism_-CPIN-_v6.0.pdf,1ad495cdba0a260548e4d37594666ac0df2d5a351444a4189c077f9c95a3e44a,90,1240112
Sri Lanka,"Country policy and information note: Tamil separatism, Sri Lanka, May 2020","By country/Sri Lanka/Country policy and information note- Tamil separatism, Sri Lanka, May 2020 [1ad495cdba0a].pdf",https://webarchive.nationalarchives.gov.uk/ukgwa/20200806121901/https://assets.publishing.service.gov.uk/government/uploads/system/uploads/attachment_data/file/884618/Sri_Lanka_-_Tamil_Separatism_-CPIN-_v6.0.pdf,1ad495cdba0a260548e4d37594666ac0df2d5a351444a4189c077f9c95a3e44a,90,1240112
Sri Lanka,"Country policy and information note: Tamil separatism, Sri Lanka, May 2020","By country/Sri Lanka/Country policy and information note- Tamil separatism, Sri Lanka, May 2020 [1ad495cdba0a].pdf",https://webarchive.nationalarchives.gov.uk/ukgwa/20200812051814/https://assets.publishing.service.gov.uk/government/uploads/system/uploads/attachment_data/file/884618/Sri_Lanka_-_Tamil_Separatism_-CPIN-_v6.0.pdf,1ad495cdba0a260548e4d37594666ac0df2d5a351444a4189c077f9c95a3e44a,90,1240112
Sri Lanka,"Country policy and information note: Tamil separatism, Sri Lanka, May 2020","By country/Sri Lanka/Country policy and information note- Tamil separatism, Sri Lanka, May 2020 [1ad495cdba0a].pdf",https://webarchive.nationalarchives.gov.uk/ukgwa/20200813073841/https://assets.publishing.service.gov.uk/government/uploads/system/uploads/attachment_data/file/884618/Sri_Lanka_-_Tamil_Separatism_-CPIN-_v6.0.pdf,1ad495cdba0a260548e4d37594666ac0df2d5a351444a4189c077f9c95a3e44a,90,1240112
Sri Lanka,"Country policy and information note: Tamil separatism, Sri Lanka, May 2020","By country/Sri Lanka/Country policy and information note- Tamil separatism, Sri Lanka, May 2020 [1ad495cdba0a].pdf",https://webarchive.nationalarchives.gov.uk/ukgwa/20200814053339/https://assets.publishing.service.gov.uk/government/uploads/system/uploads/attachment_data/file/884618/Sri_Lanka_-_Tamil_Separatism_-CPIN-_v6.0.pdf,1ad495cdba0a260548e4d37594666ac0df2d5a351444a4189c077f9c95a3e44a,90,1240112
Sri Lanka,"Country policy and information note: Tamil separatism, Sri Lanka, May 2020","By country/Sri Lanka/Country policy and information note- Tamil separatism, Sri Lanka, May 2020 [1ad495cdba0a].pdf",https://webarchive.nationalarchives.gov.uk/ukgwa/20200818094343/https://assets.publishing.service.gov.uk/government/uploads/system/uploads/attachment_data/file/884618/Sri_Lanka_-_Tamil_Separatism_-CPIN-_v6.0.pdf,1ad495cdba0a260548e4d37594666ac0df2d5a351444a4189c077f9c95a3e44a,90,1240112
Sri Lanka,"Country policy and information note: Tamil separatism, Sri Lanka, May 2020","By country/Sri Lanka/Country policy and information note- Tamil separatism, Sri Lanka, May 2020 [1ad495cdba0a].pdf",https://webarchive.nationalarchives.gov.uk/ukgwa/20200819055516/https://assets.publishing.service.gov.uk/government/uploads/system/uploads/attachment_data/file/884618/Sri_Lanka_-_Tamil_Separatism_-CPIN-_v6.0.pdf,1ad495cdba0a260548e4d37594666ac0df2d5a351444a4189c077f9c95a3e44a,90,1240112
Sri Lanka,"Country policy and information note: Tamil separatism, Sri Lanka, May 2020","By country/Sri Lanka/Country policy and information note- Tamil separatism, Sri Lanka, May 2020 [1ad495cdba0a].pdf",https://webarchive.nationalarchives.gov.uk/ukgwa/20200820093452/https://assets.publishing.service.gov.uk/government/uploads/system/uploads/attachment_data/file/884618/Sri_Lanka_-_Tamil_Separatism_-CPIN-_v6.0.pdf,1ad495cdba0a260548e4d37594666ac0df2d5a351444a4189c077f9c95a3e44a,90,1240112
Sri Lanka,"Country policy and information note: Tamil separatism, Sri Lanka, May 2020","By country/Sri Lanka/Country policy and information note- Tamil separatism, Sri Lanka, May 2020 [1ad495cdba0a].pdf",https://webarchive.nationalarchives.gov.uk/ukgwa/20200821072436/https://assets.publishing.service.gov.uk/government/uploads/system/uploads/attachment_data/file/884618/Sri_Lanka_-_Tamil_Separatism_-CPIN-_v6.0.pdf,1ad495cdba0a260548e4d37594666ac0df2d5a351444a4189c077f9c95a3e44a,90,1240112
Sri Lanka,"Country policy and information note: Tamil separatism, Sri Lanka, May 2020","By country/Sri Lanka/Country policy and information note- Tamil separatism, Sri Lanka, May 2020 [1ad495cdba0a].pdf",https://webarchive.nationalarchives.gov.uk/ukgwa/20200822183403/https://assets.publishing.service.gov.uk/government/uploads/system/uploads/attachment_data/file/884618/Sri_Lanka_-_Tamil_Separatism_-CPIN-_v6.0.pdf,1ad495cdba0a260548e4d37594666ac0df2d5a351444a4189c077f9c95a3e44a,90,1240112
Sri Lanka,"Country policy and information note: Tamil separatism, Sri Lanka, May 2020","By country/Sri Lanka/Country policy and information note- Tamil separatism, Sri Lanka, May 2020 [1ad495cdba0a].pdf",https://webarchive.nationalarchives.gov.uk/ukgwa/20200825073506/https://assets.publishing.service.gov.uk/government/uploads/system/uploads/attachment_data/file/884618/Sri_Lanka_-_Tamil_Separatism_-CPIN-_v6.0.pdf,1ad495cdba0a260548e4d37594666ac0df2d5a351444a4189c077f9c95a3e44a,90,1240112
Sri Lanka,"Country policy and information note: Tamil separatism, Sri Lanka, May 2020","By country/Sri Lanka/Country policy and information note- Tamil separatism, Sri Lanka, May 2020 [1ad495cdba0a].pdf",https://webarchive.nationalarchives.gov.uk/ukgwa/20200913023133/https://assets.publishing.service.gov.uk/government/uploads/system/uploads/attachment_data/file/884618/Sri_Lanka_-_Tamil_Separatism_-CPIN-_v6.0.pdf,1ad495cdba0a260548e4d37594666ac0df2d5a351444a4189c077f9c95a3e44a,90,1240112
Sri Lanka,"Country policy and information note: Tamil separatism, Sri Lanka, May 2020","By country/Sri Lanka/Country policy and information note- Tamil separatism, Sri Lanka, May 2020 [1ad495cdba0a].pdf",https://webarchive.nationalarchives.gov.uk/ukgwa/20201005021835/https://assets.publishing.service.gov.uk/government/uploads/system/uploads/attachment_data/file/884618/Sri_Lanka_-_Tamil_Separatism_-CPIN-_v6.0.pdf,1ad495cdba0a260548e4d37594666ac0df2d5a351444a4189c077f9c95a3e44a,90,1240112
Sri Lanka,"Country policy and information note: Tamil separatism, Sri Lanka, May 2020","By country/Sri Lanka/Country policy and information note- Tamil separatism, Sri Lanka, May 2020 [1ad495cdba0a].pdf",https://webarchive.nationalarchives.gov.uk/ukgwa/20201108222712/https://assets.publishing.service.gov.uk/government/uploads/system/uploads/attachment_data/file/884618/Sri_Lanka_-_Tamil_Separatism_-CPIN-_v6.0.pdf,1ad495cdba0a260548e4d37594666ac0df2d5a351444a4189c077f9c95a3e44a,90,1240112
Sri Lanka,"Country policy and information note: Tamil separatism, Sri Lanka, May 2020","By country/Sri Lanka/Country policy and information note- Tamil separatism, Sri Lanka, May 2020 [1ad495cdba0a].pdf",https://webarchive.nationalarchives.gov.uk/ukgwa/20201204144135/https://assets.publishing.service.gov.uk/government/uploads/system/uploads/attachment_data/file/884618/Sri_Lanka_-_Tamil_Separatism_-CPIN-_v6.0.pdf,1ad495cdba0a260548e4d37594666ac0df2d5a351444a4189c077f9c95a3e44a,90,1240112
Sri Lanka,"Country policy and information note: Tamil separatism, Sri Lanka, May 2020","By country/Sri Lanka/Country policy and information note- Tamil separatism, Sri Lanka, May 2020 [1ad495cdba0a].pdf",https://webarchive.nationalarchives.gov.uk/ukgwa/20201217115851/https://assets.publishing.service.gov.uk/government/uploads/system/uploads/attachment_data/file/884618/Sri_Lanka_-_Tamil_Separatism_-CPIN-_v6.0.pdf,1ad495cdba0a260548e4d37594666ac0df2d5a351444a4189c077f9c95a3e44a,90,1240112
Sudan,"Country information and guidance: failed asylum seekers, Sudan, August 2016","By country/Sudan/Country information and guidance- failed asylum seekers, Sudan, August 2016 [a15cdc04bbb7].pdf",https://webarchive.nationalarchives.gov.uk/ukgwa/20170207120121/https://www.gov.uk/government/uploads/system/uploads/attachment_data/file/566268/CIG_-_Sudan_-_Failed_Asylum_Seekers.pdf,a15cdc04bbb7696c41f446e3712c6081d2e68a1511221370bd9a3d278fc2a07b,14,257166
Sudan,"Country information and guidance: failed asylum seekers, Sudan, August 2016","By country/Sudan/Country information and guidance- failed asylum seekers, Sudan, August 2016 [a15cdc04bbb7].pdf",https://webarchive.nationalarchives.gov.uk/ukgwa/20170210015535/https://www.gov.uk/government/uploads/system/uploads/attachment_data/file/566268/CIG_-_Sudan_-_Failed_Asylum_Seekers.pdf,a15cdc04bbb7696c41f446e3712c6081d2e68a1511221370bd9a3d278fc2a07b,14,257166
Sudan,"Country information and guidance: failed asylum seekers, Sudan, August 2016","By country/Sudan/Country information and guidance- failed asylum seekers, Sudan, August 2016 [a15cdc04bbb7].pdf",https://webarchive.nationalarchives.gov.uk/ukgwa/20170426183908/https://www.gov.uk/government/uploads/system/uploads/attachment_data/file/566268/CIG_-_Sudan_-_Failed_Asylum_Seekers.pdf,a15cdc04bbb7696c41f446e3712c6081d2e68a1511221370bd9a3d278fc2a07b,14,257166
Sudan,"Country information and guidance: failed asylum seekers, Sudan, August 2016","By country/Sudan/Country information and guidance- failed asylum seekers, Sudan, August 2016 [a15cdc04bbb7].pdf",https://webarchive.nationalarchives.gov.uk/ukgwa/20170524105700/https://www.gov.uk/government/uploads/system/uploads/attachment_data/file/566268/CIG_-_Sudan_-_Failed_Asylum_Seekers.pdf,a15cdc04bbb7696c41f446e3712c6081d2e68a1511221370bd9a3d278fc2a07b,14,257166
Sudan,"Country information and guidance: failed asylum seekers, Sudan, August 2016","By country/Sudan/Country information and guidance- failed asylum seekers, Sudan, August 2016 [a15cdc04bbb7].pdf",https://webarchive.nationalarchives.gov.uk/ukgwa/20170627202119/https://www.gov.uk/government/uploads/system/uploads/attachment_data/file/566268/CIG_-_Sudan_-_Failed_Asylum_Seekers.pdf,a15cdc04bbb7696c41f446e3712c6081d2e68a1511221370bd9a3d278fc2a07b,14,257166
Sudan,"Country information and guidance: failed asylum seekers, Sudan, August 2016","By country/Sudan/Country information and guidance- failed asylum seekers, Sudan, August 2016 [a15cdc04bbb7].pdf",https://webarchive.nationalarchives.gov.uk/ukgwa/20170804224712/https://www.gov.uk/government/uploads/system/uploads/attachment_data/file/566268/CIG_-_Sudan_-_Failed_Asylum_Seekers.pdf,a15cdc04bbb7696c41f446e3712c6081d2e68a1511221370bd9a3d278fc2a07b,14,257166
Sudan,"Country information and guidance: failed asylum seekers, Sudan, August 2016","By country/Sudan/Country information and guidance- failed asylum seekers, Sudan, August 2016 [a15cdc04bbb7].pdf",https://webarchive.nationalarchives.gov.uk/ukgwa/20161220182234/https://www.gov.uk/government/uploads/system/uploads/attachment_data/file/566268/CIG_-_Sudan_-_Failed_Asylum_Seekers.pdf,a15cdc04bbb7696c41f446e3712c6081d2e68a1511221370bd9a3d278fc2a07b,14,257166
Sudan,"Country information and guidance: persons involved in ‘sur place’ activity in the UK, Sudan, August 2016","By country/Sudan/Country information and guidance- persons involved in ‘sur place’ activity in the UK, Sudan, August 2016 [74b73c65be0a].pdf",https://webarchive.nationalarchives.gov.uk/ukgwa/20170207120123/https://www.gov.uk/government/uploads/system/uploads/attachment_data/file/566269/CIG_-_Sudan_-_Sur_Place_Activity.pdf,74b73c65be0a1d49d7d659640f4a54a3cb45b923d28ad3f22fda9019efb1b50c,44,497726
Sudan,"Country information and guidance: persons involved in ‘sur place’ activity in the UK, Sudan, August 2016","By country/Sudan/Country information and guidance- persons involved in ‘sur place’ activity in the UK, Sudan, August 2016 [74b73c65be0a].pdf",https://webarchive.nationalarchives.gov.uk/ukgwa/20170210015537/https://www.gov.uk/government/uploads/system/uploads/attachment_data/file/566269/CIG_-_Sudan_-_Sur_Place_Activity.pdf,74b73c65be0a1d49d7d659640f4a54a3cb45b923d28ad3f22fda9019efb1b50c,44,497726
Sudan,"Country information and guidance: persons involved in ‘sur place’ activity in the UK, Sudan, August 2016","By country/Sudan/Country information and guidance- persons involved in ‘sur place’ activity in the UK, Sudan, August 2016 [74b73c65be0a].pdf",https://webarchive.nationalarchives.gov.uk/ukgwa/20170426183910/https://www.gov.uk/government/uploads/system/uploads/attachment_data/file/566269/CIG_-_Sudan_-_Sur_Place_Activity.pdf,74b73c65be0a1d49d7d659640f4a54a3cb45b923d28ad3f22fda9019efb1b50c,44,497726
Sudan,"Country information and guidance: persons involved in ‘sur place’ activity in the UK, Sudan, August 2016","By country/Sudan/Country information and guidance- persons involved in ‘sur place’ activity in the UK, Sudan, August 2016 [74b73c65be0a].pdf",https://webarchive.nationalarchives.gov.uk/ukgwa/20170524105703/https://www.gov.uk/government/uploads/system/uploads/attachment_data/file/566269/CIG_-_Sudan_-_Sur_Place_Activity.pdf,74b73c65be0a1d49d7d659640f4a54a3cb45b923d28ad3f22fda9019efb1b50c,44,497726
Sudan,"Country information and guidance: persons involved in ‘sur place’ activity in the UK, Sudan, August 2016","By country/Sudan/Country information and guidance- persons involved in ‘sur place’ activity in the UK, Sudan, August 2016 [74b73c65be0a].pdf",https://webarchive.nationalarchives.gov.uk/ukgwa/20170627202122/https://www.gov.uk/government/uploads/system/uploads/attachment_data/file/566269/CIG_-_Sudan_-_Sur_Place_Activity.pdf,74b73c65be0a1d49d7d659640f4a54a3cb45b923d28ad3f22fda9019efb1b50c,44,497726
Sudan,"Country information and guidance: persons involved in ‘sur place’ activity in the UK, Sudan, August 2016","By country/Sudan/Country information and guidance- persons involved in ‘sur place’ activity in the UK, Sudan, August 2016 [74b73c65be0a].pdf",https://webarchive.nationalarchives.gov.uk/ukgwa/20170804225351/https://www.gov.uk/government/uploads/system/uploads/attachment_data/file/566269/CIG_-_Sudan_-_Sur_Place_Activity.pdf,74b73c65be0a1d49d7d659640f4a54a3cb45b923d28ad3f22fda9019efb1b50c,44,497726
Sudan,"Country information and guidance: persons involved in ‘sur place’ activity in the UK, Sudan, August 2016","By country/Sudan/Country information and guidance- persons involved in ‘sur place’ activity in the UK, Sudan, August 2016 [74b73c65be0a].pdf",https://webarchive.nationalarchives.gov.uk/ukgwa/20161220182237/https://www.gov.uk/government/uploads/system/uploads/attachment_data/file/566269/CIG_-_Sudan_-_Sur_Place_Activity.pdf,74b73c65be0a1d49d7d659640f4a54a3cb45b923d28ad3f22fda9019efb1b50c,44,497726
Sudan,"Country and policy information note: opposition to the government, including sur place activity, Sudan, August 2017","By country/Sudan/Country and policy information note- opposition to the government, including sur place activity, Sudan, August 2017 [d3870e1eef32].pdf",https://webarchive.nationalarchives.gov.uk/ukgwa/20180106000323/https://www.gov.uk/government/uploads/system/uploads/attachment_data/file/635918/Country_and_Policy_Information_Note_Sudan_opposition_to_the_government__including_Sur_Place_Activity_August_2017.pdf,d3870e1eef329f7bf98bd1d80e8d83862b0ab8873a5816ccc1e6ae4b169f6afe,61,391847
Sudan,"Country and policy information note: opposition to the government, including sur place activity, Sudan, August 2017","By country/Sudan/Country and policy information note- opposition to the government, including sur place activity, Sudan, August 2017 [d3870e1eef32].pdf",https://webarchive.nationalarchives.gov.uk/ukgwa/20180228221818/https://www.gov.uk/government/uploads/system/uploads/attachment_data/file/635918/Country_and_Policy_Information_Note_Sudan_opposition_to_the_government__including_Sur_Place_Activity_August_2017.pdf,d3870e1eef329f7bf98bd1d80e8d83862b0ab8873a5816ccc1e6ae4b169f6afe,61,391847
Sudan,"Country and policy information note: opposition to the government, including sur place activity, Sudan, August 2017","By country/Sudan/Country and policy information note- opposition to the government, including sur place activity, Sudan, August 2017 [d3870e1eef32].pdf",https://webarchive.nationalarchives.gov.uk/ukgwa/20180311052736/https://www.gov.uk/government/uploads/system/uploads/attachment_data/file/635918/Country_and_Policy_Information_Note_Sudan_opposition_to_the_government__including_Sur_Place_Activity_August_2017.pdf,d3870e1eef329f7bf98bd1d80e8d83862b0ab8873a5816ccc1e6ae4b169f6afe,61,391847
Sudan,"Country and policy information note: opposition to the government, including sur place activity, Sudan, August 2017","By country/Sudan/Country and policy information note- opposition to the government, including sur place activity, Sudan, August 2017 [d3870e1eef32].pdf",https://webarchive.nationalarchives.gov.uk/ukgwa/20170909162555/https://www.gov.uk/government/uploads/system/uploads/attachment_data/file/635918/Country_and_Policy_Information_Note_Sudan_opposition_to_the_government__including_Sur_Place_Activity_August_2017.pdf,d3870e1eef329f7bf98bd1d80e8d83862b0ab8873a5816ccc1e6ae4b169f6afe,61,391847
Sudan,"Country and policy information note: opposition to the government, including sur place activity, Sudan, August 2017","By country/Sudan/Country and policy information note- opposition to the government, including sur place activity, Sudan, August 2017 [d3870e1eef32].pdf",https://webarchive.nationalarchives.gov.uk/ukgwa/20171013124431/https://www.gov.uk/government/uploads/system/uploads/attachment_data/file/635918/Country_and_Policy_Information_Note_Sudan_opposition_to_the_government__including_Sur_Place_Activity_August_2017.pdf,d3870e1eef329f7bf98bd1d80e8d83862b0ab8873a5816ccc1e6ae4b169f6afe,61,391847
Sudan,"Country and policy information note: opposition to the government, including sur place activity, Sudan, August 2017","By country/Sudan/Country and policy information note- opposition to the government, including sur place activity, Sudan, August 2017 [d3870e1eef32].pdf",https://webarchive.nationalarchives.gov.uk/ukgwa/20171217005150/https://www.gov.uk/government/uploads/system/uploads/attachment_data/file/635918/Country_and_Policy_Information_Note_Sudan_opposition_to_the_government__including_Sur_Place_Activity_August_2017.pdf,d3870e1eef329f7bf98bd1d80e8d83862b0ab8873a5816ccc1e6ae4b169f6afe,61,391847
Turkey,"Country information and guidance: Alevis, Turkey, February 2016","By country/Turkey/Country information and guidance- Alevis, Turkey, February 2016 [f0d0141bd2bb].pdf",https://webarchive.nationalarchives.gov.uk/ukgwa/20170207120141/https://www.gov.uk/government/uploads/system/uploads/attachment_data/file/566284/CIG_-_Turkey_-_Alevis.pdf,f0d0141bd2bb9d2651ee01fff2e50a71f7878dbb24938dc42b960190312e4b7d,20,331583
Turkey,"Country information and guidance: Alevis, Turkey, February 2016","By country/Turkey/Country information and guidance- Alevis, Turkey, February 2016 [f0d0141bd2bb].pdf",https://webarchive.nationalarchives.gov.uk/ukgwa/20170209235440/https://www.gov.uk/government/uploads/system/uploads/attachment_data/file/566284/CIG_-_Turkey_-_Alevis.pdf,f0d0141bd2bb9d2651ee01fff2e50a71f7878dbb24938dc42b960190312e4b7d,20,331583
Turkey,"Country information and guidance: Alevis, Turkey, February 2016","By country/Turkey/Country information and guidance- Alevis, Turkey, February 2016 [f0d0141bd2bb].pdf",https://webarchive.nationalarchives.gov.uk/ukgwa/20170426183849/https://www.gov.uk/government/uploads/system/uploads/attachment_data/file/566284/CIG_-_Turkey_-_Alevis.pdf,f0d0141bd2bb9d2651ee01fff2e50a71f7878dbb24938dc42b960190312e4b7d,20,331583
Turkey,"Country information and guidance: Alevis, Turkey, February 2016","By country/Turkey/Country information and guidance- Alevis, Turkey, February 2016 [f0d0141bd2bb].pdf",https://webarchive.nationalarchives.gov.uk/ukgwa/20170525044112/https://www.gov.uk/government/uploads/system/uploads/attachment_data/file/566284/CIG_-_Turkey_-_Alevis.pdf,f0d0141bd2bb9d2651ee01fff2e50a71f7878dbb24938dc42b960190312e4b7d,20,331583
Turkey,"Country information and guidance: Alevis, Turkey, February 2016","By country/Turkey/Country information and guidance- Alevis, Turkey, February 2016 [f0d0141bd2bb].pdf",https://webarchive.nationalarchives.gov.uk/ukgwa/20170622011144/https://www.gov.uk/government/uploads/system/uploads/attachment_data/file/566284/CIG_-_Turkey_-_Alevis.pdf,f0d0141bd2bb9d2651ee01fff2e50a71f7878dbb24938dc42b960190312e4b7d,20,331583
Turkey,"Country information and guidance: Alevis, Turkey, February 2016","By country/Turkey/Country information and guidance- Alevis, Turkey, February 2016 [f0d0141bd2bb].pdf",https://webarchive.nationalarchives.gov.uk/ukgwa/20161220162045/https://www.gov.uk/government/uploads/system/uploads/attachment_data/file/566284/CIG_-_Turkey_-_Alevis.pdf,f0d0141bd2bb9d2651ee01fff2e50a71f7878dbb24938dc42b960190312e4b7d,20,331583
Turkey,"Country information and guidance: HDP (Peoples' Democratic Party), Turkey, March 2016","By country/Turkey/Country information and guidance- HDP (Peoples' Democratic Party), Turkey, March 2016 [5b4fd81a609f].pdf",https://webarchive.nationalarchives.gov.uk/ukgwa/20170207120128/https://www.gov.uk/government/uploads/system/uploads/attachment_data/file/566271/CIG_-_TURKEY_-_HDP.pdf,5b4fd81a609f902d2d6ae3b6430608a76d680e9406dd008cfb5fbbf6f93ccf79,28,400078
Turkey,"Country information and guidance: HDP (Peoples' Democratic Party), Turkey, March 2016","By country/Turkey/Country information and guidance- HDP (Peoples' Democratic Party), Turkey, March 2016 [5b4fd81a609f].pdf",https://webarchive.nationalarchives.gov.uk/ukgwa/20170209235427/https://www.gov.uk/government/uploads/system/uploads/attachment_data/file/566271/CIG_-_TURKEY_-_HDP.pdf,5b4fd81a609f902d2d6ae3b6430608a76d680e9406dd008cfb5fbbf6f93ccf79,28,400078
Turkey,"Country information and guidance: HDP (Peoples' Democratic Party), Turkey, March 2016","By country/Turkey/Country information and guidance- HDP (Peoples' Democratic Party), Turkey, March 2016 [5b4fd81a609f].pdf",https://webarchive.nationalarchives.gov.uk/ukgwa/20170426183835/https://www.gov.uk/government/uploads/system/uploads/attachment_data/file/566271/CIG_-_TURKEY_-_HDP.pdf,5b4fd81a609f902d2d6ae3b6430608a76d680e9406dd008cfb5fbbf6f93ccf79,28,400078
Turkey,"Country information and guidance: HDP (Peoples' Democratic Party), Turkey, March 2016","By country/Turkey/Country information and guidance- HDP (Peoples' Democratic Party), Turkey, March 2016 [5b4fd81a609f].pdf",https://webarchive.nationalarchives.gov.uk/ukgwa/20170525044059/https://www.gov.uk/government/uploads/system/uploads/attachment_data/file/566271/CIG_-_TURKEY_-_HDP.pdf,5b4fd81a609f902d2d6ae3b6430608a76d680e9406dd008cfb5fbbf6f93ccf79,28,400078
Turkey,"Country information and guidance: HDP (Peoples' Democratic Party), Turkey, March 2016","By country/Turkey/Country information and guidance- HDP (Peoples' Democratic Party), Turkey, March 2016 [5b4fd81a609f].pdf",https://webarchive.nationalarchives.gov.uk/ukgwa/20170622011126/https://www.gov.uk/government/uploads/system/uploads/attachment_data/file/566271/CIG_-_TURKEY_-_HDP.pdf,5b4fd81a609f902d2d6ae3b6430608a76d680e9406dd008cfb5fbbf6f93ccf79,28,400078
Turkey,"Country information and guidance: HDP (Peoples' Democratic Party), Turkey, March 2016","By country/Turkey/Country information and guidance- HDP (Peoples' Democratic Party), Turkey, March 2016 [5b4fd81a609f].pdf",https://webarchive.nationalarchives.gov.uk/ukgwa/20170804160952/https://www.gov.uk/government/uploads/system/uploads/attachment_data/file/566271/CIG_-_TURKEY_-_HDP.pdf,5b4fd81a609f902d2d6ae3b6430608a76d680e9406dd008cfb5fbbf6f93ccf79,28,400078
Turkey,"Country information and guidance: HDP (Peoples' Democratic Party), Turkey, March 2016","By country/Turkey/Country information and guidance- HDP (Peoples' Democratic Party), Turkey, March 2016 [5b4fd81a609f].pdf",https://webarchive.nationalarchives.gov.uk/ukgwa/20170909161211/https://www.gov.uk/government/uploads/system/uploads/attachment_data/file/566271/CIG_-_TURKEY_-_HDP.pdf,5b4fd81a609f902d2d6ae3b6430608a76d680e9406dd008cfb5fbbf6f93ccf79,28,400078
Turkey,"Country information and guidance: HDP (Peoples' Democratic Party), Turkey, March 2016","By country/Turkey/Country information and guidance- HDP (Peoples' Democratic Party), Turkey, March 2016 [5b4fd81a609f].pdf",https://webarchive.nationalarchives.gov.uk/ukgwa/20171013123236/https://www.gov.uk/government/uploads/system/uploads/attachment_data/file/566271/CIG_-_TURKEY_-_HDP.pdf,5b4fd81a609f902d2d6ae3b6430608a76d680e9406dd008cfb5fbbf6f93ccf79,28,400078
Turkey,"Country information and guidance: HDP (Peoples' Democratic Party), Turkey, March 2016","By country/Turkey/Country information and guidance- HDP (Peoples' Democratic Party), Turkey, March 2016 [5b4fd81a609f].pdf",https://webarchive.nationalarchives.gov.uk/ukgwa/20161220162031/https://www.gov.uk/government/uploads/system/uploads/attachment_data/file/566271/CIG_-_TURKEY_-_HDP.pdf,5b4fd81a609f902d2d6ae3b6430608a76d680e9406dd008cfb5fbbf6f93ccf79,28,400078
Turkey,"Country information and guidance: Kurdish ethnicity, Turkey, February 2016","By country/Turkey/Country information and guidance- Kurdish ethnicity, Turkey, February 2016 [a7a29b5f1be2].pdf",https://webarchive.nationalarchives.gov.uk/ukgwa/20180105220536/https://www.gov.uk/government/uploads/system/uploads/attachment_data/file/566287/CIG_-_Turkey_-_Kurds.pdf,a7a29b5f1be2dd1b0c27567604630e39f7b6457dac5938b75c70ad6eacefb575,21,370000
Turkey,"Country information and guidance: Kurdish ethnicity, Turkey, February 2016","By country/Turkey/Country information and guidance- Kurdish ethnicity, Turkey, February 2016 [a7a29b5f1be2].pdf",https://webarchive.nationalarchives.gov.uk/ukgwa/20180302045011/https://www.gov.uk/government/uploads/system/uploads/attachment_data/file/566287/CIG_-_Turkey_-_Kurds.pdf,a7a29b5f1be2dd1b0c27567604630e39f7b6457dac5938b75c70ad6eacefb575,21,370000
Turkey,"Country information and guidance: Kurdish ethnicity, Turkey, February 2016","By country/Turkey/Country information and guidance- Kurdish ethnicity, Turkey, February 2016 [a7a29b5f1be2].pdf",https://webarchive.nationalarchives.gov.uk/ukgwa/20180311113059/https://www.gov.uk/government/uploads/system/uploads/attachment_data/file/566287/CIG_-_Turkey_-_Kurds.pdf,a7a29b5f1be2dd1b0c27567604630e39f7b6457dac5938b75c70ad6eacefb575,21,370000
Turkey,"Country information and guidance: Kurdish ethnicity, Turkey, February 2016","By country/Turkey/Country information and guidance- Kurdish ethnicity, Turkey, February 2016 [a7a29b5f1be2].pdf",https://webarchive.nationalarchives.gov.uk/ukgwa/20170207120144/https://www.gov.uk/government/uploads/system/uploads/attachment_data/file/566287/CIG_-_Turkey_-_Kurds.pdf,a7a29b5f1be2dd1b0c27567604630e39f7b6457dac5938b75c70ad6eacefb575,21,370000
Turkey,"Country information and guidance: Kurdish ethnicity, Turkey, February 2016","By country/Turkey/Country information and guidance- Kurdish ethnicity, Turkey, February 2016 [a7a29b5f1be2].pdf",https://webarchive.nationalarchives.gov.uk/ukgwa/20170209235442/https://www.gov.uk/government/uploads/system/uploads/attachment_data/file/566287/CIG_-_Turkey_-_Kurds.pdf,a7a29b5f1be2dd1b0c27567604630e39f7b6457dac5938b75c70ad6eacefb575,21,370000
Turkey,"Country information and guidance: Kurdish ethnicity, Turkey, February 2016","By country/Turkey/Country information and guidance- Kurdish ethnicity, Turkey, February 2016 [a7a29b5f1be2].pdf",https://webarchive.nationalarchives.gov.uk/ukgwa/20170426183851/https://www.gov.uk/government/uploads/system/uploads/attachment_data/file/566287/CIG_-_Turkey_-_Kurds.pdf,a7a29b5f1be2dd1b0c27567604630e39f7b6457dac5938b75c70ad6eacefb575,21,370000
Turkey,"Country information and guidance: Kurdish ethnicity, Turkey, February 2016","By country/Turkey/Country information and guidance- Kurdish ethnicity, Turkey, February 2016 [a7a29b5f1be2].pdf",https://webarchive.nationalarchives.gov.uk/ukgwa/20170525044115/https://www.gov.uk/government/uploads/system/uploads/attachment_data/file/566287/CIG_-_Turkey_-_Kurds.pdf,a7a29b5f1be2dd1b0c27567604630e39f7b6457dac5938b75c70ad6eacefb575,21,370000
Turkey,"Country information and guidance: Kurdish ethnicity, Turkey, February 2016","By country/Turkey/Country information and guidance- Kurdish ethnicity, Turkey, February 2016 [a7a29b5f1be2].pdf",https://webarchive.nationalarchives.gov.uk/ukgwa/20170622011146/https://www.gov.uk/government/uploads/system/uploads/attachment_data/file/566287/CIG_-_Turkey_-_Kurds.pdf,a7a29b5f1be2dd1b0c27567604630e39f7b6457dac5938b75c70ad6eacefb575,21,370000
Turkey,"Country information and guidance: Kurdish ethnicity, Turkey, February 2016","By country/Turkey/Country information and guidance- Kurdish ethnicity, Turkey, February 2016 [a7a29b5f1be2].pdf",https://webarchive.nationalarchives.gov.uk/ukgwa/20170804155913/https://www.gov.uk/government/uploads/system/uploads/attachment_data/file/566287/CIG_-_Turkey_-_Kurds.pdf,a7a29b5f1be2dd1b0c27567604630e39f7b6457dac5938b75c70ad6eacefb575,21,370000
Turkey,"Country information and guidance: Kurdish ethnicity, Turkey, February 2016","By country/Turkey/Country information and guidance- Kurdish ethnicity, Turkey, February 2016 [a7a29b5f1be2].pdf",https://webarchive.nationalarchives.gov.uk/ukgwa/20170909161820/https://www.gov.uk/government/uploads/system/uploads/attachment_data/file/566287/CIG_-_Turkey_-_Kurds.pdf,a7a29b5f1be2dd1b0c27567604630e39f7b6457dac5938b75c70ad6eacefb575,21,370000
Turkey,"Country information and guidance: Kurdish ethnicity, Turkey, February 2016","By country/Turkey/Country information and guidance- Kurdish ethnicity, Turkey, February 2016 [a7a29b5f1be2].pdf",https://webarchive.nationalarchives.gov.uk/ukgwa/20171013123008/https://www.gov.uk/government/uploads/system/uploads/attachment_data/file/566287/CIG_-_Turkey_-_Kurds.pdf,a7a29b5f1be2dd1b0c27567604630e39f7b6457dac5938b75c70ad6eacefb575,21,370000
Turkey,"Country information and guidance: Kurdish ethnicity, Turkey, February 2016","By country/Turkey/Country information and guidance- Kurdish ethnicity, Turkey, February 2016 [a7a29b5f1be2].pdf",https://webarchive.nationalarchives.gov.uk/ukgwa/20161220162047/https://www.gov.uk/government/uploads/system/uploads/attachment_data/file/566287/CIG_-_Turkey_-_Kurds.pdf,a7a29b5f1be2dd1b0c27567604630e39f7b6457dac5938b75c70ad6eacefb575,21,370000
Turkey,"Country information and guidance: background information, including actors of protection and internal relocation, Turkey, February 2016","By country/Turkey/Country information and guidance- background information, including actors of protection and internal relocation, Turkey, February 2016 [00fdc5b3e390].pdf",https://webarchive.nationalarchives.gov.uk/ukgwa/20180105221001/https://www.gov.uk/government/uploads/system/uploads/attachment_data/file/566281/CIG_-_Turkey_-_Background.pdf,00fdc5b3e390db62a7a4d84a9c6cf1561faca19f2ccc85d368407a6e92bb8f1c,30,401137
Turkey,"Country information and guidance: background information, including actors of protection and internal relocation, Turkey, February 2016","By country/Turkey/Country information and guidance- background information, including actors of protection and internal relocation, Turkey, February 2016 [00fdc5b3e390].pdf",https://webarchive.nationalarchives.gov.uk/ukgwa/20180302052326/https://www.gov.uk/government/uploads/system/uploads/attachment_data/file/566281/CIG_-_Turkey_-_Background.pdf,00fdc5b3e390db62a7a4d84a9c6cf1561faca19f2ccc85d368407a6e92bb8f1c,30,401137
Turkey,"Country information and guidance: background information, including actors of protection and internal relocation, Turkey, February 2016","By country/Turkey/Country information and guidance- background information, including actors of protection and internal relocation, Turkey, February 2016 [00fdc5b3e390].pdf",https://webarchive.nationalarchives.gov.uk/ukgwa/20180311113058/https://www.gov.uk/government/uploads/system/uploads/attachment_data/file/566281/CIG_-_Turkey_-_Background.pdf,00fdc5b3e390db62a7a4d84a9c6cf1561faca19f2ccc85d368407a6e92bb8f1c,30,401137
Turkey,"Country information and guidance: background information, including actors of protection and internal relocation, Turkey, February 2016","By country/Turkey/Country information and guidance- background information, including actors of protection and internal relocation, Turkey, February 2016 [00fdc5b3e390].pdf",https://webarchive.nationalarchives.gov.uk/ukgwa/20170207120139/https://www.gov.uk/government/uploads/system/uploads/attachment_data/file/566281/CIG_-_Turkey_-_Background.pdf,00fdc5b3e390db62a7a4d84a9c6cf1561faca19f2ccc85d368407a6e92bb8f1c,30,401137
Turkey,"Country information and guidance: background information, including actors of protection and internal relocation, Turkey, February 2016","By country/Turkey/Country information and guidance- background information, including actors of protection and internal relocation, Turkey, February 2016 [00fdc5b3e390].pdf",https://webarchive.nationalarchives.gov.uk/ukgwa/20170209235438/https://www.gov.uk/government/uploads/system/uploads/attachment_data/file/566281/CIG_-_Turkey_-_Background.pdf,00fdc5b3e390db62a7a4d84a9c6cf1561faca19f2ccc85d368407a6e92bb8f1c,30,401137
Turkey,"Country information and guidance: background information, including actors of protection and internal relocation, Turkey, February 2016","By country/Turkey/Country information and guidance- background information, including actors of protection and internal relocation, Turkey, February 2016 [00fdc5b3e390].pdf",https://webarchive.nationalarchives.gov.uk/ukgwa/20170426183847/https://www.gov.uk/government/uploads/system/uploads/attachment_data/file/566281/CIG_-_Turkey_-_Background.pdf,00fdc5b3e390db62a7a4d84a9c6cf1561faca19f2ccc85d368407a6e92bb8f1c,30,401137
Turkey,"Country information and guidance: background information, including actors of protection and internal relocation, Turkey, February 2016","By country/Turkey/Country information and guidance- background information, including actors of protection and internal relocation, Turkey, February 2016 [00fdc5b3e390].pdf",https://webarchive.nationalarchives.gov.uk/ukgwa/20170525044110/https://www.gov.uk/government/uploads/system/uploads/attachment_data/file/566281/CIG_-_Turkey_-_Background.pdf,00fdc5b3e390db62a7a4d84a9c6cf1561faca19f2ccc85d368407a6e92bb8f1c,30,401137
Turkey,"Country information and guidance: background information, including actors of protection and internal relocation, Turkey, February 2016","By country/Turkey/Country information and guidance- background information, including actors of protection and internal relocation, Turkey, February 2016 [00fdc5b3e390].pdf",https://webarchive.nationalarchives.gov.uk/ukgwa/20170622011142/https://www.gov.uk/government/uploads/system/uploads/attachment_data/file/566281/CIG_-_Turkey_-_Background.pdf,00fdc5b3e390db62a7a4d84a9c6cf1561faca19f2ccc85d368407a6e92bb8f1c,30,401137
Turkey,"Country information and guidance: background information, including actors of protection and internal relocation, Turkey, February 2016","By country/Turkey/Country information and guidance- background information, including actors of protection and internal relocation, Turkey, February 2016 [00fdc5b3e390].pdf",https://webarchive.nationalarchives.gov.uk/ukgwa/20170804160953/https://www.gov.uk/government/uploads/system/uploads/attachment_data/file/566281/CIG_-_Turkey_-_Background.pdf,00fdc5b3e390db62a7a4d84a9c6cf1561faca19f2ccc85d368407a6e92bb8f1c,30,401137
Turkey,"Country information and guidance: background information, including actors of protection and internal relocation, Turkey, February 2016","By country/Turkey/Country information and guidance- background information, including actors of protection and internal relocation, Turkey, February 2016 [00fdc5b3e390].pdf",https://webarchive.nationalarchives.gov.uk/ukgwa/20170909161652/https://www.gov.uk/government/uploads/system/uploads/attachment_data/file/566281/CIG_-_Turkey_-_Background.pdf,00fdc5b3e390db62a7a4d84a9c6cf1561faca19f2ccc85d368407a6e92bb8f1c,30,401137
Turkey,"Country information and guidance: background information, including actors of protection and internal relocation, Turkey, February 2016","By country/Turkey/Country information and guidance- background information, including actors of protection and internal relocation, Turkey, February 2016 [00fdc5b3e390].pdf",https://webarchive.nationalarchives.gov.uk/ukgwa/20171013123122/https://www.gov.uk/government/uploads/system/uploads/attachment_data/file/566281/CIG_-_Turkey_-_Background.pdf,00fdc5b3e390db62a7a4d84a9c6cf1561faca19f2ccc85d368407a6e92bb8f1c,30,401137
Turkey,"Country information and guidance: background information, including actors of protection and internal relocation, Turkey, February 2016","By country/Turkey/Country information and guidance- background information, including actors of protection and internal relocation, Turkey, February 2016 [00fdc5b3e390].pdf",https://webarchive.nationalarchives.gov.uk/ukgwa/20161220162043/https://www.gov.uk/government/uploads/system/uploads/attachment_data/file/566281/CIG_-_Turkey_-_Background.pdf,00fdc5b3e390db62a7a4d84a9c6cf1561faca19f2ccc85d368407a6e92bb8f1c,30,401137
Turkey,"Country information and guidance: human rights defenders, Turkey, March 2016","By country/Turkey/Country information and guidance- human rights defenders, Turkey, March 2016 [4684b9bf864c].pdf",https://webarchive.nationalarchives.gov.uk/ukgwa/20170207120132/https://www.gov.uk/government/uploads/system/uploads/attachment_data/file/566275/CIG_-_Turkey_-_HRDs.pdf,4684b9bf864ccdcdfe96c8e34b9c1a64b5eed10a17b36e71dc5c86c377ed949f,24,466211
Turkey,"Country information and guidance: human rights defenders, Turkey, March 2016","By country/Turkey/Country information and guidance- human rights defenders, Turkey, March 2016 [4684b9bf864c].pdf",https://webarchive.nationalarchives.gov.uk/ukgwa/20170209235431/https://www.gov.uk/government/uploads/system/uploads/attachment_data/file/566275/CIG_-_Turkey_-_HRDs.pdf,4684b9bf864ccdcdfe96c8e34b9c1a64b5eed10a17b36e71dc5c86c377ed949f,24,466211
Turkey,"Country information and guidance: human rights defenders, Turkey, March 2016","By country/Turkey/Country information and guidance- human rights defenders, Turkey, March 2016 [4684b9bf864c].pdf",https://webarchive.nationalarchives.gov.uk/ukgwa/20170426183840/https://www.gov.uk/government/uploads/system/uploads/attachment_data/file/566275/CIG_-_Turkey_-_HRDs.pdf,4684b9bf864ccdcdfe96c8e34b9c1a64b5eed10a17b36e71dc5c86c377ed949f,24,466211
Turkey,"Country information and guidance: human rights defenders, Turkey, March 2016","By country/Turkey/Country information and guidance- human rights defenders, Turkey, March 2016 [4684b9bf864c].pdf",https://webarchive.nationalarchives.gov.uk/ukgwa/20170525044103/https://www.gov.uk/government/uploads/system/uploads/attachment_data/file/566275/CIG_-_Turkey_-_HRDs.pdf,4684b9bf864ccdcdfe96c8e34b9c1a64b5eed10a17b36e71dc5c86c377ed949f,24,466211
Turkey,"Country information and guidance: human rights defenders, Turkey, March 2016","By country/Turkey/Country information and guidance- human rights defenders, Turkey, March 2016 [4684b9bf864c].pdf",https://webarchive.nationalarchives.gov.uk/ukgwa/20161220162036/https://www.gov.uk/government/uploads/system/uploads/attachment_data/file/566275/CIG_-_Turkey_-_HRDs.pdf,4684b9bf864ccdcdfe96c8e34b9c1a64b5eed10a17b36e71dc5c86c377ed949f,24,466211
Turkey,"Country information and guidance: journalists, Turkey, March 2016","By country/Turkey/Country information and guidance- journalists, Turkey, March 2016 [578d97421b5f].pdf",https://webarchive.nationalarchives.gov.uk/ukgwa/20180105222220/https://www.gov.uk/government/uploads/system/uploads/attachment_data/file/566273/CIG_-_Turkey_-_Journalists.pdf,578d97421b5f628099f4c3e37055eb6f6b0f9f97a93f89ca74015c71f491568f,29,434904
Turkey,"Country information and guidance: journalists, Turkey, March 2016","By country/Turkey/Country information and guidance- journalists, Turkey, March 2016 [578d97421b5f].pdf",https://webarchive.nationalarchives.gov.uk/ukgwa/20180302053445/https://www.gov.uk/government/uploads/system/uploads/attachment_data/file/566273/CIG_-_Turkey_-_Journalists.pdf,578d97421b5f628099f4c3e37055eb6f6b0f9f97a93f89ca74015c71f491568f,29,434904
Turkey,"Country information and guidance: journalists, Turkey, March 2016","By country/Turkey/Country information and guidance- journalists, Turkey, March 2016 [578d97421b5f].pdf",https://webarchive.nationalarchives.gov.uk/ukgwa/20180311113513/https://www.gov.uk/government/uploads/system/uploads/attachment_data/file/566273/CIG_-_Turkey_-_Journalists.pdf,578d97421b5f628099f4c3e37055eb6f6b0f9f97a93f89ca74015c71f491568f,29,434904
Turkey,"Country information and guidance: journalists, Turkey, March 2016","By country/Turkey/Country information and guidance- journalists, Turkey, March 2016 [578d97421b5f].pdf",https://webarchive.nationalarchives.gov.uk/ukgwa/20170207120130/https://www.gov.uk/government/uploads/system/uploads/attachment_data/file/566273/CIG_-_Turkey_-_Journalists.pdf,578d97421b5f628099f4c3e37055eb6f6b0f9f97a93f89ca74015c71f491568f,29,434904
Turkey,"Country information and guidance: journalists, Turkey, March 2016","By country/Turkey/Country information and guidance- journalists, Turkey, March 2016 [578d97421b5f].pdf",https://webarchive.nationalarchives.gov.uk/ukgwa/20170209235429/https://www.gov.uk/government/uploads/system/uploads/attachment_data/file/566273/CIG_-_Turkey_-_Journalists.pdf,578d97421b5f628099f4c3e37055eb6f6b0f9f97a93f89ca74015c71f491568f,29,434904
Turkey,"Country information and guidance: journalists, Turkey, March 2016","By country/Turkey/Country information and guidance- journalists, Turkey, March 2016 [578d97421b5f].pdf",https://webarchive.nationalarchives.gov.uk/ukgwa/20170426183838/https://www.gov.uk/government/uploads/system/uploads/attachment_data/file/566273/CIG_-_Turkey_-_Journalists.pdf,578d97421b5f628099f4c3e37055eb6f6b0f9f97a93f89ca74015c71f491568f,29,434904
Turkey,"Country information and guidance: journalists, Turkey, March 2016","By country/Turkey/Country information and guidance- journalists, Turkey, March 2016 [578d97421b5f].pdf",https://webarchive.nationalarchives.gov.uk/ukgwa/20170525044101/https://www.gov.uk/government/uploads/system/uploads/attachment_data/file/566273/CIG_-_Turkey_-_Journalists.pdf,578d97421b5f628099f4c3e37055eb6f6b0f9f97a93f89ca74015c71f491568f,29,434904
Turkey,"Country information and guidance: journalists, Turkey, March 2016","By country/Turkey/Country information and guidance- journalists, Turkey, March 2016 [578d97421b5f].pdf",https://webarchive.nationalarchives.gov.uk/ukgwa/20170622011128/https://www.gov.uk/government/uploads/system/uploads/attachment_data/file/566273/CIG_-_Turkey_-_Journalists.pdf,578d97421b5f628099f4c3e37055eb6f6b0f9f97a93f89ca74015c71f491568f,29,434904
Turkey,"Country information and guidance: journalists, Turkey, March 2016","By country/Turkey/Country information and guidance- journalists, Turkey, March 2016 [578d97421b5f].pdf",https://webarchive.nationalarchives.gov.uk/ukgwa/20170804160513/https://www.gov.uk/government/uploads/system/uploads/attachment_data/file/566273/CIG_-_Turkey_-_Journalists.pdf,578d97421b5f628099f4c3e37055eb6f6b0f9f97a93f89ca74015c71f491568f,29,434904
Turkey,"Country information and guidance: journalists, Turkey, March 2016","By country/Turkey/Country information and guidance- journalists, Turkey, March 2016 [578d97421b5f].pdf",https://webarchive.nationalarchives.gov.uk/ukgwa/20170909161651/https://www.gov.uk/government/uploads/system/uploads/attachment_data/file/566273/CIG_-_Turkey_-_Journalists.pdf,578d97421b5f628099f4c3e37055eb6f6b0f9f97a93f89ca74015c71f491568f,29,434904
Turkey,"Country information and guidance: journalists, Turkey, March 2016","By country/Turkey/Country information and guidance- journalists, Turkey, March 2016 [578d97421b5f].pdf",https://webarchive.nationalarchives.gov.uk/ukgwa/20171013123339/https://www.gov.uk/government/uploads/system/uploads/attachment_data/file/566273/CIG_-_Turkey_-_Journalists.pdf,578d97421b5f628099f4c3e37055eb6f6b0f9f97a93f89ca74015c71f491568f,29,434904
Turkey,"Country information and guidance: journalists, Turkey, March 2016","By country/Turkey/Country information and guidance- journalists, Turkey, March 2016 [578d97421b5f].pdf",https://webarchive.nationalarchives.gov.uk/ukgwa/20161220162034/https://www.gov.uk/government/uploads/system/uploads/attachment_data/file/566273/CIG_-_Turkey_-_Journalists.pdf,578d97421b5f628099f4c3e37055eb6f6b0f9f97a93f89ca74015c71f491568f,29,434904
Turkey,"Country information and guidance: membership of, or association with, the PKK, Turkey, February 2016","By country/Turkey/Country information and guidance- membership of, or association with, the PKK, Turkey, February 2016 [048921b36d3c].pdf",https://webarchive.nationalarchives.gov.uk/ukgwa/20170207120148/https://www.gov.uk/government/uploads/system/uploads/attachment_data/file/566293/CIG_-_Turkey_-_PKK.pdf,048921b36d3cd9286d4e342b24b9383e42b2979b163036d2786e9b167a0ebd61,21,372165
Turkey,"Country information and guidance: membership of, or association with, the PKK, Turkey, February 2016","By country/Turkey/Country information and guidance- membership of, or association with, the PKK, Turkey, February 2016 [048921b36d3c].pdf",https://webarchive.nationalarchives.gov.uk/ukgwa/20170209235447/https://www.gov.uk/government/uploads/system/uploads/attachment_data/file/566293/CIG_-_Turkey_-_PKK.pdf,048921b36d3cd9286d4e342b24b9383e42b2979b163036d2786e9b167a0ebd61,21,372165
Turkey,"Country information and guidance: membership of, or association with, the PKK, Turkey, February 2016","By country/Turkey/Country information and guidance- membership of, or association with, the PKK, Turkey, February 2016 [048921b36d3c].pdf",https://webarchive.nationalarchives.gov.uk/ukgwa/20170426183856/https://www.gov.uk/government/uploads/system/uploads/attachment_data/file/566293/CIG_-_Turkey_-_PKK.pdf,048921b36d3cd9286d4e342b24b9383e42b2979b163036d2786e9b167a0ebd61,21,372165
Turkey,"Country information and guidance: membership of, or association with, the PKK, Turkey, February 2016","By country/Turkey/Country information and guidance- membership of, or association with, the PKK, Turkey, February 2016 [048921b36d3c].pdf",https://webarchive.nationalarchives.gov.uk/ukgwa/20170525044119/https://www.gov.uk/government/uploads/system/uploads/attachment_data/file/566293/CIG_-_Turkey_-_PKK.pdf,048921b36d3cd9286d4e342b24b9383e42b2979b163036d2786e9b167a0ebd61,21,372165
Turkey,"Country information and guidance: membership of, or association with, the PKK, Turkey, February 2016","By country/Turkey/Country information and guidance- membership of, or association with, the PKK, Turkey, February 2016 [048921b36d3c].pdf",https://webarchive.nationalarchives.gov.uk/ukgwa/20170622011151/https://www.gov.uk/government/uploads/system/uploads/attachment_data/file/566293/CIG_-_Turkey_-_PKK.pdf,048921b36d3cd9286d4e342b24b9383e42b2979b163036d2786e9b167a0ebd61,21,372165
Turkey,"Country information and guidance: membership of, or association with, the PKK, Turkey, February 2016","By country/Turkey/Country information and guidance- membership of, or association with, the PKK, Turkey, February 2016 [048921b36d3c].pdf",https://webarchive.nationalarchives.gov.uk/ukgwa/20161220162052/https://www.gov.uk/government/uploads/system/uploads/attachment_data/file/566293/CIG_-_Turkey_-_PKK.pdf,048921b36d3cd9286d4e342b24b9383e42b2979b163036d2786e9b167a0ebd61,21,372165
Turkey,"Country information and guidance: military service, Turkey, March 2016","By country/Turkey/Country information and guidance- military service, Turkey, March 2016 [ed96d969a100].pdf",https://webarchive.nationalarchives.gov.uk/ukgwa/20180105220535/https://www.gov.uk/government/uploads/system/uploads/attachment_data/file/566280/CIG_-_Turkey_-_Military_Service.pdf,ed96d969a100a07bcea0666752c2c6de3d1cf52bb2c715ca2edb54026812e831,22,396392
Turkey,"Country information and guidance: military service, Turkey, March 2016","By country/Turkey/Country information and guidance- military service, Turkey, March 2016 [ed96d969a100].pdf",https://webarchive.nationalarchives.gov.uk/ukgwa/20180302052048/https://www.gov.uk/government/uploads/system/uploads/attachment_data/file/566280/CIG_-_Turkey_-_Military_Service.pdf,ed96d969a100a07bcea0666752c2c6de3d1cf52bb2c715ca2edb54026812e831,22,396392
Turkey,"Country information and guidance: military service, Turkey, March 2016","By country/Turkey/Country information and guidance- military service, Turkey, March 2016 [ed96d969a100].pdf",https://webarchive.nationalarchives.gov.uk/ukgwa/20180311113026/https://www.gov.uk/government/uploads/system/uploads/attachment_data/file/566280/CIG_-_Turkey_-_Military_Service.pdf,ed96d969a100a07bcea0666752c2c6de3d1cf52bb2c715ca2edb54026812e831,22,396392
Turkey,"Country information and guidance: military service, Turkey, March 2016","By country/Turkey/Country information and guidance- military service, Turkey, March 2016 [ed96d969a100].pdf",https://webarchive.nationalarchives.gov.uk/ukgwa/20170207120137/https://www.gov.uk/government/uploads/system/uploads/attachment_data/file/566280/CIG_-_Turkey_-_Military_Service.pdf,ed96d969a100a07bcea0666752c2c6de3d1cf52bb2c715ca2edb54026812e831,22,396392
Turkey,"Country information and guidance: military service, Turkey, March 2016","By country/Turkey/Country information and guidance- military service, Turkey, March 2016 [ed96d969a100].pdf",https://webarchive.nationalarchives.gov.uk/ukgwa/20170209235436/https://www.gov.uk/government/uploads/system/uploads/attachment_data/file/566280/CIG_-_Turkey_-_Military_Service.pdf,ed96d969a100a07bcea0666752c2c6de3d1cf52bb2c715ca2edb54026812e831,22,396392
Turkey,"Country information and guidance: military service, Turkey, March 2016","By country/Turkey/Country information and guidance- military service, Turkey, March 2016 [ed96d969a100].pdf",https://webarchive.nationalarchives.gov.uk/ukgwa/20170426183844/https://www.gov.uk/government/uploads/system/uploads/attachment_data/file/566280/CIG_-_Turkey_-_Military_Service.pdf,ed96d969a100a07bcea0666752c2c6de3d1cf52bb2c715ca2edb54026812e831,22,396392
Turkey,"Country information and guidance: military service, Turkey, March 2016","By country/Turkey/Country information and guidance- military service, Turkey, March 2016 [ed96d969a100].pdf",https://webarchive.nationalarchives.gov.uk/ukgwa/20170525044108/https://www.gov.uk/government/uploads/system/uploads/attachment_data/file/566280/CIG_-_Turkey_-_Military_Service.pdf,ed96d969a100a07bcea0666752c2c6de3d1cf52bb2c715ca2edb54026812e831,22,396392
Turkey,"Country information and guidance: military service, Turkey, March 2016","By country/Turkey/Country information and guidance- military service, Turkey, March 2016 [ed96d969a100].pdf",https://webarchive.nationalarchives.gov.uk/ukgwa/20170622011139/https://www.gov.uk/government/uploads/system/uploads/attachment_data/file/566280/CIG_-_Turkey_-_Military_Service.pdf,ed96d969a100a07bcea0666752c2c6de3d1cf52bb2c715ca2edb54026812e831,22,396392
Turkey,"Country information and guidance: military service, Turkey, March 2016","By country/Turkey/Country information and guidance- military service, Turkey, March 2016 [ed96d969a100].pdf",https://webarchive.nationalarchives.gov.uk/ukgwa/20170804160218/https://www.gov.uk/government/uploads/system/uploads/attachment_data/file/566280/CIG_-_Turkey_-_Military_Service.pdf,ed96d969a100a07bcea0666752c2c6de3d1cf52bb2c715ca2edb54026812e831,22,396392
Turkey,"Country information and guidance: military service, Turkey, March 2016","By country/Turkey/Country information and guidance- military service, Turkey, March 2016 [ed96d969a100].pdf",https://webarchive.nationalarchives.gov.uk/ukgwa/20170909161332/https://www.gov.uk/government/uploads/system/uploads/attachment_data/file/566280/CIG_-_Turkey_-_Military_Service.pdf,ed96d969a100a07bcea0666752c2c6de3d1cf52bb2c715ca2edb54026812e831,22,396392
Turkey,"Country information and guidance: military service, Turkey, March 2016","By country/Turkey/Country information and guidance- military service, Turkey, March 2016 [ed96d969a100].pdf",https://webarchive.nationalarchives.gov.uk/ukgwa/20171013123122/https://www.gov.uk/government/uploads/system/uploads/attachment_data/file/566280/CIG_-_Turkey_-_Military_Service.pdf,ed96d969a100a07bcea0666752c2c6de3d1cf52bb2c715ca2edb54026812e831,22,396392
Turkey,"Country information and guidance: military service, Turkey, March 2016","By country/Turkey/Country information and guidance- military service, Turkey, March 2016 [ed96d969a100].pdf",https://webarchive.nationalarchives.gov.uk/ukgwa/20161220162041/https://www.gov.uk/government/uploads/system/uploads/attachment_data/file/566280/CIG_-_Turkey_-_Military_Service.pdf,ed96d969a100a07bcea0666752c2c6de3d1cf52bb2c715ca2edb54026812e831,22,396392
Turkey,"Country information and guidance: prison conditions, Turkey, February 2016","By country/Turkey/Country information and guidance- prison conditions, Turkey, February 2016 [d1d74480a9ea].pdf",https://webarchive.nationalarchives.gov.uk/ukgwa/20180105220538/https://www.gov.uk/government/uploads/system/uploads/attachment_data/file/566296/CIG_-_Turkey_-_Prison_Conditions.pdf,d1d74480a9eae4fa2198a034dcdc01d0814571a1952c3e4921b3a5bdad3ef673,23,362046
Turkey,"Country information and guidance: prison conditions, Turkey, February 2016","By country/Turkey/Country information and guidance- prison conditions, Turkey, February 2016 [d1d74480a9ea].pdf",https://webarchive.nationalarchives.gov.uk/ukgwa/20180302052329/https://www.gov.uk/government/uploads/system/uploads/attachment_data/file/566296/CIG_-_Turkey_-_Prison_Conditions.pdf,d1d74480a9eae4fa2198a034dcdc01d0814571a1952c3e4921b3a5bdad3ef673,23,362046
Turkey,"Country information and guidance: prison conditions, Turkey, February 2016","By country/Turkey/Country information and guidance- prison conditions, Turkey, February 2016 [d1d74480a9ea].pdf",https://webarchive.nationalarchives.gov.uk/ukgwa/20180311113026/https://www.gov.uk/government/uploads/system/uploads/attachment_data/file/566296/CIG_-_Turkey_-_Prison_Conditions.pdf,d1d74480a9eae4fa2198a034dcdc01d0814571a1952c3e4921b3a5bdad3ef673,23,362046
Turkey,"Country information and guidance: prison conditions, Turkey, February 2016","By country/Turkey/Country information and guidance- prison conditions, Turkey, February 2016 [d1d74480a9ea].pdf",https://webarchive.nationalarchives.gov.uk/ukgwa/20170207120151/https://www.gov.uk/government/uploads/system/uploads/attachment_data/file/566296/CIG_-_Turkey_-_Prison_Conditions.pdf,d1d74480a9eae4fa2198a034dcdc01d0814571a1952c3e4921b3a5bdad3ef673,23,362046
Turkey,"Country information and guidance: prison conditions, Turkey, February 2016","By country/Turkey/Country information and guidance- prison conditions, Turkey, February 2016 [d1d74480a9ea].pdf",https://webarchive.nationalarchives.gov.uk/ukgwa/20170209235449/https://www.gov.uk/government/uploads/system/uploads/attachment_data/file/566296/CIG_-_Turkey_-_Prison_Conditions.pdf,d1d74480a9eae4fa2198a034dcdc01d0814571a1952c3e4921b3a5bdad3ef673,23,362046
Turkey,"Country information and guidance: prison conditions, Turkey, February 2016","By country/Turkey/Country information and guidance- prison conditions, Turkey, February 2016 [d1d74480a9ea].pdf",https://webarchive.nationalarchives.gov.uk/ukgwa/20170426183858/https://www.gov.uk/government/uploads/system/uploads/attachment_data/file/566296/CIG_-_Turkey_-_Prison_Conditions.pdf,d1d74480a9eae4fa2198a034dcdc01d0814571a1952c3e4921b3a5bdad3ef673,23,362046
Turkey,"Country information and guidance: prison conditions, Turkey, February 2016","By country/Turkey/Country information and guidance- prison conditions, Turkey, February 2016 [d1d74480a9ea].pdf",https://webarchive.nationalarchives.gov.uk/ukgwa/20170525044121/https://www.gov.uk/government/uploads/system/uploads/attachment_data/file/566296/CIG_-_Turkey_-_Prison_Conditions.pdf,d1d74480a9eae4fa2198a034dcdc01d0814571a1952c3e4921b3a5bdad3ef673,23,362046
Turkey,"Country information and guidance: prison conditions, Turkey, February 2016","By country/Turkey/Country information and guidance- prison conditions, Turkey, February 2016 [d1d74480a9ea].pdf",https://webarchive.nationalarchives.gov.uk/ukgwa/20170622011153/https://www.gov.uk/government/uploads/system/uploads/attachment_data/file/566296/CIG_-_Turkey_-_Prison_Conditions.pdf,d1d74480a9eae4fa2198a034dcdc01d0814571a1952c3e4921b3a5bdad3ef673,23,362046
Turkey,"Country information and guidance: prison conditions, Turkey, February 2016","By country/Turkey/Country information and guidance- prison conditions, Turkey, February 2016 [d1d74480a9ea].pdf",https://webarchive.nationalarchives.gov.uk/ukgwa/20170804155534/https://www.gov.uk/government/uploads/system/uploads/attachment_data/file/566296/CIG_-_Turkey_-_Prison_Conditions.pdf,d1d74480a9eae4fa2198a034dcdc01d0814571a1952c3e4921b3a5bdad3ef673,23,362046
Turkey,"Country information and guidance: prison conditions, Turkey, February 2016","By country/Turkey/Country information and guidance- prison conditions, Turkey, February 2016 [d1d74480a9ea].pdf",https://webarchive.nationalarchives.gov.uk/ukgwa/20170909161655/https://www.gov.uk/government/uploads/system/uploads/attachment_data/file/566296/CIG_-_Turkey_-_Prison_Conditions.pdf,d1d74480a9eae4fa2198a034dcdc01d0814571a1952c3e4921b3a5bdad3ef673,23,362046
Turkey,"Country information and guidance: prison conditions, Turkey, February 2016","By country/Turkey/Country information and guidance- prison conditions, Turkey, February 2016 [d1d74480a9ea].pdf",https://webarchive.nationalarchives.gov.uk/ukgwa/20171013123009/https://www.gov.uk/government/uploads/system/uploads/attachment_data/file/566296/CIG_-_Turkey_-_Prison_Conditions.pdf,d1d74480a9eae4fa2198a034dcdc01d0814571a1952c3e4921b3a5bdad3ef673,23,362046
Turkey,"Country information and guidance: prison conditions, Turkey, February 2016","By country/Turkey/Country information and guidance- prison conditions, Turkey, February 2016 [d1d74480a9ea].pdf",https://webarchive.nationalarchives.gov.uk/ukgwa/20161220162054/https://www.gov.uk/government/uploads/system/uploads/attachment_data/file/566296/CIG_-_Turkey_-_Prison_Conditions.pdf,d1d74480a9eae4fa2198a034dcdc01d0814571a1952c3e4921b3a5bdad3ef673,23,362046
Turkey,"Country information and guidance: sexual orientation and gender identity, Turkey, March 2016","By country/Turkey/Country information and guidance- sexual orientation and gender identity, Turkey, March 2016 [10a780bbb6d4].pdf",https://webarchive.nationalarchives.gov.uk/ukgwa/20170207120135/https://www.gov.uk/government/uploads/system/uploads/attachment_data/file/566278/CIG_-_Turkey_-_SOGI.pdf,10a780bbb6d425a38a50083186fa1e6a041eb9514c42089b945154df26d5d61f,23,376801
Turkey,"Country information and guidance: sexual orientation and gender identity, Turkey, March 2016","By country/Turkey/Country information and guidance- sexual orientation and gender identity, Turkey, March 2016 [10a780bbb6d4].pdf",https://webarchive.nationalarchives.gov.uk/ukgwa/20170209235433/https://www.gov.uk/government/uploads/system/uploads/attachment_data/file/566278/CIG_-_Turkey_-_SOGI.pdf,10a780bbb6d425a38a50083186fa1e6a041eb9514c42089b945154df26d5d61f,23,376801
Turkey,"Country information and guidance: sexual orientation and gender identity, Turkey, March 2016","By country/Turkey/Country information and guidance- sexual orientation and gender identity, Turkey, March 2016 [10a780bbb6d4].pdf",https://webarchive.nationalarchives.gov.uk/ukgwa/20170426183842/https://www.gov.uk/government/uploads/system/uploads/attachment_data/file/566278/CIG_-_Turkey_-_SOGI.pdf,10a780bbb6d425a38a50083186fa1e6a041eb9514c42089b945154df26d5d61f,23,376801
Turkey,"Country information and guidance: sexual orientation and gender identity, Turkey, March 2016","By country/Turkey/Country information and guidance- sexual orientation and gender identity, Turkey, March 2016 [10a780bbb6d4].pdf",https://webarchive.nationalarchives.gov.uk/ukgwa/20170525044105/https://www.gov.uk/government/uploads/system/uploads/attachment_data/file/566278/CIG_-_Turkey_-_SOGI.pdf,10a780bbb6d425a38a50083186fa1e6a041eb9514c42089b945154df26d5d61f,23,376801
Turkey,"Country information and guidance: sexual orientation and gender identity, Turkey, March 2016","By country/Turkey/Country information and guidance- sexual orientation and gender identity, Turkey, March 2016 [10a780bbb6d4].pdf",https://webarchive.nationalarchives.gov.uk/ukgwa/20161220162038/https://www.gov.uk/government/uploads/system/uploads/attachment_data/file/566278/CIG_-_Turkey_-_SOGI.pdf,10a780bbb6d425a38a50083186fa1e6a041eb9514c42089b945154df26d5d61f,23,376801
Turkey,"Country information and guidance: women fearing gender-based violence, Turkey, February 2016","By country/Turkey/Country information and guidance- women fearing gender-based violence, Turkey, February 2016 [fb9b4d7ca922].pdf",https://webarchive.nationalarchives.gov.uk/ukgwa/20180105221002/https://www.gov.uk/government/uploads/system/uploads/attachment_data/file/566290/CIG_-_Turkey_-_Women.pdf,fb9b4d7ca922304488029326a0a9a8e58db6d5150a0db2adddf515cffb85d7d2,46,494231
Turkey,"Country information and guidance: women fearing gender-based violence, Turkey, February 2016","By country/Turkey/Country information and guidance- women fearing gender-based violence, Turkey, February 2016 [fb9b4d7ca922].pdf",https://webarchive.nationalarchives.gov.uk/ukgwa/20180302052327/https://www.gov.uk/government/uploads/system/uploads/attachment_data/file/566290/CIG_-_Turkey_-_Women.pdf,fb9b4d7ca922304488029326a0a9a8e58db6d5150a0db2adddf515cffb85d7d2,46,494231
Turkey,"Country information and guidance: women fearing gender-based violence, Turkey, February 2016","By country/Turkey/Country information and guidance- women fearing gender-based violence, Turkey, February 2016 [fb9b4d7ca922].pdf",https://webarchive.nationalarchives.gov.uk/ukgwa/20180311113514/https://www.gov.uk/government/uploads/system/uploads/attachment_data/file/566290/CIG_-_Turkey_-_Women.pdf,fb9b4d7ca922304488029326a0a9a8e58db6d5150a0db2adddf515cffb85d7d2,46,494231
Turkey,"Country information and guidance: women fearing gender-based violence, Turkey, February 2016","By country/Turkey/Country information and guidance- women fearing gender-based violence, Turkey, February 2016 [fb9b4d7ca922].pdf",https://webarchive.nationalarchives.gov.uk/ukgwa/20170207120146/https://www.gov.uk/government/uploads/system/uploads/attachment_data/file/566290/CIG_-_Turkey_-_Women.pdf,fb9b4d7ca922304488029326a0a9a8e58db6d5150a0db2adddf515cffb85d7d2,46,494231
Turkey,"Country information and guidance: women fearing gender-based violence, Turkey, February 2016","By country/Turkey/Country information and guidance- women fearing gender-based violence, Turkey, February 2016 [fb9b4d7ca922].pdf",https://webarchive.nationalarchives.gov.uk/ukgwa/20170209235445/https://www.gov.uk/government/uploads/system/uploads/attachment_data/file/566290/CIG_-_Turkey_-_Women.pdf,fb9b4d7ca922304488029326a0a9a8e58db6d5150a0db2adddf515cffb85d7d2,46,494231
Turkey,"Country information and guidance: women fearing gender-based violence, Turkey, February 2016","By country/Turkey/Country information and guidance- women fearing gender-based violence, Turkey, February 2016 [fb9b4d7ca922].pdf",https://webarchive.nationalarchives.gov.uk/ukgwa/20170426183853/https://www.gov.uk/government/uploads/system/uploads/attachment_data/file/566290/CIG_-_Turkey_-_Women.pdf,fb9b4d7ca922304488029326a0a9a8e58db6d5150a0db2adddf515cffb85d7d2,46,494231
Turkey,"Country information and guidance: women fearing gender-based violence, Turkey, February 2016","By country/Turkey/Country information and guidance- women fearing gender-based violence, Turkey, February 2016 [fb9b4d7ca922].pdf",https://webarchive.nationalarchives.gov.uk/ukgwa/20170525044117/https://www.gov.uk/government/uploads/system/uploads/attachment_data/file/566290/CIG_-_Turkey_-_Women.pdf,fb9b4d7ca922304488029326a0a9a8e58db6d5150a0db2adddf515cffb85d7d2,46,494231
Turkey,"Country information and guidance: women fearing gender-based violence, Turkey, February 2016","By country/Turkey/Country information and guidance- women fearing gender-based violence, Turkey, February 2016 [fb9b4d7ca922].pdf",https://webarchive.nationalarchives.gov.uk/ukgwa/20170622011148/https://www.gov.uk/government/uploads/system/uploads/attachment_data/file/566290/CIG_-_Turkey_-_Women.pdf,fb9b4d7ca922304488029326a0a9a8e58db6d5150a0db2adddf515cffb85d7d2,46,494231
Turkey,"Country information and guidance: women fearing gender-based violence, Turkey, February 2016","By country/Turkey/Country information and guidance- women fearing gender-based violence, Turkey, February 2016 [fb9b4d7ca922].pdf",https://webarchive.nationalarchives.gov.uk/ukgwa/20170804160954/https://www.gov.uk/government/uploads/system/uploads/attachment_data/file/566290/CIG_-_Turkey_-_Women.pdf,fb9b4d7ca922304488029326a0a9a8e58db6d5150a0db2adddf515cffb85d7d2,46,494231
Turkey,"Country information and guidance: women fearing gender-based violence, Turkey, February 2016","By country/Turkey/Country information and guidance- women fearing gender-based violence, Turkey, February 2016 [fb9b4d7ca922].pdf",https://webarchive.nationalarchives.gov.uk/ukgwa/20170909161653/https://www.gov.uk/government/uploads/system/uploads/attachment_data/file/566290/CIG_-_Turkey_-_Women.pdf,fb9b4d7ca922304488029326a0a9a8e58db6d5150a0db2adddf515cffb85d7d2,46,494231
Turkey,"Country information and guidance: women fearing gender-based violence, Turkey, February 2016","By country/Turkey/Country information and guidance- women fearing gender-based violence, Turkey, February 2016 [fb9b4d7ca922].pdf",https://webarchive.nationalarchives.gov.uk/ukgwa/20171013123931/https://www.gov.uk/government/uploads/system/uploads/attachment_data/file/566290/CIG_-_Turkey_-_Women.pdf,fb9b4d7ca922304488029326a0a9a8e58db6d5150a0db2adddf515cffb85d7d2,46,494231
Turkey,"Country information and guidance: women fearing gender-based violence, Turkey, February 2016","By country/Turkey/Country information and guidance- women fearing gender-based violence, Turkey, February 2016 [fb9b4d7ca922].pdf",https://webarchive.nationalarchives.gov.uk/ukgwa/20161220162050/https://www.gov.uk/government/uploads/system/uploads/attachment_data/file/566290/CIG_-_Turkey_-_Women.pdf,fb9b4d7ca922304488029326a0a9a8e58db6d5150a0db2adddf515cffb85d7d2,46,494231
Turkey,"Country policy and information note: background note, Turkey, April 2021","By country/Turkey/Country policy and information note- background note, Turkey, April 2021 [74f69b3702e2].pdf",https://webarchive.nationalarchives.gov.uk/ukgwa/20210503065006/https://assets.publishing.service.gov.uk/government/uploads/system/uploads/attachment_data/file/982312/turkey-background-cpin-v4.0-_April_2021_.pdf,74f69b3702e27af15688171019dc0e7e0fecc1aebaf9309972d690f595629456,22,478274
Turkey,"Country policy and information note: background note, Turkey, April 2021","By country/Turkey/Country policy and information note- background note, Turkey, April 2021 [74f69b3702e2].pdf",https://webarchive.nationalarchives.gov.uk/ukgwa/20210518114130/https://assets.publishing.service.gov.uk/government/uploads/system/uploads/attachment_data/file/982312/turkey-background-cpin-v4.0-_April_2021_.pdf,74f69b3702e27af15688171019dc0e7e0fecc1aebaf9309972d690f595629456,22,478274
Uganda,"Country information and guidance report: sexual orientation and gender, Uganda, August 2014","By country/Uganda/Country information and guidance report- sexual orientation and gender, Uganda, August 2014 [1b8408ae60fa].pdf",https://webarchive.nationalarchives.gov.uk/ukgwa/20161220162026/https://www.gov.uk/government/uploads/system/uploads/attachment_data/file/566317/CIG_Uganda_SOGI.pdf,1b8408ae60faf4b733b6edc07f68f5fcb71a520bea377dd94187a1fda2023059,38,445948
Uganda,"Operational guidance note: Uganda, December 2013","By country/Uganda/Operational guidance note- Uganda, December 2013 [51456d48b532].pdf",https://webarchive.nationalarchives.gov.uk/ukgwa/20170203204139/https://www.gov.uk/government/uploads/system/uploads/attachment_data/file/566321/Uganda_operational_guidance_2013.pdf,51456d48b532fbd5e0f030731a7c9d2a8082074c2da09c138e50780de418a690,30,476224
Uganda,"Operational guidance note: Uganda, December 2013","By country/Uganda/Operational guidance note- Uganda, December 2013 [51456d48b532].pdf",https://webarchive.nationalarchives.gov.uk/ukgwa/20170209235425/https://www.gov.uk/government/uploads/system/uploads/attachment_data/file/566321/Uganda_operational_guidance_2013.pdf,51456d48b532fbd5e0f030731a7c9d2a8082074c2da09c138e50780de418a690,30,476224
Uganda,"Operational guidance note: Uganda, December 2013","By country/Uganda/Operational guidance note- Uganda, December 2013 [51456d48b532].pdf",https://webarchive.nationalarchives.gov.uk/ukgwa/20161220162029/https://www.gov.uk/government/uploads/system/uploads/attachment_data/file/566321/Uganda_operational_guidance_2013.pdf,51456d48b532fbd5e0f030731a7c9d2a8082074c2da09c138e50780de418a690,30,476224
Ukraine,"Country information and guidance: Crimea, Donetsk and Luhansk, Ukraine, January 2016","By country/Ukraine/Country information and guidance- Crimea, Donetsk and Luhansk, Ukraine, January 2016 [0ca1fd2a5b75].pdf",https://webarchive.nationalarchives.gov.uk/ukgwa/20170207120207/https://www.gov.uk/government/uploads/system/uploads/attachment_data/file/566623/CIG_-_Ukraine_-_Crimea_Donetsk_and_Luhansk.pdf,0ca1fd2a5b75ae930f55228064dcd020d987d53d24832b07007755c2839830f8,40,444772
Ukraine,"Country information and guidance: Crimea, Donetsk and Luhansk, Ukraine, January 2016","By country/Ukraine/Country information and guidance- Crimea, Donetsk and Luhansk, Ukraine, January 2016 [0ca1fd2a5b75].pdf",https://webarchive.nationalarchives.gov.uk/ukgwa/20170207163411/https://www.gov.uk/government/uploads/system/uploads/attachment_data/file/566623/CIG_-_Ukraine_-_Crimea_Donetsk_and_Luhansk.pdf,0ca1fd2a5b75ae930f55228064dcd020d987d53d24832b07007755c2839830f8,40,444772
Ukraine,"Country information and guidance: Crimea, Donetsk and Luhansk, Ukraine, January 2016","By country/Ukraine/Country information and guidance- Crimea, Donetsk and Luhansk, Ukraine, January 2016 [0ca1fd2a5b75].pdf",https://webarchive.nationalarchives.gov.uk/ukgwa/20170425160255/https://www.gov.uk/government/uploads/system/uploads/attachment_data/file/566623/CIG_-_Ukraine_-_Crimea_Donetsk_and_Luhansk.pdf,0ca1fd2a5b75ae930f55228064dcd020d987d53d24832b07007755c2839830f8,40,444772
Ukraine,"Country information and guidance: Crimea, Donetsk and Luhansk, Ukraine, January 2016","By country/Ukraine/Country information and guidance- Crimea, Donetsk and Luhansk, Ukraine, January 2016 [0ca1fd2a5b75].pdf",https://webarchive.nationalarchives.gov.uk/ukgwa/20170524213248/https://www.gov.uk/government/uploads/system/uploads/attachment_data/file/566623/CIG_-_Ukraine_-_Crimea_Donetsk_and_Luhansk.pdf,0ca1fd2a5b75ae930f55228064dcd020d987d53d24832b07007755c2839830f8,40,444772
Ukraine,"Country information and guidance: Crimea, Donetsk and Luhansk, Ukraine, January 2016","By country/Ukraine/Country information and guidance- Crimea, Donetsk and Luhansk, Ukraine, January 2016 [0ca1fd2a5b75].pdf",https://webarchive.nationalarchives.gov.uk/ukgwa/20170622010629/https://www.gov.uk/government/uploads/system/uploads/attachment_data/file/566623/CIG_-_Ukraine_-_Crimea_Donetsk_and_Luhansk.pdf,0ca1fd2a5b75ae930f55228064dcd020d987d53d24832b07007755c2839830f8,40,444772
Ukraine,"Country information and guidance: Crimea, Donetsk and Luhansk, Ukraine, January 2016","By country/Ukraine/Country information and guidance- Crimea, Donetsk and Luhansk, Ukraine, January 2016 [0ca1fd2a5b75].pdf",https://webarchive.nationalarchives.gov.uk/ukgwa/20170804143956/https://www.gov.uk/government/uploads/system/uploads/attachment_data/file/566623/CIG_-_Ukraine_-_Crimea_Donetsk_and_Luhansk.pdf,0ca1fd2a5b75ae930f55228064dcd020d987d53d24832b07007755c2839830f8,40,444772
Ukraine,"Country information and guidance: Crimea, Donetsk and Luhansk, Ukraine, January 2016","By country/Ukraine/Country information and guidance- Crimea, Donetsk and Luhansk, Ukraine, January 2016 [0ca1fd2a5b75].pdf",https://webarchive.nationalarchives.gov.uk/ukgwa/20170909164053/https://www.gov.uk/government/uploads/system/uploads/attachment_data/file/566623/CIG_-_Ukraine_-_Crimea_Donetsk_and_Luhansk.pdf,0ca1fd2a5b75ae930f55228064dcd020d987d53d24832b07007755c2839830f8,40,444772
Ukraine,"Country information and guidance: Crimea, Donetsk and Luhansk, Ukraine, January 2016","By country/Ukraine/Country information and guidance- Crimea, Donetsk and Luhansk, Ukraine, January 2016 [0ca1fd2a5b75].pdf",https://webarchive.nationalarchives.gov.uk/ukgwa/20161217115030/https://www.gov.uk/government/uploads/system/uploads/attachment_data/file/566623/CIG_-_Ukraine_-_Crimea_Donetsk_and_Luhansk.pdf,0ca1fd2a5b75ae930f55228064dcd020d987d53d24832b07007755c2839830f8,40,444772
Ukraine,"Country information and guidance: background information, including actors of protection and internal relocation, Ukraine, August 2016","By country/Ukraine/Country information and guidance- background information, including actors of protection and internal relocation, Ukraine, August 2016 [b2c72077ef5a].pdf",https://webarchive.nationalarchives.gov.uk/ukgwa/20190111171330/https://assets.publishing.service.gov.uk/government/uploads/system/uploads/attachment_data/file/566598/CIG_-_Ukraine_-_Background_information.pdf,b2c72077ef5ab0b9396e0e11af80ad55ce8247a51a4417504adabcf36f3d0e5a,49,700530
Ukraine,"Country information and guidance: background information, including actors of protection and internal relocation, Ukraine, August 2016","By country/Ukraine/Country information and guidance- background information, including actors of protection and internal relocation, Ukraine, August 2016 [b2c72077ef5a].pdf",https://webarchive.nationalarchives.gov.uk/ukgwa/20190205122823/https://assets.publishing.service.gov.uk/government/uploads/system/uploads/attachment_data/file/566598/CIG_-_Ukraine_-_Background_information.pdf,b2c72077ef5ab0b9396e0e11af80ad55ce8247a51a4417504adabcf36f3d0e5a,49,700530
Ukraine,"Country information and guidance: background information, including actors of protection and internal relocation, Ukraine, August 2016","By country/Ukraine/Country information and guidance- background information, including actors of protection and internal relocation, Ukraine, August 2016 [b2c72077ef5a].pdf",https://webarchive.nationalarchives.gov.uk/ukgwa/20190205152709/https://assets.publishing.service.gov.uk/government/uploads/system/uploads/attachment_data/file/566598/CIG_-_Ukraine_-_Background_information.pdf,b2c72077ef5ab0b9396e0e11af80ad55ce8247a51a4417504adabcf36f3d0e5a,49,700530
Ukraine,"Country information and guidance: background information, including actors of protection and internal relocation, Ukraine, August 2016","By country/Ukraine/Country information and guidance- background information, including actors of protection and internal relocation, Ukraine, August 2016 [b2c72077ef5a].pdf",https://webarchive.nationalarchives.gov.uk/ukgwa/20190220172117/https://assets.publishing.service.gov.uk/government/uploads/system/uploads/attachment_data/file/566598/CIG_-_Ukraine_-_Background_information.pdf,b2c72077ef5ab0b9396e0e11af80ad55ce8247a51a4417504adabcf36f3d0e5a,49,700530
Ukraine,"Country information and guidance: background information, including actors of protection and internal relocation, Ukraine, August 2016","By country/Ukraine/Country information and guidance- background information, including actors of protection and internal relocation, Ukraine, August 2016 [b2c72077ef5a].pdf",https://webarchive.nationalarchives.gov.uk/ukgwa/20190303163908/https://assets.publishing.service.gov.uk/government/uploads/system/uploads/attachment_data/file/566598/CIG_-_Ukraine_-_Background_information.pdf,b2c72077ef5ab0b9396e0e11af80ad55ce8247a51a4417504adabcf36f3d0e5a,49,700530
Ukraine,"Country information and guidance: background information, including actors of protection and internal relocation, Ukraine, August 2016","By country/Ukraine/Country information and guidance- background information, including actors of protection and internal relocation, Ukraine, August 2016 [b2c72077ef5a].pdf",https://webarchive.nationalarchives.gov.uk/ukgwa/20190320130715/https://assets.publishing.service.gov.uk/government/uploads/system/uploads/attachment_data/file/566598/CIG_-_Ukraine_-_Background_information.pdf,b2c72077ef5ab0b9396e0e11af80ad55ce8247a51a4417504adabcf36f3d0e5a,49,700530
Ukraine,"Country information and guidance: background information, including actors of protection and internal relocation, Ukraine, August 2016","By country/Ukraine/Country information and guidance- background information, including actors of protection and internal relocation, Ukraine, August 2016 [b2c72077ef5a].pdf",https://webarchive.nationalarchives.gov.uk/ukgwa/20190403213734/https://assets.publishing.service.gov.uk/government/uploads/system/uploads/attachment_data/file/566598/CIG_-_Ukraine_-_Background_information.pdf,b2c72077ef5ab0b9396e0e11af80ad55ce8247a51a4417504adabcf36f3d0e5a,49,700530
Ukraine,"Country information and guidance: background information, including actors of protection and internal relocation, Ukraine, August 2016","By country/Ukraine/Country information and guidance- background information, including actors of protection and internal relocation, Ukraine, August 2016 [b2c72077ef5a].pdf",https://webarchive.nationalarchives.gov.uk/ukgwa/20190510151836/https://assets.publishing.service.gov.uk/government/uploads/system/uploads/attachment_data/file/566598/CIG_-_Ukraine_-_Background_information.pdf,b2c72077ef5ab0b9396e0e11af80ad55ce8247a51a4417504adabcf36f3d0e5a,49,700530
Ukraine,"Country information and guidance: background information, including actors of protection and internal relocation, Ukraine, August 2016","By country/Ukraine/Country information and guidance- background information, including actors of protection and internal relocation, Ukraine, August 2016 [b2c72077ef5a].pdf",https://webarchive.nationalarchives.gov.uk/ukgwa/20180413075123/https://assets.publishing.service.gov.uk/government/uploads/system/uploads/attachment_data/file/566598/CIG_-_Ukraine_-_Background_information.pdf,b2c72077ef5ab0b9396e0e11af80ad55ce8247a51a4417504adabcf36f3d0e5a,49,700530
Ukraine,"Country information and guidance: background information, including actors of protection and internal relocation, Ukraine, August 2016","By country/Ukraine/Country information and guidance- background information, including actors of protection and internal relocation, Ukraine, August 2016 [b2c72077ef5a].pdf",https://webarchive.nationalarchives.gov.uk/ukgwa/20180512005458/https://assets.publishing.service.gov.uk/government/uploads/system/uploads/attachment_data/file/566598/CIG_-_Ukraine_-_Background_information.pdf,b2c72077ef5ab0b9396e0e11af80ad55ce8247a51a4417504adabcf36f3d0e5a,49,700530
Ukraine,"Country information and guidance: background information, including actors of protection and internal relocation, Ukraine, August 2016","By country/Ukraine/Country information and guidance- background information, including actors of protection and internal relocation, Ukraine, August 2016 [b2c72077ef5a].pdf",https://webarchive.nationalarchives.gov.uk/ukgwa/20180609105021/https://assets.publishing.service.gov.uk/government/uploads/system/uploads/attachment_data/file/566598/CIG_-_Ukraine_-_Background_information.pdf,b2c72077ef5ab0b9396e0e11af80ad55ce8247a51a4417504adabcf36f3d0e5a,49,700530
Ukraine,"Country information and guidance: background information, including actors of protection and internal relocation, Ukraine, August 2016","By country/Ukraine/Country information and guidance- background information, including actors of protection and internal relocation, Ukraine, August 2016 [b2c72077ef5a].pdf",https://webarchive.nationalarchives.gov.uk/ukgwa/20180718001200/https://assets.publishing.service.gov.uk/government/uploads/system/uploads/attachment_data/file/566598/CIG_-_Ukraine_-_Background_information.pdf,b2c72077ef5ab0b9396e0e11af80ad55ce8247a51a4417504adabcf36f3d0e5a,49,700530
Ukraine,"Country information and guidance: background information, including actors of protection and internal relocation, Ukraine, August 2016","By country/Ukraine/Country information and guidance- background information, including actors of protection and internal relocation, Ukraine, August 2016 [b2c72077ef5a].pdf",https://webarchive.nationalarchives.gov.uk/ukgwa/20180718083412/https://assets.publishing.service.gov.uk/government/uploads/system/uploads/attachment_data/file/566598/CIG_-_Ukraine_-_Background_information.pdf,b2c72077ef5ab0b9396e0e11af80ad55ce8247a51a4417504adabcf36f3d0e5a,49,700530
Ukraine,"Country information and guidance: background information, including actors of protection and internal relocation, Ukraine, August 2016","By country/Ukraine/Country information and guidance- background information, including actors of protection and internal relocation, Ukraine, August 2016 [b2c72077ef5a].pdf",https://webarchive.nationalarchives.gov.uk/ukgwa/20180809115747/https://assets.publishing.service.gov.uk/government/uploads/system/uploads/attachment_data/file/566598/CIG_-_Ukraine_-_Background_information.pdf,b2c72077ef5ab0b9396e0e11af80ad55ce8247a51a4417504adabcf36f3d0e5a,49,700530
Ukraine,"Country information and guidance: background information, including actors of protection and internal relocation, Ukraine, August 2016","By country/Ukraine/Country information and guidance- background information, including actors of protection and internal relocation, Ukraine, August 2016 [b2c72077ef5a].pdf",https://webarchive.nationalarchives.gov.uk/ukgwa/20180912143646/https://assets.publishing.service.gov.uk/government/uploads/system/uploads/attachment_data/file/566598/CIG_-_Ukraine_-_Background_information.pdf,b2c72077ef5ab0b9396e0e11af80ad55ce8247a51a4417504adabcf36f3d0e5a,49,700530
Ukraine,"Country information and guidance: background information, including actors of protection and internal relocation, Ukraine, August 2016","By country/Ukraine/Country information and guidance- background information, including actors of protection and internal relocation, Ukraine, August 2016 [b2c72077ef5a].pdf",https://webarchive.nationalarchives.gov.uk/ukgwa/20181004050711/https://assets.publishing.service.gov.uk/government/uploads/system/uploads/attachment_data/file/566598/CIG_-_Ukraine_-_Background_information.pdf,b2c72077ef5ab0b9396e0e11af80ad55ce8247a51a4417504adabcf36f3d0e5a,49,700530
Ukraine,"Country information and guidance: background information, including actors of protection and internal relocation, Ukraine, August 2016","By country/Ukraine/Country information and guidance- background information, including actors of protection and internal relocation, Ukraine, August 2016 [b2c72077ef5a].pdf",https://webarchive.nationalarchives.gov.uk/ukgwa/20181113000117/https://assets.publishing.service.gov.uk/government/uploads/system/uploads/attachment_data/file/566598/CIG_-_Ukraine_-_Background_information.pdf,b2c72077ef5ab0b9396e0e11af80ad55ce8247a51a4417504adabcf36f3d0e5a,49,700530
Ukraine,"Country information and guidance: background information, including actors of protection and internal relocation, Ukraine, August 2016","By country/Ukraine/Country information and guidance- background information, including actors of protection and internal relocation, Ukraine, August 2016 [b2c72077ef5a].pdf",https://webarchive.nationalarchives.gov.uk/ukgwa/20181219124924/https://assets.publishing.service.gov.uk/government/uploads/system/uploads/attachment_data/file/566598/CIG_-_Ukraine_-_Background_information.pdf,b2c72077ef5ab0b9396e0e11af80ad55ce8247a51a4417504adabcf36f3d0e5a,49,700530
Ukraine,"Country information and guidance: prison conditions, Ukraine, January 2016","By country/Ukraine/Country information and guidance- prison conditions, Ukraine, January 2016 [98aded949998].pdf",https://webarchive.nationalarchives.gov.uk/ukgwa/20170207120204/https://www.gov.uk/government/uploads/system/uploads/attachment_data/file/566611/CIG_-_Ukraine_-_Prison_Conditions.pdf,98aded949998197aeeb2cc31107eab1ee754a40134e1a0199062470e060ceac4,21,302309
Ukraine,"Country information and guidance: prison conditions, Ukraine, January 2016","By country/Ukraine/Country information and guidance- prison conditions, Ukraine, January 2016 [98aded949998].pdf",https://webarchive.nationalarchives.gov.uk/ukgwa/20170207163408/https://www.gov.uk/government/uploads/system/uploads/attachment_data/file/566611/CIG_-_Ukraine_-_Prison_Conditions.pdf,98aded949998197aeeb2cc31107eab1ee754a40134e1a0199062470e060ceac4,21,302309
Ukraine,"Country information and guidance: prison conditions, Ukraine, January 2016","By country/Ukraine/Country information and guidance- prison conditions, Ukraine, January 2016 [98aded949998].pdf",https://webarchive.nationalarchives.gov.uk/ukgwa/20161217115027/https://www.gov.uk/government/uploads/system/uploads/attachment_data/file/566611/CIG_-_Ukraine_-_Prison_Conditions.pdf,98aded949998197aeeb2cc31107eab1ee754a40134e1a0199062470e060ceac4,21,302309
Ukraine,"Country information and guidance: sexual orientation and gender identity, Ukraine, December 2015","By country/Ukraine/Country information and guidance- sexual orientation and gender identity, Ukraine, December 2015 [e5b24d449a9b].pdf",https://webarchive.nationalarchives.gov.uk/ukgwa/20170207120209/https://www.gov.uk/government/uploads/system/uploads/attachment_data/file/566627/CIG_-_Ukraine_-_Sexual_orientation.pdf,e5b24d449a9bc2f90659b6eb6142cc3e58504e8479367257a5487b7df7821836,26,368176
Ukraine,"Country information and guidance: sexual orientation and gender identity, Ukraine, December 2015","By country/Ukraine/Country information and guidance- sexual orientation and gender identity, Ukraine, December 2015 [e5b24d449a9b].pdf",https://webarchive.nationalarchives.gov.uk/ukgwa/20170207163413/https://www.gov.uk/government/uploads/system/uploads/attachment_data/file/566627/CIG_-_Ukraine_-_Sexual_orientation.pdf,e5b24d449a9bc2f90659b6eb6142cc3e58504e8479367257a5487b7df7821836,26,368176
Ukraine,"Country information and guidance: sexual orientation and gender identity, Ukraine, December 2015","By country/Ukraine/Country information and guidance- sexual orientation and gender identity, Ukraine, December 2015 [e5b24d449a9b].pdf",https://webarchive.nationalarchives.gov.uk/ukgwa/20170425160257/https://www.gov.uk/government/uploads/system/uploads/attachment_data/file/566627/CIG_-_Ukraine_-_Sexual_orientation.pdf,e5b24d449a9bc2f90659b6eb6142cc3e58504e8479367257a5487b7df7821836,26,368176
Ukraine,"Country information and guidance: sexual orientation and gender identity, Ukraine, December 2015","By country/Ukraine/Country information and guidance- sexual orientation and gender identity, Ukraine, December 2015 [e5b24d449a9b].pdf",https://webarchive.nationalarchives.gov.uk/ukgwa/20170524213250/https://www.gov.uk/government/uploads/system/uploads/attachment_data/file/566627/CIG_-_Ukraine_-_Sexual_orientation.pdf,e5b24d449a9bc2f90659b6eb6142cc3e58504e8479367257a5487b7df7821836,26,368176
Ukraine,"Country information and guidance: sexual orientation and gender identity, Ukraine, December 2015","By country/Ukraine/Country information and guidance- sexual orientation and gender identity, Ukraine, December 2015 [e5b24d449a9b].pdf",https://webarchive.nationalarchives.gov.uk/ukgwa/20170622010631/https://www.gov.uk/government/uploads/system/uploads/attachment_data/file/566627/CIG_-_Ukraine_-_Sexual_orientation.pdf,e5b24d449a9bc2f90659b6eb6142cc3e58504e8479367257a5487b7df7821836,26,368176
Ukraine,"Country information and guidance: sexual orientation and gender identity, Ukraine, December 2015","By country/Ukraine/Country information and guidance- sexual orientation and gender identity, Ukraine, December 2015 [e5b24d449a9b].pdf",https://webarchive.nationalarchives.gov.uk/ukgwa/20161217115032/https://www.gov.uk/government/uploads/system/uploads/attachment_data/file/566627/CIG_-_Ukraine_-_Sexual_orientation.pdf,e5b24d449a9bc2f90659b6eb6142cc3e58504e8479367257a5487b7df7821836,26,368176
Ukraine,"Country information and guidance: women fearing gender based violence, Ukraine, November 2015","By country/Ukraine/Country information and guidance- women fearing gender based violence, Ukraine, November 2015 [fc2c03b9b922].pdf",https://webarchive.nationalarchives.gov.uk/ukgwa/20180106092319/https://www.gov.uk/government/uploads/system/uploads/attachment_data/file/566631/NEW_CIG_-_Ukraine_-_Women.pdf,fc2c03b9b92266741b2d34e9113e9151998979ce3906f5d5e9ac9f9b7c4f6d21,25,383129
Ukraine,"Country information and guidance: women fearing gender based violence, Ukraine, November 2015","By country/Ukraine/Country information and guidance- women fearing gender based violence, Ukraine, November 2015 [fc2c03b9b922].pdf",https://webarchive.nationalarchives.gov.uk/ukgwa/20180301121821/https://www.gov.uk/government/uploads/system/uploads/attachment_data/file/566631/NEW_CIG_-_Ukraine_-_Women.pdf,fc2c03b9b92266741b2d34e9113e9151998979ce3906f5d5e9ac9f9b7c4f6d21,25,383129
Ukraine,"Country information and guidance: women fearing gender based violence, Ukraine, November 2015","By country/Ukraine/Country information and guidance- women fearing gender based violence, Ukraine, November 2015 [fc2c03b9b922].pdf",https://webarchive.nationalarchives.gov.uk/ukgwa/20180311085754/https://www.gov.uk/government/uploads/system/uploads/attachment_data/file/566631/NEW_CIG_-_Ukraine_-_Women.pdf,fc2c03b9b92266741b2d34e9113e9151998979ce3906f5d5e9ac9f9b7c4f6d21,25,383129
Ukraine,"Country information and guidance: women fearing gender based violence, Ukraine, November 2015","By country/Ukraine/Country information and guidance- women fearing gender based violence, Ukraine, November 2015 [fc2c03b9b922].pdf",https://webarchive.nationalarchives.gov.uk/ukgwa/20170207120211/https://www.gov.uk/government/uploads/system/uploads/attachment_data/file/566631/NEW_CIG_-_Ukraine_-_Women.pdf,fc2c03b9b92266741b2d34e9113e9151998979ce3906f5d5e9ac9f9b7c4f6d21,25,383129
Ukraine,"Country information and guidance: women fearing gender based violence, Ukraine, November 2015","By country/Ukraine/Country information and guidance- women fearing gender based violence, Ukraine, November 2015 [fc2c03b9b922].pdf",https://webarchive.nationalarchives.gov.uk/ukgwa/20170207163415/https://www.gov.uk/government/uploads/system/uploads/attachment_data/file/566631/NEW_CIG_-_Ukraine_-_Women.pdf,fc2c03b9b92266741b2d34e9113e9151998979ce3906f5d5e9ac9f9b7c4f6d21,25,383129
Ukraine,"Country information and guidance: women fearing gender based violence, Ukraine, November 2015","By country/Ukraine/Country information and guidance- women fearing gender based violence, Ukraine, November 2015 [fc2c03b9b922].pdf",https://webarchive.nationalarchives.gov.uk/ukgwa/20170425160259/https://www.gov.uk/government/uploads/system/uploads/attachment_data/file/566631/NEW_CIG_-_Ukraine_-_Women.pdf,fc2c03b9b92266741b2d34e9113e9151998979ce3906f5d5e9ac9f9b7c4f6d21,25,383129
Ukraine,"Country information and guidance: women fearing gender based violence, Ukraine, November 2015","By country/Ukraine/Country information and guidance- women fearing gender based violence, Ukraine, November 2015 [fc2c03b9b922].pdf",https://webarchive.nationalarchives.gov.uk/ukgwa/20170524213253/https://www.gov.uk/government/uploads/system/uploads/attachment_data/file/566631/NEW_CIG_-_Ukraine_-_Women.pdf,fc2c03b9b92266741b2d34e9113e9151998979ce3906f5d5e9ac9f9b7c4f6d21,25,383129
Ukraine,"Country information and guidance: women fearing gender based violence, Ukraine, November 2015","By country/Ukraine/Country information and guidance- women fearing gender based violence, Ukraine, November 2015 [fc2c03b9b922].pdf",https://webarchive.nationalarchives.gov.uk/ukgwa/20170622010633/https://www.gov.uk/government/uploads/system/uploads/attachment_data/file/566631/NEW_CIG_-_Ukraine_-_Women.pdf,fc2c03b9b92266741b2d34e9113e9151998979ce3906f5d5e9ac9f9b7c4f6d21,25,383129
Ukraine,"Country information and guidance: women fearing gender based violence, Ukraine, November 2015","By country/Ukraine/Country information and guidance- women fearing gender based violence, Ukraine, November 2015 [fc2c03b9b922].pdf",https://webarchive.nationalarchives.gov.uk/ukgwa/20170804143932/https://www.gov.uk/government/uploads/system/uploads/attachment_data/file/566631/NEW_CIG_-_Ukraine_-_Women.pdf,fc2c03b9b92266741b2d34e9113e9151998979ce3906f5d5e9ac9f9b7c4f6d21,25,383129
Ukraine,"Country information and guidance: women fearing gender based violence, Ukraine, November 2015","By country/Ukraine/Country information and guidance- women fearing gender based violence, Ukraine, November 2015 [fc2c03b9b922].pdf",https://webarchive.nationalarchives.gov.uk/ukgwa/20170909163728/https://www.gov.uk/government/uploads/system/uploads/attachment_data/file/566631/NEW_CIG_-_Ukraine_-_Women.pdf,fc2c03b9b92266741b2d34e9113e9151998979ce3906f5d5e9ac9f9b7c4f6d21,25,383129
Ukraine,"Country information and guidance: women fearing gender based violence, Ukraine, November 2015","By country/Ukraine/Country information and guidance- women fearing gender based violence, Ukraine, November 2015 [fc2c03b9b922].pdf",https://webarchive.nationalarchives.gov.uk/ukgwa/20171014112555/https://www.gov.uk/government/uploads/system/uploads/attachment_data/file/566631/NEW_CIG_-_Ukraine_-_Women.pdf,fc2c03b9b92266741b2d34e9113e9151998979ce3906f5d5e9ac9f9b7c4f6d21,25,383129
Ukraine,"Country information and guidance: women fearing gender based violence, Ukraine, November 2015","By country/Ukraine/Country information and guidance- women fearing gender based violence, Ukraine, November 2015 [fc2c03b9b922].pdf",https://webarchive.nationalarchives.gov.uk/ukgwa/20171216191536/https://www.gov.uk/government/uploads/system/uploads/attachment_data/file/566631/NEW_CIG_-_Ukraine_-_Women.pdf,fc2c03b9b92266741b2d34e9113e9151998979ce3906f5d5e9ac9f9b7c4f6d21,25,383129
Ukraine,"Country information and guidance: women fearing gender based violence, Ukraine, November 2015","By country/Ukraine/Country information and guidance- women fearing gender based violence, Ukraine, November 2015 [fc2c03b9b922].pdf",https://webarchive.nationalarchives.gov.uk/ukgwa/20161217115034/https://www.gov.uk/government/uploads/system/uploads/attachment_data/file/566631/NEW_CIG_-_Ukraine_-_Women.pdf,fc2c03b9b92266741b2d34e9113e9151998979ce3906f5d5e9ac9f9b7c4f6d21,25,383129
Ukraine,"Country policy and information notes: military service, Ukraine, November 2016","By country/Ukraine/Country policy and information notes- military service, Ukraine, November 2016 [74e83e2c74d0].pdf",https://webarchive.nationalarchives.gov.uk/ukgwa/20170207120155/https://www.gov.uk/government/uploads/system/uploads/attachment_data/file/567175/CPIN_-_Ukraine_-_Military_Service_v_3_0.pdf,74e83e2c74d0a5a838c11a95532e87e4ad606abfce100df1e85c8e35a53304c5,42,464234
Ukraine,"Country policy and information notes: military service, Ukraine, November 2016","By country/Ukraine/Country policy and information notes- military service, Ukraine, November 2016 [74e83e2c74d0].pdf",https://webarchive.nationalarchives.gov.uk/ukgwa/20170207163400/https://www.gov.uk/government/uploads/system/uploads/attachment_data/file/567175/CPIN_-_Ukraine_-_Military_Service_v_3_0.pdf,74e83e2c74d0a5a838c11a95532e87e4ad606abfce100df1e85c8e35a53304c5,42,464234
Ukraine,"Country policy and information notes: military service, Ukraine, November 2016","By country/Ukraine/Country policy and information notes- military service, Ukraine, November 2016 [74e83e2c74d0].pdf",https://webarchive.nationalarchives.gov.uk/ukgwa/20161217115018/https://www.gov.uk/government/uploads/system/uploads/attachment_data/file/567175/CPIN_-_Ukraine_-_Military_Service_v_3_0.pdf,74e83e2c74d0a5a838c11a95532e87e4ad606abfce100df1e85c8e35a53304c5,42,464234
Ukraine,"Country policy and information note: minority groups, Ukraine, January 2017","By country/Ukraine/Country policy and information note- minority groups, Ukraine, January 2017 [3814e3aaae09].pdf",https://webarchive.nationalarchives.gov.uk/ukgwa/20190111165543/https://assets.publishing.service.gov.uk/government/uploads/system/uploads/attachment_data/file/587680/CPIN_-_Ukraine_-_Minority_Groups_-_v1_0.pdf,3814e3aaae09fb3ab2ffb564430a954b98552e18a844ed6222b15c673d831221,52,706579
Ukraine,"Country policy and information note: minority groups, Ukraine, January 2017","By country/Ukraine/Country policy and information note- minority groups, Ukraine, January 2017 [3814e3aaae09].pdf",https://webarchive.nationalarchives.gov.uk/ukgwa/20190205150359/https://assets.publishing.service.gov.uk/government/uploads/system/uploads/attachment_data/file/587680/CPIN_-_Ukraine_-_Minority_Groups_-_v1_0.pdf,3814e3aaae09fb3ab2ffb564430a954b98552e18a844ed6222b15c673d831221,52,706579
Ukraine,"Country policy and information note: minority groups, Ukraine, January 2017","By country/Ukraine/Country policy and information note- minority groups, Ukraine, January 2017 [3814e3aaae09].pdf",https://webarchive.nationalarchives.gov.uk/ukgwa/20190220172115/https://assets.publishing.service.gov.uk/government/uploads/system/uploads/attachment_data/file/587680/CPIN_-_Ukraine_-_Minority_Groups_-_v1_0.pdf,3814e3aaae09fb3ab2ffb564430a954b98552e18a844ed6222b15c673d831221,52,706579
Ukraine,"Country policy and information note: minority groups, Ukraine, January 2017","By country/Ukraine/Country policy and information note- minority groups, Ukraine, January 2017 [3814e3aaae09].pdf",https://webarchive.nationalarchives.gov.uk/ukgwa/20190303163051/https://assets.publishing.service.gov.uk/government/uploads/system/uploads/attachment_data/file/587680/CPIN_-_Ukraine_-_Minority_Groups_-_v1_0.pdf,3814e3aaae09fb3ab2ffb564430a954b98552e18a844ed6222b15c673d831221,52,706579
Ukraine,"Country policy and information note: minority groups, Ukraine, January 2017","By country/Ukraine/Country policy and information note- minority groups, Ukraine, January 2017 [3814e3aaae09].pdf",https://webarchive.nationalarchives.gov.uk/ukgwa/20190320130714/https://assets.publishing.service.gov.uk/government/uploads/system/uploads/attachment_data/file/587680/CPIN_-_Ukraine_-_Minority_Groups_-_v1_0.pdf,3814e3aaae09fb3ab2ffb564430a954b98552e18a844ed6222b15c673d831221,52,706579
Ukraine,"Country policy and information note: minority groups, Ukraine, January 2017","By country/Ukraine/Country policy and information note- minority groups, Ukraine, January 2017 [3814e3aaae09].pdf",https://webarchive.nationalarchives.gov.uk/ukgwa/20190403215330/https://assets.publishing.service.gov.uk/government/uploads/system/uploads/attachment_data/file/587680/CPIN_-_Ukraine_-_Minority_Groups_-_v1_0.pdf,3814e3aaae09fb3ab2ffb564430a954b98552e18a844ed6222b15c673d831221,52,706579
Ukraine,"Country policy and information note: minority groups, Ukraine, January 2017","By country/Ukraine/Country policy and information note- minority groups, Ukraine, January 2017 [3814e3aaae09].pdf",https://webarchive.nationalarchives.gov.uk/ukgwa/20190510151835/https://assets.publishing.service.gov.uk/government/uploads/system/uploads/attachment_data/file/587680/CPIN_-_Ukraine_-_Minority_Groups_-_v1_0.pdf,3814e3aaae09fb3ab2ffb564430a954b98552e18a844ed6222b15c673d831221,52,706579
Ukraine,"Country policy and information note: minority groups, Ukraine, January 2017","By country/Ukraine/Country policy and information note- minority groups, Ukraine, January 2017 [3814e3aaae09].pdf",https://webarchive.nationalarchives.gov.uk/ukgwa/20190610025445/https://assets.publishing.service.gov.uk/government/uploads/system/uploads/attachment_data/file/587680/CPIN_-_Ukraine_-_Minority_Groups_-_v1_0.pdf,3814e3aaae09fb3ab2ffb564430a954b98552e18a844ed6222b15c673d831221,52,706579
Ukraine,"Country policy and information note: minority groups, Ukraine, January 2017","By country/Ukraine/Country policy and information note- minority groups, Ukraine, January 2017 [3814e3aaae09].pdf",https://webarchive.nationalarchives.gov.uk/ukgwa/20180413075013/https://assets.publishing.service.gov.uk/government/uploads/system/uploads/attachment_data/file/587680/CPIN_-_Ukraine_-_Minority_Groups_-_v1_0.pdf,3814e3aaae09fb3ab2ffb564430a954b98552e18a844ed6222b15c673d831221,52,706579
Ukraine,"Country policy and information note: minority groups, Ukraine, January 2017","By country/Ukraine/Country policy and information note- minority groups, Ukraine, January 2017 [3814e3aaae09].pdf",https://webarchive.nationalarchives.gov.uk/ukgwa/20180512005455/https://assets.publishing.service.gov.uk/government/uploads/system/uploads/attachment_data/file/587680/CPIN_-_Ukraine_-_Minority_Groups_-_v1_0.pdf,3814e3aaae09fb3ab2ffb564430a954b98552e18a844ed6222b15c673d831221,52,706579
Ukraine,"Country policy and information note: minority groups, Ukraine, January 2017","By country/Ukraine/Country policy and information note- minority groups, Ukraine, January 2017 [3814e3aaae09].pdf",https://webarchive.nationalarchives.gov.uk/ukgwa/20180609100929/https://assets.publishing.service.gov.uk/government/uploads/system/uploads/attachment_data/file/587680/CPIN_-_Ukraine_-_Minority_Groups_-_v1_0.pdf,3814e3aaae09fb3ab2ffb564430a954b98552e18a844ed6222b15c673d831221,52,706579
Ukraine,"Country policy and information note: minority groups, Ukraine, January 2017","By country/Ukraine/Country policy and information note- minority groups, Ukraine, January 2017 [3814e3aaae09].pdf",https://webarchive.nationalarchives.gov.uk/ukgwa/20180718001158/https://assets.publishing.service.gov.uk/government/uploads/system/uploads/attachment_data/file/587680/CPIN_-_Ukraine_-_Minority_Groups_-_v1_0.pdf,3814e3aaae09fb3ab2ffb564430a954b98552e18a844ed6222b15c673d831221,52,706579
Ukraine,"Country policy and information note: minority groups, Ukraine, January 2017","By country/Ukraine/Country policy and information note- minority groups, Ukraine, January 2017 [3814e3aaae09].pdf",https://webarchive.nationalarchives.gov.uk/ukgwa/20180718083411/https://assets.publishing.service.gov.uk/government/uploads/system/uploads/attachment_data/file/587680/CPIN_-_Ukraine_-_Minority_Groups_-_v1_0.pdf,3814e3aaae09fb3ab2ffb564430a954b98552e18a844ed6222b15c673d831221,52,706579
Ukraine,"Country policy and information note: minority groups, Ukraine, January 2017","By country/Ukraine/Country policy and information note- minority groups, Ukraine, January 2017 [3814e3aaae09].pdf",https://webarchive.nationalarchives.gov.uk/ukgwa/20180809115747/https://assets.publishing.service.gov.uk/government/uploads/system/uploads/attachment_data/file/587680/CPIN_-_Ukraine_-_Minority_Groups_-_v1_0.pdf,3814e3aaae09fb3ab2ffb564430a954b98552e18a844ed6222b15c673d831221,52,706579
Ukraine,"Country policy and information note: minority groups, Ukraine, January 2017","By country/Ukraine/Country policy and information note- minority groups, Ukraine, January 2017 [3814e3aaae09].pdf",https://webarchive.nationalarchives.gov.uk/ukgwa/20180912143645/https://assets.publishing.service.gov.uk/government/uploads/system/uploads/attachment_data/file/587680/CPIN_-_Ukraine_-_Minority_Groups_-_v1_0.pdf,3814e3aaae09fb3ab2ffb564430a954b98552e18a844ed6222b15c673d831221,52,706579
Ukraine,"Country policy and information note: minority groups, Ukraine, January 2017","By country/Ukraine/Country policy and information note- minority groups, Ukraine, January 2017 [3814e3aaae09].pdf",https://webarchive.nationalarchives.gov.uk/ukgwa/20181004050930/https://assets.publishing.service.gov.uk/government/uploads/system/uploads/attachment_data/file/587680/CPIN_-_Ukraine_-_Minority_Groups_-_v1_0.pdf,3814e3aaae09fb3ab2ffb564430a954b98552e18a844ed6222b15c673d831221,52,706579
Ukraine,"Country policy and information note: minority groups, Ukraine, January 2017","By country/Ukraine/Country policy and information note- minority groups, Ukraine, January 2017 [3814e3aaae09].pdf",https://webarchive.nationalarchives.gov.uk/ukgwa/20181112235545/https://assets.publishing.service.gov.uk/government/uploads/system/uploads/attachment_data/file/587680/CPIN_-_Ukraine_-_Minority_Groups_-_v1_0.pdf,3814e3aaae09fb3ab2ffb564430a954b98552e18a844ed6222b15c673d831221,52,706579
Ukraine,"Country policy and information note: minority groups, Ukraine, January 2017","By country/Ukraine/Country policy and information note- minority groups, Ukraine, January 2017 [3814e3aaae09].pdf",https://webarchive.nationalarchives.gov.uk/ukgwa/20181219125303/https://assets.publishing.service.gov.uk/government/uploads/system/uploads/attachment_data/file/587680/CPIN_-_Ukraine_-_Minority_Groups_-_v1_0.pdf,3814e3aaae09fb3ab2ffb564430a954b98552e18a844ed6222b15c673d831221,52,706579
Ukraine,"Country policy and information note: prison conditions, Ukraine, April 2017","By country/Ukraine/Country policy and information note- prison conditions, Ukraine, April 2017 [c439697d54da].pdf",https://webarchive.nationalarchives.gov.uk/ukgwa/20190111165905/https://assets.publishing.service.gov.uk/government/uploads/system/uploads/attachment_data/file/608566/Ukraine_-_Prison_Conditions_-_CPIN_-_v2.pdf,c439697d54da473db05243668312e5039c1bc1474d5818459a3d94c4a700b322,27,351577
Ukraine,"Country policy and information note: prison conditions, Ukraine, April 2017","By country/Ukraine/Country policy and information note- prison conditions, Ukraine, April 2017 [c439697d54da].pdf",https://webarchive.nationalarchives.gov.uk/ukgwa/20190205150752/https://assets.publishing.service.gov.uk/government/uploads/system/uploads/attachment_data/file/608566/Ukraine_-_Prison_Conditions_-_CPIN_-_v2.pdf,c439697d54da473db05243668312e5039c1bc1474d5818459a3d94c4a700b322,27,351577
Ukraine,"Country policy and information note: prison conditions, Ukraine, April 2017","By country/Ukraine/Country policy and information note- prison conditions, Ukraine, April 2017 [c439697d54da].pdf",https://webarchive.nationalarchives.gov.uk/ukgwa/20190220172113/https://assets.publishing.service.gov.uk/government/uploads/system/uploads/attachment_data/file/608566/Ukraine_-_Prison_Conditions_-_CPIN_-_v2.pdf,c439697d54da473db05243668312e5039c1bc1474d5818459a3d94c4a700b322,27,351577
Ukraine,"Country policy and information note: prison conditions, Ukraine, April 2017","By country/Ukraine/Country policy and information note- prison conditions, Ukraine, April 2017 [c439697d54da].pdf",https://webarchive.nationalarchives.gov.uk/ukgwa/20190303163050/https://assets.publishing.service.gov.uk/government/uploads/system/uploads/attachment_data/file/608566/Ukraine_-_Prison_Conditions_-_CPIN_-_v2.pdf,c439697d54da473db05243668312e5039c1bc1474d5818459a3d94c4a700b322,27,351577
Ukraine,"Country policy and information note: prison conditions, Ukraine, April 2017","By country/Ukraine/Country policy and information note- prison conditions, Ukraine, April 2017 [c439697d54da].pdf",https://webarchive.nationalarchives.gov.uk/ukgwa/20190320124554/https://assets.publishing.service.gov.uk/government/uploads/system/uploads/attachment_data/file/608566/Ukraine_-_Prison_Conditions_-_CPIN_-_v2.pdf,c439697d54da473db05243668312e5039c1bc1474d5818459a3d94c4a700b322,27,351577
Ukraine,"Country policy and information note: prison conditions, Ukraine, April 2017","By country/Ukraine/Country policy and information note- prison conditions, Ukraine, April 2017 [c439697d54da].pdf",https://webarchive.nationalarchives.gov.uk/ukgwa/20190403215023/https://assets.publishing.service.gov.uk/government/uploads/system/uploads/attachment_data/file/608566/Ukraine_-_Prison_Conditions_-_CPIN_-_v2.pdf,c439697d54da473db05243668312e5039c1bc1474d5818459a3d94c4a700b322,27,351577
Ukraine,"Country policy and information note: prison conditions, Ukraine, April 2017","By country/Ukraine/Country policy and information note- prison conditions, Ukraine, April 2017 [c439697d54da].pdf",https://webarchive.nationalarchives.gov.uk/ukgwa/20190510152140/https://assets.publishing.service.gov.uk/government/uploads/system/uploads/attachment_data/file/608566/Ukraine_-_Prison_Conditions_-_CPIN_-_v2.pdf,c439697d54da473db05243668312e5039c1bc1474d5818459a3d94c4a700b322,27,351577
Ukraine,"Country policy and information note: prison conditions, Ukraine, April 2017","By country/Ukraine/Country policy and information note- prison conditions, Ukraine, April 2017 [c439697d54da].pdf",https://webarchive.nationalarchives.gov.uk/ukgwa/20190610023615/https://assets.publishing.service.gov.uk/government/uploads/system/uploads/attachment_data/file/608566/Ukraine_-_Prison_Conditions_-_CPIN_-_v2.pdf,c439697d54da473db05243668312e5039c1bc1474d5818459a3d94c4a700b322,27,351577
Ukraine,"Country policy and information note: prison conditions, Ukraine, April 2017","By country/Ukraine/Country policy and information note- prison conditions, Ukraine, April 2017 [c439697d54da].pdf",https://webarchive.nationalarchives.gov.uk/ukgwa/20190705022838/https://assets.publishing.service.gov.uk/government/uploads/system/uploads/attachment_data/file/608566/Ukraine_-_Prison_Conditions_-_CPIN_-_v2.pdf,c439697d54da473db05243668312e5039c1bc1474d5818459a3d94c4a700b322,27,351577
Ukraine,"Country policy and information note: prison conditions, Ukraine, April 2017","By country/Ukraine/Country policy and information note- prison conditions, Ukraine, April 2017 [c439697d54da].pdf",https://webarchive.nationalarchives.gov.uk/ukgwa/20180413075122/https://assets.publishing.service.gov.uk/government/uploads/system/uploads/attachment_data/file/608566/Ukraine_-_Prison_Conditions_-_CPIN_-_v2.pdf,c439697d54da473db05243668312e5039c1bc1474d5818459a3d94c4a700b322,27,351577
Ukraine,"Country policy and information note: prison conditions, Ukraine, April 2017","By country/Ukraine/Country policy and information note- prison conditions, Ukraine, April 2017 [c439697d54da].pdf",https://webarchive.nationalarchives.gov.uk/ukgwa/20180512005539/https://assets.publishing.service.gov.uk/government/uploads/system/uploads/attachment_data/file/608566/Ukraine_-_Prison_Conditions_-_CPIN_-_v2.pdf,c439697d54da473db05243668312e5039c1bc1474d5818459a3d94c4a700b322,27,351577
Ukraine,"Country policy and information note: prison conditions, Ukraine, April 2017","By country/Ukraine/Country policy and information note- prison conditions, Ukraine, April 2017 [c439697d54da].pdf",https://webarchive.nationalarchives.gov.uk/ukgwa/20180609105019/https://assets.publishing.service.gov.uk/government/uploads/system/uploads/attachment_data/file/608566/Ukraine_-_Prison_Conditions_-_CPIN_-_v2.pdf,c439697d54da473db05243668312e5039c1bc1474d5818459a3d94c4a700b322,27,351577
Ukraine,"Country policy and information note: prison conditions, Ukraine, April 2017","By country/Ukraine/Country policy and information note- prison conditions, Ukraine, April 2017 [c439697d54da].pdf",https://webarchive.nationalarchives.gov.uk/ukgwa/20180717234943/https://assets.publishing.service.gov.uk/government/uploads/system/uploads/attachment_data/file/608566/Ukraine_-_Prison_Conditions_-_CPIN_-_v2.pdf,c439697d54da473db05243668312e5039c1bc1474d5818459a3d94c4a700b322,27,351577
Ukraine,"Country policy and information note: prison conditions, Ukraine, April 2017","By country/Ukraine/Country policy and information note- prison conditions, Ukraine, April 2017 [c439697d54da].pdf",https://webarchive.nationalarchives.gov.uk/ukgwa/20180718085122/https://assets.publishing.service.gov.uk/government/uploads/system/uploads/attachment_data/file/608566/Ukraine_-_Prison_Conditions_-_CPIN_-_v2.pdf,c439697d54da473db05243668312e5039c1bc1474d5818459a3d94c4a700b322,27,351577
Ukraine,"Country policy and information note: prison conditions, Ukraine, April 2017","By country/Ukraine/Country policy and information note- prison conditions, Ukraine, April 2017 [c439697d54da].pdf",https://webarchive.nationalarchives.gov.uk/ukgwa/20180809115751/https://assets.publishing.service.gov.uk/government/uploads/system/uploads/attachment_data/file/608566/Ukraine_-_Prison_Conditions_-_CPIN_-_v2.pdf,c439697d54da473db05243668312e5039c1bc1474d5818459a3d94c4a700b322,27,351577
Ukraine,"Country policy and information note: prison conditions, Ukraine, April 2017","By country/Ukraine/Country policy and information note- prison conditions, Ukraine, April 2017 [c439697d54da].pdf",https://webarchive.nationalarchives.gov.uk/ukgwa/20180912144920/https://assets.publishing.service.gov.uk/government/uploads/system/uploads/attachment_data/file/608566/Ukraine_-_Prison_Conditions_-_CPIN_-_v2.pdf,c439697d54da473db05243668312e5039c1bc1474d5818459a3d94c4a700b322,27,351577
Ukraine,"Country policy and information note: prison conditions, Ukraine, April 2017","By country/Ukraine/Country policy and information note- prison conditions, Ukraine, April 2017 [c439697d54da].pdf",https://webarchive.nationalarchives.gov.uk/ukgwa/20181004050931/https://assets.publishing.service.gov.uk/government/uploads/system/uploads/attachment_data/file/608566/Ukraine_-_Prison_Conditions_-_CPIN_-_v2.pdf,c439697d54da473db05243668312e5039c1bc1474d5818459a3d94c4a700b322,27,351577
Ukraine,"Country policy and information note: prison conditions, Ukraine, April 2017","By country/Ukraine/Country policy and information note- prison conditions, Ukraine, April 2017 [c439697d54da].pdf",https://webarchive.nationalarchives.gov.uk/ukgwa/20181113001301/https://assets.publishing.service.gov.uk/government/uploads/system/uploads/attachment_data/file/608566/Ukraine_-_Prison_Conditions_-_CPIN_-_v2.pdf,c439697d54da473db05243668312e5039c1bc1474d5818459a3d94c4a700b322,27,351577
Ukraine,"Country policy and information note: prison conditions, Ukraine, April 2017","By country/Ukraine/Country policy and information note- prison conditions, Ukraine, April 2017 [c439697d54da].pdf",https://webarchive.nationalarchives.gov.uk/ukgwa/20181219125703/https://assets.publishing.service.gov.uk/government/uploads/system/uploads/attachment_data/file/608566/Ukraine_-_Prison_Conditions_-_CPIN_-_v2.pdf,c439697d54da473db05243668312e5039c1bc1474d5818459a3d94c4a700b322,27,351577
Vietnam,"Country information and guidance: ethnic minority groups, Vietnam, December 2014","By country/Vietnam/Country information and guidance- ethnic minority groups, Vietnam, December 2014 [6e41596bd0d2].pdf",https://webarchive.nationalarchives.gov.uk/ukgwa/20180106055402/https://www.gov.uk/government/uploads/system/uploads/attachment_data/file/566677/CIG.Vietnam.Ethnic_Minority_Groups.pdf,6e41596bd0d2278f01f7a9ec1790c4652e748e672f98b050e5869dc807b265bb,29,739128
Vietnam,"Country information and guidance: ethnic minority groups, Vietnam, December 2014","By country/Vietnam/Country information and guidance- ethnic minority groups, Vietnam, December 2014 [6e41596bd0d2].pdf",https://webarchive.nationalarchives.gov.uk/ukgwa/20180301034328/https://www.gov.uk/government/uploads/system/uploads/attachment_data/file/566677/CIG.Vietnam.Ethnic_Minority_Groups.pdf,6e41596bd0d2278f01f7a9ec1790c4652e748e672f98b050e5869dc807b265bb,29,739128
Vietnam,"Country information and guidance: ethnic minority groups, Vietnam, December 2014","By country/Vietnam/Country information and guidance- ethnic minority groups, Vietnam, December 2014 [6e41596bd0d2].pdf",https://webarchive.nationalarchives.gov.uk/ukgwa/20180311043518/https://www.gov.uk/government/uploads/system/uploads/attachment_data/file/566677/CIG.Vietnam.Ethnic_Minority_Groups.pdf,6e41596bd0d2278f01f7a9ec1790c4652e748e672f98b050e5869dc807b265bb,29,739128
Vietnam,"Country information and guidance: ethnic minority groups, Vietnam, December 2014","By country/Vietnam/Country information and guidance- ethnic minority groups, Vietnam, December 2014 [6e41596bd0d2].pdf",https://webarchive.nationalarchives.gov.uk/ukgwa/20170207120220/https://www.gov.uk/government/uploads/system/uploads/attachment_data/file/566677/CIG.Vietnam.Ethnic_Minority_Groups.pdf,6e41596bd0d2278f01f7a9ec1790c4652e748e672f98b050e5869dc807b265bb,29,739128
Vietnam,"Country information and guidance: ethnic minority groups, Vietnam, December 2014","By country/Vietnam/Country information and guidance- ethnic minority groups, Vietnam, December 2014 [6e41596bd0d2].pdf",https://webarchive.nationalarchives.gov.uk/ukgwa/20170209161925/https://www.gov.uk/government/uploads/system/uploads/attachment_data/file/566677/CIG.Vietnam.Ethnic_Minority_Groups.pdf,6e41596bd0d2278f01f7a9ec1790c4652e748e672f98b050e5869dc807b265bb,29,739128
Vietnam,"Country information and guidance: ethnic minority groups, Vietnam, December 2014","By country/Vietnam/Country information and guidance- ethnic minority groups, Vietnam, December 2014 [6e41596bd0d2].pdf",https://webarchive.nationalarchives.gov.uk/ukgwa/20170426183824/https://www.gov.uk/government/uploads/system/uploads/attachment_data/file/566677/CIG.Vietnam.Ethnic_Minority_Groups.pdf,6e41596bd0d2278f01f7a9ec1790c4652e748e672f98b050e5869dc807b265bb,29,739128
Vietnam,"Country information and guidance: ethnic minority groups, Vietnam, December 2014","By country/Vietnam/Country information and guidance- ethnic minority groups, Vietnam, December 2014 [6e41596bd0d2].pdf",https://webarchive.nationalarchives.gov.uk/ukgwa/20170524105644/https://www.gov.uk/government/uploads/system/uploads/attachment_data/file/566677/CIG.Vietnam.Ethnic_Minority_Groups.pdf,6e41596bd0d2278f01f7a9ec1790c4652e748e672f98b050e5869dc807b265bb,29,739128
Vietnam,"Country information and guidance: ethnic minority groups, Vietnam, December 2014","By country/Vietnam/Country information and guidance- ethnic minority groups, Vietnam, December 2014 [6e41596bd0d2].pdf",https://webarchive.nationalarchives.gov.uk/ukgwa/20170627202135/https://www.gov.uk/government/uploads/system/uploads/attachment_data/file/566677/CIG.Vietnam.Ethnic_Minority_Groups.pdf,6e41596bd0d2278f01f7a9ec1790c4652e748e672f98b050e5869dc807b265bb,29,739128
Vietnam,"Country information and guidance: ethnic minority groups, Vietnam, December 2014","By country/Vietnam/Country information and guidance- ethnic minority groups, Vietnam, December 2014 [6e41596bd0d2].pdf",https://webarchive.nationalarchives.gov.uk/ukgwa/20170804225053/https://www.gov.uk/government/uploads/system/uploads/attachment_data/file/566677/CIG.Vietnam.Ethnic_Minority_Groups.pdf,6e41596bd0d2278f01f7a9ec1790c4652e748e672f98b050e5869dc807b265bb,29,739128
Vietnam,"Country information and guidance: ethnic minority groups, Vietnam, December 2014","By country/Vietnam/Country information and guidance- ethnic minority groups, Vietnam, December 2014 [6e41596bd0d2].pdf",https://webarchive.nationalarchives.gov.uk/ukgwa/20170909150359/https://www.gov.uk/government/uploads/system/uploads/attachment_data/file/566677/CIG.Vietnam.Ethnic_Minority_Groups.pdf,6e41596bd0d2278f01f7a9ec1790c4652e748e672f98b050e5869dc807b265bb,29,739128
Vietnam,"Country information and guidance: ethnic minority groups, Vietnam, December 2014","By country/Vietnam/Country information and guidance- ethnic minority groups, Vietnam, December 2014 [6e41596bd0d2].pdf",https://webarchive.nationalarchives.gov.uk/ukgwa/20171014113948/https://www.gov.uk/government/uploads/system/uploads/attachment_data/file/566677/CIG.Vietnam.Ethnic_Minority_Groups.pdf,6e41596bd0d2278f01f7a9ec1790c4652e748e672f98b050e5869dc807b265bb,29,739128
Vietnam,"Country information and guidance: ethnic minority groups, Vietnam, December 2014","By country/Vietnam/Country information and guidance- ethnic minority groups, Vietnam, December 2014 [6e41596bd0d2].pdf",https://webarchive.nationalarchives.gov.uk/ukgwa/20161219104034/https://www.gov.uk/government/uploads/system/uploads/attachment_data/file/566677/CIG.Vietnam.Ethnic_Minority_Groups.pdf,6e41596bd0d2278f01f7a9ec1790c4652e748e672f98b050e5869dc807b265bb,29,739128
Vietnam,"Country information and guidance: religious minority groups, Vietnam, December 2014","By country/Vietnam/Country information and guidance- religious minority groups, Vietnam, December 2014 [94ab869b9d7a].pdf",https://webarchive.nationalarchives.gov.uk/ukgwa/20180106055015/https://www.gov.uk/government/uploads/system/uploads/attachment_data/file/566675/CIG.Vietnam.Religious_Minority_Groups.pdf,94ab869b9d7a61675e4fd2a794c9a8c3f3bc92870035bc4c51e48a397294a18f,27,783279
Vietnam,"Country information and guidance: religious minority groups, Vietnam, December 2014","By country/Vietnam/Country information and guidance- religious minority groups, Vietnam, December 2014 [94ab869b9d7a].pdf",https://webarchive.nationalarchives.gov.uk/ukgwa/20180301043644/https://www.gov.uk/government/uploads/system/uploads/attachment_data/file/566675/CIG.Vietnam.Religious_Minority_Groups.pdf,94ab869b9d7a61675e4fd2a794c9a8c3f3bc92870035bc4c51e48a397294a18f,27,783279
Vietnam,"Country information and guidance: religious minority groups, Vietnam, December 2014","By country/Vietnam/Country information and guidance- religious minority groups, Vietnam, December 2014 [94ab869b9d7a].pdf",https://webarchive.nationalarchives.gov.uk/ukgwa/20180311043941/https://www.gov.uk/government/uploads/system/uploads/attachment_data/file/566675/CIG.Vietnam.Religious_Minority_Groups.pdf,94ab869b9d7a61675e4fd2a794c9a8c3f3bc92870035bc4c51e48a397294a18f,27,783279
Vietnam,"Country information and guidance: religious minority groups, Vietnam, December 2014","By country/Vietnam/Country information and guidance- religious minority groups, Vietnam, December 2014 [94ab869b9d7a].pdf",https://webarchive.nationalarchives.gov.uk/ukgwa/20170207120218/https://www.gov.uk/government/uploads/system/uploads/attachment_data/file/566675/CIG.Vietnam.Religious_Minority_Groups.pdf,94ab869b9d7a61675e4fd2a794c9a8c3f3bc92870035bc4c51e48a397294a18f,27,783279
Vietnam,"Country information and guidance: religious minority groups, Vietnam, December 2014","By country/Vietnam/Country information and guidance- religious minority groups, Vietnam, December 2014 [94ab869b9d7a].pdf",https://webarchive.nationalarchives.gov.uk/ukgwa/20170209161923/https://www.gov.uk/government/uploads/system/uploads/attachment_data/file/566675/CIG.Vietnam.Religious_Minority_Groups.pdf,94ab869b9d7a61675e4fd2a794c9a8c3f3bc92870035bc4c51e48a397294a18f,27,783279
Vietnam,"Country information and guidance: religious minority groups, Vietnam, December 2014","By country/Vietnam/Country information and guidance- religious minority groups, Vietnam, December 2014 [94ab869b9d7a].pdf",https://webarchive.nationalarchives.gov.uk/ukgwa/20170426183822/https://www.gov.uk/government/uploads/system/uploads/attachment_data/file/566675/CIG.Vietnam.Religious_Minority_Groups.pdf,94ab869b9d7a61675e4fd2a794c9a8c3f3bc92870035bc4c51e48a397294a18f,27,783279
Vietnam,"Country information and guidance: religious minority groups, Vietnam, December 2014","By country/Vietnam/Country information and guidance- religious minority groups, Vietnam, December 2014 [94ab869b9d7a].pdf",https://webarchive.nationalarchives.gov.uk/ukgwa/20170524105642/https://www.gov.uk/government/uploads/system/uploads/attachment_data/file/566675/CIG.Vietnam.Religious_Minority_Groups.pdf,94ab869b9d7a61675e4fd2a794c9a8c3f3bc92870035bc4c51e48a397294a18f,27,783279
Vietnam,"Country information and guidance: religious minority groups, Vietnam, December 2014","By country/Vietnam/Country information and guidance- religious minority groups, Vietnam, December 2014 [94ab869b9d7a].pdf",https://webarchive.nationalarchives.gov.uk/ukgwa/20170627202133/https://www.gov.uk/government/uploads/system/uploads/attachment_data/file/566675/CIG.Vietnam.Religious_Minority_Groups.pdf,94ab869b9d7a61675e4fd2a794c9a8c3f3bc92870035bc4c51e48a397294a18f,27,783279
Vietnam,"Country information and guidance: religious minority groups, Vietnam, December 2014","By country/Vietnam/Country information and guidance- religious minority groups, Vietnam, December 2014 [94ab869b9d7a].pdf",https://webarchive.nationalarchives.gov.uk/ukgwa/20170804225429/https://www.gov.uk/government/uploads/system/uploads/attachment_data/file/566675/CIG.Vietnam.Religious_Minority_Groups.pdf,94ab869b9d7a61675e4fd2a794c9a8c3f3bc92870035bc4c51e48a397294a18f,27,783279
Vietnam,"Country information and guidance: religious minority groups, Vietnam, December 2014","By country/Vietnam/Country information and guidance- religious minority groups, Vietnam, December 2014 [94ab869b9d7a].pdf",https://webarchive.nationalarchives.gov.uk/ukgwa/20170909150829/https://www.gov.uk/government/uploads/system/uploads/attachment_data/file/566675/CIG.Vietnam.Religious_Minority_Groups.pdf,94ab869b9d7a61675e4fd2a794c9a8c3f3bc92870035bc4c51e48a397294a18f,27,783279
Vietnam,"Country information and guidance: religious minority groups, Vietnam, December 2014","By country/Vietnam/Country information and guidance- religious minority groups, Vietnam, December 2014 [94ab869b9d7a].pdf",https://webarchive.nationalarchives.gov.uk/ukgwa/20171014114046/https://www.gov.uk/government/uploads/system/uploads/attachment_data/file/566675/CIG.Vietnam.Religious_Minority_Groups.pdf,94ab869b9d7a61675e4fd2a794c9a8c3f3bc92870035bc4c51e48a397294a18f,27,783279
Vietnam,"Country information and guidance: religious minority groups, Vietnam, December 2014","By country/Vietnam/Country information and guidance- religious minority groups, Vietnam, December 2014 [94ab869b9d7a].pdf",https://webarchive.nationalarchives.gov.uk/ukgwa/20161219104031/https://www.gov.uk/government/uploads/system/uploads/attachment_data/file/566675/CIG.Vietnam.Religious_Minority_Groups.pdf,94ab869b9d7a61675e4fd2a794c9a8c3f3bc92870035bc4c51e48a397294a18f,27,783279
Vietnam,"Country policy and information note: political opponents, Vietnam, November 2016","By country/Vietnam/Country policy and information note- political opponents, Vietnam, November 2016 [a610ee4e7cdf].pdf",https://webarchive.nationalarchives.gov.uk/ukgwa/20180106055401/https://www.gov.uk/government/uploads/system/uploads/attachment_data/file/573412/CPIN_-_Vietnam_-_Political_Opponents_-_v2__November_2016_.pdf,a610ee4e7cdf90d029c707b8a2a728f79cfb59422867934d511cc14cb5fc5c4d,19,327746
Vietnam,"Country policy and information note: political opponents, Vietnam, November 2016","By country/Vietnam/Country policy and information note- political opponents, Vietnam, November 2016 [a610ee4e7cdf].pdf",https://webarchive.nationalarchives.gov.uk/ukgwa/20180301034928/https://www.gov.uk/government/uploads/system/uploads/attachment_data/file/573412/CPIN_-_Vietnam_-_Political_Opponents_-_v2__November_2016_.pdf,a610ee4e7cdf90d029c707b8a2a728f79cfb59422867934d511cc14cb5fc5c4d,19,327746
Vietnam,"Country policy and information note: political opponents, Vietnam, November 2016","By country/Vietnam/Country policy and information note- political opponents, Vietnam, November 2016 [a610ee4e7cdf].pdf",https://webarchive.nationalarchives.gov.uk/ukgwa/20180311043941/https://www.gov.uk/government/uploads/system/uploads/attachment_data/file/573412/CPIN_-_Vietnam_-_Political_Opponents_-_v2__November_2016_.pdf,a610ee4e7cdf90d029c707b8a2a728f79cfb59422867934d511cc14cb5fc5c4d,19,327746
Vietnam,"Country policy and information note: political opponents, Vietnam, November 2016","By country/Vietnam/Country policy and information note- political opponents, Vietnam, November 2016 [a610ee4e7cdf].pdf",https://webarchive.nationalarchives.gov.uk/ukgwa/20170207120213/https://www.gov.uk/government/uploads/system/uploads/attachment_data/file/573412/CPIN_-_Vietnam_-_Political_Opponents_-_v2__November_2016_.pdf,a610ee4e7cdf90d029c707b8a2a728f79cfb59422867934d511cc14cb5fc5c4d,19,327746
Vietnam,"Country policy and information note: political opponents, Vietnam, November 2016","By country/Vietnam/Country policy and information note- political opponents, Vietnam, November 2016 [a610ee4e7cdf].pdf",https://webarchive.nationalarchives.gov.uk/ukgwa/20170209161919/https://www.gov.uk/government/uploads/system/uploads/attachment_data/file/573412/CPIN_-_Vietnam_-_Political_Opponents_-_v2__November_2016_.pdf,a610ee4e7cdf90d029c707b8a2a728f79cfb59422867934d511cc14cb5fc5c4d,19,327746
Vietnam,"Country policy and information note: political opponents, Vietnam, November 2016","By country/Vietnam/Country policy and information note- political opponents, Vietnam, November 2016 [a610ee4e7cdf].pdf",https://webarchive.nationalarchives.gov.uk/ukgwa/20170426183817/https://www.gov.uk/government/uploads/system/uploads/attachment_data/file/573412/CPIN_-_Vietnam_-_Political_Opponents_-_v2__November_2016_.pdf,a610ee4e7cdf90d029c707b8a2a728f79cfb59422867934d511cc14cb5fc5c4d,19,327746
Vietnam,"Country policy and information note: political opponents, Vietnam, November 2016","By country/Vietnam/Country policy and information note- political opponents, Vietnam, November 2016 [a610ee4e7cdf].pdf",https://webarchive.nationalarchives.gov.uk/ukgwa/20170524105637/https://www.gov.uk/government/uploads/system/uploads/attachment_data/file/573412/CPIN_-_Vietnam_-_Political_Opponents_-_v2__November_2016_.pdf,a610ee4e7cdf90d029c707b8a2a728f79cfb59422867934d511cc14cb5fc5c4d,19,327746
Vietnam,"Country policy and information note: political opponents, Vietnam, November 2016","By country/Vietnam/Country policy and information note- political opponents, Vietnam, November 2016 [a610ee4e7cdf].pdf",https://webarchive.nationalarchives.gov.uk/ukgwa/20170627202128/https://www.gov.uk/government/uploads/system/uploads/attachment_data/file/573412/CPIN_-_Vietnam_-_Political_Opponents_-_v2__November_2016_.pdf,a610ee4e7cdf90d029c707b8a2a728f79cfb59422867934d511cc14cb5fc5c4d,19,327746
Vietnam,"Country policy and information note: political opponents, Vietnam, November 2016","By country/Vietnam/Country policy and information note- political opponents, Vietnam, November 2016 [a610ee4e7cdf].pdf",https://webarchive.nationalarchives.gov.uk/ukgwa/20170804225348/https://www.gov.uk/government/uploads/system/uploads/attachment_data/file/573412/CPIN_-_Vietnam_-_Political_Opponents_-_v2__November_2016_.pdf,a610ee4e7cdf90d029c707b8a2a728f79cfb59422867934d511cc14cb5fc5c4d,19,327746
Vietnam,"Country policy and information note: political opponents, Vietnam, November 2016","By country/Vietnam/Country policy and information note- political opponents, Vietnam, November 2016 [a610ee4e7cdf].pdf",https://webarchive.nationalarchives.gov.uk/ukgwa/20170909150358/https://www.gov.uk/government/uploads/system/uploads/attachment_data/file/573412/CPIN_-_Vietnam_-_Political_Opponents_-_v2__November_2016_.pdf,a610ee4e7cdf90d029c707b8a2a728f79cfb59422867934d511cc14cb5fc5c4d,19,327746
Vietnam,"Country policy and information note: political opponents, Vietnam, November 2016","By country/Vietnam/Country policy and information note- political opponents, Vietnam, November 2016 [a610ee4e7cdf].pdf",https://webarchive.nationalarchives.gov.uk/ukgwa/20171014113946/https://www.gov.uk/government/uploads/system/uploads/attachment_data/file/573412/CPIN_-_Vietnam_-_Political_Opponents_-_v2__November_2016_.pdf,a610ee4e7cdf90d029c707b8a2a728f79cfb59422867934d511cc14cb5fc5c4d,19,327746
Vietnam,"Country policy and information note: political opponents, Vietnam, November 2016","By country/Vietnam/Country policy and information note- political opponents, Vietnam, November 2016 [a610ee4e7cdf].pdf",https://webarchive.nationalarchives.gov.uk/ukgwa/20161219104026/https://www.gov.uk/government/uploads/system/uploads/attachment_data/file/573412/CPIN_-_Vietnam_-_Political_Opponents_-_v2__November_2016_.pdf,a610ee4e7cdf90d029c707b8a2a728f79cfb59422867934d511cc14cb5fc5c4d,19,327746
Vietnam,"Country policy and information note: trafficking, Vietnam, November 2016","By country/Vietnam/Country policy and information note- trafficking, Vietnam, November 2016 [14d6268a3ea2].pdf",https://webarchive.nationalarchives.gov.uk/ukgwa/20180413061143/https://assets.publishing.service.gov.uk/government/uploads/system/uploads/attachment_data/file/571076/CPIN_-_Vietnam_-_Trafficking_-_v2.0__November_2016_.pdf,14d6268a3ea2b87400c0cb85dbc49d3c309ecfbef8b09896ad7d7197ea72f0f2,26,386009
Vietnam,"Country policy and information note: trafficking, Vietnam, November 2016","By country/Vietnam/Country policy and information note- trafficking, Vietnam, November 2016 [14d6268a3ea2].pdf",https://webarchive.nationalarchives.gov.uk/ukgwa/20180513010235/https://assets.publishing.service.gov.uk/government/uploads/system/uploads/attachment_data/file/571076/CPIN_-_Vietnam_-_Trafficking_-_v2.0__November_2016_.pdf,14d6268a3ea2b87400c0cb85dbc49d3c309ecfbef8b09896ad7d7197ea72f0f2,26,386009
Vietnam,"Country policy and information note: trafficking, Vietnam, November 2016","By country/Vietnam/Country policy and information note- trafficking, Vietnam, November 2016 [14d6268a3ea2].pdf",https://webarchive.nationalarchives.gov.uk/ukgwa/20180609111659/https://assets.publishing.service.gov.uk/government/uploads/system/uploads/attachment_data/file/571076/CPIN_-_Vietnam_-_Trafficking_-_v2.0__November_2016_.pdf,14d6268a3ea2b87400c0cb85dbc49d3c309ecfbef8b09896ad7d7197ea72f0f2,26,386009
Vietnam,"Country policy and information note: trafficking, Vietnam, November 2016","By country/Vietnam/Country policy and information note- trafficking, Vietnam, November 2016 [14d6268a3ea2].pdf",https://webarchive.nationalarchives.gov.uk/ukgwa/20180718004434/https://assets.publishing.service.gov.uk/government/uploads/system/uploads/attachment_data/file/571076/CPIN_-_Vietnam_-_Trafficking_-_v2.0__November_2016_.pdf,14d6268a3ea2b87400c0cb85dbc49d3c309ecfbef8b09896ad7d7197ea72f0f2,26,386009
Vietnam,"Country policy and information note: trafficking, Vietnam, November 2016","By country/Vietnam/Country policy and information note- trafficking, Vietnam, November 2016 [14d6268a3ea2].pdf",https://webarchive.nationalarchives.gov.uk/ukgwa/20180718014545/https://assets.publishing.service.gov.uk/government/uploads/system/uploads/attachment_data/file/571076/CPIN_-_Vietnam_-_Trafficking_-_v2.0__November_2016_.pdf,14d6268a3ea2b87400c0cb85dbc49d3c309ecfbef8b09896ad7d7197ea72f0f2,26,386009
Vietnam,"Country policy and information note: trafficking, Vietnam, November 2016","By country/Vietnam/Country policy and information note- trafficking, Vietnam, November 2016 [14d6268a3ea2].pdf",https://webarchive.nationalarchives.gov.uk/ukgwa/20180809042722/https://assets.publishing.service.gov.uk/government/uploads/system/uploads/attachment_data/file/571076/CPIN_-_Vietnam_-_Trafficking_-_v2.0__November_2016_.pdf,14d6268a3ea2b87400c0cb85dbc49d3c309ecfbef8b09896ad7d7197ea72f0f2,26,386009
Vietnam,"Country policy and information note: trafficking, Vietnam, November 2016","By country/Vietnam/Country policy and information note- trafficking, Vietnam, November 2016 [14d6268a3ea2].pdf",https://webarchive.nationalarchives.gov.uk/ukgwa/20180913071201/https://assets.publishing.service.gov.uk/government/uploads/system/uploads/attachment_data/file/571076/CPIN_-_Vietnam_-_Trafficking_-_v2.0__November_2016_.pdf,14d6268a3ea2b87400c0cb85dbc49d3c309ecfbef8b09896ad7d7197ea72f0f2,26,386009
Yemen,"Country information and guidance report: security and humanitarian situation, Yemen, April 2016","By country/Yemen/Country information and guidance report- security and humanitarian situation, Yemen, April 2016 [9173d6e1ef6a].pdf",https://webarchive.nationalarchives.gov.uk/ukgwa/20170207034443/https://www.gov.uk/government/uploads/system/uploads/attachment_data/file/566776/CIG_-_Yemen_-_Security_and_Humanitarian_Situation.pdf,9173d6e1ef6a6170d7eab1107e9dfa063ec63b8cdfc8ccef773d707250e30bf8,40,470454
Yemen,"Country information and guidance report: security and humanitarian situation, Yemen, April 2016","By country/Yemen/Country information and guidance report- security and humanitarian situation, Yemen, April 2016 [9173d6e1ef6a].pdf",https://webarchive.nationalarchives.gov.uk/ukgwa/20170207120223/https://www.gov.uk/government/uploads/system/uploads/attachment_data/file/566776/CIG_-_Yemen_-_Security_and_Humanitarian_Situation.pdf,9173d6e1ef6a6170d7eab1107e9dfa063ec63b8cdfc8ccef773d707250e30bf8,40,470454
Yemen,"Country information and guidance report: security and humanitarian situation, Yemen, April 2016","By country/Yemen/Country information and guidance report- security and humanitarian situation, Yemen, April 2016 [9173d6e1ef6a].pdf",https://webarchive.nationalarchives.gov.uk/ukgwa/20170426183815/https://www.gov.uk/government/uploads/system/uploads/attachment_data/file/566776/CIG_-_Yemen_-_Security_and_Humanitarian_Situation.pdf,9173d6e1ef6a6170d7eab1107e9dfa063ec63b8cdfc8ccef773d707250e30bf8,40,470454
Yemen,"Country information and guidance report: security and humanitarian situation, Yemen, April 2016","By country/Yemen/Country information and guidance report- security and humanitarian situation, Yemen, April 2016 [9173d6e1ef6a].pdf",https://webarchive.nationalarchives.gov.uk/ukgwa/20170524105635/https://www.gov.uk/government/uploads/system/uploads/attachment_data/file/566776/CIG_-_Yemen_-_Security_and_Humanitarian_Situation.pdf,9173d6e1ef6a6170d7eab1107e9dfa063ec63b8cdfc8ccef773d707250e30bf8,40,470454
Yemen,"Country information and guidance report: security and humanitarian situation, Yemen, April 2016","By country/Yemen/Country information and guidance report- security and humanitarian situation, Yemen, April 2016 [9173d6e1ef6a].pdf",https://webarchive.nationalarchives.gov.uk/ukgwa/20161216215232/https://www.gov.uk/government/uploads/system/uploads/attachment_data/file/566776/CIG_-_Yemen_-_Security_and_Humanitarian_Situation.pdf,9173d6e1ef6a6170d7eab1107e9dfa063ec63b8cdfc8ccef773d707250e30bf8,40,470454
Zimbabwe,"Country information and guidance report: political opposition to ZANU-PF, Zimbabwe, October 2014","By country/Zimbabwe/Country information and guidance report- political opposition to ZANU-PF, Zimbabwe, October 2014 [9e715c683441].pdf",https://webarchive.nationalarchives.gov.uk/ukgwa/20161219104024/https://www.gov.uk/government/uploads/system/uploads/attachment_data/file/566822/CIG_Zimbabwe_Political_Opposition.pdf,9e715c6834410094ab50687adcd2eef3746701aa8cb3f2c8cef0ebb27d52521b,47,725780
Zimbabwe,"Country information and guidance report: prison conditions, Zimbabwe, October 2014","By country/Zimbabwe/Country information and guidance report- prison conditions, Zimbabwe, October 2014 [0c19c0eb1905].pdf",https://webarchive.nationalarchives.gov.uk/ukgwa/20170207120232/https://www.gov.uk/government/uploads/system/uploads/attachment_data/file/566817/CIG_Zimbabwe_Prison_Conditions.pdf,0c19c0eb19057e010ca19d43a4b4e067b13ad323a0202722f56eb7767714d675,15,272640
Zimbabwe,"Country information and guidance report: prison conditions, Zimbabwe, October 2014","By country/Zimbabwe/Country information and guidance report- prison conditions, Zimbabwe, October 2014 [0c19c0eb1905].pdf",https://webarchive.nationalarchives.gov.uk/ukgwa/20161219104021/https://www.gov.uk/government/uploads/system/uploads/attachment_data/file/566817/CIG_Zimbabwe_Prison_Conditions.pdf,0c19c0eb19057e010ca19d43a4b4e067b13ad323a0202722f56eb7767714d675,15,272640
Zimbabwe,"Country information and guidance report: women, Zimbabwe, October 2014","By country/Zimbabwe/Country information and guidance report- women, Zimbabwe, October 2014 [5d743693e886].pdf",https://webarchive.nationalarchives.gov.uk/ukgwa/20170207120230/https://www.gov.uk/government/uploads/system/uploads/attachment_data/file/566815/CIG_Zimbabwe_Women.pdf,5d743693e8861455b8a99e18d495f5132a5613f36814959e7d1669ec9ae6b2dd,19,317050
Zimbabwe,"Country information and guidance report: women, Zimbabwe, October 2014","By country/Zimbabwe/Country information and guidance report- women, Zimbabwe, October 2014 [5d743693e886].pdf",https://webarchive.nationalarchives.gov.uk/ukgwa/20170209161912/https://www.gov.uk/government/uploads/system/uploads/attachment_data/file/566815/CIG_Zimbabwe_Women.pdf,5d743693e8861455b8a99e18d495f5132a5613f36814959e7d1669ec9ae6b2dd,19,317050
Zimbabwe,"Country information and guidance report: women, Zimbabwe, October 2014","By country/Zimbabwe/Country information and guidance report- women, Zimbabwe, October 2014 [5d743693e886].pdf",https://webarchive.nationalarchives.gov.uk/ukgwa/20161219104019/https://www.gov.uk/government/uploads/system/uploads/attachment_data/file/566815/CIG_Zimbabwe_Women.pdf,5d743693e8861455b8a99e18d495f5132a5613f36814959e7d1669ec9ae6b2dd,19,317050
Zimbabwe,"Country policy and information note: sexual orientation and gender identity, Zimbabwe, November 2016","By country/Zimbabwe/Country policy and information note- sexual orientation and gender identity, Zimbabwe, November 2016 [c8605d44c61f].pdf",https://webarchive.nationalarchives.gov.uk/ukgwa/20180106020908/https://www.gov.uk/government/uploads/system/uploads/attachment_data/file/571064/CPIN_-_Zimbabwe_-_SOGI_-_v2_0__November_2016_.pdf,c8605d44c61f3ef3b5a385ca02396d63932c92c8868b495c50f1fecfea83b4ab,22,299934
Zimbabwe,"Country policy and information note: sexual orientation and gender identity, Zimbabwe, November 2016","By country/Zimbabwe/Country policy and information note- sexual orientation and gender identity, Zimbabwe, November 2016 [c8605d44c61f].pdf",https://webarchive.nationalarchives.gov.uk/ukgwa/20180228205719/https://www.gov.uk/government/uploads/system/uploads/attachment_data/file/571064/CPIN_-_Zimbabwe_-_SOGI_-_v2_0__November_2016_.pdf,c8605d44c61f3ef3b5a385ca02396d63932c92c8868b495c50f1fecfea83b4ab,22,299934
Zimbabwe,"Country policy and information note: sexual orientation and gender identity, Zimbabwe, November 2016","By country/Zimbabwe/Country policy and information note- sexual orientation and gender identity, Zimbabwe, November 2016 [c8605d44c61f].pdf",https://webarchive.nationalarchives.gov.uk/ukgwa/20180311112823/https://www.gov.uk/government/uploads/system/uploads/attachment_data/file/571064/CPIN_-_Zimbabwe_-_SOGI_-_v2_0__November_2016_.pdf,c8605d44c61f3ef3b5a385ca02396d63932c92c8868b495c50f1fecfea83b4ab,22,299934
Zimbabwe,"Country policy and information note: sexual orientation and gender identity, Zimbabwe, November 2016","By country/Zimbabwe/Country policy and information note- sexual orientation and gender identity, Zimbabwe, November 2016 [c8605d44c61f].pdf",https://webarchive.nationalarchives.gov.uk/ukgwa/20170207120228/https://www.gov.uk/government/uploads/system/uploads/attachment_data/file/571064/CPIN_-_Zimbabwe_-_SOGI_-_v2_0__November_2016_.pdf,c8605d44c61f3ef3b5a385ca02396d63932c92c8868b495c50f1fecfea83b4ab,22,299934
Zimbabwe,"Country policy and information note: sexual orientation and gender identity, Zimbabwe, November 2016","By country/Zimbabwe/Country policy and information note- sexual orientation and gender identity, Zimbabwe, November 2016 [c8605d44c61f].pdf",https://webarchive.nationalarchives.gov.uk/ukgwa/20170209161910/https://www.gov.uk/government/uploads/system/uploads/attachment_data/file/571064/CPIN_-_Zimbabwe_-_SOGI_-_v2_0__November_2016_.pdf,c8605d44c61f3ef3b5a385ca02396d63932c92c8868b495c50f1fecfea83b4ab,22,299934
Zimbabwe,"Country policy and information note: sexual orientation and gender identity, Zimbabwe, November 2016","By country/Zimbabwe/Country policy and information note- sexual orientation and gender identity, Zimbabwe, November 2016 [c8605d44c61f].pdf",https://webarchive.nationalarchives.gov.uk/ukgwa/20170425071559/https://www.gov.uk/government/uploads/system/uploads/attachment_data/file/571064/CPIN_-_Zimbabwe_-_SOGI_-_v2_0__November_2016_.pdf,c8605d44c61f3ef3b5a385ca02396d63932c92c8868b495c50f1fecfea83b4ab,22,299934
Zimbabwe,"Country policy and information note: sexual orientation and gender identity, Zimbabwe, November 2016","By country/Zimbabwe/Country policy and information note- sexual orientation and gender identity, Zimbabwe, November 2016 [c8605d44c61f].pdf",https://webarchive.nationalarchives.gov.uk/ukgwa/20170523045354/https://www.gov.uk/government/uploads/system/uploads/attachment_data/file/571064/CPIN_-_Zimbabwe_-_SOGI_-_v2_0__November_2016_.pdf,c8605d44c61f3ef3b5a385ca02396d63932c92c8868b495c50f1fecfea83b4ab,22,299934
Zimbabwe,"Country policy and information note: sexual orientation and gender identity, Zimbabwe, November 2016","By country/Zimbabwe/Country policy and information note- sexual orientation and gender identity, Zimbabwe, November 2016 [c8605d44c61f].pdf",https://webarchive.nationalarchives.gov.uk/ukgwa/20170627202147/https://www.gov.uk/government/uploads/system/uploads/attachment_data/file/571064/CPIN_-_Zimbabwe_-_SOGI_-_v2_0__November_2016_.pdf,c8605d44c61f3ef3b5a385ca02396d63932c92c8868b495c50f1fecfea83b4ab,22,299934
Zimbabwe,"Country policy and information note: sexual orientation and gender identity, Zimbabwe, November 2016","By country/Zimbabwe/Country policy and information note- sexual orientation and gender identity, Zimbabwe, November 2016 [c8605d44c61f].pdf",https://webarchive.nationalarchives.gov.uk/ukgwa/20170804132722/https://www.gov.uk/government/uploads/system/uploads/attachment_data/file/571064/CPIN_-_Zimbabwe_-_SOGI_-_v2_0__November_2016_.pdf,c8605d44c61f3ef3b5a385ca02396d63932c92c8868b495c50f1fecfea83b4ab,22,299934
Zimbabwe,"Country policy and information note: sexual orientation and gender identity, Zimbabwe, November 2016","By country/Zimbabwe/Country policy and information note- sexual orientation and gender identity, Zimbabwe, November 2016 [c8605d44c61f].pdf",https://webarchive.nationalarchives.gov.uk/ukgwa/20171014111440/https://www.gov.uk/government/uploads/system/uploads/attachment_data/file/571064/CPIN_-_Zimbabwe_-_SOGI_-_v2_0__November_2016_.pdf,c8605d44c61f3ef3b5a385ca02396d63932c92c8868b495c50f1fecfea83b4ab,22,299934
Zimbabwe,"Country policy and information note: sexual orientation and gender identity, Zimbabwe, November 2016","By country/Zimbabwe/Country policy and information note- sexual orientation and gender identity, Zimbabwe, November 2016 [c8605d44c61f].pdf",https://webarchive.nationalarchives.gov.uk/ukgwa/20171111173030/https://www.gov.uk/government/uploads/system/uploads/attachment_data/file/571064/CPIN_-_Zimbabwe_-_SOGI_-_v2_0__November_2016_.pdf,c8605d44c61f3ef3b5a385ca02396d63932c92c8868b495c50f1fecfea83b4ab,22,299934
Zimbabwe,"Country policy and information note: sexual orientation and gender identity, Zimbabwe, November 2016","By country/Zimbabwe/Country policy and information note- sexual orientation and gender identity, Zimbabwe, November 2016 [c8605d44c61f].pdf",https://webarchive.nationalarchives.gov.uk/ukgwa/20171217024023/https://www.gov.uk/government/uploads/system/uploads/attachment_data/file/571064/CPIN_-_Zimbabwe_-_SOGI_-_v2_0__November_2016_.pdf,c8605d44c61f3ef3b5a385ca02396d63932c92c8868b495c50f1fecfea83b4ab,22,299934
Zimbabwe,"Country policy and information note: sexual orientation and gender identity, Zimbabwe, November 2016","By country/Zimbabwe/Country policy and information note- sexual orientation and gender identity, Zimbabwe, November 2016 [c8605d44c61f].pdf",https://webarchive.nationalarchives.gov.uk/ukgwa/20161219104016/https://www.gov.uk/government/uploads/system/uploads/attachment_data/file/571064/CPIN_-_Zimbabwe_-_SOGI_-_v2_0__November_2016_.pdf,c8605d44c61f3ef3b5a385ca02396d63932c92c8868b495c50f1fecfea83b4ab,22,299934
Zimbabwe,"Country policy and information note Zimbabwe: opposition to the government, April 2018","By country/Zimbabwe/Country policy and information note Zimbabwe- opposition to the government, April 2018 [25d98bc255e9].pdf",https://webarchive.nationalarchives.gov.uk/ukgwa/20190111170348/https://assets.publishing.service.gov.uk/government/uploads/system/uploads/attachment_data/file/703520/Zim_CPIN_-_Pol_opps_-_April_2018.pdf,25d98bc255e9be3fced71231cdd3733eac214af83b1ae91e07a58e548dcebe49,45,1017640
Zimbabwe,"Country policy and information note Zimbabwe: opposition to the government, April 2018","By country/Zimbabwe/Country policy and information note Zimbabwe- opposition to the government, April 2018 [25d98bc255e9].pdf",https://webarchive.nationalarchives.gov.uk/ukgwa/20190205151239/https://assets.publishing.service.gov.uk/government/uploads/system/uploads/attachment_data/file/703520/Zim_CPIN_-_Pol_opps_-_April_2018.pdf,25d98bc255e9be3fced71231cdd3733eac214af83b1ae91e07a58e548dcebe49,45,1017640
Zimbabwe,"Country policy and information note Zimbabwe: opposition to the government, April 2018","By country/Zimbabwe/Country policy and information note Zimbabwe- opposition to the government, April 2018 [25d98bc255e9].pdf",https://webarchive.nationalarchives.gov.uk/ukgwa/20190220161248/https://assets.publishing.service.gov.uk/government/uploads/system/uploads/attachment_data/file/703520/Zim_CPIN_-_Pol_opps_-_April_2018.pdf,25d98bc255e9be3fced71231cdd3733eac214af83b1ae91e07a58e548dcebe49,45,1017640
Zimbabwe,"Country policy and information note Zimbabwe: opposition to the government, April 2018","By country/Zimbabwe/Country policy and information note Zimbabwe- opposition to the government, April 2018 [25d98bc255e9].pdf",https://webarchive.nationalarchives.gov.uk/ukgwa/20180513130512/https://assets.publishing.service.gov.uk/government/uploads/system/uploads/attachment_data/file/703520/Zim_CPIN_-_Pol_opps_-_April_2018.pdf,25d98bc255e9be3fced71231cdd3733eac214af83b1ae91e07a58e548dcebe49,45,1017640
Zimbabwe,"Country policy and information note Zimbabwe: opposition to the government, April 2018","By country/Zimbabwe/Country policy and information note Zimbabwe- opposition to the government, April 2018 [25d98bc255e9].pdf",https://webarchive.nationalarchives.gov.uk/ukgwa/20180609155811/https://assets.publishing.service.gov.uk/government/uploads/system/uploads/attachment_data/file/703520/Zim_CPIN_-_Pol_opps_-_April_2018.pdf,25d98bc255e9be3fced71231cdd3733eac214af83b1ae91e07a58e548dcebe49,45,1017640
Zimbabwe,"Country policy and information note Zimbabwe: opposition to the government, April 2018","By country/Zimbabwe/Country policy and information note Zimbabwe- opposition to the government, April 2018 [25d98bc255e9].pdf",https://webarchive.nationalarchives.gov.uk/ukgwa/20180718005110/https://assets.publishing.service.gov.uk/government/uploads/system/uploads/attachment_data/file/703520/Zim_CPIN_-_Pol_opps_-_April_2018.pdf,25d98bc255e9be3fced71231cdd3733eac214af83b1ae91e07a58e548dcebe49,45,1017640
Zimbabwe,"Country policy and information note Zimbabwe: opposition to the government, April 2018","By country/Zimbabwe/Country policy and information note Zimbabwe- opposition to the government, April 2018 [25d98bc255e9].pdf",https://webarchive.nationalarchives.gov.uk/ukgwa/20180718125007/https://assets.publishing.service.gov.uk/government/uploads/system/uploads/attachment_data/file/703520/Zim_CPIN_-_Pol_opps_-_April_2018.pdf,25d98bc255e9be3fced71231cdd3733eac214af83b1ae91e07a58e548dcebe49,45,1017640
Zimbabwe,"Country policy and information note Zimbabwe: opposition to the government, April 2018","By country/Zimbabwe/Country policy and information note Zimbabwe- opposition to the government, April 2018 [25d98bc255e9].pdf",https://webarchive.nationalarchives.gov.uk/ukgwa/20180808031509/https://assets.publishing.service.gov.uk/government/uploads/system/uploads/attachment_data/file/703520/Zim_CPIN_-_Pol_opps_-_April_2018.pdf,25d98bc255e9be3fced71231cdd3733eac214af83b1ae91e07a58e548dcebe49,45,1017640
Zimbabwe,"Country policy and information note Zimbabwe: opposition to the government, April 2018","By country/Zimbabwe/Country policy and information note Zimbabwe- opposition to the government, April 2018 [25d98bc255e9].pdf",https://webarchive.nationalarchives.gov.uk/ukgwa/20180912193311/https://assets.publishing.service.gov.uk/government/uploads/system/uploads/attachment_data/file/703520/Zim_CPIN_-_Pol_opps_-_April_2018.pdf,25d98bc255e9be3fced71231cdd3733eac214af83b1ae91e07a58e548dcebe49,45,1017640
Zimbabwe,"Country policy and information note Zimbabwe: opposition to the government, April 2018","By country/Zimbabwe/Country policy and information note Zimbabwe- opposition to the government, April 2018 [25d98bc255e9].pdf",https://webarchive.nationalarchives.gov.uk/ukgwa/20181003171107/https://assets.publishing.service.gov.uk/government/uploads/system/uploads/attachment_data/file/703520/Zim_CPIN_-_Pol_opps_-_April_2018.pdf,25d98bc255e9be3fced71231cdd3733eac214af83b1ae91e07a58e548dcebe49,45,1017640
Zimbabwe,"Country policy and information note Zimbabwe: opposition to the government, April 2018","By country/Zimbabwe/Country policy and information note Zimbabwe- opposition to the government, April 2018 [25d98bc255e9].pdf",https://webarchive.nationalarchives.gov.uk/ukgwa/20181113123828/https://assets.publishing.service.gov.uk/government/uploads/system/uploads/attachment_data/file/703520/Zim_CPIN_-_Pol_opps_-_April_2018.pdf,25d98bc255e9be3fced71231cdd3733eac214af83b1ae91e07a58e548dcebe49,45,1017640
Zimbabwe,"Country policy and information note Zimbabwe: opposition to the government, April 2018","By country/Zimbabwe/Country policy and information note Zimbabwe- opposition to the government, April 2018 [25d98bc255e9].pdf",https://webarchive.nationalarchives.gov.uk/ukgwa/20181219124039/https://assets.publishing.service.gov.uk/government/uploads/system/uploads/attachment_data/file/703520/Zim_CPIN_-_Pol_opps_-_April_2018.pdf,25d98bc255e9be3fced71231cdd3733eac214af83b1ae91e07a58e548dcebe49,45,1017640
Zimbabwe,"Country policy and information note: prison conditions, Zimbabwe, February 2017","By country/Zimbabwe/Country policy and information note- prison conditions, Zimbabwe, February 2017 [c85826dd911f].pdf",https://webarchive.nationalarchives.gov.uk/ukgwa/20190111165547/https://assets.publishing.service.gov.uk/government/uploads/system/uploads/attachment_data/file/590858/Zimbabwe_-_Prison_Conditions_-_CPIN_-_v2_0__February_2017_.pdf,c85826dd911f4016857c8f3922258427823dca615d0a9bec543eb540d6eeeab2,25,293895
Zimbabwe,"Country policy and information note: prison conditions, Zimbabwe, February 2017","By country/Zimbabwe/Country policy and information note- prison conditions, Zimbabwe, February 2017 [c85826dd911f].pdf",https://webarchive.nationalarchives.gov.uk/ukgwa/20190205150414/https://assets.publishing.service.gov.uk/government/uploads/system/uploads/attachment_data/file/590858/Zimbabwe_-_Prison_Conditions_-_CPIN_-_v2_0__February_2017_.pdf,c85826dd911f4016857c8f3922258427823dca615d0a9bec543eb540d6eeeab2,25,293895
Zimbabwe,"Country policy and information note: prison conditions, Zimbabwe, February 2017","By country/Zimbabwe/Country policy and information note- prison conditions, Zimbabwe, February 2017 [c85826dd911f].pdf",https://webarchive.nationalarchives.gov.uk/ukgwa/20190220153419/https://assets.publishing.service.gov.uk/government/uploads/system/uploads/attachment_data/file/590858/Zimbabwe_-_Prison_Conditions_-_CPIN_-_v2_0__February_2017_.pdf,c85826dd911f4016857c8f3922258427823dca615d0a9bec543eb540d6eeeab2,25,293895
Zimbabwe,"Country policy and information note: prison conditions, Zimbabwe, February 2017","By country/Zimbabwe/Country policy and information note- prison conditions, Zimbabwe, February 2017 [c85826dd911f].pdf",https://webarchive.nationalarchives.gov.uk/ukgwa/20190304065045/https://assets.publishing.service.gov.uk/government/uploads/system/uploads/attachment_data/file/590858/Zimbabwe_-_Prison_Conditions_-_CPIN_-_v2_0__February_2017_.pdf,c85826dd911f4016857c8f3922258427823dca615d0a9bec543eb540d6eeeab2,25,293895
Zimbabwe,"Country policy and information note: prison conditions, Zimbabwe, February 2017","By country/Zimbabwe/Country policy and information note- prison conditions, Zimbabwe, February 2017 [c85826dd911f].pdf",https://webarchive.nationalarchives.gov.uk/ukgwa/20190319194615/https://assets.publishing.service.gov.uk/government/uploads/system/uploads/attachment_data/file/590858/Zimbabwe_-_Prison_Conditions_-_CPIN_-_v2_0__February_2017_.pdf,c85826dd911f4016857c8f3922258427823dca615d0a9bec543eb540d6eeeab2,25,293895
Zimbabwe,"Country policy and information note: prison conditions, Zimbabwe, February 2017","By country/Zimbabwe/Country policy and information note- prison conditions, Zimbabwe, February 2017 [c85826dd911f].pdf",https://webarchive.nationalarchives.gov.uk/ukgwa/20190403213230/https://assets.publishing.service.gov.uk/government/uploads/system/uploads/attachment_data/file/590858/Zimbabwe_-_Prison_Conditions_-_CPIN_-_v2_0__February_2017_.pdf,c85826dd911f4016857c8f3922258427823dca615d0a9bec543eb540d6eeeab2,25,293895
Zimbabwe,"Country policy and information note: prison conditions, Zimbabwe, February 2017","By country/Zimbabwe/Country policy and information note- prison conditions, Zimbabwe, February 2017 [c85826dd911f].pdf",https://webarchive.nationalarchives.gov.uk/ukgwa/20190511080345/https://assets.publishing.service.gov.uk/government/uploads/system/uploads/attachment_data/file/590858/Zimbabwe_-_Prison_Conditions_-_CPIN_-_v2_0__February_2017_.pdf,c85826dd911f4016857c8f3922258427823dca615d0a9bec543eb540d6eeeab2,25,293895
Zimbabwe,"Country policy and information note: prison conditions, Zimbabwe, February 2017","By country/Zimbabwe/Country policy and information note- prison conditions, Zimbabwe, February 2017 [c85826dd911f].pdf",https://webarchive.nationalarchives.gov.uk/ukgwa/20190609212618/https://assets.publishing.service.gov.uk/government/uploads/system/uploads/attachment_data/file/590858/Zimbabwe_-_Prison_Conditions_-_CPIN_-_v2_0__February_2017_.pdf,c85826dd911f4016857c8f3922258427823dca615d0a9bec543eb540d6eeeab2,25,293895
Zimbabwe,"Country policy and information note: prison conditions, Zimbabwe, February 2017","By country/Zimbabwe/Country policy and information note- prison conditions, Zimbabwe, February 2017 [c85826dd911f].pdf",https://webarchive.nationalarchives.gov.uk/ukgwa/20190704074732/https://assets.publishing.service.gov.uk/government/uploads/system/uploads/attachment_data/file/590858/Zimbabwe_-_Prison_Conditions_-_CPIN_-_v2_0__February_2017_.pdf,c85826dd911f4016857c8f3922258427823dca615d0a9bec543eb540d6eeeab2,25,293895
Zimbabwe,"Country policy and information note: prison conditions, Zimbabwe, February 2017","By country/Zimbabwe/Country policy and information note- prison conditions, Zimbabwe, February 2017 [c85826dd911f].pdf",https://webarchive.nationalarchives.gov.uk/ukgwa/20180412014052/https://assets.publishing.service.gov.uk/government/uploads/system/uploads/attachment_data/file/590858/Zimbabwe_-_Prison_Conditions_-_CPIN_-_v2_0__February_2017_.pdf,c85826dd911f4016857c8f3922258427823dca615d0a9bec543eb540d6eeeab2,25,293895
Zimbabwe,"Country policy and information note: prison conditions, Zimbabwe, February 2017","By country/Zimbabwe/Country policy and information note- prison conditions, Zimbabwe, February 2017 [c85826dd911f].pdf",https://webarchive.nationalarchives.gov.uk/ukgwa/20180513131232/https://assets.publishing.service.gov.uk/government/uploads/system/uploads/attachment_data/file/590858/Zimbabwe_-_Prison_Conditions_-_CPIN_-_v2_0__February_2017_.pdf,c85826dd911f4016857c8f3922258427823dca615d0a9bec543eb540d6eeeab2,25,293895
Zimbabwe,"Country policy and information note: prison conditions, Zimbabwe, February 2017","By country/Zimbabwe/Country policy and information note- prison conditions, Zimbabwe, February 2017 [c85826dd911f].pdf",https://webarchive.nationalarchives.gov.uk/ukgwa/20180609155812/https://assets.publishing.service.gov.uk/government/uploads/system/uploads/attachment_data/file/590858/Zimbabwe_-_Prison_Conditions_-_CPIN_-_v2_0__February_2017_.pdf,c85826dd911f4016857c8f3922258427823dca615d0a9bec543eb540d6eeeab2,25,293895
Zimbabwe,"Country policy and information note: prison conditions, Zimbabwe, February 2017","By country/Zimbabwe/Country policy and information note- prison conditions, Zimbabwe, February 2017 [c85826dd911f].pdf",https://webarchive.nationalarchives.gov.uk/ukgwa/20180718005110/https://assets.publishing.service.gov.uk/government/uploads/system/uploads/attachment_data/file/590858/Zimbabwe_-_Prison_Conditions_-_CPIN_-_v2_0__February_2017_.pdf,c85826dd911f4016857c8f3922258427823dca615d0a9bec543eb540d6eeeab2,25,293895
Zimbabwe,"Country policy and information note: prison conditions, Zimbabwe, February 2017","By country/Zimbabwe/Country policy and information note- prison conditions, Zimbabwe, February 2017 [c85826dd911f].pdf",https://webarchive.nationalarchives.gov.uk/ukgwa/20180718130810/https://assets.publishing.service.gov.uk/government/uploads/system/uploads/attachment_data/file/590858/Zimbabwe_-_Prison_Conditions_-_CPIN_-_v2_0__February_2017_.pdf,c85826dd911f4016857c8f3922258427823dca615d0a9bec543eb540d6eeeab2,25,293895
Zimbabwe,"Country policy and information note: prison conditions, Zimbabwe, February 2017","By country/Zimbabwe/Country policy and information note- prison conditions, Zimbabwe, February 2017 [c85826dd911f].pdf",https://webarchive.nationalarchives.gov.uk/ukgwa/20180808035341/https://assets.publishing.service.gov.uk/government/uploads/system/uploads/attachment_data/file/590858/Zimbabwe_-_Prison_Conditions_-_CPIN_-_v2_0__February_2017_.pdf,c85826dd911f4016857c8f3922258427823dca615d0a9bec543eb540d6eeeab2,25,293895
Zimbabwe,"Country policy and information note: prison conditions, Zimbabwe, February 2017","By country/Zimbabwe/Country policy and information note- prison conditions, Zimbabwe, February 2017 [c85826dd911f].pdf",https://webarchive.nationalarchives.gov.uk/ukgwa/20180912191759/https://assets.publishing.service.gov.uk/government/uploads/system/uploads/attachment_data/file/590858/Zimbabwe_-_Prison_Conditions_-_CPIN_-_v2_0__February_2017_.pdf,c85826dd911f4016857c8f3922258427823dca615d0a9bec543eb540d6eeeab2,25,293895
Zimbabwe,"Country policy and information note: prison conditions, Zimbabwe, February 2017","By country/Zimbabwe/Country policy and information note- prison conditions, Zimbabwe, February 2017 [c85826dd911f].pdf",https://webarchive.nationalarchives.gov.uk/ukgwa/20181003164650/https://assets.publishing.service.gov.uk/government/uploads/system/uploads/attachment_data/file/590858/Zimbabwe_-_Prison_Conditions_-_CPIN_-_v2_0__February_2017_.pdf,c85826dd911f4016857c8f3922258427823dca615d0a9bec543eb540d6eeeab2,25,293895
Zimbabwe,"Country policy and information note: prison conditions, Zimbabwe, February 2017","By country/Zimbabwe/Country policy and information note- prison conditions, Zimbabwe, February 2017 [c85826dd911f].pdf",https://webarchive.nationalarchives.gov.uk/ukgwa/20181113130841/https://assets.publishing.service.gov.uk/government/uploads/system/uploads/attachment_data/file/590858/Zimbabwe_-_Prison_Conditions_-_CPIN_-_v2_0__February_2017_.pdf,c85826dd911f4016857c8f3922258427823dca615d0a9bec543eb540d6eeeab2,25,293895
Zimbabwe,"Country policy and information note: prison conditions, Zimbabwe, February 2017","By country/Zimbabwe/Country policy and information note- prison conditions, Zimbabwe, February 2017 [c85826dd911f].pdf",https://webarchive.nationalarchives.gov.uk/ukgwa/20181219125236/https://assets.publishing.service.gov.uk/government/uploads/system/uploads/attachment_data/file/590858/Zimbabwe_-_Prison_Conditions_-_CPIN_-_v2_0__February_2017_.pdf,c85826dd911f4016857c8f3922258427823dca615d0a9bec543eb540d6eeeab2,25,293895
Zimbabwe,"Country policy and information note: sexual orientation and gender identity, Zimbabwe, May 2018","By country/Zimbabwe/Country policy and information note- sexual orientation and gender identity, Zimbabwe, May 2018 [41645347ae65].pdf",https://webarchive.nationalarchives.gov.uk/ukgwa/20190111170705/https://assets.publishing.service.gov.uk/government/uploads/system/uploads/attachment_data/file/710187/Zimbabwe-SOGI-CPIN-v3.0.e_May_2018.pdf,41645347ae65da0b39e47d5b53eb853f7dbac464d338e97a899d32bc895a26c8,35,541365
Zimbabwe,"Country policy and information note: sexual orientation and gender identity, Zimbabwe, May 2018","By country/Zimbabwe/Country policy and information note- sexual orientation and gender identity, Zimbabwe, May 2018 [41645347ae65].pdf",https://webarchive.nationalarchives.gov.uk/ukgwa/20180609154417/https://assets.publishing.service.gov.uk/government/uploads/system/uploads/attachment_data/file/710187/Zimbabwe-SOGI-CPIN-v3.0.e_May_2018.pdf,41645347ae65da0b39e47d5b53eb853f7dbac464d338e97a899d32bc895a26c8,35,541365
Zimbabwe,"Country policy and information note: sexual orientation and gender identity, Zimbabwe, May 2018","By country/Zimbabwe/Country policy and information note- sexual orientation and gender identity, Zimbabwe, May 2018 [41645347ae65].pdf",https://webarchive.nationalarchives.gov.uk/ukgwa/20180718003224/https://assets.publishing.service.gov.uk/government/uploads/system/uploads/attachment_data/file/710187/Zimbabwe-SOGI-CPIN-v3.0.e_May_2018.pdf,41645347ae65da0b39e47d5b53eb853f7dbac464d338e97a899d32bc895a26c8,35,541365
Zimbabwe,"Country policy and information note: sexual orientation and gender identity, Zimbabwe, May 2018","By country/Zimbabwe/Country policy and information note- sexual orientation and gender identity, Zimbabwe, May 2018 [41645347ae65].pdf",https://webarchive.nationalarchives.gov.uk/ukgwa/20180718130809/https://assets.publishing.service.gov.uk/government/uploads/system/uploads/attachment_data/file/710187/Zimbabwe-SOGI-CPIN-v3.0.e_May_2018.pdf,41645347ae65da0b39e47d5b53eb853f7dbac464d338e97a899d32bc895a26c8,35,541365
Zimbabwe,"Country policy and information note: sexual orientation and gender identity, Zimbabwe, May 2018","By country/Zimbabwe/Country policy and information note- sexual orientation and gender identity, Zimbabwe, May 2018 [41645347ae65].pdf",https://webarchive.nationalarchives.gov.uk/ukgwa/20180808033051/https://assets.publishing.service.gov.uk/government/uploads/system/uploads/attachment_data/file/710187/Zimbabwe-SOGI-CPIN-v3.0.e_May_2018.pdf,41645347ae65da0b39e47d5b53eb853f7dbac464d338e97a899d32bc895a26c8,35,541365
Zimbabwe,"Country policy and information note: sexual orientation and gender identity, Zimbabwe, May 2018","By country/Zimbabwe/Country policy and information note- sexual orientation and gender identity, Zimbabwe, May 2018 [41645347ae65].pdf",https://webarchive.nationalarchives.gov.uk/ukgwa/20180912193310/https://assets.publishing.service.gov.uk/government/uploads/system/uploads/attachment_data/file/710187/Zimbabwe-SOGI-CPIN-v3.0.e_May_2018.pdf,41645347ae65da0b39e47d5b53eb853f7dbac464d338e97a899d32bc895a26c8,35,541365
Zimbabwe,"Country policy and information note: sexual orientation and gender identity, Zimbabwe, May 2018","By country/Zimbabwe/Country policy and information note- sexual orientation and gender identity, Zimbabwe, May 2018 [41645347ae65].pdf",https://webarchive.nationalarchives.gov.uk/ukgwa/20181003171111/https://assets.publishing.service.gov.uk/government/uploads/system/uploads/attachment_data/file/710187/Zimbabwe-SOGI-CPIN-v3.0.e_May_2018.pdf,41645347ae65da0b39e47d5b53eb853f7dbac464d338e97a899d32bc895a26c8,35,541365
Zimbabwe,"Country policy and information note: sexual orientation and gender identity, Zimbabwe, May 2018","By country/Zimbabwe/Country policy and information note- sexual orientation and gender identity, Zimbabwe, May 2018 [41645347ae65].pdf",https://webarchive.nationalarchives.gov.uk/ukgwa/20181113124124/https://assets.publishing.service.gov.uk/government/uploads/system/uploads/attachment_data/file/710187/Zimbabwe-SOGI-CPIN-v3.0.e_May_2018.pdf,41645347ae65da0b39e47d5b53eb853f7dbac464d338e97a899d32bc895a26c8,35,541365
Zimbabwe,"Country policy and information note: sexual orientation and gender identity, Zimbabwe, May 2018","By country/Zimbabwe/Country policy and information note- sexual orientation and gender identity, Zimbabwe, May 2018 [41645347ae65].pdf",https://webarchive.nationalarchives.gov.uk/ukgwa/20181219124255/https://assets.publishing.service.gov.uk/government/uploads/system/uploads/attachment_data/file/710187/Zimbabwe-SOGI-CPIN-v3.0.e_May_2018.pdf,41645347ae65da0b39e47d5b53eb853f7dbac464d338e97a899d32bc895a26c8,35,541365
